label,Duration,FlowBytesSent,FlowBytesReceived,shap_Duration,shap_FlowBytesSent
0,33.8582,163,180,0.0132565,0.000998072
0,2.77583,2489,6713,-0.0471749,-0.00187697
0,0.01954,55,66,-0.0201128,0.00219921
0,0.015102,55,66,-0.0201128,0.00219921
0,4.09369,1958,7092,-0.0173246,-0.00501349
0,45.042,110,120,0.0151204,0.00135471
0,0.415193,1503,4002,-0.0276137,-0.00567911
0,0.533301,1701,5365,-0.0171477,-0.00517218
0,15.0095,163,371,-0.0304866,0.00187382
0,0.813331,1798,6535,-0.0274229,-0.00501349
0,45.0463,110,132,0.0151204,0.00135471
0,21.5574,4518,118801,-0.0110792,-0.0177712
0,0.195586,3517,4993,-0.026806,-0.0044757
0,0.100981,1069,6299,-0.0252495,0.00655629
0,13.1331,5940,42710,-0.0150349,-0.00517218
0,26.9653,4090,11585,-0.0103748,0.00212662
0,0.141214,1690,7752,-0.017092,-0.00517218
0,0.315807,2099,918,-0.0207524,-0.0020025
0,0.11853,1861,16418,-0.017092,-0.00517218
0,0.112843,1394,3569,-0.0346948,-0.00845901
0,0.028787,55,66,-0.0203882,0.00219921
0,0.016108,178,112,-0.0120399,0.00433618
0,81.5326,669,408,0.0309844,-0.0207769
0,0.404549,1396,575,-0.03084,-0.0020025
0,0.015208,55,66,-0.0201128,0.00219921
0,36.7789,5243,298086,0.0164041,-0.00283567
0,0.015237,178,112,-0.0120399,0.00433618
0,0.022883,365,7366,0.000607849,0.0275857
0,0.015122,55,66,-0.0201128,0.00219921
0,0.02247,55,66,-0.0201128,0.00219921
0,26.7673,2355,24293,-0.0167076,-0.0044757
0,10.1416,5000,129547,-0.0235052,-0.0046344
0,1.8643,2006,16820,-0.0151878,-0.00517218
0,0.025207,55,66,-0.0201128,0.00219921
0,0.024021,55,66,-0.0201128,0.00219921
0,0.135012,55,60,-0.0203882,0.00219921
0,0.015199,55,66,-0.0201128,0.00219921
0,32.2419,271,271,-0.0304866,0.00219921
0,0.100404,1710,1755,-0.0559607,-0.00118138
0,35.7998,163,126,0.0151204,0.00135471
0,0.656595,2343,5887,-0.0192397,-0.00429012
0,0.366037,1352,4387,-0.0276137,-0.00567911
0,4.23038,2406,6524,-0.0175179,-0.00567911
0,115.241,3294,57754,0.0206935,-0.00262924
0,16.4913,3845,9334,-0.017047,-0.00118138
0,0.175039,1436,3368,-0.0269637,-0.00514132
0,0.11394,1643,4056,-0.0169837,-0.00774127
0,8.23166,1769,24617,-0.0111172,-0.0177712
0,0.026756,55,66,-0.0203882,0.00219921
0,45.1581,110,132,0.014899,0.00135471
0,0.038946,55,66,-0.0203882,0.00219921
0,0.316567,1470,5792,-0.0267729,-0.0044757
0,10.4208,5012,273379,-0.0145682,-0.0046344
0,0.670162,2683,78364,-0.017092,-0.00517218
0,0.113365,1450,5578,-0.0342231,-0.00517218
0,13.775,3022,104306,-0.0111474,-0.0177712
0,60.8843,3110,9447,0.0168866,-0.00262296
0,0.15547,2309,7407,-0.0171477,-0.00517218
0,65.3387,16915,391356,0.0162481,-0.00278125
0,0.074497,1195,3659,-0.0250393,0.00384504
0,0.292711,2052,7466,-0.0241247,-0.00517218
0,7.25982,217,211,-0.0302111,0.00219921
0,0.016243,279,120,-0.0201128,0.00187382
0,0.079168,1295,6767,-0.0276163,-0.00567911
0,0.02965,55,60,-0.0203882,0.00219921
0,36.6868,3178,119666,0.0131651,-0.00283567
0,0.0899,1203,5011,-0.0250261,0.0038582
0,0.230493,1406,3660,-0.0276163,-0.00567911
0,0.125482,4194,1494,-0.026806,-0.0044757
0,0.107208,170,104,-0.013945,0.004355
0,45.0629,110,132,0.014899,0.00135471
0,3.33991,40672,387955,-0.0111647,-0.0167146
0,0.024445,245,108,-0.0201128,0.00187382
0,15.0386,163,271,-0.0304866,0.00219921
0,10.654,1673,2476,-0.01907,-0.00118138
0,0.085392,55,60,-0.0203882,0.00219921
0,67.6741,11417,56129,0.0102671,-0.00278794
0,0.756298,2530,35433,-0.0115356,-0.0177712
0,0.62498,3904,89629,-0.0145682,-0.0046344
0,0.080622,1395,4488,-0.0276619,-0.00501349
0,10.0384,2342,6518,-0.0151545,-0.00517218
0,0.08476,154,160,-0.0208551,0.004355
0,0.015178,55,66,-0.0201128,0.00219921
0,13.1756,361,198,-0.0296574,0.00108485
0,0.149573,915,3095,-0.0252495,0.00655629
0,6.71126,163,120,-0.0203882,0.00219921
0,53.0251,426,213,0.0150921,-0.0205195
0,9.46122,3097,12351,-0.0152435,-0.00517218
0,10.8991,1119,4185,-0.0154323,0.00589067
0,0.025049,55,66,-0.0201128,0.00219921
0,3.04981,283,295,-0.0294643,0.00075946
0,20.0501,862,513,-0.0197539,0.000740226
0,0.015389,55,66,-0.0201128,0.00219921
0,0.025036,55,66,-0.0201128,0.00219921
0,0.027267,55,66,-0.0203882,0.00219921
0,0.026818,55,66,-0.0203882,0.00219921
0,45.047,110,132,0.014899,0.00135471
0,33.656,55,126,0.014899,0.00135471
0,0.02681,55,66,-0.0203882,0.00219921
0,0.015283,55,66,-0.0201128,0.00219921
0,0.085809,171,105,-0.013945,0.004355
0,29.2891,13626,6991,-0.0153366,-0.00517218
0,45.4218,110,132,0.014899,0.00135471
0,109.386,5587,11215,0.0263026,-0.00329486
0,8.8819,163,126,-0.0201128,0.00219921
0,7.69448,2188,6726,-0.0172092,-0.00501349
0,0.156275,2058,8228,-0.0151878,-0.00517218
0,35.9179,10049,2382,0.0174008,-0.00267697
0,0.251976,2897,49281,-0.0115356,-0.0177712
0,48.6802,3116,109395,0.0174008,-0.00267697
0,10.7397,1303,3265,-0.0176084,-0.00567911
0,44.2491,728,322,0.0316487,0.000672921
0,0.020271,178,112,-0.0120399,0.00433618
0,0.037656,55,66,-0.0203882,0.00219921
0,0.025357,245,108,-0.0201128,0.00187382
0,0.070405,178,178,-0.0173459,0.000884996
0,14.8364,163,303,-0.0304866,0.00187382
0,1.85181,2473,56198,-0.0111474,-0.0177712
0,18.215,4033,9138,-0.0167076,-0.0044757
0,0.061876,1025,2646,-0.0250393,0.00384504
0,39.1908,13954,52014,0.0165775,-0.00247104
0,0.015814,178,112,-0.0120399,0.00433618
0,0.029645,55,66,-0.0203882,0.00219921
0,0.109438,1612,870,-0.0189202,-0.00118138
0,0.025235,55,60,-0.0201128,0.00219921
0,0.517078,1568,8441,-0.0267729,-0.0044757
0,0.015284,55,66,-0.0201128,0.00219921
0,0.015202,55,66,-0.0201128,0.00219921
0,0.120784,383,295,-0.0291211,0.00075946
0,0.028825,341,132,-0.0291211,0.00075946
0,0.015193,55,66,-0.0201128,0.00219921
0,4.46926,5910,8025,-0.0166746,-0.0044757
0,0.164749,1862,7626,-0.0270423,-0.00446942
0,1.16221,3049,13012,-0.0151878,-0.00517218
0,0.569305,1701,6903,-0.0267729,-0.0044757
0,0.442011,1862,4831,-0.020724,0.001461
0,23.0819,271,227,-0.0304866,0.00187382
0,0.024768,55,66,-0.0201128,0.00219921
0,0.019871,423,222,-0.0302111,0.00187382
0,3.11687,295,198,-0.0294643,0.00108485
0,0.075765,1611,7032,-0.026806,-0.0044757
0,0.150321,1737,5721,-0.0169837,-0.00774127
0,0.110029,4500,171762,-0.0164725,-0.0046344
0,0.026042,341,238,-0.0190228,0.00075946
0,2.59531,2518,7173,-0.025216,-0.00899679
0,21.6843,4204,8855,-0.0172995,-0.00501349
0,60.4009,2293,5146,0.01384,-0.00137321
0,1.12332,1523,3144,-0.0304354,-0.00495344
0,6.48934,20152,1.65876e+06,-0.0115529,-0.0170017
0,11.7601,349,361,-0.0291211,0.00075946
0,0.028048,55,60,-0.0203882,0.00219921
0,0.026246,55,66,-0.0201328,0.00219921
0,0.024804,55,66,-0.0201128,0.00219921
0,0.026734,55,66,-0.0203882,0.00219921
0,0.611058,1069,5067,-0.0254831,0.00656257
0,0.166223,1490,3434,-0.0269637,-0.00514132
0,0.329833,1796,5241,-0.0172408,-0.00517218
0,0.112323,897,3145,-0.0249741,0.00569474
0,0.174224,1592,3730,-0.0206639,0.001461
0,0.136794,55,66,-0.0203882,0.00219921
0,29.5945,26775,969400,-0.0145705,-0.00310004
0,72.5124,4056,45586,0.0171229,-0.00262924
0,0.192542,3475,7661,-0.0164725,-0.0046344
0,58.8646,342,276,0.0101919,0.000858969
0,3.02013,2542,4874,-0.0151352,-0.00774127
0,0.128307,1394,3592,-0.0346948,-0.00845901
0,5.33398,2365,6665,-0.016018,-0.0044757
0,45.0625,110,132,0.014899,0.00135471
0,3.40908,1689,3998,-0.0441268,-0.00357238
0,0.015285,55,66,-0.0201128,0.00219921
0,0.037458,55,66,-0.0203882,0.00219921
0,0.143658,171,105,-0.013945,0.004355
0,2.85124,9669,78512,-0.0145935,-0.0046344
0,123.81,8318,581266,0.115031,-0.00650665
0,0.284603,951,5256,-0.0252468,0.00655629
0,0.075581,1720,5288,-0.0276163,-0.00567911
0,11.7984,959,31833,-0.0149088,0.00569474
0,102.363,2173,7619,0.018207,-0.00329486
0,0.015171,162,145,-0.0302111,0.00187382
0,0.026936,55,66,-0.0203882,0.00219921
0,0.015204,55,66,-0.0201128,0.00219921
0,0.033909,55,66,-0.0203882,0.00219921
0,0.054923,55,66,-0.0203882,0.00219921
0,12.8594,361,198,-0.0296574,0.00108485
0,0.015341,55,66,-0.0201128,0.00219921
0,35.9672,5425,60690,0.0131651,-0.00283567
0,0.068158,171,171,-0.0458453,0.000884996
0,21.0498,6224,181838,-0.0145682,-0.0046344
0,14.9631,163,371,-0.0304866,0.00187382
0,0.206111,1782,3877,-0.03472,-0.00845901
0,34.673,3173,9451,0.0106032,-0.00283567
0,0.033498,341,132,-0.019559,0.00075946
0,9.17128,1791,2801,-0.0207482,-0.0020025
0,31.6873,217,211,-0.0304866,0.00219921
0,0.033663,55,66,-0.0203882,0.00219921
0,11.6717,426,333,-0.0190228,0.00075946
0,35.5488,5569,163656,0.0101328,-0.00593137
0,4.02327,30672,1.25565e+06,-0.0145705,-0.00255849
0,0.015255,55,66,-0.0201128,0.00219921
0,0.31051,290,178,-0.0151199,0.00433618
0,6.32644,2233,938,-0.0207457,-0.0020025
0,0.192801,2451,23909,-0.017092,-0.00517218
0,0.140177,1743,7343,-0.026806,-0.0044757
0,36.6667,2312,16999,0.0131651,-0.00283567
0,24.6802,733,997,-0.0189073,0.000884996
0,6.41492,13918,751179,-0.0145705,-0.00462771
0,0.033438,55,66,-0.0203882,0.00219921
0,2.291,3770,6823,-0.0146866,-0.0046344
0,0.169262,2222,6521,-0.0171477,-0.00517218
0,42.3834,11845,426329,0.0130491,-0.00283567
0,28.0472,13225,294424,-0.0105999,-0.0177581
0,0.187805,1502,4845,-0.0267729,-0.0044757
0,0.01526,55,66,-0.0201128,0.00219921
0,40.5336,3331,3786,0.0356317,-0.0028232
0,0.134323,171,171,-0.0562865,0.000884996
0,65.4243,3503,7632,0.0165087,-0.00171194
0,85.9694,2364,7604,0.0151815,-0.00271543
0,0.014944,55,66,-0.0201128,0.00219921
0,0.202348,897,3145,-0.0249741,0.00569474
0,0.14388,1818,7328,-0.026806,-0.0044757
0,3.63429,283,295,-0.0291211,0.00075946
0,0.149793,2472,61806,-0.0115356,-0.0177712
0,0.026708,55,60,-0.0203882,0.00219921
0,0.151111,1755,5287,-0.017092,-0.00517218
0,0.641932,2175,1920,-0.0179974,-0.00185773
0,60.9942,2102,7235,0.0168866,-0.00262924
0,9.88536,2346,4492,-0.0197174,-0.00441566
0,0.015317,55,66,-0.0201128,0.00219921
0,0.735396,1684,6790,-0.0173246,-0.00501349
0,0.078103,1406,4584,-0.0276163,-0.00567911
0,0.026892,55,60,-0.0203882,0.00219921
0,31.2639,519,310,-0.0298573,0.00075946
0,0.02086,55,66,-0.0201128,0.00219921
0,0.692203,1569,4053,-0.0269637,-0.00514132
0,0.020308,55,60,-0.0201128,0.00219921
0,0.019487,55,66,-0.0201128,0.00219921
0,0.193058,1352,4529,-0.0173272,-0.00501349
0,0.030259,341,132,-0.019559,0.00075946
0,0.024529,55,66,-0.0201128,0.00219921
0,0.074708,1475,3921,-0.017092,-0.00517218
0,40.6108,4394,11349,0.0131651,-0.00283567
0,0.110458,1721,8842,-0.017092,-0.00517218
0,0.025196,108,60,-0.0201128,0.00219921
0,0.023965,55,60,-0.0201128,0.00219921
0,118.035,8109,89267,0.0206935,-0.00262924
0,0.015287,55,66,-0.0201128,0.00219921
0,35.3699,3161,1683,0.016058,-0.00309782
0,0.02796,55,66,-0.0203882,0.00219921
0,0.034765,55,66,-0.0203882,0.00219921
0,0.02488,55,66,-0.0201128,0.00219921
0,0.192574,341,198,-0.0296574,0.00075946
0,0.246327,154,160,-0.0208551,0.004355
0,0.151787,897,3142,-0.0249741,0.00569474
0,0.133389,55,60,-0.0203882,0.00219921
0,0.087886,178,178,-0.0192502,0.000884996
0,0.029542,341,132,-0.019559,0.00075946
0,13.2359,2091,4858,-0.0173999,-0.00567911
0,0.015505,178,112,-0.0120399,0.00433618
0,2.70468,77868,2.67068e+06,-0.0139602,-0.0151596
0,47.5626,6874,12087,0.0120255,-0.00254221
0,91.9857,2280,13975,0.0182737,-0.00262924
0,0.440574,2076,4457,-0.0245964,-0.00845901
0,0.065517,171,171,-0.0458453,0.000884996
0,0.027705,178,112,-0.0147317,0.00433618
0,0.170267,1436,3368,-0.0269637,-0.00514132
0,30.5385,163,126,-0.0203882,0.00219921
0,0.05887,55,66,-0.0203882,0.00219921
0,0.20319,1858,5722,-0.0175637,-0.00845901
0,5.50264,1728,870,-0.0206779,-0.0020025
0,0.026852,55,66,-0.0203882,0.00219921
0,0.015157,55,66,-0.0201128,0.00219921
0,0.477055,2067,4326,-0.0269637,-0.00514132
0,44.1997,2564,9363,0.017094,-0.00334259
0,74.1489,3402,10262,0.0155101,-0.00147014
0,0.168559,1476,4473,-0.0275886,-0.00567911
0,0.08621,162,145,-0.0304866,0.00187382
0,6.26651,2014,5418,-0.0172092,-0.00501349
0,1.1661,1482,5165,-0.0275161,-0.00501349
0,2.33167,2689,5898,-0.026806,-0.0044757
0,0.097314,1406,3452,-0.0276163,-0.00567911
0,4.60073,11022,945985,-0.0115356,-0.0177712
0,60.5376,2059,10384,0.0171229,-0.00262924
0,0.015171,55,66,-0.0201128,0.00219921
0,5.94417,3898,8136,-0.0173272,-0.00501349
0,20.0174,163,273,-0.0296574,0.00075946
0,0.015025,178,112,-0.0120399,0.00433618
0,6.54846,10610,143774,-0.0115356,-0.0177712
0,89.1992,2591,50034,0.0172469,-0.00262924
0,45.0294,110,66,0.0151204,0.00135471
0,0.028516,55,60,-0.0203882,0.00219921
0,0.131977,1702,5065,-0.0342231,-0.00517218
0,0.100528,1780,1480,-0.0308507,-0.0020025
0,17.2925,2903,10292,-0.0166746,-0.0044757
0,0.487072,2847,931,-0.0342636,-0.00774127
0,11.628,10504,139983,-0.0111474,-0.0177712
0,26.1182,2517,7613,-0.017016,-0.00118138
0,3.65986,4568,8345,-0.0166746,-0.0044757
0,0.417941,819,786,0.00133158,0.0161398
0,46.1396,24992,326256,0.0135208,-0.000943364
0,10.3133,2204,28669,-0.0227904,-0.0046344
0,0.095521,1665,7439,-0.026806,-0.0044757
0,5.34841,2467,12591,-0.0151878,-0.00517218
0,15.2835,1991,15059,-0.0151878,-0.00517218
0,0.018738,217,163,-0.0190228,0.00075946
0,16.4963,2693,6708,-0.0168984,-0.00514132
0,6.30138,1289,7180,-0.016018,-0.0044757
0,0.025166,55,66,-0.0201128,0.00219921
0,1.15304,2739,63018,-0.0111474,-0.0177712
0,0.228275,758,702,-0.0127596,0.00435197
0,5.75708,958,553,-0.0203885,0.00185459
0,0.015305,55,66,-0.0201128,0.00219921
0,51.3064,271,271,0.014899,0.00135471
0,64.2581,2948,5229,0.01384,-0.00137321
0,0.014882,55,66,-0.0201128,0.00219921
0,36.9653,2376,4119,0.0162011,-0.00304914
0,37.2145,3222,5185,-0.00144242,-0.00544863
0,0.014842,55,66,-0.0201128,0.00219921
0,12.7243,1339,4685,-0.0164088,-0.00442358
0,1.90274,205,162,-0.0296096,0.00219921
0,0.015249,55,66,-0.0201128,0.00219921
0,60.744,2284,6629,0.0169322,-0.00329486
0,0.117653,327,198,-0.019366,0.00075946
0,0.871977,4023,4660,-0.0186925,-0.00517218
0,0.025033,245,108,-0.0201128,0.00187382
0,0.251282,1638,4186,-0.0269967,-0.00514132
0,0.019908,55,66,-0.0201128,0.00219921
0,0.02682,55,66,-0.0203882,0.00219921
0,31.0583,1850,10495,-0.0173246,-0.00501349
0,0.02785,178,178,-0.0192502,0.000884996
0,37.7151,1116,2510,0.0102471,0.000675988
0,0.128771,1906,3847,-0.0264167,-0.00442358
0,0.015244,55,66,-0.0201128,0.00219921
0,13.7306,2295,3770,-0.017116,-0.00501349
0,60.8701,2272,6694,0.0169322,-0.00329486
0,0.097462,55,66,-0.0203882,0.00219921
0,0.114808,1867,6486,-0.0164725,-0.0046344
0,0.021617,55,60,-0.0201128,0.00219921
0,0.139416,1466,2151,-0.0199552,-0.00187697
0,26.0292,6434,26345,-0.0156595,-0.00845901
0,0.028327,213,186,-0.0109328,0.004355
0,5.73674,1384,4485,-0.0168653,-0.00514132
0,0.028821,55,66,-0.0203882,0.00219921
0,0.166391,2171,4141,-0.0172408,-0.00517218
0,81.6734,20578,3981,0.0162481,-0.00125358
0,0.015202,55,66,-0.0201128,0.00219921
0,0.600946,2483,42140,-0.0145682,-0.0046344
0,0.015232,55,66,-0.0201128,0.00219921
0,11.873,904,424,-0.0203885,0.00185459
0,0.318537,85,162,-0.0203882,0.00187382
0,0.215422,2120,15231,-0.0179241,-0.0046344
0,24.2145,13344,120016,-0.0145935,-0.0046344
0,0.083535,55,66,-0.0203882,0.00219921
0,4.40379,2046,4875,-0.0173272,-0.00501349
0,29.0318,519,376,-0.019559,0.00075946
0,14.6674,109,211,-0.0203882,0.00219921
0,5.19923,3341,1908,-0.0207416,-0.0020025
0,0.022547,55,66,-0.0201128,0.00219921
0,0.169224,1490,3433,-0.0269637,-0.00514132
0,6.65953,163,126,-0.0203882,0.00219921
0,0.024947,108,60,-0.0201128,0.00219921
0,0.029529,341,132,-0.019559,0.00075946
0,0.015264,55,66,-0.0201128,0.00219921
0,9.3571,1845,4158,-0.0176084,-0.00567911
0,31.6636,217,151,-0.0203882,0.00198208
0,0.015717,55,66,-0.0201128,0.00219921
0,5.68656,2086,6747,-0.0173246,-0.00501349
0,0.015257,55,66,-0.0201128,0.00219921
0,44.528,283,371,0.0320761,0.00102932
0,1.32561,217,204,-0.0302111,0.00219921
0,1.31319,1872,7175,-0.0269637,-0.00514132
0,1.15351,446,163,-0.0294643,0.00075946
0,0.086665,1982,996,-0.0308507,-0.0020025
0,4.05812,4139,23259,-0.0152435,-0.00517218
0,0.559561,1633,8209,-0.0336288,-0.0046344
0,0.124089,171,105,-0.013945,0.004355
0,92.1151,2188,13157,0.0183977,-0.00262924
0,18.181,1677,10636,-0.0152435,-0.00517218
0,0.473468,2823,4298,-0.0275161,-0.00501349
0,0.027314,55,66,-0.0203882,0.00219921
0,93.9215,2453,9411,0.018207,-0.00329486
0,0.387029,2027,4747,-0.018239,-0.00899679
0,0.020863,322,446,-0.0112433,0.00435524
0,0.028653,245,108,-0.0201128,0.00187382
0,0.019518,108,120,-0.0302111,0.00219921
0,0.06984,55,66,-0.0203882,0.00219921
0,15.3168,2022,8707,-0.017116,-0.00501349
0,3.53634,295,132,-0.0190228,0.00108485
0,0.413204,3625,98606,-0.0115356,-0.0177712
0,0.034594,171,105,-0.013945,0.004355
0,0.061107,1025,2648,-0.0250393,0.00384504
0,45.0607,110,132,0.0151204,0.00135471
0,16.0295,1306,5802,-0.0163157,-0.00442358
0,3.94121,1933,4590,-0.0241804,-0.00517218
0,13.2844,361,330,-0.0294643,0.00108485
0,0.018928,341,132,-0.0190228,0.00075946
0,6.11501,674,8309,0.000607849,0.0275857
0,0.175548,325,198,-0.0296574,0.00075946
0,0.505884,1616,3663,-0.0284803,-0.00185669
0,0.028025,55,66,-0.0203882,0.00219921
0,10.2131,1818,6906,-0.0163157,-0.00442358
0,0.075917,1203,5175,-0.0254402,0.00589067
0,0.015324,55,66,-0.0201128,0.00219921
0,45.0609,110,120,0.0151204,0.00135471
0,0.057188,1162,5990,-0.0252495,0.00655629
0,18.3817,11643,232620,-0.0145682,-0.0046344
0,0.027771,178,112,-0.0147317,0.00433618
0,0.015221,55,66,-0.0201128,0.00219921
0,0.015332,147,93,-0.0105446,0.004355
0,0.066238,171,171,-0.0458453,0.000884996
0,0.12413,1436,3734,-0.0269637,-0.00514132
0,10.6173,1303,6074,-0.0174177,-0.00501349
0,0.027344,55,66,-0.0203882,0.00219921
0,0.015259,178,178,-0.0189073,0.000884996
0,0.014894,178,112,-0.0120399,0.00433618
0,0.058566,327,132,-0.019559,0.00075946
0,0.245503,1087,4379,-0.0254831,0.00655629
0,0.079113,55,66,-0.0203882,0.00219921
0,0.015209,55,66,-0.0201128,0.00219921
0,32.0717,4312,6033,-0.0240721,-0.00774127
0,29.6922,3817,60040,-0.0173272,-0.00501349
0,4.08926,2283,7037,-0.0167076,-0.0044757
0,60.0582,729,994,0.0141474,0.000771861
0,0.238258,789,557,-0.0194779,0.00198012
0,15.3475,1219,4052,-0.0153392,0.00589067
0,0.084807,154,100,-0.013945,0.004355
0,0.220466,1352,4403,-0.0274256,-0.00501349
0,0.095733,2461,43517,-0.0115356,-0.0177712
0,0.078784,55,66,-0.0203882,0.00219921
0,1.06556,1675,5099,-0.0174177,-0.00501349
0,0.014743,55,66,-0.0201128,0.00219921
0,0.015179,55,66,-0.0201128,0.00219921
0,0.287168,1394,3369,-0.017589,-0.00845901
0,0.185534,2882,8739,-0.0164725,-0.0046344
0,0.239945,293,120,-0.0203882,0.00187382
0,21.5562,517,1031,-0.0114747,0.00435524
0,2.0068,3819,15180,-0.017589,-0.00845901
0,0.025283,327,132,-0.0190228,0.00075946
0,0.027001,55,66,-0.0203882,0.00219921
0,5.84001,1813,4480,-0.0163183,-0.00442358
0,0.083047,55,66,-0.0203882,0.00219921
0,0.015198,55,66,-0.0201128,0.00219921
0,0.015224,55,66,-0.0201128,0.00219921
0,0.389183,120,66,-0.015594,0.00108461
0,19.5609,163,126,-0.0201128,0.00219921
0,0.015254,55,66,-0.0201128,0.00219921
0,2.07633,4605,66314,-0.0145682,-0.0046344
0,0.031312,341,132,-0.019559,0.00075946
0,0.369663,1490,4344,-0.0269637,-0.00514132
0,1.09673,202,74,-0.0124914,0.00444901
0,0.125817,2312,17191,-0.017092,-0.00517218
0,0.087806,178,178,-0.0192502,0.000884996
0,0.14087,1710,5910,-0.0269967,-0.00514132
0,0.529142,1069,5698,-0.0252468,0.00655629
0,20.2323,40291,9879,-0.0167099,-0.00229091
0,0.015249,55,66,-0.0201128,0.00219921
0,29.985,2331,138842,-0.0115356,-0.0177712
0,37.7423,2208,6097,0.00951198,-0.00666027
0,0.104825,1141,6117,-0.0252468,0.00655629
0,1.15415,1607,4555,-0.0343719,-0.00517218
0,1.13041,1728,5393,-0.0268661,-0.0044757
0,0.165646,327,198,-0.0294643,0.00075946
0,0.015158,55,66,-0.0201128,0.00219921
0,40.8104,3655,114090,0.0100168,-0.00593137
0,55.9093,11293,168425,0.0131651,-0.00283567
0,0.136856,55,66,-0.0203882,0.00219921
0,2.16895,15986,1.54253e+06,-0.0113497,-0.0177494
0,3.98529,3185,6382,-0.017047,-0.00118138
0,57.0326,19042,36591,0.0143121,-0.00212676
0,0.707305,2562,20267,-0.0167076,-0.0044757
0,34.0357,55,126,0.014899,0.00135471
0,0.339428,1703,1198,-0.0297703,-0.00130691
0,0.015243,55,66,-0.0201128,0.00219921
0,0.015352,55,66,-0.0201128,0.00219921
0,15.1184,1706,6276,-0.0167076,-0.0044757
0,0.015161,55,66,-0.0201128,0.00219921
0,43.1964,519,244,0.0144717,0.000672921
0,14.8428,217,371,-0.0302111,0.00187382
0,1.02214,1776,6163,-0.0276137,-0.00567911
0,0.219546,1866,5976,-0.0168984,-0.00514132
0,1.08872,1992,4192,-0.0164544,-0.00375796
0,0.015265,55,66,-0.0201128,0.00219921
0,0.121042,55,66,-0.0203882,0.00219921
0,0.024811,55,66,-0.0201128,0.00219921
0,9.50683,1108,4518,-0.0153418,0.00589067
0,0.037572,55,66,-0.0203882,0.00219921
0,1.87568,3884,8952,-0.0173246,-0.00501349
0,13.7715,361,198,-0.0296574,0.00108485
0,40.1148,2669,45154,0.0130491,-0.00283567
0,3.09903,85,162,-0.0203882,0.00187382
0,0.123174,1394,3733,-0.0269637,-0.00514132
0,0.186609,1149,7950,-0.0252468,0.00655629
0,0.199497,178,112,-0.0147317,0.00433618
0,0.179945,2215,3423,-0.0189513,-0.00118138
0,11.0903,3527,7524,-0.0171041,0.00196792
0,0.095123,55,66,-0.0203882,0.00219921
0,0.263018,1195,6090,-0.0252468,0.00655629
0,0.22625,1460,3370,-0.0270568,-0.00514132
0,0.065717,171,171,-0.0458453,0.000884996
0,18.3205,1527,1683,-0.0264167,-0.00442358
0,0.141143,1755,12231,-0.0115054,-0.0177712
0,23.3886,18834,301625,-0.0145705,-0.00462771
0,5.69699,2990,8002,-0.0166746,-0.0044757
0,6.33453,1962,9475,-0.0173246,-0.00501349
0,0.165547,1881,6459,-0.017092,-0.00517218
0,115.624,3965,13943,0.0273565,-0.0034411
0,4.26584,1961,1826,-0.0468621,-0.00187697
0,68.0559,9678,109046,0.0130113,-0.00278794
0,0.015473,55,66,-0.0201128,0.00219921
0,4.133,1752,4844,-0.0191374,-0.00369792
0,0.015142,55,66,-0.0201128,0.00219921
0,0.015093,55,66,-0.0201128,0.00219921
0,96.0488,3379,25045,0.0183977,-0.00262924
0,10.2201,3543,31524,-0.0139248,-0.0177712
0,0.145495,2188,2058,-0.0191011,-0.00118138
0,0.178681,2100,4728,-0.0164725,-0.0046344
0,17.238,6357,5864,-0.0242735,-0.00517218
0,0.611239,1641,5073,-0.0269637,-0.00514132
0,0.030115,178,178,-0.0192502,0.000884996
0,1.87323,2175,5636,-0.0156848,-0.00845901
0,0.988321,1619,692,-0.0176084,-0.00567911
0,9.2806,1831,9295,-0.0241247,-0.00517218
0,2.6158,4308,96520,-0.0111474,-0.0177712
0,0.041627,55,60,-0.0203882,0.00219921
0,2.12643,163,126,-0.0203882,0.00219921
0,0.514041,2351,4461,-0.0267729,-0.0044757
0,8.10064,1807,5357,-0.0151352,-0.00774127
0,23.8601,217,211,-0.0302111,0.00219921
0,0.037638,55,66,-0.0203882,0.00219921
0,0.026905,55,66,-0.0203882,0.00219921
0,13.465,1108,6119,-0.0151485,0.00655629
0,1.46378,5884,331959,-0.017092,-0.00517218
0,0.123944,2601,945,-0.0309372,-0.0020025
0,0.100953,55,66,-0.0203882,0.00219921
0,0.015215,55,66,-0.0201128,0.00219921
0,3.91334,15621,656497,-0.0110054,-0.0177363
0,21.0906,3114,3243,-0.0559341,-0.00116214
0,0.572155,2839,5135,-0.0183596,-0.00187697
0,15.0284,163,371,-0.0304866,0.00187382
0,0.026808,55,66,-0.0203882,0.00219921
0,0.094401,1800,30863,-0.0115356,-0.0177712
0,0.015222,55,66,-0.0201128,0.00219921
0,0.157194,162,145,-0.0304866,0.00187382
0,104.503,2973,36678,0.0182737,-0.00262924
0,61.1186,3824,8693,0.0170949,-0.00329486
0,98.7324,33743,1.67956e+06,0.0614053,-0.00187132
0,0.108566,1602,6227,-0.026806,-0.0044757
0,1.7566,1526,3527,-0.0269637,-0.00514132
0,0.252609,178,112,-0.0147317,0.00433618
0,0.015238,55,66,-0.0201128,0.00219921
0,0.115163,1502,3555,-0.0269967,-0.00514132
0,0.122912,55,66,-0.0203882,0.00219921
0,19.0617,3000,13994,-0.0145935,-0.0046344
0,59.7565,14069,604696,0.013009,-0.00278125
0,4.86094,6884,8012,-0.00454214,-0.0120034
0,0.1037,55,66,-0.0203882,0.00219921
0,0.136293,171,171,-0.0562865,0.000884996
0,0.015245,162,145,-0.0302111,0.00187382
0,0.024922,55,66,-0.0201128,0.00219921
0,0.015164,55,66,-0.0201128,0.00219921
0,15.1609,1739,5162,-0.0173246,-0.00501349
0,14.9045,2782,20533,-0.0145682,-0.0046344
0,5.76568,5934,277590,-0.0111474,-0.0177712
0,45.1206,276,171,0.00688472,0.000858969
0,23.0634,7953,399318,-0.0111474,-0.0177712
0,24.7356,454,476,-0.0298297,0.00075946
0,0.026856,55,66,-0.0203882,0.00219921
0,115.635,18277,590428,0.0198097,-0.00278125
0,9.7763,38947,839246,-0.0110054,-0.0167015
0,4.05994,4652,114126,-0.0145682,-0.0046344
0,41.951,3023,54340,0.0101328,-0.00593137
0,23.8152,2604,5249,-0.0168653,-0.00514132
0,5.48412,1331,5630,-0.0167076,-0.0044757
0,2.84113,8274,253389,-0.0111474,-0.0177712
0,1.57535,3084,7628,-0.0160451,-0.0046344
0,0.024351,108,60,-0.0201128,0.00219921
0,0.743739,5317,299686,-0.0111474,-0.0177712
0,0.22786,11495,8105,-0.026806,-0.0044757
0,0.485435,2524,1653,-0.0171658,-0.00118138
0,0.135823,55,66,-0.0203882,0.00219921
0,26.6449,2013,4207,-0.0207524,-0.0020025
0,4.92485,4667,94706,-0.0151878,-0.00517218
0,0.022609,55,66,-0.0201128,0.00219921
0,0.125374,2272,9063,-0.0164725,-0.0046344
0,0.024979,55,66,-0.0201128,0.00219921
0,0.025793,55,60,-0.0201328,0.00219921
0,0.651081,4325,161277,-0.0115356,-0.0177712
0,12.8148,361,264,-0.0291211,0.00108485
0,15.022,163,371,-0.0304866,0.00187382
0,58.3986,468,302,0.00609806,-0.000105342
0,1.12453,2586,6854,-0.0171477,-0.00517218
0,21.9314,1751,8755,-0.0151878,-0.00517218
0,29.6647,163,279,-0.0304866,0.00187382
0,0.1685,1661,4822,-0.0153366,-0.00517218
0,6.18965,1580,777,-0.0201509,-0.0020025
0,0.359065,1962,2794,-0.0202638,-0.00187697
0,0.452173,236,198,-0.0304866,0.00219921
0,9.4675,3044,18082,-0.0235052,-0.0046344
0,2.64629,3456,7629,-0.0140439,-0.00391666
0,0.088462,1501,8400,-0.017092,-0.00517218
0,0.019674,55,66,-0.0201128,0.00219921
0,0.083751,1406,5037,-0.0274256,-0.00501349
0,0.112328,55,66,-0.0203882,0.00219921
0,63.3626,4849,175783,0.0102745,-0.00556117
0,0.322992,162,60,-0.0302111,0.00219921
0,0.028125,55,66,-0.0203882,0.00219921
0,1.01956,2050,42424,-0.0111474,-0.0177712
0,0.334417,1530,5282,-0.0276163,-0.00567911
0,0.015239,55,66,-0.0201128,0.00219921
0,0.024883,55,66,-0.0201128,0.00219921
0,0.101391,154,100,-0.013945,0.004355
0,0.023815,55,66,-0.0201128,0.00219921
0,36.3803,1327,5144,0.0181916,-0.00348882
0,4.4875,1973,5898,-0.0162791,-0.00899679
0,0.927436,1724,4732,-0.0270092,-0.00446942
0,0.846535,1698,1790,-0.0297745,-0.00130691
0,0.216702,327,264,-0.0291211,0.00075946
0,118.944,9824,33755,0.0206935,-0.00262924
0,0.127279,1674,5301,-0.0269967,-0.00514132
0,0.015245,178,112,-0.0120399,0.00433618
0,0.085237,55,60,-0.0203882,0.00219921
0,0.026831,55,66,-0.0203882,0.00219921
0,0.132395,1584,5197,-0.0269967,-0.00514132
0,0.026849,55,66,-0.0203882,0.00219921
0,0.0382,55,66,-0.0203882,0.00219921
0,0.255988,2238,4363,-0.0174177,-0.00501349
0,44.6354,7145,283696,0.0116571,-0.0029819
0,0.156187,3596,53536,-0.0164725,-0.0046344
0,17.8987,3744,10264,-0.0152435,-0.00517218
0,0.211598,1514,4171,-0.0276163,-0.00567911
0,0.025239,55,66,-0.0201128,0.00219921
0,0.157781,178,112,-0.0147317,0.00433618
0,14.9012,217,371,-0.0302111,0.00187382
0,0.02498,178,178,-0.0189073,0.000884996
0,70.5968,24833,1.23747e+06,0.0103934,-0.00477257
0,0.072283,1352,5387,-0.0274256,-0.00501349
0,0.116042,1394,3977,-0.0270568,-0.00514132
0,0.015209,108,60,-0.0201128,0.00219921
0,0.064203,1249,6338,-0.0252495,0.00655629
0,0.11689,1935,14051,-0.0164725,-0.0046344
0,0.090366,1437,5477,-0.0164725,-0.0046344
0,0.076832,1491,693,-0.0298427,-0.00130691
0,42.206,11796,674756,0.0131651,-0.00283567
0,0.015557,55,66,-0.0201128,0.00219921
0,92.6315,3201,53955,0.0183977,-0.00262924
0,0.449971,2798,6172,-0.0150795,-0.00774127
0,11.2843,1926,26903,-0.0104606,-0.0177712
0,0.150087,1975,4176,-0.0164725,-0.0046344
0,26.6074,9429,46158,-0.017092,-0.00517218
0,40.1196,2735,47022,0.0130491,-0.00283567
0,0.03384,240,54,-0.0291274,0.00108461
0,30.6458,2799,42310,-0.0145,-0.0046344
0,115.837,3403,82355,0.0206935,-0.00262924
0,0.024403,55,60,-0.0201128,0.00219921
0,40.15,2893,42642,0.0131651,-0.00283567
0,40.4128,9609,2642,0.0129971,-0.00680651
0,0.071095,178,178,-0.0173459,0.000884996
0,0.240126,1087,5462,-0.0252468,0.00655629
0,0.015288,55,66,-0.0201128,0.00219921
0,0.091603,1257,6100,-0.0254402,0.00589067
0,37.8441,2395,6672,0.0183823,-0.0028232
0,0.015225,55,66,-0.0201128,0.00219921
0,0.01526,55,66,-0.0201128,0.00219921
0,0.19994,1502,4845,-0.0267729,-0.0044757
0,15.8825,1961,4969,-0.0163957,-0.00441043
0,6.46502,27478,2.37483e+06,-0.0115529,-0.0167146
0,0.174434,1899,5341,-0.0170394,-0.00774127
0,27.6156,217,211,-0.0302111,0.00219921
0,0.116732,55,66,-0.0203882,0.00219921
0,0.015097,55,66,-0.0201128,0.00219921
0,0.065037,1441,1103,-0.0308466,-0.0020025
0,0.026989,55,66,-0.0203882,0.00219921
0,0.080189,1095,4474,-0.0254402,0.00589067
0,0.015151,55,66,-0.0201128,0.00219921
0,107.449,18066,1.03561e+06,0.0208635,-0.00292749
0,17.0193,163,180,-0.0190327,0.00108461
0,0.025094,55,66,-0.0201128,0.00219921
0,0.220198,154,160,-0.0208551,0.004355
0,9.73496,1873,5128,-0.0468663,-0.00187697
0,0.015155,55,66,-0.0201128,0.00219921
0,11.5906,904,424,-0.0203885,0.00185459
0,0.01998,55,66,-0.0201128,0.00219921
0,1.40013,3084,107547,-0.017092,-0.00517218
0,2.68113,2773,5243,-0.0471749,-0.00187697
0,4.24598,2905,186855,-0.017092,-0.00517218
0,0.356417,5118,123356,-0.0164725,-0.0046344
0,8.66982,2851,4931,-0.0152435,-0.00517218
0,36.3873,561,335,0.0304434,0.000672921
0,5.84119,2361,5970,-0.0167076,-0.0044757
0,0.033263,213,108,-0.0201128,0.00187382
0,0.023567,171,105,-0.0112532,0.004355
0,0.077503,1476,5388,-0.0164725,-0.0046344
0,0.197748,451,928,-0.0114747,0.00435524
0,10.5104,2059,6382,-0.0166746,-0.0044757
0,0.01887,55,66,-0.0201128,0.00219921
0,45.0399,110,132,0.0151204,0.00135471
0,0.015314,55,66,-0.0201128,0.00219921
0,0.165425,1502,3597,-0.0269637,-0.00514132
0,5.24723,2809,2591,-0.0191011,-0.00118138
0,102.402,2259,9280,0.018207,-0.00329486
0,0.837169,1725,12363,-0.0115054,-0.0177712
0,0.108906,341,198,-0.0294643,0.00075946
0,0.035584,231,162,-0.0302111,0.00187382
0,0.018553,171,105,-0.0112532,0.004355
0,0.089381,1352,4428,-0.0274256,-0.00501349
0,0.694993,2349,1979,-0.0163157,-0.00442358
0,0.079521,305,108,-0.0201128,0.00187382
0,0.015258,55,66,-0.0201128,0.00219921
0,53.5027,498,237,0.0134886,-0.0208759
0,0.404231,1794,7165,-0.0173272,-0.00501349
0,10.3064,958,500,-0.0203885,0.00185459
0,5.03029,217,211,-0.0302111,0.00219921
0,0.026961,178,112,-0.0147317,0.00433618
0,4.2291,17084,13338,-0.01519,-0.0051655
0,4.52905,9022,255027,-0.0145682,-0.0046344
0,0.03358,55,66,-0.0203882,0.00219921
0,0.131329,1649,8486,-0.017092,-0.00517218
0,22.194,271,277,-0.0304866,0.00198208
0,0.190562,1627,7386,-0.0341148,-0.00774127
0,0.018515,55,66,-0.0201128,0.00219921
0,112.182,22430,164402,0.0230487,-0.00439851
0,1.53781,1009,428,-0.0203885,0.00185459
0,26.5784,890,1946,-0.0112433,0.00435524
0,0.227874,1650,6949,-0.0336035,-0.0046344
0,20.7155,349,448,-0.0298297,0.00075946
0,0.024925,543,21058,0.000607849,0.0275857
0,35.4609,2226,4928,0.0154734,-0.00171006
0,0.018792,55,66,-0.0201128,0.00219921
0,13.5397,1989,6905,-0.0168984,-0.00514132
0,0.228235,1634,8507,-0.0267729,-0.0044757
0,0.624304,1987,6581,-0.0274229,-0.00501349
0,0.027204,341,132,-0.0190228,0.00075946
0,0.027271,55,66,-0.0203882,0.00219921
0,0.083372,55,66,-0.0203882,0.00219921
0,0.113935,1436,3734,-0.0269386,-0.00514132
0,112.09,669,408,0.0170851,-0.0207769
0,0.045013,178,112,-0.0147317,0.00433618
0,0.442223,1552,4031,-0.0172408,-0.00517218
0,0.686578,3113,9457,-0.0162513,-0.00899679
0,0.072152,1195,5865,-0.0252495,0.00655629
0,13.2678,383,330,-0.0294643,0.00075946
0,0.358114,1592,4846,-0.0270092,-0.00446942
0,0.015169,154,100,-0.0112532,0.004355
0,0.02035,55,66,-0.0201128,0.00219921
0,0.032132,55,66,-0.0203882,0.00219921
0,0.015286,55,66,-0.0201128,0.00219921
0,0.135326,1704,5900,-0.0269967,-0.00514132
0,0.263346,55,66,-0.0203882,0.00219921
0,0.110756,305,108,-0.0201128,0.00187382
0,0.026828,55,66,-0.0203882,0.00219921
0,1.41867,1725,5298,-0.0275161,-0.00501349
0,0.065564,1503,3898,-0.017092,-0.00517218
0,26.2768,8897,27980,-0.0104606,-0.0177712
0,0.020359,55,66,-0.0201128,0.00219921
0,9.93405,4660,10166,-0.0468621,-0.00187697
0,0.028305,178,178,-0.0192502,0.000884996
0,37.9999,163,186,0.014899,0.00135471
0,0.02346,55,66,-0.0201128,0.00219921
0,32.7674,3632,7614,-0.017047,-0.00118138
0,0.041403,55,66,-0.0203882,0.00219921
0,45.0228,110,132,0.0151204,0.00135471
0,60.8965,2525,68684,0.0162503,-0.00593287
0,0.433348,2326,50217,-0.0115356,-0.0177712
0,45.0581,110,132,0.0151204,0.00135471
0,0.078899,55,66,-0.0203882,0.00219921
0,0.165006,1460,4742,-0.0276163,-0.00567911
0,0.056904,1025,3920,-0.0254402,0.00589067
0,0.02663,55,66,-0.0203882,0.00219921
0,12.9466,403,295,-0.0291211,0.00075946
0,5.29921,1503,4121,-0.0276137,-0.00567911
0,0.024899,55,60,-0.0201128,0.00219921
0,85.2659,681,537,0.0320574,-0.0204205
0,0.113815,1665,7520,-0.017092,-0.00517218
0,39.8826,217,371,0.0322975,0.00102932
0,0.037255,55,66,-0.0203882,0.00219921
0,0.015349,55,66,-0.0201128,0.00219921
0,2.12636,911,15126,-0.0127694,0.00553604
0,14.7513,163,371,-0.0304866,0.00187382
0,0.096991,55,66,-0.0203882,0.00219921
0,0.015176,55,66,-0.0201128,0.00219921
0,0.171933,1764,5950,-0.0269967,-0.00514132
0,11.5174,1740,870,-0.0206779,-0.0020025
0,39.9263,217,357,0.0322975,0.00102932
0,0.040057,369,216,-0.0201128,0.00187382
0,0.098482,1650,5605,-0.0269967,-0.00514132
0,29.3344,1613,4722,-0.0168302,-0.00514132
0,0.074207,1108,3982,-0.0254402,0.00589067
0,0.029071,327,132,-0.019559,0.00075946
0,0.015241,55,66,-0.0201128,0.00219921
0,32.3529,55,126,-0.0203882,0.00219921
0,3.81552,2520,9785,-0.0235052,-0.0046344
0,6.47222,2096,6061,-0.0245964,-0.00845901
0,0.167501,1436,3735,-0.0269637,-0.00514132
0,4.86796,1653,15255,-0.0111474,-0.0177712
0,0.812071,109,145,-0.0203882,0.00187382
0,90.0827,165,198,0.0149087,0.00145364
0,0.099399,55,60,-0.0203882,0.00219921
0,0.027375,55,66,-0.0203882,0.00219921
0,2.1994,1900,2123,-0.0471708,-0.00187697
0,21.6589,2717,28186,-0.0151878,-0.00517218
0,0.041062,55,60,-0.0203882,0.00219921
0,0.01554,55,66,-0.0201128,0.00219921
0,1.28475,197,216,-0.0201128,0.00219921
0,0.610583,1406,4413,-0.0276619,-0.00501349
0,0.015205,55,66,-0.0201128,0.00219921
0,0.138135,2016,10072,-0.0164725,-0.0046344
0,0.092314,327,132,-0.019559,0.00075946
0,0.664307,1425,3893,-0.0277068,-0.00567911
0,3.42341,1783,8640,-0.0152435,-0.00517218
0,14.1741,2224,4637,-0.0175302,-0.00501349
0,0.192456,55,66,-0.0203882,0.00219921
0,0.128597,327,198,-0.0296574,0.00075946
0,0.415519,1530,6305,-0.0173272,-0.00501349
0,0.015217,55,66,-0.0201128,0.00219921
0,0.24526,74,60,-0.019559,0.00108485
0,1.4543,1406,4297,-0.0175179,-0.00567911
0,21.0952,2385,8093,-0.0152435,-0.00517218
0,0.716794,2084,8245,-0.0145935,-0.0046344
0,6.09996,1251,622,-0.0195659,0.00075946
0,0.58468,2298,32442,-0.017092,-0.00517218
0,22.4276,163,126,-0.0201128,0.00219921
0,0.135625,55,66,-0.0203882,0.00219921
0,0.014807,55,66,-0.0201128,0.00219921
0,7.44411,364,2507,-0.0167012,-0.00473108
0,0.5625,1725,3357,-0.0163183,-0.00442358
0,27.9566,19927,17532,-0.01519,-0.00363782
0,0.079079,55,66,-0.0203882,0.00219921
0,0.018649,55,66,-0.0201128,0.00219921
0,2.90766,1886,14824,-0.0152435,-0.00517218
0,0.102175,55,66,-0.0203882,0.00219921
0,0.493236,1838,4377,-0.0162774,-0.00441043
0,1.86438,4398,1521,-0.0164088,-0.00442358
0,0.014827,55,66,-0.0201128,0.00219921
0,0.029661,55,66,-0.0203882,0.00219921
0,0.01527,55,66,-0.0201128,0.00219921
0,0.027069,327,216,-0.0190228,0.00075946
0,0.027115,55,66,-0.0203882,0.00219921
0,0.08087,55,66,-0.0203882,0.00219921
0,0.165177,1460,3773,-0.0270568,-0.00514132
0,5.36557,1845,4158,-0.0176084,-0.00567911
0,0.236022,7691,336202,-0.0115356,-0.0177712
0,0.035721,229,198,-0.0190228,0.00108485
0,0.091623,55,66,-0.0203882,0.00219921
0,0.144967,2156,1755,-0.0289166,-0.00369792
0,0.575532,1542,928,-0.0309331,-0.0020025
0,2.69038,2553,7608,-0.0151352,-0.00774127
0,0.019326,108,198,-0.0201128,0.00219921
0,0.015203,55,66,-0.0201128,0.00219921
0,12.9857,1767,4983,-0.0162327,-0.00373852
0,3.81703,3087,23990,-0.0151878,-0.00517218
0,0.027058,367,215,-0.0201128,0.00187382
0,6.64162,1840,6955,-0.0173272,-0.00501349
0,0.015289,108,60,-0.0201128,0.00219921
0,0.089111,154,100,-0.013945,0.004355
0,0.083069,1436,3733,-0.0269967,-0.00514132
0,21.5971,4710,4035,-0.0240164,-0.00774127
0,2.34499,2563,12574,-0.0152435,-0.00517218
0,71.6571,349,132,0.0152177,0.00112826
0,0.014882,55,66,-0.0201128,0.00219921
0,4.17153,1753,7518,-0.0241247,-0.00517218
0,0.326261,1503,6871,-0.0171477,-0.00517218
0,0.304151,341,198,-0.0296574,0.00075946
0,90.2717,165,198,0.0152177,0.00145364
0,0.025114,55,66,-0.0201128,0.00219921
0,40.1132,2537,39482,0.0130491,-0.00283567
0,0.026758,55,66,-0.0203882,0.00219921
0,0.635064,163,263,-0.0302111,0.00219921
0,0.058388,55,66,-0.0203882,0.00219921
0,0.033533,55,66,-0.0203882,0.00219921
0,0.015223,55,66,-0.0201128,0.00219921
0,20.1547,1853,7051,-0.0172092,-0.00501349
0,34.3125,271,204,0.0322692,0.00135471
0,28.8943,2773,4498,-0.0169109,-0.0044757
0,27.0897,325,271,-0.0298027,0.00219921
0,17.9346,4086,4619,-0.0168653,-0.00514132
0,10.0445,3614,5713,-0.0139882,-0.00391666
0,0.723867,2227,7092,-0.0171477,-0.00517218
0,0.187952,1788,6372,-0.0269967,-0.00514132
0,0.167964,1526,3839,-0.0269637,-0.00514132
0,1.06204,2246,1181,-0.0202638,-0.00187697
0,0.143887,1970,18210,-0.017092,-0.00517218
0,0.015132,55,66,-0.0201128,0.00219921
0,0.029674,55,60,-0.0203882,0.00219921
0,0.041035,295,271,-0.0291211,0.00075946
0,0.149695,1488,8857,-0.0274256,-0.00501349
0,40.1457,1734,10893,0.0140883,-0.0029819
0,0.021903,341,264,-0.0190228,0.00075946
0,0.121985,897,3144,-0.0249741,0.00569474
0,0.898421,11969,7071,-0.0167076,-0.0044757
0,31.9908,73912,20743,-0.0168278,-0.00214385
0,0.369018,2540,46073,-0.017092,-0.00517218
0,0.097343,341,198,-0.0294643,0.00075946
0,1.14281,1534,3801,-0.0269637,-0.00514132
0,0.024342,327,192,-0.0190228,0.00075946
0,23.8913,271,264,-0.0304866,0.00219921
0,0.389266,1436,3531,-0.0269637,-0.00514132
0,0.024779,171,105,-0.0112532,0.004355
0,5.64965,2037,4952,-0.0168653,-0.00514132
0,96.0609,4500,21379,0.0184364,-0.00262924
0,0.793906,2110,5157,-0.0151352,-0.00774127
0,0.546285,426,273,-0.0302935,0.00187382
0,22.114,2798,54955,-0.0167076,-0.0044757
0,0.027717,178,112,-0.0147317,0.00433618
0,29.9903,2339,5705,-0.017047,-0.00118138
0,0.484711,85,162,-0.0203882,0.00187382
0,0.031281,341,132,-0.019559,0.00075946
0,116.162,2759,36024,0.0206935,-0.00262924
0,7.96287,163,126,-0.0203882,0.00219921
0,0.106151,1533,4694,-0.0270423,-0.0044757
0,0.154559,55,60,-0.0203882,0.00219921
0,0.086885,1394,3732,-0.0269967,-0.00514132
0,0.015251,55,66,-0.0201128,0.00219921
0,0.17212,1526,3839,-0.0269637,-0.00514132
0,13.2865,2665,5634,-0.026307,-0.00514132
0,3.36546,4460,131830,-0.0145682,-0.0046344
0,115.501,3142,35830,0.0206935,-0.00262924
0,10.1507,1025,3429,-0.0149409,0.00384504
0,28.0644,8307,176849,-0.0145682,-0.0046344
0,0.756069,4406,121604,-0.0115356,-0.0177712
0,0.127488,1422,6055,-0.0273978,-0.00501349
0,2.12454,5185,343568,-0.0115356,-0.0177712
0,0.025175,55,66,-0.0201128,0.00219921
0,0.026834,55,66,-0.0203882,0.00219921
0,0.015294,55,66,-0.0201128,0.00219921
0,0.231103,55,60,-0.0203882,0.00219921
0,0.025088,171,105,-0.0112532,0.004355
0,31.6694,55,120,-0.0195689,0.00108461
0,3.73318,12965,318284,-0.0115356,-0.0177712
0,0.028704,171,105,-0.013945,0.004355
0,29.9912,1781,7953,-0.0173246,-0.00501349
0,5.38148,7608,8050,-0.0155913,-0.00845901
0,0.170835,804,265,-0.0296868,0.000740226
0,0.972144,1836,6646,-0.0164977,-0.0046344
0,0.015256,178,112,-0.0120399,0.00433618
0,0.021345,210,156,-0.0190228,0.00075946
0,15.2999,1969,3888,-0.0163183,-0.00442358
0,40.1406,1990,16169,0.014219,-0.0029819
0,0.015273,55,66,-0.0201128,0.00219921
0,15.4409,2234,7763,-0.0166746,-0.0044757
0,14.9082,163,303,-0.0304866,0.00187382
0,0.024841,55,66,-0.0201128,0.00219921
0,5.66304,2553,7744,-0.0173272,-0.00501349
0,0.029439,178,112,-0.0147317,0.00433618
0,0.137488,55,66,-0.0203882,0.00219921
0,0.018188,55,66,-0.0201128,0.00219921
0,13.6039,349,295,-0.0294643,0.00075946
0,8.36535,16633,359673,-0.0164747,-0.00462771
0,2.37773,1900,6705,-0.0173246,-0.00501349
0,0.015184,55,66,-0.0201128,0.00219921
0,4.34345,30429,4.26294e+06,-0.0106172,-0.0167015
0,0.158684,55,66,-0.0203882,0.00219921
0,0.369722,1436,3755,-0.0269637,-0.00514132
0,30.3537,2137,7169,-0.0169109,-0.0044757
0,9.92873,1976,4420,-0.018051,-0.00187697
0,1.04129,1727,4399,-0.0153366,-0.00517218
0,0.190744,2386,7432,-0.0171477,-0.00517218
0,2.50404,283,229,-0.0294643,0.00075946
0,39.9274,2082,5537,0.00932961,-0.00666027
0,0.028943,341,132,-0.019559,0.00075946
0,8.51844,1864,1289,-0.020155,-0.0020025
0,0.067708,171,171,-0.0458453,0.000884996
0,1.07869,1906,7905,-0.0152435,-0.00517218
0,5.3256,2915,4025,-0.0164088,-0.00442358
0,0.515368,3794,1558,-0.0173272,-0.00501349
0,8.341,1956,7490,-0.0153366,-0.00517218
0,61.6071,4306,8705,0.0169322,-0.00329486
0,50.2077,6736,20572,0.0139952,-0.0029819
0,0.090176,1710,5910,-0.0269967,-0.00514132
0,0.171546,1787,5818,-0.0341704,-0.00774127
0,4.2627,163,126,-0.0203882,0.00219921
0,0.136943,1436,3735,-0.0269967,-0.00514132
0,0.026707,55,66,-0.0203882,0.00219921
0,0.393917,1679,7213,-0.0171477,-0.00517218
0,0.7316,2533,31356,-0.017092,-0.00517218
0,0.028433,305,108,-0.0201128,0.00187382
0,2.2596,3522,72015,-0.0115356,-0.0177712
0,0.015143,55,66,-0.0201128,0.00219921
0,32.805,1052,678,-0.0139857,-0.00558228
0,0.521952,2401,4144,-0.0298468,-0.00130691
0,52.7827,676,6451,-0.00966422,0.00570002
0,45.0607,110,132,0.014899,0.00135471
0,0.130253,1830,16618,-0.017092,-0.00517218
0,0.02693,171,105,-0.013945,0.004355
0,23.0737,1832,1284,-0.0206779,-0.0020025
0,0.025614,108,60,-0.0201128,0.00219921
0,10.2327,3142,4935,-0.0166395,-0.0044757
0,0.079446,1731,7505,-0.026806,-0.0044757
0,0.132721,1879,9556,-0.0164725,-0.0046344
0,6.89397,154,220,-0.0155841,0.00075946
0,0.132625,305,108,-0.0201128,0.00187382
0,0.09995,1141,4471,-0.0254402,0.00589067
0,0.028848,154,100,-0.013945,0.004355
0,0.024952,55,66,-0.0201128,0.00219921
0,0.024825,171,105,-0.0112532,0.004355
0,117.027,4071,57538,0.0206935,-0.00262924
0,70.2516,2189,8154,0.0180378,-0.0034411
0,14.1486,825,849,-0.0202795,0.00187382
0,0.01564,147,93,-0.0105446,0.004355
0,30.2189,2437,1423,-0.0171658,-0.00118138
0,116.108,2484,5090,0.0185903,-0.00166233
0,0.021313,162,145,-0.0302111,0.00187382
0,0.015183,55,66,-0.0201128,0.00219921
0,0.064964,971,2736,-0.0254402,0.00589067
0,0.027029,55,66,-0.0203882,0.00219921
0,1.51247,1647,3512,-0.0191374,-0.00369792
0,0.015222,55,66,-0.0201128,0.00219921
0,28.8732,2197,5672,-0.0156848,-0.00845901
0,0.87142,1359,3239,-0.0168984,-0.00514132
0,35.9816,2980,7747,0.014219,-0.0029819
0,9.94224,1768,1181,-0.0207482,-0.0020025
0,59.2502,16496,14528,0.014095,-0.00292749
0,1.18937,1883,4570,-0.0168653,-0.00514132
0,0.119697,1659,1101,-0.0308507,-0.0020025
0,0.027274,55,66,-0.0203882,0.00219921
0,0.159143,2215,3707,-0.0189513,-0.00118138
0,60.602,2079,5516,0.0158179,-0.00159567
0,22.7087,31037,1.02101e+06,-0.0145705,-0.00255849
0,57.3129,2461,3180,-0.0117209,-0.00151786
0,0.563111,4658,145054,-0.017092,-0.00517218
0,0.015126,55,66,-0.0201128,0.00219921
0,1.22029,3929,98089,-0.0111474,-0.0177712
0,0.110888,1394,3662,-0.0346948,-0.00845901
0,8.04171,3400,76759,-0.0111474,-0.0177712
0,0.078567,55,66,-0.0203882,0.00219921
0,27.4728,2327,4464,-0.0168653,-0.00514132
0,23.062,415,427,-0.0291211,0.000976585
0,20.9558,644,1774,-0.0203062,0.00185459
0,0.015297,55,66,-0.0201128,0.00219921
0,0.014863,162,138,-0.0302111,0.00219921
0,0.181866,1551,6042,-0.0171477,-0.00517218
0,0.049957,108,120,-0.0304866,0.00219921
0,0.099881,1572,5178,-0.0270423,-0.00446942
0,1.14557,2029,6621,-0.0342788,-0.00517218
0,0.040044,237,193,-0.0189073,0.000884996
0,12.9337,7346,247457,-0.0145682,-0.0046344
0,6.18709,2371,6506,-0.0173068,-0.00567911
0,15.336,519,310,-0.0298573,0.00075946
0,9.74132,2587,55159,-0.0111474,-0.0177712
0,0.017545,279,120,-0.0201128,0.00187382
0,0.028571,305,108,-0.0201128,0.00187382
0,0.08854,55,60,-0.0203882,0.00219921
0,21.6526,2529,1601,-0.0207524,-0.0020025
0,6.64119,1839,5539,-0.0163183,-0.00442358
0,0.025094,55,66,-0.0201128,0.00219921
0,0.015278,55,66,-0.0201128,0.00219921
0,0.02773,55,66,-0.0203882,0.00219921
0,0.206787,341,264,-0.0291211,0.00075946
0,0.023796,171,171,-0.0559436,0.000884996
0,0.224006,55,60,-0.0203882,0.00219921
0,4.29499,2329,2668,-0.0180199,-0.00187697
0,0.020097,305,108,-0.0201128,0.00187382
0,0.821303,5947,6926,-0.0173272,-0.00501349
0,9.69499,2657,8846,-0.0152435,-0.00517218
0,0.066314,171,171,-0.0458453,0.000884996
0,0.022427,55,66,-0.0201128,0.00219921
0,3.95846,45461,1.07776e+06,-0.0110054,-0.0164963
0,0.234746,2089,3820,-0.0265072,-0.00442358
0,57.1737,498,369,0.0132664,-0.0208759
0,0.7686,2496,20231,-0.0167076,-0.0044757
0,0.176417,1502,3436,-0.0206308,0.001461
0,0.346636,2300,45009,-0.0115356,-0.0177712
0,75.2185,3937,12219,0.0171229,-0.00262924
0,0.133913,55,66,-0.0203882,0.00219921
0,115.433,2379,4911,0.0175677,-0.00137321
0,0.223036,3080,3932,-0.0175637,-0.00845901
0,2.0812,216,205,-0.0201128,0.00219921
0,0.163656,1502,3821,-0.0269637,-0.00514132
0,0.015253,178,112,-0.0120399,0.00433618
0,0.015259,55,66,-0.0201128,0.00219921
0,0.874582,1692,5979,-0.0269637,-0.00514132
0,95.6299,11952,11150,0.0117671,-0.00124767
0,3.76227,1777,29912,-0.0118397,-0.0177712
0,45.0787,110,132,0.014899,0.00135471
0,3.60757,5023,24795,-0.0171477,-0.00517218
0,60.6609,2088,7235,0.0170493,-0.00262924
0,4.95818,3138,39128,-0.0111474,-0.0177712
0,0.161272,1734,7076,-0.0171477,-0.00517218
0,0.141601,1865,6845,-0.0164977,-0.0046344
0,0.099599,1476,5336,-0.0276163,-0.00567911
0,66.6206,3523,7666,0.0180378,-0.0034411
0,15.0127,163,280,-0.0291211,0.00075946
0,3.06618,15208,1.06179e+06,-0.0111647,-0.0177494
0,4.33944,2582,9854,-0.0159208,-0.00459842
0,0.02671,55,66,-0.0203882,0.00219921
0,1.19844,4326,162333,-0.0151878,-0.00517218
0,0.027136,231,108,-0.0201128,0.00187382
0,0.087496,1431,5906,-0.017092,-0.00517218
0,0.033184,55,60,-0.0203882,0.00219921
0,6.6663,163,126,-0.0201128,0.00219921
0,0.02482,55,66,-0.0201128,0.00219921
0,5.26492,1344,3827,-0.0167677,-0.0044757
0,0.209862,2302,5339,-0.0346948,-0.00845901
0,0.023437,108,60,-0.0201128,0.00219921
0,0.083049,1328,3734,-0.0270423,-0.00446942
0,0.019867,55,66,-0.0201128,0.00219921
0,35.2503,2425,18136,0.0100059,-0.00593137
0,0.024892,55,66,-0.0201128,0.00219921
0,6.73235,1891,45117,-0.0111474,-0.0177712
0,0.513277,3870,71340,-0.0145682,-0.0046344
0,9.62674,14209,575113,-0.0111647,-0.0177494
0,7.35699,1820,5121,-0.0161072,-0.00442358
0,0.381209,1526,3839,-0.0269637,-0.00514132
0,2.82725,1954,32701,-0.0111172,-0.0177712
0,0.084784,154,100,-0.013945,0.004355
0,0.088258,897,3152,-0.0250071,0.00569474
0,2.5688,1856,4138,-0.0173999,-0.00567911
0,12.5282,2800,3461,-0.0173272,-0.00501349
0,0.069372,178,178,-0.0173459,0.000884996
0,14.6086,163,383,-0.0302111,0.00187382
0,0.050563,178,112,-0.0147317,0.00433618
0,10.7133,1108,5763,-0.0152416,0.00655629
0,0.019195,108,198,-0.0201128,0.00219921
0,2.78983,301,120,-0.0304866,0.00219921
0,0.095193,1195,4572,-0.0254402,0.00589067
0,0.025286,55,66,-0.0201128,0.00219921
0,5.46398,1561,4008,-0.0163018,-0.00514132
0,0.025325,55,66,-0.0201128,0.00219921
0,93.277,17251,589096,0.0141598,-0.00278125
0,0.636608,1491,1629,-0.0297703,-0.00130691
0,0.015203,55,66,-0.0201128,0.00219921
0,0.07909,55,66,-0.0203882,0.00219921
0,0.045096,961,5781,-0.0252495,0.00655629
0,1.31624,3358,34604,-0.0115054,-0.0177712
0,0.381975,1502,4911,-0.0270092,-0.00446942
0,18.123,6977,148255,-0.0145682,-0.0046344
0,0.072867,1533,4475,-0.0269967,-0.00514132
0,2.59578,1749,5478,-0.0173272,-0.00501349
0,0.021443,55,66,-0.0201128,0.00219921
0,0.365205,2775,6771,-0.0171477,-0.00517218
0,13.4845,12142,41756,-0.0166746,-0.0044757
0,0.402092,1534,7225,-0.0171477,-0.00517218
0,0.015215,55,66,-0.0201128,0.00219921
0,0.149323,1943,6179,-0.0184446,-0.0051362
0,0.021541,154,100,-0.0112532,0.004355
0,0.116132,55,66,-0.0203882,0.00219921
0,2.83682,1685,5491,-0.0240721,-0.00774127
0,0.015196,55,66,-0.0201128,0.00219921
0,13.9232,2811,1330,-0.0465842,-0.00187697
0,0.100417,341,132,-0.019559,0.00075946
0,5.72298,4465,71752,-0.0115356,-0.0177712
0,0.114116,1502,3799,-0.0269637,-0.00514132
0,0.124786,1568,3958,-0.0206639,0.001461
0,0.098452,108,60,-0.0203882,0.00219921
0,14.8736,217,371,-0.0302935,0.00187382
0,0.212516,2931,4992,-0.0269967,-0.00514132
0,0.015187,178,112,-0.0120399,0.00433618
0,1.0047,1842,10451,-0.0274256,-0.00501349
0,0.100428,55,66,-0.0203882,0.00219921
0,0.015703,279,120,-0.0201128,0.00187382
0,0.015378,55,66,-0.0201128,0.00219921
0,0.169914,1436,3367,-0.0269637,-0.00514132
0,15.6281,163,126,-0.0201128,0.00219921
0,0.01632,178,178,-0.0189073,0.000884996
0,0.072834,1352,3390,-0.0276163,-0.00567911
0,14.7297,271,371,-0.0302111,0.00187382
0,108.239,3364,7896,0.0175677,-0.00137321
0,2.15288,1195,5857,-0.0151485,0.00655629
0,5.99409,7210,102580,-0.0145682,-0.0046344
0,17.6534,405,703,-0.0298573,0.00075946
0,0.015247,55,66,-0.0201128,0.00219921
0,12.8083,1054,4110,-0.0153392,0.00589067
0,0.015229,55,66,-0.0201128,0.00219921
0,0.74535,1616,4846,-0.0350745,-0.00459842
0,0.015255,55,66,-0.0201128,0.00219921
0,7.20513,3120,6390,-0.017047,-0.00118138
0,0.833716,1602,6219,-0.0267729,-0.0044757
0,0.260331,4813,19671,-0.0164725,-0.0046344
0,0.294287,1108,5672,-0.0252468,0.00655629
0,0.026847,55,66,-0.0203882,0.00219921
0,44.9033,3242,35599,0.0174008,-0.00267697
0,3.31453,519,310,-0.0298297,0.00075946
0,0.028205,245,108,-0.0201128,0.00187382
0,0.022274,55,66,-0.0201128,0.00219921
0,3.40239,8666,324974,-0.0145682,-0.0046344
0,0.0152,55,66,-0.0201128,0.00219921
0,119.875,3539,27634,0.0206935,-0.00262924
0,17.2925,2345,8401,-0.0152435,-0.00517218
0,0.961906,2586,28629,-0.0274256,-0.00501349
0,0.336307,853,3526,-0.02534,0.00655629
0,0.016404,55,66,-0.0201128,0.00219921
0,45.1535,110,120,0.014899,0.00135471
0,7.45948,1776,6106,-0.0163347,-0.00899679
0,15.0793,163,371,-0.0304866,0.00187382
0,8.89257,2787,6928,-0.0151352,-0.00774127
0,0.381138,1839,1559,-0.0183596,-0.00187697
0,0.162798,1460,3529,-0.0270568,-0.00514132
0,0.025147,108,60,-0.0201128,0.00219921
0,3.84098,1873,11143,-0.0151878,-0.00517218
0,0.044929,55,66,-0.0203882,0.00219921
0,0.057028,178,112,-0.0120399,0.00433618
0,0.020817,55,66,-0.0201128,0.00219921
0,0.055806,971,2286,-0.0250393,0.00384504
0,35.4708,163,126,0.0151204,0.00135471
0,4.95528,2118,60654,-0.0111474,-0.0177712
0,0.020987,108,60,-0.0201128,0.00219921
0,14.8974,163,296,-0.0302111,0.00187382
0,0.377557,1781,6612,-0.0171477,-0.00517218
0,0.411266,2082,1465,-0.0202638,-0.00187697
0,0.028,55,66,-0.0203882,0.00219921
0,0.180177,1436,4277,-0.026806,-0.0044757
0,0.150371,1899,6631,-0.0172318,-0.0039035
0,0.121512,178,178,-0.0192502,0.000884996
0,2.01821,2637,7193,-0.0173246,-0.00501349
0,0.125061,1436,3734,-0.0269386,-0.00514132
0,0.230348,2065,6124,-0.0164977,-0.0046344
0,5.57394,10134,246637,-0.0115356,-0.0177712
0,0.015736,178,112,-0.0120399,0.00433618
0,119.759,10292,342193,0.0208658,-0.00293417
0,0.395603,1526,3821,-0.0269637,-0.00514132
0,0.179381,1436,3530,-0.0269637,-0.00514132
0,0.05992,55,66,-0.0203882,0.00219921
0,2.46658,5277,1690,-0.0167076,-0.0044757
0,0.014938,162,145,-0.0302111,0.00187382
0,4.28378,2496,6141,-0.0151352,-0.00774127
0,0.263409,2693,3995,-0.0559607,-0.00118138
0,2.80694,1882,4429,-0.0173272,-0.00501349
0,0.017959,55,66,-0.0201128,0.00219921
0,0.144673,2408,40773,-0.0164725,-0.0046344
0,0.02729,55,66,-0.0203882,0.00219921
0,0.189248,1559,3957,-0.0172408,-0.00517218
0,0.044137,55,66,-0.0203882,0.00219921
0,45.2013,110,120,0.0151545,0.00135471
0,45.4656,110,120,0.014899,0.00135471
0,0.180446,2047,22482,-0.0115356,-0.0177712
0,0.071888,1108,3784,-0.0254402,0.00589067
0,0.020007,178,112,-0.0120399,0.00433618
0,0.093997,1627,9842,-0.0115356,-0.0177712
0,1.29844,10121,6295,-0.0151878,-0.00517218
0,0.52486,85,162,-0.0203882,0.00187382
0,0.052749,1108,6861,-0.0252495,0.00655629
0,1.52014,715,2633,-0.0171754,0.000865761
0,0.102617,55,66,-0.0203882,0.00219921
0,8.79224,9333,245908,-0.0111474,-0.0177712
0,0.020743,171,171,-0.0559436,0.000884996
0,0.016326,55,66,-0.0201128,0.00219921
0,0.025605,327,132,-0.0190228,0.00075946
0,96.818,11297,1.11638e+06,0.0152159,-0.00293417
0,0.078592,1249,6851,-0.0252495,0.00655629
0,3.05621,5688,3328,-0.0235304,-0.0046344
0,62.7005,4701,21510,0.0171229,-0.00262924
0,0.015148,55,66,-0.0201128,0.00219921
0,0.016169,317,108,-0.0201128,0.00187382
0,31.6733,217,198,-0.0304866,0.00219921
0,13.5316,163,126,-0.0201128,0.00219921
0,0.024795,171,171,-0.0559436,0.000884996
0,11.4538,13709,452252,-0.0145705,-0.00462771
0,47.7089,3325,6248,0.017086,-0.00334259
0,14.9299,163,371,-0.0304866,0.00187382
0,0.165464,2251,7363,-0.0341148,-0.00774127
0,12.6193,3870,4312,-0.0164088,-0.00442358
0,0.014804,55,66,-0.0201128,0.00219921
0,0.019662,217,229,-0.0190228,0.00075946
0,9.72222,2958,41490,-0.0145682,-0.0046344
0,92.8301,4813,11729,0.0182457,-0.00329486
0,0.164209,1460,4551,-0.0276163,-0.00567911
0,0.015161,55,66,-0.0201128,0.00219921
0,20.5351,7210,320622,-0.0111474,-0.0177712
0,35.6692,2909,8760,0.0140883,-0.0029819
0,10.5916,1141,5632,-0.0153848,0.00656257
0,0.015223,55,66,-0.0201128,0.00219921
0,1.02509,1899,5505,-0.0274229,-0.00501349
0,30.7614,163,126,-0.0201128,0.00219921
0,1.02106,2232,7003,-0.018051,-0.00187697
0,52.5888,743,2845,0.0153924,0.00100848
0,6.34482,163,126,-0.0201128,0.00219921
0,7.50335,15423,307391,-0.0111647,-0.0177494
0,0.015213,55,66,-0.0201128,0.00219921
0,0.15108,55,60,-0.0203882,0.00219921
0,0.015655,55,66,-0.0201128,0.00219921
0,0.015242,108,60,-0.0201128,0.00219921
0,0.015211,55,66,-0.0201128,0.00219921
0,7.49627,2238,4944,-0.0168653,-0.00514132
0,0.147025,1782,4389,-0.0183402,-0.00357238
0,0.665265,1569,6734,-0.0164977,-0.0046344
0,0.906481,2337,4303,-0.0206308,0.001461
0,0.33786,327,198,-0.0291211,0.00075946
0,0.32247,1655,5079,-0.0356313,-0.0051362
0,0.024838,55,66,-0.0201128,0.00219921
0,5.9135,2466,5281,-0.0173246,-0.00501349
0,10.6162,1119,3742,-0.0154323,0.00589067
0,0.201403,1436,4779,-0.0267729,-0.0044757
0,10.8609,1025,3837,-0.0154323,0.00589067
0,0.923673,2118,7307,-0.0165404,-0.0051362
0,0.67754,205,216,-0.0201128,0.00219921
0,15.0298,163,371,-0.0304866,0.00187382
0,0.025981,147,153,-0.0179354,0.004355
0,0.037363,55,66,-0.0203882,0.00219921
0,0.644338,1601,11631,-0.0151878,-0.00517218
0,10.7906,3396,85883,-0.0167076,-0.0044757
0,0.527942,1141,4076,-0.0254376,0.00589067
0,0.590665,2888,4160,-0.0173246,-0.00501349
0,0.083808,55,60,-0.0203882,0.00219921
0,65.8524,2486,20056,0.0171229,-0.00262924
0,12.6589,415,295,-0.0294643,0.00075946
0,0.019496,55,66,-0.0201128,0.00219921
0,33.1612,2412,5149,0.0184546,-0.0028232
0,0.543004,1667,14999,-0.0115054,-0.0177712
0,36.8948,2924,5731,0.0184546,-0.0028232
0,5.89419,2146,7255,-0.0173272,-0.00501349
0,0.015173,55,66,-0.0201128,0.00219921
0,0.026778,55,66,-0.0203882,0.00219921
0,0.015149,55,66,-0.0201128,0.00219921
0,0.162167,1778,6912,-0.0164725,-0.0046344
0,0.797402,2071,11827,-0.0151878,-0.00517218
0,10.059,2849,7443,-0.0468663,-0.00187697
0,0.165495,1526,3435,-0.0206308,0.001461
0,0.186083,1644,5190,-0.0168984,-0.00514132
0,0.025838,327,132,-0.0190228,0.00075946
0,10.8104,3850,6831,-0.0106256,0.001461
0,8e-06,105,66,-0.0458453,0.000884996
0,0.015239,55,66,-0.0201128,0.00219921
0,1.40263,1758,8687,-0.0267729,-0.0044757
0,0.015253,55,66,-0.0201128,0.00219921
0,36.9126,4103,6515,0.0143262,-0.0064155
0,0.137212,2876,89243,-0.0115356,-0.0177712
0,0.11092,1793,6765,-0.026806,-0.0044757
0,0.01519,55,66,-0.0201128,0.00219921
0,31.1084,217,211,-0.0302111,0.00219921
0,0.024784,108,60,-0.0201128,0.00219921
0,0.025319,55,66,-0.0201128,0.00219921
0,29.7818,163,357,-0.0304866,0.00187382
0,0.026797,55,66,-0.0203882,0.00219921
0,8.3697,5070,7469,-0.0156848,-0.00845901
0,0.024871,55,66,-0.0201128,0.00219921
0,1.05481,1730,4676,-0.0276137,-0.00567911
0,43.7272,16455,510489,0.0135208,-0.00247104
0,0.188292,1776,6464,-0.0269967,-0.00514132
0,10.2398,958,511,-0.0202954,0.00185459
0,2.44785,5837,227195,-0.0111474,-0.0177712
0,0.124594,1536,5705,-0.026806,-0.0044757
0,0.038438,305,162,-0.0201128,0.00187382
0,0.379786,1556,4911,-0.0269637,-0.00514132
0,0.211665,1644,6705,-0.026806,-0.0044757
0,0.024807,55,66,-0.0201128,0.00219921
0,14.6218,163,383,-0.0302311,0.00187382
0,0.138761,1833,9658,-0.0151878,-0.00517218
0,0.035915,178,112,-0.0147317,0.00433618
0,5.13061,1318,4338,-0.0167076,-0.0044757
0,0.015213,55,66,-0.0201128,0.00219921
0,90.1965,10547,4617,0.0118289,-0.00147014
0,92.0466,2090,6041,0.0152267,-0.0025692
0,82.7365,15887,93437,0.0114741,-0.00592618
0,0.015495,291,162,-0.0201128,0.00187382
0,0.09212,55,66,-0.0203882,0.00219921
0,0.024835,55,66,-0.0201128,0.00219921
0,0.072303,1548,8656,-0.017092,-0.00517218
0,0.014926,55,66,-0.0201128,0.00219921
0,0.12611,171,171,-0.0562865,0.000884996
0,17.3868,2457,14252,-0.0151878,-0.00517218
0,0.015281,108,60,-0.0201128,0.00219921
0,0.01681,55,66,-0.0201128,0.00219921
0,0.966661,1528,7401,-0.0249761,-0.0046344
0,3.23597,4043,144531,-0.0111474,-0.0177712
0,21.689,2499,2166,-0.0175179,-0.00567911
0,0.018881,55,66,-0.0201128,0.00219921
0,0.265841,1545,7502,-0.026806,-0.0044757
0,45.0544,110,132,0.0151204,0.00135471
0,0.0268,55,66,-0.0203882,0.00219921
0,3.85431,1845,28151,-0.0104606,-0.0177712
0,0.085903,1249,5940,-0.0254858,0.00655629
0,16.2037,163,126,-0.0203882,0.00219921
0,0.445562,1883,7436,-0.0165404,-0.00517218
0,0.019802,55,66,-0.0201128,0.00219921
0,3.26911,4113,50809,-0.0151878,-0.00517218
0,0.037327,108,120,-0.0304866,0.00219921
0,1.00866,1590,6135,-0.0274229,-0.00501349
0,0.078887,55,66,-0.0203882,0.00219921
0,0.086963,1845,1769,-0.0569605,-0.00187697
0,6.72176,217,211,-0.0302935,0.00219921
0,0.094549,1203,5045,-0.0250261,0.0038582
0,27.8466,3379,48243,-0.0167076,-0.0044757
0,0.068664,1476,5301,-0.0349561,-0.00459842
0,88.1832,3171,24583,0.0172469,-0.00262924
0,15.1664,2023,3995,-0.0191374,-0.00369792
0,0.015265,178,112,-0.0120399,0.00433618
0,40.1144,2669,47233,0.0130491,-0.00283567
0,0.10127,1368,4473,-0.0276619,-0.00501349
0,0.158188,305,108,-0.0201128,0.00187382
0,112.568,774,486,-0.00678487,-0.00224753
0,1.15304,5967,202967,-0.0115356,-0.0177712
0,0.015277,55,66,-0.0201128,0.00219921
0,4.99754,3970,6593,-0.0173246,-0.00501349
0,0.135824,55,66,-0.0203882,0.00219921
0,0.220197,55,60,-0.0203882,0.00219921
0,0.024219,55,66,-0.0201128,0.00219921
0,10.9225,2509,15131,-0.016018,-0.0044757
0,0.026813,55,66,-0.0203882,0.00219921
0,2.67086,3859,109475,-0.0111474,-0.0177712
0,0.340139,2074,18422,-0.0145682,-0.0046344
0,1.2523,23059,1.55696e+06,-0.0110054,-0.0169886
0,9.7045,5177,35091,-0.0111474,-0.0177712
0,40.1194,2867,44098,0.0130491,-0.00283567
0,39.8604,163,126,0.014899,0.00135471
0,45.0482,110,132,0.0151204,0.00135471
0,6.07598,3083,6280,-0.017116,-0.00501349
0,1.12295,1476,5739,-0.0276137,-0.00567911
0,0.70163,1706,4886,-0.0337219,-0.0046344
0,14.8964,163,296,-0.0302111,0.00187382
0,0.025166,55,66,-0.0201128,0.00219921
0,0.28249,1368,4473,-0.0277524,-0.00501349
0,0.196884,861,4069,-0.0252495,0.00655629
0,0.418302,1141,4829,-0.0252468,0.00655629
0,0.625149,1663,609,-0.0573665,-0.00187697
0,0.187192,341,264,-0.019366,0.00075946
0,2.86872,384,288,-0.0291211,0.00075946
0,0.106182,1888,7499,-0.017092,-0.00517218
0,0.077253,961,6068,-0.0252495,0.00655629
0,0.473497,2309,7019,-0.0167076,-0.0044757
0,0.194366,1891,4641,-0.0172408,-0.00517218
0,0.026887,55,66,-0.0203882,0.00219921
0,0.027956,55,60,-0.0203882,0.00219921
0,0.249446,178,178,-0.0192502,0.000884996
0,0.02786,178,112,-0.0147317,0.00433618
0,0.069648,154,100,-0.013945,0.004355
0,0.015227,55,66,-0.0201128,0.00219921
0,0.015414,108,60,-0.0201128,0.00219921
0,0.025194,55,66,-0.0201128,0.00219921
0,0.020617,55,60,-0.0201128,0.00219921
0,7.78184,958,513,-0.020302,0.00185459
0,4.06309,2228,8060,-0.0167076,-0.0044757
0,0.644751,2944,35981,-0.0115356,-0.0177712
0,0.168572,3159,10455,-0.0171477,-0.00517218
0,0.67684,3260,2479,-0.0169439,-0.00446942
0,0.390406,290,190,-0.0122713,0.00433618
0,0.024831,55,66,-0.0201128,0.00219921
0,0.167416,1460,3820,-0.0269637,-0.00514132
0,0.037473,55,60,-0.0203882,0.00219921
0,0.100021,55,60,-0.0203882,0.00219921
0,0.098541,333,291,-0.0302111,0.00187382
0,0.025142,55,66,-0.0201128,0.00219921
0,0.497739,1658,8507,-0.0267729,-0.0044757
0,0.503368,1237,3337,-0.0251648,0.00502912
0,6.39453,1383,5723,-0.0167076,-0.0044757
0,0.015824,178,112,-0.0120399,0.00433618
0,14.6592,163,383,-0.0302111,0.00187382
0,0.115954,1730,7155,-0.0336035,-0.0046344
0,0.037744,55,66,-0.0203882,0.00219921
0,13.2536,349,295,-0.0294643,0.00075946
0,0.163692,1514,7634,-0.0274256,-0.00501349
0,94.4834,1641,1099,0.014754,-0.00652654
0,0.272452,55,66,-0.0203882,0.00219921
0,0.234078,55,66,-0.0203882,0.00219921
0,0.127356,1704,6281,-0.0269967,-0.00514132
0,13.6441,4878,4902,-0.0152283,-0.00774127
0,0.713147,1608,5848,-0.0267729,-0.0044757
0,10.1868,217,204,-0.0302111,0.00219921
0,0.26485,1328,3304,-0.0164977,-0.0046344
0,0.020691,178,112,-0.0120399,0.00433618
0,0.159886,2106,6999,-0.0171477,-0.00517218
0,34.1896,2251,23897,0.0101328,-0.00593137
0,26.3113,1658,7241,-0.0153366,-0.00517218
0,37.4291,5014,9471,0.0139952,-0.0029819
0,0.085877,55,66,-0.0203882,0.00219921
0,22.2489,271,265,-0.0304866,0.00219921
0,0.070383,1195,3644,-0.0250393,0.00384504
0,0.025243,55,66,-0.0201128,0.00219921
0,0.361936,1674,5235,-0.0283619,-0.00185669
0,9.51528,1012,506,-0.0203885,0.00185459
0,1.59908,2095,8698,-0.0145935,-0.0046344
0,0.438546,1566,5678,-0.0164977,-0.0046344
0,0.03835,341,198,-0.0291211,0.00075946
0,0.027532,55,66,-0.0203882,0.00219921
0,0.018976,217,163,-0.0190228,0.00075946
0,0.026879,217,229,-0.0190228,0.00075946
0,0.074684,1195,5774,-0.0252495,0.00655629
0,0.164982,1526,3435,-0.0269637,-0.00514132
0,75.5176,14571,348905,0.013009,-0.00278125
0,10.7554,1054,3640,-0.0153418,0.00589067
0,1.10129,2022,5142,-0.0175179,-0.00567911
0,0.130822,2223,52187,-0.0115356,-0.0177712
0,0.64205,2681,44831,-0.0145682,-0.0046344
0,0.026911,55,66,-0.0203882,0.00219921
0,2.34807,805,1928,-0.0112433,0.00435524
0,0.02707,230,108,-0.0201128,0.00187382
0,5.29475,2998,1175,-0.0207524,-0.0020025
0,55.2331,2176,7977,0.017086,-0.00334259
0,1.02669,1783,6699,-0.0164977,-0.0046344
0,0.025059,55,66,-0.0201128,0.00219921
0,0.023299,55,66,-0.0201128,0.00219921
0,0.703217,205,216,-0.0201128,0.00219921
0,2.66089,2498,30436,-0.0145682,-0.0046344
0,0.020605,55,66,-0.0201128,0.00219921
0,0.133387,231,108,-0.0201128,0.00187382
0,105.833,7573,107400,0.0607623,-0.00556117
0,0.986466,2827,4683,-0.0153366,-0.00517218
0,14.1259,519,376,-0.0291211,0.00075946
0,11.7996,1730,5296,-0.0163183,-0.00442358
0,0.015231,147,93,-0.0105446,0.004355
0,0.026288,160,154,-0.0176546,0.004355
0,0.025071,55,66,-0.0201128,0.00219921
0,0.522968,2288,5709,-0.0267729,-0.0044757
0,0.805398,1737,6521,-0.0171477,-0.00517218
0,0.079018,55,66,-0.0203882,0.00219921
0,10.8231,958,506,-0.0203885,0.00185459
0,0.027178,55,66,-0.0203882,0.00219921
0,0.025039,55,66,-0.0201128,0.00219921
0,25.0778,1398,5701,-0.0181555,-0.00899679
0,11.0494,5273,4908,-0.0164725,-0.0046344
0,42.3243,4986,182655,0.0100168,-0.00593137
0,6.44223,2519,5348,-0.017047,-0.00118138
0,2.45033,2830,7045,-0.0172939,-0.00501349
0,0.987483,1536,8280,-0.0274229,-0.00501349
0,45.0398,110,120,0.0151204,0.00135471
0,0.1443,1502,3664,-0.0269967,-0.00514132
0,0.268189,1764,3846,-0.0234829,0.00218666
0,1.54849,3646,9001,-0.0173272,-0.00501349
0,0.361139,1557,4249,-0.0276163,-0.00567911
0,0.457259,3228,13306,-0.0152435,-0.00517218
0,9.66222,2013,1143,-0.0207524,-0.0020025
0,10.4399,958,511,-0.020302,0.00185459
0,0.080398,55,66,-0.0203882,0.00219921
0,0.020803,55,66,-0.0201128,0.00219921
0,0.041487,55,66,-0.0203882,0.00219921
0,0.019955,55,66,-0.0201128,0.00219921
0,17.6028,12620,19779,-0.00932665,-0.00185669
0,12.4384,2345,5177,-0.0467322,-0.00209236
0,0.025216,108,60,-0.0201128,0.00219921
0,0.027594,341,132,-0.019559,0.00075946
0,45.4705,110,120,0.014899,0.00135471
0,33.0589,6524,8821,-0.0150281,-0.00845901
0,0.136404,55,66,-0.0203882,0.00219921
0,31.7058,1866,3953,-0.00944504,-0.00185669
0,5.83527,2036,6126,-0.017116,-0.00501349
0,0.026798,55,66,-0.0203882,0.00219921
0,45.0391,110,132,0.0151204,0.00135471
0,0.058743,162,145,-0.0304866,0.00187382
0,0.252504,154,100,-0.013945,0.004355
0,19.997,163,273,-0.0296574,0.00075946
0,0.102737,55,60,-0.0203882,0.00219921
0,6.69603,163,126,-0.0201128,0.00219921
0,0.024864,55,66,-0.0201128,0.00219921
0,0.152059,1657,4466,-0.0276619,-0.0050072
0,19.5308,163,126,-0.0201128,0.00219921
0,0.014857,55,66,-0.0201128,0.00219921
0,10.4134,1427,4745,-0.0207457,-0.0020025
0,0.075497,1905,6076,-0.017092,-0.00517218
0,29.0631,2981,32180,-0.0166746,-0.0044757
0,0.09916,171,171,-0.0562865,0.000884996
0,0.142742,1584,6437,-0.026806,-0.0044757
0,10.6911,1054,3953,-0.0154323,0.00589067
0,117.071,3229,27283,0.0206935,-0.00262924
0,0.023769,55,66,-0.0201128,0.00219921
0,11.3394,13155,393680,-0.0145682,-0.0046344
0,0.308497,1578,4757,-0.0172408,-0.00517218
0,0.22802,1846,5577,-0.017589,-0.00845901
0,0.368924,1691,6472,-0.0171477,-0.00517218
0,0.027241,55,66,-0.0203882,0.00219921
0,15.1672,1969,3888,-0.0163183,-0.00442358
0,45.1735,110,132,0.014899,0.00135471
0,0.136244,1110,2642,-0.0194779,0.00198012
0,0.015192,108,60,-0.0201128,0.00219921
0,0.015266,147,153,-0.0176546,0.004355
0,0.170639,1678,5108,-0.0341148,-0.00774127
0,0.019256,178,112,-0.0120399,0.00433618
0,0.015195,108,60,-0.0201128,0.00219921
0,0.015218,55,66,-0.0201128,0.00219921
0,103.254,2251,7571,0.018083,-0.00329486
0,0.438097,2090,21484,-0.0164725,-0.0046344
0,0.015216,55,66,-0.0201128,0.00219921
0,0.135729,1025,5952,-0.0252468,0.00655629
0,0.531637,1659,4452,-0.0175179,-0.00567911
0,23.3403,3989,9643,-0.0151601,-0.00517218
0,29.379,2300,2701,-0.0458582,-0.00118138
0,10.5742,1195,3990,-0.0149382,0.00384504
0,0.0153,178,112,-0.0120399,0.00433618
0,5.67138,1656,4817,-0.0161872,-0.00441043
0,0.015642,309,108,-0.0201128,0.00187382
0,39.8669,217,357,0.0322975,0.00102932
0,0.700826,2177,3976,-0.0168653,-0.00514132
0,0.230331,55,60,-0.0203882,0.00219921
0,5.09152,1177,622,-0.0195884,0.000740226
0,0.015201,55,66,-0.0201128,0.00219921
0,0.037702,55,66,-0.0203882,0.00219921
0,0.015197,55,66,-0.0201128,0.00219921
0,0.187709,1490,3434,-0.0269637,-0.00514132
0,7.46577,2280,2378,-0.0207524,-0.0020025
0,0.15679,55,66,-0.0203882,0.00219921
0,0.015065,55,66,-0.0201128,0.00219921
0,1.5762,5063,5329,-0.0152435,-0.00517218
0,0.015265,178,112,-0.0120399,0.00433618
0,14.3891,163,371,-0.0304866,0.00187382
0,5.63497,3918,5036,-0.0459514,-0.00118138
0,0.38253,1436,3369,-0.0269637,-0.00514132
0,8.60655,1860,5826,-0.0162087,-0.00514132
0,0.12998,1394,4277,-0.0164977,-0.0046344
0,93.7995,10381,339870,0.0614226,-0.00650665
0,33.3849,163,120,0.014899,0.00135471
0,3.74688,2403,6207,-0.0163183,-0.00442358
0,0.610823,1779,1711,-0.0296813,-0.00130691
0,0.637692,2253,6157,-0.0241247,-0.00517218
0,0.154322,1698,6009,-0.026806,-0.0044757
0,9.43458,3435,11383,-0.0153366,-0.00517218
0,0.015357,55,66,-0.0201128,0.00219921
0,0.015224,55,66,-0.0201128,0.00219921
0,14.9382,217,371,-0.0302111,0.00187382
0,0.027277,55,66,-0.0203882,0.00219921
0,115.243,3396,49138,0.0206935,-0.00262924
0,0.022746,55,66,-0.0201128,0.00219921
0,0.157185,2091,11951,-0.0115356,-0.0177712
0,0.060511,958,485,-0.0304004,0.00185459
0,74.8536,342,342,-0.011854,0.000897396
0,0.039627,55,60,-0.0203882,0.00219921
0,0.02392,55,66,-0.0201128,0.00219921
0,0.200796,341,264,-0.019559,0.00075946
0,0.015192,55,66,-0.0201128,0.00219921
0,0.0752,55,66,-0.0203882,0.00219921
0,45.1279,110,132,0.0151204,0.00135471
0,12.2327,2902,20100,-0.0172939,-0.00501349
0,0.102506,120,62,-0.0203882,0.00219921
0,5.54197,145,162,-0.0201128,0.00187382
0,0.024777,327,192,-0.0190228,0.00075946
0,6.39997,477,6531,-0.0149716,0.00639759
0,0.122482,1874,6845,-0.0164977,-0.0046344
0,0.025351,171,105,-0.0112532,0.004355
0,39.8529,217,357,0.0322975,0.00102932
0,6.4441,1883,2165,-0.0207416,-0.0020025
0,0.155059,2248,7411,-0.0171477,-0.00517218
0,0.081761,178,112,-0.0147317,0.00433618
0,0.015292,55,66,-0.0201128,0.00219921
0,0.020593,147,93,-0.0105446,0.004355
0,0.102357,1908,8587,-0.026806,-0.0044757
0,121.381,4363,27841,0.0913062,-0.00277547
0,0.025285,55,66,-0.0201128,0.00219921
0,0.142113,2280,6011,-0.0169706,-0.00772811
0,0.028616,55,66,-0.0203882,0.00219921
0,0.093572,55,66,-0.0203882,0.00219921
0,0.015456,55,66,-0.0201128,0.00219921
0,18.4107,909,25647,0.000607849,0.0275857
0,0.629781,3155,5269,-0.0150795,-0.00774127
0,0.431243,1436,3773,-0.0269637,-0.00514132
0,0.028272,55,66,-0.0203882,0.00219921
0,0.015333,55,66,-0.0201128,0.00219921
0,18.2331,4536,6328,-0.0166746,-0.0044757
0,67.1675,2829,10669,0.0170493,-0.00262924
0,0.257572,2342,5345,-0.0175637,-0.00845901
0,30.1361,217,211,-0.0302111,0.00219921
0,74.9753,9599,20297,0.0105635,-0.00124767
0,0.015287,55,66,-0.0201128,0.00219921
0,0.419734,2464,6731,-0.0183402,-0.00357238
0,0.930363,2013,5098,-0.0174177,-0.00501349
0,3.77595,2817,6320,-0.0165404,-0.0051362
0,5.71208,2792,6613,-0.0239719,-0.00517218
0,3.27266,2018,1889,-0.0471749,-0.00187697
0,0.018832,55,66,-0.0201128,0.00219921
0,0.175155,1573,4686,-0.0172408,-0.00517218
0,4.06085,1779,8968,-0.0151878,-0.00517218
0,0.660934,2562,20266,-0.0267729,-0.0044757
0,5.12228,4464,14648,-0.0152435,-0.00517218
0,20.8191,12080,459466,-0.0111474,-0.0177712
0,18.5057,2106,6455,-0.0202393,-0.00495344
0,15.0198,217,371,-0.0302935,0.00187382
0,6.32773,4258,6012,-0.0172995,-0.00501349
0,1.12621,1427,4444,-0.0164725,-0.0046344
0,2.59668,2253,4466,-0.0174177,-0.00501349
0,37.1856,2518,5591,-0.0116701,-0.0012954
0,1.61776,3465,15631,-0.0171477,-0.00517218
0,30.4118,55,126,-0.0203882,0.00219921
0,0.163534,3029,8056,-0.017092,-0.00517218
0,0.027126,55,66,-0.0203882,0.00219921
0,8.1885,3502,8844,-0.0228738,-0.0046344
0,3.30954,4113,3968,-0.0471708,-0.00187697
0,4.30759,3987,1260,-0.0163183,-0.00442358
0,45.0237,110,132,0.0151204,0.00135471
0,45.0493,110,132,0.0151204,0.00135471
0,0.853343,2032,5919,-0.00926848,-0.00185669
0,1.5711,2466,22529,-0.0111474,-0.0177712
0,31.0464,10638,590269,-0.0111474,-0.0177712
0,0.138892,1195,6143,-0.0252495,0.00655629
0,0.246656,55,66,-0.0203882,0.00219921
0,0.166415,1526,4344,-0.0269637,-0.00514132
0,0.368323,1502,4344,-0.0269637,-0.00514132
0,0.028022,305,108,-0.0201128,0.00187382
0,34.4556,3287,127729,0.0101328,-0.00593137
0,0.689167,1855,6422,-0.0139605,-0.00391666
0,0.195663,420,610,-0.0192502,0.000884996
0,124.708,165,132,0.116853,0.000344789
0,0.02727,55,66,-0.0203882,0.00219921
0,30.2688,6557,5123,-0.0152435,-0.00517218
0,0.023907,171,171,-0.0559436,0.000884996
0,7.30374,1880,583,-0.015697,-0.00130691
0,0.243224,1611,4004,-0.0308441,-0.0020025
0,4.51144,40407,1.75315e+06,-0.0115529,-0.0167146
0,0.025267,55,66,-0.0201128,0.00219921
0,0.298641,1570,5193,-0.0242777,-0.00388067
0,0.236116,1566,1291,-0.0202638,-0.00187697
0,0.324739,1644,3950,-0.0269637,-0.00514132
0,0.131653,1522,3666,-0.0353144,-0.00899679
0,0.813482,1992,6253,-0.0165908,-0.0046344
0,1.01828,1698,14415,-0.0274229,-0.00501349
0,2.54118,2199,8579,-0.0267729,-0.0044757
0,0.163891,1906,4188,-0.0170394,-0.00774127
0,6.75897,2226,69063,-0.0164725,-0.0046344
0,0.083326,529,554,-0.0175512,0.00199936
0,0.020652,271,163,-0.0201128,0.00187382
0,5.55243,3464,100386,-0.0342231,-0.00517218
0,0.015201,55,66,-0.0201128,0.00219921
0,33.7963,519,310,0.0310057,0.000672921
0,0.02843,55,60,-0.0203882,0.00219921
0,3.49639,1620,1137,-0.0297703,-0.00130691
0,0.025103,55,66,-0.0201128,0.00219921
0,0.024869,55,66,-0.0201128,0.00219921
0,0.069295,1449,4193,-0.0276163,-0.00567911
0,93.0068,6187,10562,0.0183977,-0.00262924
0,0.117837,1503,6901,-0.0164725,-0.0046344
0,0.0799,1482,7938,-0.0115356,-0.0177712
0,0.137868,1942,4795,-0.0169837,-0.00774127
0,0.446971,2122,7831,-0.0171477,-0.00517218
0,0.129922,1328,3303,-0.0165908,-0.0046344
0,9.59358,958,557,-0.0203885,0.00185459
0,0.015239,108,60,-0.0201128,0.00219921
0,13.2825,3321,5368,-0.0168402,-0.00514132
0,0.015077,55,66,-0.0201128,0.00219921
0,0.837696,2773,42859,-0.0115356,-0.0177712
0,0.015187,55,66,-0.0201128,0.00219921
0,0.027368,55,66,-0.0203882,0.00219921
0,0.025032,55,66,-0.0201128,0.00219921
0,0.024637,245,108,-0.0201128,0.00187382
0,0.115696,1436,3735,-0.0269637,-0.00514132
0,92.9346,13389,594702,0.0141621,-0.00278794
0,2.72225,1945,6125,-0.0240164,-0.00774127
0,0.027042,55,66,-0.0203882,0.00219921
0,40.124,2656,79887,0.0100168,-0.00593137
0,3.00669,1859,4800,-0.0240721,-0.00774127
0,0.217916,55,66,-0.0203882,0.00219921
0,45.2551,110,132,0.014899,0.00135471
0,0.260012,108,60,-0.0203882,0.00219921
0,0.015251,55,66,-0.0201128,0.00219921
0,1.6745,217,211,-0.0302111,0.00219921
0,0.030532,341,132,-0.019559,0.00075946
0,0.1709,1436,3529,-0.0269637,-0.00514132
0,0.068987,178,178,-0.017003,0.000884996
0,0.015215,55,66,-0.0201128,0.00219921
0,8.21492,1087,5996,-0.0152416,0.00655629
0,0.015167,55,66,-0.0201128,0.00219921
0,0.13255,1149,5418,-0.0254376,0.00589067
0,0.029645,55,60,-0.0203882,0.00219921
0,29.6921,163,286,-0.0304866,0.00187382
0,0.122114,1472,3800,-0.0269967,-0.00514132
0,0.202111,1800,6164,-0.0269967,-0.00514132
0,0.111875,1568,3637,-0.0233853,0.00218666
0,73.4163,14165,57710,0.0171207,-0.00262256
0,7.39771,163,126,-0.0201128,0.00219921
0,0.02677,55,66,-0.0203882,0.00219921
0,0.108379,55,66,-0.0203882,0.00219921
0,0.330483,10573,390888,-0.0164725,-0.0046344
0,0.10051,1632,4601,-0.0269967,-0.00514132
0,9.73455,519,442,-0.019366,0.00075946
0,14.8895,561,407,-0.0294643,0.00075946
0,0.34153,2322,39887,-0.0115356,-0.0177712
0,6.00111,28165,336169,-0.0170943,-0.00309628
0,0.399222,1556,3502,-0.0234871,0.00218666
0,0.108174,55,66,-0.0203882,0.00219921
0,0.132679,55,66,-0.0203882,0.00219921
0,0.138537,1503,3591,-0.0270568,-0.00514132
0,0.34999,1520,7171,-0.0171477,-0.00517218
0,39.1865,447,340,0.0134886,0.000672921
0,0.082593,1530,5549,-0.017092,-0.00517218
0,0.057361,55,66,-0.0203882,0.00219921
0,0.201961,861,3441,-0.0252468,0.00655629
0,1.17589,1858,6776,-0.0171477,-0.00517218
0,6.50093,1446,3782,-0.0168653,-0.00514132
0,3.76297,2155,5468,-0.015122,-0.00772811
0,0.015149,55,66,-0.0201128,0.00219921
0,0.021152,55,66,-0.0201128,0.00219921
0,0.122296,163,375,-0.0302111,0.00187382
0,27.9969,2823,4510,-0.0162003,-0.00442358
0,23.2855,387,561,-0.0298573,0.00075946
0,0.028061,162,145,-0.0304866,0.00187382
0,0.223873,55,60,-0.0203882,0.00219921
0,0.162737,2189,893,-0.0308507,-0.0020025
0,58.0435,356,224,0.00940528,0.000840147
0,2.56836,6393,288003,-0.0115356,-0.0177712
0,1.33688,5413,313108,-0.0111474,-0.0177712
0,62.8072,6606,174284,0.0102745,-0.00556117
0,0.166041,1502,4342,-0.0269637,-0.00514132
0,0.57916,2072,4391,-0.0156595,-0.00845901
0,104.001,4023,16100,0.0189966,-0.0034411
0,100.033,1196,2028,0.0127564,-0.00110965
0,0.100395,1611,4833,-0.0269967,-0.00514132
0,1.02615,1602,5575,-0.0267729,-0.0044757
0,1.07757,2360,5500,-0.0173272,-0.00501349
0,0.899307,14166,209585,-0.0111647,-0.0177494
0,10.6711,1054,4558,-0.0152416,0.00655629
0,0.165478,1436,3531,-0.0269637,-0.00514132
0,0.02793,55,60,-0.0203882,0.00219921
0,0.171591,1460,3369,-0.0270568,-0.00514132
0,2.81387,1925,6768,-0.0173272,-0.00501349
0,0.275454,2041,7142,-0.0173272,-0.00501349
0,0.091877,1912,995,-0.0308507,-0.0020025
0,0.168885,341,198,-0.0296574,0.00075946
0,5.70025,1087,4852,-0.0151234,0.00655629
0,3.24459,8272,199827,-0.0145682,-0.0046344
0,0.028339,178,112,-0.0147317,0.00433618
0,0.015223,55,66,-0.0201128,0.00219921
0,0.023358,4125,4486,-0.0164725,-0.0046344
0,0.06536,178,178,-0.017003,0.000884996
0,10.5156,16494,370665,-0.01519,-0.0051655
0,0.086276,230,108,-0.0201128,0.00187382
0,0.121621,1568,3730,-0.0206639,0.001461
0,10.641,1528,1107,-0.0188977,-0.00116214
0,0.023782,171,171,-0.0559436,0.000884996
0,0.191457,2323,28672,-0.0336035,-0.0046344
0,0.117615,2737,67414,-0.0115356,-0.0177712
0,0.09344,327,198,-0.019366,0.00075946
0,9.98907,3606,35421,-0.0101961,-0.017698
0,0.06659,171,171,-0.0458453,0.000884996
0,0.015829,55,66,-0.0201128,0.00219921
0,0.134892,55,66,-0.0203882,0.00219921
0,0.118028,1602,6120,-0.017092,-0.00517218
0,0.015198,55,66,-0.0201128,0.00219921
0,0.089868,55,60,-0.0203882,0.00219921
0,0.025077,55,66,-0.0201128,0.00219921
0,0.026849,55,66,-0.0203882,0.00219921
0,0.025358,55,66,-0.0201128,0.00219921
0,14.8965,163,296,-0.0302111,0.00187382
0,4.94288,109,151,-0.0203882,0.00187382
0,0.165944,1460,3773,-0.0270568,-0.00514132
0,0.0676,1108,5532,-0.0252495,0.00655629
0,10.5915,3001,7561,-0.0228738,-0.0046344
0,0.12838,171,105,-0.013945,0.004355
0,0.015274,55,66,-0.0201128,0.00219921
0,50.5172,5174,50997,0.0174008,-0.00267697
0,10.1778,1025,3364,-0.0149409,0.00384504
0,0.053239,55,66,-0.0203882,0.00219921
0,10.9216,1219,5649,-0.0151485,0.00655629
0,10.2821,958,489,-0.0203885,0.00185459
0,0.558994,2114,778,-0.0298427,-0.00130691
0,0.01526,162,145,-0.0302111,0.00187382
0,0.172256,154,100,-0.013945,0.004355
0,44.41,13648,266357,0.0164041,-0.00283567
0,0.126124,1141,5773,-0.0252468,0.00655629
0,0.094757,1249,5954,-0.0254858,0.00655629
0,0.025269,55,66,-0.0201128,0.00219921
0,4.19653,1837,7214,-0.0242735,-0.00517218
0,0.167526,1436,3369,-0.0269637,-0.00514132
0,13.0628,3500,4598,-0.0458582,-0.00118138
0,10.8845,2884,10107,-0.0153366,-0.00517218
0,0.288078,1776,6862,-0.026806,-0.0044757
0,36.6568,10553,25753,0.0140091,-0.0012954
0,1.61719,6841,494724,-0.0115356,-0.0177712
0,2.74463,283,295,-0.0291211,0.00075946
0,0.023974,55,60,-0.0201128,0.00219921
0,20.2367,2354,21070,-0.0173272,-0.00501349
0,103.388,955,949,0.0317978,-1.16078e-05
0,0.057568,147,93,-0.0105446,0.004355
0,0.085797,55,66,-0.0203882,0.00219921
0,0.035495,327,132,-0.019559,0.00075946
0,1.275,1846,1468,-0.0207524,-0.0020025
0,0.285596,4520,7037,-0.0164977,-0.0046344
0,0.114677,1545,3508,-0.0269967,-0.00514132
0,2.45624,3258,10895,-0.0166746,-0.0044757
0,40.1147,2735,47215,0.0130491,-0.00283567
0,0.015191,55,66,-0.0201128,0.00219921
0,1.62979,1698,4202,-0.0308441,-0.0020025
0,2.86189,2552,1960,-0.020357,-0.00187697
0,11.0265,3538,81902,-0.0145,-0.0046344
0,0.028497,178,112,-0.0147317,0.00433618
0,0.028319,55,60,-0.0203882,0.00219921
0,0.115321,327,198,-0.0296574,0.00075946
0,0.025159,55,66,-0.0201128,0.00219921
0,11.9709,1162,4651,-0.0153085,0.00589067
0,0.145237,1620,3790,-0.0269967,-0.00514132
0,2.15388,2337,20596,-0.0111172,-0.0177712
0,0.017241,341,132,-0.0190228,0.00075946
0,0.014879,55,66,-0.0201128,0.00219921
0,11.9671,1766,8447,-0.0152435,-0.00517218
0,0.064928,1476,4682,-0.017092,-0.00517218
0,0.440278,1436,3369,-0.0269637,-0.00514132
0,0.355931,2443,3878,-0.0175179,-0.00567911
0,15.8545,2659,1720,-0.0197484,-0.00130691
0,0.116733,1436,3799,-0.0269637,-0.00514132
0,106.192,10900,33271,-0.000136309,-0.00118334
0,0.01487,55,66,-0.0201128,0.00219921
0,60.2086,2132,10450,0.017148,-0.00262924
0,2.87419,519,310,-0.0298573,0.00075946
0,18.3813,2158,7089,-0.0173272,-0.00501349
0,1.2514,2862,15889,-0.0111172,-0.0177712
0,6.43215,2545,4923,-0.0163613,-0.00375168
0,0.02807,55,66,-0.0203882,0.00219921
0,36.2012,2660,29048,0.0101328,-0.00593137
0,0.015214,55,66,-0.0201128,0.00219921
0,0.13561,1599,8091,-0.026806,-0.0044757
0,0.896497,1025,3839,-0.0154323,0.00589067
0,0.025005,55,66,-0.0201128,0.00219921
0,0.020424,262,676,-0.0189073,0.000884996
0,0.025211,55,66,-0.0201128,0.00219921
0,39.8147,163,291,0.031106,0.00102932
0,0.02799,55,66,-0.0203882,0.00219921
0,39.8222,28176,1.94182e+06,0.0145747,-0.000548051
0,0.015006,55,66,-0.0201128,0.00219921
0,10.7978,3617,60632,-0.0111474,-0.0177712
0,35.7665,3166,76521,0.0131651,-0.00283567
0,0.020907,55,66,-0.0201128,0.00219921
0,0.077724,1195,5105,-0.0254402,0.00589067
0,0.179654,55,66,-0.0203882,0.00219921
0,0.015112,55,66,-0.0201128,0.00219921
0,42.3709,2130,12113,0.0174008,-0.00267697
0,0.015237,55,66,-0.0201128,0.00219921
0,0.191333,2000,5501,-0.0181833,-0.00899679
0,49.1793,519,244,0.0138287,-0.0208759
0,0.143913,279,180,-0.0296574,0.00075946
0,0.015171,55,66,-0.0201128,0.00219921
0,0.015337,229,66,-0.0190228,0.000976585
0,0.132463,171,171,-0.0562865,0.000884996
0,0.277091,1776,6366,-0.0270423,-0.00446942
0,5.20697,48625,1.97396e+06,-0.0145705,-0.00254443
0,28.0125,10385,2321,-0.0172092,-0.00501349
0,0.474219,958,506,-0.0203885,0.00185459
0,0.03291,279,120,-0.0302111,0.00187382
0,29.4573,4142,11969,-0.0189513,-0.00118138
0,31.5223,2094,5417,-0.0172092,-0.00501349
0,14.8706,163,296,-0.0304866,0.00187382
0,0.028734,305,162,-0.0201128,0.00187382
0,10.124,958,506,-0.0203885,0.00185459
0,59.0256,342,276,0.00916457,0.00231853
0,0.739196,1933,4290,-0.0269637,-0.00514132
0,0.63522,1655,1400,-0.0297703,-0.00130691
0,0.037282,55,66,-0.0203882,0.00219921
0,10.7635,904,423,-0.020302,0.00185459
0,18.8196,11831,11685,-0.0151281,-0.00517218
0,3.46291,2388,4823,-0.0458624,-0.00118138
0,0.358664,2089,5386,-0.026806,-0.0044757
0,2.39426,987,2963,-0.0150664,0.00502912
0,105.776,2895,7190,0.0149908,-0.00137321
0,2.9167,3202,35624,-0.0145682,-0.0046344
0,0.028497,55,66,-0.0203882,0.00219921
0,0.08308,55,66,-0.0203882,0.00219921
0,0.027036,55,66,-0.0203882,0.00219921
0,1.07214,16409,685279,-0.0115529,-0.0177494
0,0.028219,178,112,-0.0147317,0.00433618
0,60.8499,3133,4816,0.0140759,-0.0025692
0,0.056596,971,2087,-0.0278583,0.00457071
0,0.285225,1592,3820,-0.0269637,-0.00514132
0,0.13477,55,60,-0.0203882,0.00219921
0,28.395,519,447,-0.0131779,0.000884996
0,4.82435,2641,7311,-0.0241247,-0.00517218
0,0.014858,55,66,-0.0201128,0.00219921
0,0.029205,55,66,-0.0203882,0.00219921
0,0.139794,55,66,-0.0203882,0.00219921
0,38.8478,561,407,0.0304434,0.000672921
0,23.1808,5457,160660,-0.0111474,-0.0177712
0,0.079569,1828,6508,-0.0276163,-0.00567911
0,10.6684,1303,5088,-0.0174177,-0.00501349
0,115.864,2595,7140,0.0175453,-0.00132453
0,1.75004,3691,103266,-0.0115356,-0.0177712
0,0.274844,10862,680323,-0.0115356,-0.0177712
0,0.470518,205,216,-0.0201128,0.00219921
0,0.027777,178,112,-0.0147317,0.00433618
0,6.13973,4171,1584,-0.0163183,-0.00442358
0,0.02614,55,66,-0.0201328,0.00219921
0,0.196907,1436,4278,-0.0267729,-0.0044757
0,14.9296,163,357,-0.0302111,0.00187382
0,15.6811,1791,5337,-0.0169109,-0.00446942
0,1.12486,1817,4504,-0.0168653,-0.00514132
0,2.04553,2526,2914,-0.0458582,-0.00118138
0,0.01514,55,66,-0.0201128,0.00219921
0,0.087034,1249,6865,-0.0252495,0.00655629
0,0.545335,182,132,-0.0304866,0.00219921
0,15.3136,519,244,-0.0298573,0.00075946
0,0.127582,1791,13131,-0.0164725,-0.0046344
0,10.3973,3084,81304,-0.0145,-0.0046344
0,0.13447,1394,3977,-0.0270568,-0.00514132
0,0.025372,55,60,-0.0201128,0.00219921
0,10.135,958,506,-0.0203885,0.00185459
0,30.8339,28024,901649,-0.0164747,-0.00255849
0,0.015943,423,222,-0.0302111,0.00187382
0,0.346574,1714,10054,-0.0267729,-0.0044757
0,0.028635,305,108,-0.0201128,0.00187382
0,1.09627,1719,5335,-0.0164977,-0.0046344
0,10.373,2771,8005,-0.0235304,-0.0046344
0,102.442,2490,20574,0.0184364,-0.00262924
0,33.641,2235,2136,0.0107173,-0.0012954
0,0.303773,1434,4467,-0.0277068,-0.00567911
0,0.037493,55,66,-0.0203882,0.00219921
0,0.015536,55,66,-0.0201128,0.00219921
0,3.27702,7116,297266,-0.0111474,-0.0177712
0,113.475,3927,6629,0.0263026,-0.00329486
0,0.297349,217,211,-0.0302111,0.00219921
0,8.74604,6463,3850,-0.0468663,-0.00187697
0,0.029647,55,60,-0.0203882,0.00219921
0,0.015225,55,66,-0.0201128,0.00219921
0,6.61883,5993,17015,-0.0353144,-0.00899679
0,5.57906,7439,17111,-0.0240164,-0.00774127
0,0.384474,1718,6249,-0.0173272,-0.00501349
0,0.253523,2177,16648,-0.0145682,-0.0046344
0,23.1319,2668,74401,-0.0336035,-0.0046344
0,24.8648,1959,1242,-0.0207482,-0.0020025
0,77.5373,272,277,0.0320857,0.000344789
0,0.060796,178,112,-0.0120399,0.00433618
0,0.028212,108,60,-0.0203882,0.00219921
0,8.80839,4732,60374,-0.0235052,-0.0046344
0,10.39,1807,8357,-0.016018,-0.0044757
0,0.027021,178,178,-0.0192502,0.000884996
0,0.066487,178,112,-0.0120399,0.00433618
0,3.73546,2592,2903,-0.0196761,-0.00130691
0,8.11549,4276,90114,-0.0111474,-0.0177712
0,0.280897,55,60,-0.0203882,0.00219921
0,0.948762,283,229,-0.0291211,0.00075946
0,9.52758,2256,1618,-0.0471708,-0.00187697
0,35.222,3515,7843,0.014219,-0.0029819
0,0.089503,1141,4276,-0.0250393,0.00384504
1,0.201348,4119,5117,-0.0189202,-0.00118138
1,0.063962,621,1225,-0.0189073,0.000884996
1,9.7936,2517,1809,-0.0197218,-0.00128768
1,0.25391,4395,5393,-0.0188977,-0.00116214
1,0.509805,2010,4365,-0.0210628,-0.00232891
1,63.343,669,458,0.0134521,-0.00224753
1,0.521232,2315,4608,-0.0197484,-0.00130691
1,84.5726,94793,97370,0.0105323,0.000959615
1,0.514406,2278,7619,-0.0168984,-0.00514132
1,5.60729,2921,3997,-0.0188977,-0.00116214
1,4.26317,498,353,-0.0557512,0.000884996
1,42.7954,127889,174534,0.0114861,0.00160272
1,0.025374,171,105,-0.0112532,0.004355
1,0.282546,4056,5552,-0.0188977,-0.00116214
1,0.513708,2146,7663,-0.0156595,-0.00845901
1,0.015542,171,105,-0.0112532,0.004355
1,0.099825,2535,3418,-0.0189513,-0.00118138
1,0.055636,171,171,-0.0458453,0.000884996
1,4.34,498,353,-0.0557512,0.000884996
1,9.50932,3714,6196,-0.0468663,-0.00187697
1,118.016,513,315,0.0132286,0.00137305
1,122.14,513,437,0.0648963,0.00137305
1,4.36581,353,393,-0.0298297,0.00075946
1,0.01556,171,105,-0.0112532,0.004355
1,0.020169,171,105,-0.0112532,0.004355
1,0.021905,128,74,-0.0109628,0.00444901
1,118.026,618,381,0.0132286,0.00137305
1,0.342425,4581,6353,-0.0188977,-0.00116214
1,111.199,230130,382360,0.0196057,0.0243087
1,0.025274,171,105,-0.0112532,0.004355
1,0.1182,2313,2788,-0.0189513,-0.00118138
1,0.135318,4856,5816,-0.0189202,-0.00118138
1,177.001,618,381,0.0652905,0.00137305
1,0.500734,2010,4420,-0.0207524,-0.0020025
1,4.21232,353,393,-0.0298297,0.00075946
1,59.0158,342,276,0.00916457,0.00231853
1,0.136677,4785,5778,-0.0189202,-0.00118138
1,177.001,906,1111,0.0646794,0.00231877
1,4.11064,353,327,-0.0559436,0.000884996
1,0.434072,4359,5680,-0.0188977,-0.00116214
1,4.14085,498,353,-0.0557512,0.000884996
1,1.99304,8240,9841,-0.0199241,-0.00187697
1,0.069757,1053,6121,-0.0250071,0.00569474
1,177.002,723,459,0.0652905,0.00137305
1,0.0155,171,105,-0.0112532,0.004355
1,0.066119,171,171,-0.0458453,0.000884996
1,0.24589,3944,5265,-0.0188977,-0.00116214
1,4.32132,353,327,-0.0559436,0.000884996
1,1.34583,5670,7083,-0.0458582,-0.00118138
1,118.026,513,381,0.0132286,0.00137305
1,59.016,342,276,0.00916457,0.00231853
1,177.013,828,381,0.0652905,0.00137305
1,4.33523,498,353,-0.0557512,0.000884996
1,177.002,618,381,0.0652905,0.00137305
1,4.09161,353,327,-0.0559436,0.000884996
1,101.256,40625,34475,0.0149093,0.000902671
1,9.98581,4838,6624,-0.017016,-0.00118138
1,0.021767,128,74,-0.0109628,0.00444901
1,90.3082,36159,44065,0.0109122,0.0018769
1,0.094306,2419,2795,-0.0248027,-0.00118138
1,4.22752,432,353,-0.0168106,0.000884996
1,0.015567,171,105,-0.0112532,0.004355
1,59.2434,447,354,0.00916457,0.00137305
1,17.0951,22719,21361,-0.0170182,0.00035298
1,0.026936,55,66,-0.0203882,0.00219921
1,63.3212,669,458,0.0134521,-0.00224753
1,30.3578,1137,3999,-0.0153418,0.00589067
1,6.92572,9813,10786,-0.0189202,-0.00118138
1,122.684,208235,411253,0.11365,0.0158837
1,4.11511,432,353,-0.0168106,0.000884996
1,0.163227,1963,2231,-0.0189513,-0.00118138
1,1.26199,4951,6055,-0.0458582,-0.00118138
1,0.023853,128,74,-0.0109628,0.00444901
1,0.025264,55,66,-0.0201128,0.00219921
1,177.001,618,381,0.0652905,0.00137305
1,0.02531,171,105,-0.0112532,0.004355
1,26.0948,163,126,-0.0201128,0.00219921
1,177.002,618,381,0.0652905,0.00137305
1,0.507566,2010,4364,-0.0210628,-0.00232891
1,1.41051,15377,22588,-0.0170182,-0.00117469
1,0.025235,55,66,-0.0201128,0.00219921
1,0.021638,128,74,-0.0109628,0.00444901
1,177.001,279,534,0.0640852,0.00137305
1,177.001,618,315,0.0652905,0.00137305
1,0.025368,171,105,-0.0112532,0.004355
1,1.03727,5238,6697,-0.0458582,-0.00118138
1,30.2317,3899,6430,-0.0168546,-0.00118138
1,0.015159,55,66,-0.0201128,0.00219921
1,0.500232,2010,4419,-0.0207524,-0.0020025
1,0.180676,4239,6026,-0.0189202,-0.00118138
1,4.05615,432,353,-0.0168106,0.000884996
1,1.48916,5833,4966,-0.0169935,-0.00116214
1,10.0323,7254,9223,-0.0189202,-0.00118138
1,0.198642,4773,5762,-0.0189202,-0.00118138
1,0.065646,171,171,-0.0458453,0.000884996
1,177.001,315,618,0.0652905,0.00137305
1,4.09194,353,393,-0.0298297,0.00075946
1,42.708,21078,34640,0.0114733,0.00100423
1,0.065495,171,105,-0.0112532,0.004355
1,0.0156,171,105,-0.0112532,0.004355
1,30.1217,1647,1159,-0.0197443,-0.00130691
1,30.1149,1659,4512,-0.016436,-0.00357238
1,30.1069,1755,4590,-0.0452513,-0.00357238
1,0.169188,4469,5839,-0.0189202,-0.00118138
1,0.015533,171,105,-0.0112532,0.004355
1,120.291,3368,4486,0.113413,-0.00117563
1,0.025332,171,105,-0.0112532,0.004355
1,9.37143,3999,6200,-0.018051,-0.00187697
1,0.06576,171,171,-0.0458453,0.000884996
1,0.105599,1956,2217,-0.0189513,-0.00118138
1,0.024991,171,105,-0.0112532,0.004355
1,5.1319,3272,5854,-0.0458624,-0.00118138
1,43.2013,13527,21453,0.0139749,-0.00127457
1,4.31996,498,353,-0.0557512,0.000884996
1,1.41756,12795,18548,-0.017016,-0.00118138
1,4.10191,498,353,-0.0557512,0.000884996
1,177.001,618,381,0.0652905,0.00137305
1,0.021547,128,74,-0.0109628,0.00444901
1,0.297989,4359,5474,-0.0188977,-0.00116214
1,0.265922,4056,5486,-0.0188977,-0.00116214
1,118.016,513,315,0.0132286,0.00137305
1,0.021591,222,132,-0.0190228,0.00108485
1,0.294214,276,183,-0.0116414,0.00438732
1,0.110924,1529,5132,-0.017092,-0.00517218
1,9.971,19725,18587,-0.0189224,0.00035298
1,0.021729,128,74,-0.0109628,0.00444901
1,0.192483,3885,5381,-0.0188977,-0.00116214
1,4.30575,353,393,-0.0298297,0.00075946
1,0.026132,171,105,-0.0110254,0.004355
1,4.40452,498,353,-0.0557512,0.000884996
1,0.096134,2876,3109,-0.0127981,-0.0030584
1,1.14398,2030,2151,-0.0189513,-0.00118138
1,1.35523,5563,4523,-0.0169935,-0.00116214
1,0.015545,171,105,-0.0112532,0.004355
1,0.237325,3885,5117,-0.0188977,-0.00116214
1,177.001,618,381,0.0652905,0.00137305
1,41.9069,21837,17908,0.0114733,0.00100423
1,8.90352,11721,11355,-0.017016,-0.00118138
1,63.1956,603,458,0.00949746,0.00137305
1,0.528908,2315,4754,-0.0206183,-0.00221789
1,0.497744,2010,4365,-0.0210628,-0.00232891
1,59.8512,110,132,0.0149087,0.00145364
1,4.36397,419,393,-0.0291211,0.00075946
1,0.095926,987,6055,-0.0250071,0.00569474
1,123.001,3848,2637,0.113452,-0.00124767
1,0.015156,55,66,-0.0201128,0.00219921
1,23.051,1168,794,-0.0564918,0.00199936
1,0.117515,2313,2854,-0.0189513,-0.00118138
1,59.0259,342,276,0.00916457,0.00231853
1,20.3812,5172,7122,-0.0169935,-0.00116214
1,118.028,513,381,0.0132286,0.00137305
1,58.8391,90278,124616,0.0112736,0.00160409
1,177.001,618,381,0.0652905,0.00137305
1,0.117058,2305,1651,-0.0189202,-0.00118138
1,0.096863,2419,2795,-0.0248027,-0.00118138
1,9.54917,2190,4839,-0.0468663,-0.00187697
1,0.059442,171,171,-0.0458453,0.000884996
1,118.026,513,381,0.0132286,0.00137305
1,0.015194,55,66,-0.0201128,0.00219921
1,118.017,591,486,0.0132286,0.00231853
1,0.367401,2709,2854,-0.0189202,-0.00118138
1,0.143042,2313,2854,-0.0189513,-0.00118138
1,4.13284,353,393,-0.0298297,0.00075946
1,0.026075,171,105,-0.0110254,0.004355
1,0.015516,171,105,-0.0112532,0.004355
1,0.015459,171,105,-0.0112532,0.004355
1,0.318494,4149,5249,-0.0188977,-0.00116214
1,4.5e-05,105,66,-0.0458453,0.000884996
1,0.015513,171,105,-0.0112532,0.004355
1,4.80216,2814,4909,-0.0188977,-0.00116214
1,4.15938,498,353,-0.0557512,0.000884996
1,0.102885,2029,2231,-0.0189513,-0.00118138
1,3.74092,2094,4771,-0.0468663,-0.00187697
1,1.52207,1053,6121,-0.0149088,0.00569474
1,0.207416,4542,5918,-0.0189202,-0.00118138
1,95.4411,45859,39658,0.0116703,0.00091673
1,4.10435,537,353,-0.0110607,0.004355
1,0.485432,5231,5179,-0.0189202,-0.00118138
1,30.2949,744,515,-0.0131779,0.000884996
1,177.001,618,315,0.0652905,0.00137305
1,0.33668,4581,6155,-0.0189202,-0.00118138
1,177.001,618,381,0.0652905,0.00137305
1,0.09979,2535,3352,-0.0189513,-0.00118138
1,1.52206,1053,6121,-0.0149088,0.00569474
1,9.21838,6308,7842,-0.0189202,-0.00118138
1,0.025361,171,105,-0.0112532,0.004355
1,13.2975,163,126,-0.0201128,0.00219921
1,0.01552,171,105,-0.0112532,0.004355
1,0.179645,2029,2231,-0.0189513,-0.00118138
1,76.2497,195133,298547,0.0140009,0.0158837
1,177.001,618,381,0.0652905,0.00137305
1,0.069994,1053,6121,-0.0250071,0.00569474
1,0.015177,55,66,-0.0201128,0.00219921
1,8.95003,8159,9028,-0.017016,-0.00118138
1,0.021648,128,74,-0.0109628,0.00444901
1,12.6891,3355,4254,-0.017016,-0.00118138
1,0.027463,55,66,-0.0203882,0.00219921
1,0.027273,108,291,-0.0203882,0.00187382
1,0.192594,3944,5118,-0.0188977,-0.00116214
1,0.095744,2708,3355,-0.0189513,-0.00118138
1,33.2576,828,1006,0.0139912,0.000798457
1,177.001,618,381,0.0652905,0.00137305
1,0.015506,171,105,-0.0112532,0.004355
1,7.11695,4076,6577,-0.0458624,-0.00118138
1,105.481,142616,141974,0.0149221,0.000959615
1,0.021881,128,74,-0.0109628,0.00444901
1,0.015584,171,105,-0.0112532,0.004355
1,118.017,513,381,0.0132286,0.00137305
1,9.12677,15522,14208,-0.0170182,-0.00117469
1,0.526398,2010,4365,-0.0210628,-0.00232891
1,2.80167,3735,9377,-0.0198211,-0.00209236
1,177.001,618,381,0.0652905,0.00137305
1,0.112297,2372,2789,-0.0189513,-0.00118138
1,4.27083,353,327,-0.0559436,0.000884996
1,0.119342,2388,5805,-0.0190153,-0.00845901
1,0.125529,2379,2788,-0.0189513,-0.00118138
1,9.45062,27494,24662,-0.0170182,0.000894526
1,92.5279,128502,227135,0.0149221,0.000959615
1,0.197031,4827,6201,-0.0189202,-0.00118138
1,4.35066,432,353,-0.0168106,0.000884996
1,3.29807,3653,6027,-0.0458624,-0.00118138
1,0.102007,2310,2899,-0.0189513,-0.00118138
1,0.290178,4049,5406,-0.0188977,-0.00116214
1,177.001,618,381,0.0652905,0.00137305
1,0.01558,171,105,-0.0112532,0.004355
1,177.001,618,381,0.0652905,0.00137305
1,112.937,54316,60891,0.0215206,0.000694265
1,177.001,618,381,0.0652905,0.00137305
1,0.01519,55,66,-0.0201128,0.00219921
1,101.347,53228,56399,0.016122,0.00945352
1,0.09816,2412,2767,-0.0248027,-0.00118138
1,0.055992,171,171,-0.0458453,0.000884996
1,0.302986,4313,5165,-0.0188977,-0.00116214
1,1.89949,9786,11526,-0.0189513,-0.00118138
1,30.0986,1647,1159,-0.0197443,-0.00130691
1,4.25253,353,432,-0.017003,0.000884996
1,0.2052,4017,5249,-0.0188977,-0.00116214
1,2.6e-05,105,66,-0.0458453,0.000884996
1,2.08407,2190,4717,-0.0468663,-0.00187697
1,59.0259,342,276,0.00916457,0.00231853
1,4.20608,432,353,-0.0168106,0.000884996
1,3.4e-05,105,66,-0.0458453,0.000884996
1,69.0667,178162,105740,0.0137714,0.000959615
1,118.017,723,315,0.0132286,0.00137305
1,177.001,279,534,0.0640852,0.00137305
1,30.0946,1701,4536,-0.0174922,-0.00357238
1,4.15484,432,353,-0.0168106,0.000884996
1,0.532844,2344,7795,-0.00932665,-0.00185669
1,128.332,182854,249258,0.11689,0.01634
1,4.29617,353,327,-0.0559436,0.000884996
1,0.015204,55,66,-0.0201128,0.00219921
1,0.0155,261,126,-0.0190228,0.00075946
1,177.001,279,534,0.0640852,0.00137305
1,4.18881,353,393,-0.0298297,0.00075946
1,63.2366,669,458,0.0134521,-0.00224753
1,0.025163,230,108,-0.0201128,0.00187382
1,1.39861,12927,18954,-0.017016,-0.00118138
1,177.001,618,315,0.0652905,0.00137305
1,4.15996,432,353,-0.0168106,0.000884996
1,67.4269,59032,72173,0.0097543,0.00091673
1,3.56512,1767,4418,-0.0452513,-0.00357238
1,177.001,3275,4510,0.113413,-0.00117563
1,0.015526,261,126,-0.0190228,0.00075946
1,106.317,66586,50567,0.0195929,0.00967599
1,9.8741,3749,5828,-0.0468663,-0.00187697
1,0.015506,171,105,-0.0112532,0.004355
1,0.021688,128,74,-0.0109628,0.00444901
1,1.34257,5596,7091,-0.0458582,-0.00118138
1,97.9338,146074,149494,0.0149221,0.000959615
1,0.053823,951,6055,-0.0250071,0.00569474
1,0.021946,128,74,-0.0109628,0.00444901
1,0.065323,171,171,-0.0458453,0.000884996
1,118.016,513,381,0.0132286,0.00137305
1,177.001,618,381,0.0652905,0.00137305
1,177.001,618,381,0.0652905,0.00137305
1,0.069393,987,6055,-0.0250071,0.00569474
1,59.016,342,276,0.00916457,0.00231853
1,0.042298,105,66,-0.0461882,0.000884996
1,35.5484,1652,1855,0.0161444,-0.0016434
1,17.3802,4376,4642,-0.017016,-0.00118138
1,4.64032,2952,5493,-0.0468663,-0.00187697
1,0.115386,1053,6121,-0.0250071,0.00569474
1,177.001,315,618,0.0652905,0.00137305
1,177.001,618,381,0.0652905,0.00137305
1,177.001,618,381,0.0652905,0.00137305
1,0.253462,4227,5459,-0.0188977,-0.00116214
1,0.056896,1807,402,-0.0180199,-0.00187697
1,30.124,1647,1235,-0.0195293,-0.00128768
1,59.016,342,276,0.00916457,0.00231853
1,3.19325,5554,10173,-0.0468621,-0.00187697
1,0.184017,4371,5813,-0.0189202,-0.00118138
1,0.517151,2146,7663,-0.0156595,-0.00845901
1,177.002,279,534,0.0640852,0.00137305
1,118.016,513,381,0.0132286,0.00137305
1,0.069161,951,6055,-0.0250071,0.00569474
1,95.6432,104303,164589,0.00912914,0.00194548
1,10.3034,4928,6392,-0.017016,-0.00118138
1,25.2839,12089,18095,-0.056938,-0.00185773
1,118.017,513,381,0.0132286,0.00137305
1,6.83886,3237,5687,-0.018051,-0.00187697
1,0.12156,2313,2920,-0.0189202,-0.00118138
1,0.124441,2239,2772,-0.0189513,-0.00118138
1,0.126945,907,3298,-0.0252468,0.00655629
1,1.00869,2315,4599,-0.0197484,-0.00130691
1,9.76395,49428,54958,-0.0189224,0.000908585
1,8.15192,2952,5472,-0.0468663,-0.00187697
1,4.31619,353,327,-0.0559436,0.000884996
1,3.89476,2856,5293,-0.018051,-0.00187697
1,0.139133,2190,3572,-0.0189513,-0.00118138
1,63.0929,669,458,0.0134521,-0.00224753
1,4.10882,353,327,-0.0559436,0.000884996
1,4.14282,432,353,-0.0168106,0.000884996
1,0.186103,4503,6011,-0.0189202,-0.00118138
1,4.13194,353,393,-0.0298297,0.00075946
1,0.021645,128,74,-0.0109628,0.00444901
1,0.015465,171,105,-0.0112532,0.004355
1,0.394687,4476,6116,-0.0189202,-0.00118138
1,7.64591,2281,3259,-0.0569605,-0.00187697
1,3.92377,432,431,-0.0456528,0.000884996
1,177.002,618,381,0.0652905,0.00137305
1,4.18141,353,327,-0.0559436,0.000884996
1,4.25401,498,353,-0.0557512,0.000884996
1,1.55121,5969,8267,-0.017047,-0.00118138
1,118.016,513,381,0.0132286,0.00137305
1,9.67138,12092,12929,-0.0189202,-0.00118138
1,24.4802,14836,14728,-0.0189224,-0.00117469
1,4.87355,1809,4420,-0.0452513,-0.00357238
1,4.28911,353,327,-0.0559436,0.000884996
1,0.015429,128,66,-0.0201128,0.00219921
1,0.215346,1053,6121,-0.0149088,0.00569474
1,103.509,98524,201364,0.0119127,0.00129388
1,0.015588,171,105,-0.0112532,0.004355
1,0.027035,55,66,-0.0203882,0.00219921
1,0.015511,171,105,-0.0112532,0.004355
1,0.068418,171,171,-0.0458453,0.000884996
1,0.118882,2110,1835,-0.0298427,-0.00130691
1,3.1e-05,105,66,-0.0458453,0.000884996
1,0.025447,171,105,-0.0112532,0.004355
1,1.3055,12247,17852,-0.0189202,-0.00118138
1,0.024981,171,105,-0.0112532,0.004355
1,0.119197,2313,2788,-0.0189513,-0.00118138
1,2.1e-05,105,66,-0.0458453,0.000884996
1,118.026,513,381,0.0132286,0.00137305
1,71.6464,52041,52200,0.0105195,0.00091673
1,4.24575,353,393,-0.0298297,0.00075946
1,30.1012,1755,4536,-0.045218,-0.00357238
1,79.671,19091,17265,0.0101921,-0.00116655
1,47.0002,77336,46807,0.0147252,0.00160272
1,40.6934,2595,3836,0.0107173,-0.0012954
1,59.016,342,276,0.00916457,0.00231853
1,19.1641,41766,25408,-0.0189023,0.000916153
1,177.001,618,381,0.0652905,0.00137305
1,90.9534,50167,77282,0.0137586,0.00967599
1,120.019,76203,90976,0.080079,0.00231317
1,0.241831,4371,5945,-0.0189202,-0.00118138
1,177.001,618,381,0.0652905,0.00137305
1,4.31982,432,353,-0.0187148,0.000884996
1,0.057761,171,171,-0.0458453,0.000884996
1,0.021778,128,74,-0.0109628,0.00444901
1,0.215606,4161,5525,-0.0188977,-0.00116214
1,9.89639,52396,103432,-0.0199263,0.000212996
1,4.26346,353,393,-0.0298297,0.00075946
1,16.8878,3718,4596,-0.017016,-0.00118138
1,4.16648,432,353,-0.0187148,0.000884996
1,177.001,618,381,0.0652905,0.00137305
1,0.057023,171,171,-0.0458453,0.000884996
1,4.18625,353,393,-0.0298297,0.00075946
1,177.001,618,381,0.0652905,0.00137305
1,2.4e-05,105,66,-0.0458453,0.000884996
1,1.52203,987,6055,-0.0149088,0.00569474
1,0.084484,2285,4539,-0.0125874,0.0023122
1,118.016,513,381,0.0132286,0.00137305
1,59.0259,342,276,0.00916457,0.00231853
1,0.305927,4706,6193,-0.0188977,-0.00116214
1,1.52205,987,6055,-0.0149088,0.00569474
1,0.302326,4451,5564,-0.0188977,-0.00116214
1,4.16995,498,353,-0.0557512,0.000884996
1,0.017232,171,105,-0.0112532,0.004355
1,18.7375,12477,12603,-0.017016,-0.00118138
1,129.187,1110,1072,0.113429,0.000897396
1,16.5721,31594,35419,-0.0189023,0.000916153
1,59.0252,342,276,0.00916457,0.00231853
1,0.315228,4227,5459,-0.0188977,-0.00116214
1,100.655,166693,162120,0.0149221,0.000959615
1,0.18298,2313,2788,-0.0189513,-0.00118138
1,4.22088,353,393,-0.0298297,0.00075946
1,0.261049,4156,5525,-0.0188977,-0.00116214
1,0.069411,1053,6121,-0.0250071,0.00569474
1,118.016,513,381,0.0132286,0.00137305
1,63.1,603,458,0.00949746,0.00137305
1,0.02501,171,105,-0.0112532,0.004355
1,4.25879,353,393,-0.0298297,0.00075946
1,0.096591,2419,2795,-0.0248027,-0.00118138
1,4.24431,432,353,-0.0168106,0.000884996
1,0.015543,171,105,-0.0112532,0.004355
1,0.025004,171,105,-0.0112532,0.004355
1,0.111131,2379,2788,-0.0189513,-0.00118138
1,0.105701,1544,1795,-0.0569605,-0.00187697
1,4.24127,432,353,-0.0168106,0.000884996
1,4.11369,432,353,-0.0168106,0.000884996
1,0.190676,4056,5377,-0.0188977,-0.00116214
1,31.1787,426,273,-0.0302111,0.00187382
1,0.530771,2249,4628,-0.0206183,-0.00221789
1,0.10063,2029,2231,-0.0189513,-0.00118138
1,0.095712,2419,2795,-0.0248027,-0.00118138
1,59.0254,342,276,0.00916457,0.00231853
1,30.0951,1755,4671,-0.0468663,-0.00187697
1,177.002,315,618,0.0652905,0.00137305
1,120.017,125996,103110,0.111079,0.00971887
1,59.0159,342,210,0.00916457,0.00231853
1,1.67799,2910,5466,-0.0468663,-0.00187697
1,1.23654,1755,4555,-0.0468663,-0.00187697
1,30.1085,1755,4573,-0.045218,-0.00357238
1,0.057082,171,171,-0.0458453,0.000884996
1,30.0833,1755,4591,-0.045218,-0.00357238
1,0.371607,4464,5762,-0.0188977,-0.00116214
1,98.2639,303604,506122,0.0149221,0.0155494
1,39.6778,28377,25690,0.011073,0.00113845
1,177.001,618,381,0.0652905,0.00137305
1,4.04525,498,353,-0.0557512,0.000884996
1,0.021673,128,74,-0.0109628,0.00444901
1,0.055997,171,171,-0.0458453,0.000884996
1,0.510359,2010,4366,-0.0210628,-0.00232891
1,177.001,279,534,0.0640852,0.00137305
1,59.0258,342,276,0.00916457,0.00231853
1,0.025421,171,105,-0.0112532,0.004355
1,98.6931,254171,426121,0.0116831,0.0155494
1,4.07627,353,393,-0.0298297,0.00075946
1,28.2428,23733,34281,-0.0170182,0.00035298
1,115.978,51620,58605,0.0179039,0.000694265
1,59.0161,342,276,0.00916457,0.00231853
1,0.217618,4403,5956,-0.0189202,-0.00118138
1,0.015495,171,105,-0.0112532,0.004355
1,110.556,84601,102860,0.0307474,-0.000320126
1,0.016427,171,105,-0.0112532,0.004355
1,4.28222,353,393,-0.0298297,0.00075946
1,0.265265,4286,5445,-0.0188977,-0.00116214
1,4.20891,432,353,-0.0168106,0.000884996
1,0.027029,55,66,-0.0203882,0.00219921
1,1.39149,12927,18860,-0.017016,-0.00118138
1,4.03714,353,393,-0.0298297,0.00075946
1,73.3874,24340,25288,0.0137586,0.000361124
1,0.51754,2621,5741,-0.0458313,-0.00429012
1,30.1065,1755,4671,-0.0468663,-0.00187697
1,82.4669,48434,53306,0.0109122,-0.000551127
1,4.02073,353,393,-0.0298297,0.00075946
1,122.073,513,437,0.0648963,0.00137305
1,0.212681,4476,6116,-0.0189202,-0.00118138
1,4.20792,498,353,-0.0557512,0.000884996
1,6.36162,5600,7500,-0.0458582,-0.00118138
1,108.997,123279,244752,0.0198352,0.0100531
1,118.016,513,381,0.0132286,0.00137305
1,0.093551,2304,1560,-0.0189202,-0.00118138
1,52.5581,70406,104301,0.0127437,-8.75978e-05
1,4.13536,432,353,-0.0168106,0.000884996
1,177.002,618,381,0.0652905,0.00137305
1,0.015573,171,105,-0.0112532,0.004355
1,177.001,618,381,0.0652905,0.00137305
1,63.0785,458,603,0.00982487,0.00137305
1,4.28486,353,393,-0.0298297,0.00075946
1,96.3103,171701,282207,0.0149221,0.00971887
1,0.02173,128,74,-0.0109628,0.00444901
1,0.25483,4161,5657,-0.0188977,-0.00116214
1,28.3004,42919,66740,-0.0127802,-0.00199529
1,0.015638,171,105,-0.0112532,0.004355
1,8.94776,2296,4688,-0.0458624,-0.00118138
1,0.10226,2847,3515,-0.0189202,-0.00118138
1,0.015669,171,105,-0.0112532,0.004355
1,0.025012,171,105,-0.0112532,0.004355
1,59.0256,342,276,0.00916457,0.00231853
1,177.001,618,381,0.0652905,0.00137305
1,0.518361,3381,5709,-0.0156595,-0.00845901
1,4.29406,432,353,-0.0168106,0.000884996
1,0.015687,171,105,-0.0112532,0.004355
1,177.001,279,534,0.0640852,0.00137305
1,14.8755,163,296,-0.0302935,0.00187382
1,177.001,618,381,0.0652905,0.00137305
1,6.94042,8510,9609,-0.0468396,-0.00185773
1,0.017009,55,66,-0.0201128,0.00219921
1,0.015577,171,105,-0.0112532,0.004355
1,4.36454,498,353,-0.0557512,0.000884996
1,104.669,30409,30718,0.0164594,0.00943946
1,68.3978,143649,200762,0.0107619,0.00129388
1,4.20549,353,432,-0.017003,0.000884996
1,4.1132,353,393,-0.0298297,0.00075946
1,35.6178,57015,92512,0.0147124,0.00155984
1,0.111608,2247,2854,-0.0189513,-0.00118138
1,0.137588,2247,2542,-0.0189513,-0.00118138
1,0.02612,171,105,-0.0110254,0.004355
1,0.951825,5292,6716,-0.0458582,-0.00118138
1,101.775,91060,105229,0.0277948,-0.000320126
1,63.2633,669,458,0.0134521,-0.00224753
1,49.92,42915,35394,0.0114733,0.00154578
1,30.1016,1713,4709,-0.0207524,-0.0020025
1,122.041,513,437,0.0648963,0.00137305
1,4.09611,498,353,-0.0557512,0.000884996
1,83.8825,229650,333224,0.0140009,0.0158837
1,4.15519,432,353,-0.0187148,0.000884996
1,63.0981,458,603,0.00982487,0.00137305
1,4.36176,353,393,-0.0298297,0.00075946
1,4.02106,458,405,-0.0458453,0.000884996
1,59.0159,342,276,0.00916457,0.00231853
1,4.161,353,327,-0.0559436,0.000884996
1,0.213148,4049,5340,-0.0188977,-0.00116214
1,0.025271,55,66,-0.0201128,0.00219921
1,0.015485,171,105,-0.0112532,0.004355
1,0.068945,987,6055,-0.0250071,0.00569474
1,0.112299,2726,3390,-0.0189202,-0.00118138
1,1.15379,4647,5639,-0.0458582,-0.00118138
1,0.115887,2133,3702,-0.0189202,-0.00118138
1,0.057029,171,171,-0.0458453,0.000884996
1,177.002,279,534,0.0640852,0.00137305
1,93.4726,89866,107962,0.0133907,0.000737151
1,63.1342,669,458,0.0134521,-0.00224753
1,4.24303,576,353,-0.0557512,0.000884996
1,4.09851,498,353,-0.0557512,0.000884996
1,0.196803,4185,5081,-0.0188977,-0.00116214
1,96.55,116727,195017,0.0149221,0.00971887
1,4.21402,498,353,-0.0557512,0.000884996
1,55.9017,165804,244240,0.0145127,0.00160409
1,4.07261,498,353,-0.0557512,0.000884996
1,95.4303,69478,68180,0.0149093,0.00091673
1,30.7528,1647,1295,-0.0197218,-0.00128768
1,1.23767,5292,6697,-0.0458582,-0.00118138
1,0.161106,4371,5762,-0.0189202,-0.00118138
1,0.058733,171,171,-0.0458453,0.000884996
1,177.001,618,381,0.0652905,0.00137305
1,0.015262,147,93,-0.0105446,0.004355
1,4.27789,353,393,-0.0298297,0.00075946
1,1.18593,7433,10555,-0.0188977,-0.00116214
1,0.279821,3622,9637,-0.0156595,-0.00845901
1,0.015585,171,105,-0.0112532,0.004355
1,0.095772,2883,3138,-0.0127981,-0.0030584
1,0.286371,4679,6166,-0.0188977,-0.00116214
1,59.6455,15539,16735,0.0102338,-0.00124099
1,63.1537,458,669,0.0137795,-0.00224753
1,4.07515,353,393,-0.0298297,0.00075946
1,177.001,618,381,0.0652905,0.00137305
1,0.016167,171,105,-0.0112532,0.004355
1,0.069339,1053,6121,-0.0250071,0.00569474
1,27.7094,46053,54950,-0.0199062,0.000234623
1,0.547949,2010,4365,-0.0210628,-0.00232891
1,177.001,618,381,0.0652905,0.00137305
1,4.28344,353,393,-0.0298297,0.00075946
1,4.11742,498,353,-0.0557512,0.000884996
1,177.002,618,381,0.0652905,0.00137305
1,101.812,100714,117695,0.0284551,0.00231317
1,63.237,603,458,0.00949746,0.00137305
1,56.9934,72455,113007,0.0112736,0.00160409
1,118.239,618,381,0.0132286,0.00137305
1,30.1685,1767,4649,-0.0207524,-0.0020025
1,4.10595,353,327,-0.0559436,0.000884996
1,1.14484,5695,4640,-0.0188977,-0.00116214
1,177.001,618,381,0.0652905,0.00137305
1,15.358,28004,36035,-0.0569426,0.000220564
1,1.2383,12445,17782,-0.017016,-0.00118138
1,6.25877,1809,4401,-0.0452513,-0.00357238
1,3.4e-05,105,66,-0.0458453,0.000884996
1,0.069492,1053,6121,-0.0250071,0.00569474
1,4.3551,432,353,-0.0187148,0.000884996
1,2.9e-05,93,54,-0.0201128,0.00187382
1,4.27708,432,353,-0.0187148,0.000884996
1,0.070545,1053,6121,-0.0250071,0.00569474
1,0.150303,4363,5730,-0.0189202,-0.00118138
1,11.1583,8184,12079,-0.0188977,-0.00116214
1,4.2371,353,393,-0.0298297,0.00075946
1,4.04982,432,353,-0.0168106,0.000884996
1,0.108448,2313,2854,-0.0189513,-0.00118138
1,0.021635,128,74,-0.0109628,0.00444901
1,16.2863,13404,21316,-0.0188977,-0.00116214
1,0.142951,2372,2774,-0.0189513,-0.00118138
1,4.4877,576,353,-0.0557512,0.000884996
1,7.7755,1809,4402,-0.0452513,-0.00357238
1,0.325047,128,74,-0.0074839,0.00444901
1,177.001,618,381,0.0652905,0.00137305
1,0.256832,276,105,-0.0116414,0.00438732
1,0.015512,171,171,-0.0559436,0.000884996
1,0.510644,2441,7807,-0.00932665,-0.00185669
1,9.18747,2688,4004,-0.017016,-0.00118138
1,9.65769,5830,10390,-0.0458582,-0.00118138
1,0.068497,987,6055,-0.0250071,0.00569474
1,0.372046,3422,4250,-0.017016,-0.00118138
1,0.015131,55,66,-0.0201128,0.00219921
1,63.7234,126693,74484,0.0137714,0.00971887
1,0.025305,327,126,-0.0190228,0.00075946
1,0.068212,171,171,-0.0458453,0.000884996
1,0.016379,279,120,-0.0201128,0.00187382
1,0.323775,4149,5183,-0.0188977,-0.00116214
1,30.3697,1701,1295,-0.0197218,-0.00128768
1,15.1097,7955,10986,-0.017016,-0.00118138
1,63.3029,774,602,0.00499567,-0.00224753
1,0.234121,4476,5918,-0.0189202,-0.00118138
1,177.001,618,381,0.0652905,0.00137305
1,108.817,78892,59225,0.0196057,0.00971887
1,26.6052,52108,86080,-0.0189023,0.000930211
1,0.343791,4114,5404,-0.0188977,-0.00116214
1,1.52497,1053,6121,-0.0149088,0.00569474
1,59.0161,342,276,0.00916457,0.00231853
1,60.4166,115878,119812,0.0105323,0.000959615
1,63.1961,669,458,0.0134521,-0.00224753
1,0.025031,327,126,-0.0190228,0.00075946
1,0.027318,108,291,-0.0203882,0.00187382
1,118.881,155865,311300,0.0198352,0.00129388
1,9.70115,1755,1119,-0.0207257,-0.00198327
1,92.5682,54005,61476,0.0164594,0.000694265
1,59.0161,342,276,0.00916457,0.00231853
1,0.122517,2306,2774,-0.0189513,-0.00118138
1,4.08922,353,327,-0.0559436,0.000884996
1,19.4812,37803,61610,-0.0189023,0.000916153
1,0.015497,171,105,-0.0112532,0.004355
1,0.015539,171,105,-0.0112532,0.004355
1,122.077,513,437,0.0648963,0.00137305
1,62.3762,17872,18902,0.0134728,-0.00124099
1,30.0874,1647,1351,-0.0197443,-0.00130691
1,0.397239,4425,5459,-0.0188977,-0.00116214
1,4.24281,353,393,-0.0298297,0.00075946
1,0.268043,4574,6061,-0.0188977,-0.00116214
1,151.794,3026,3865,0.116652,-0.00117563
1,0.135131,1963,2165,-0.0189513,-0.00118138
1,0.55548,2010,4365,-0.0210628,-0.00232891
1,177.001,315,618,0.0652905,0.00137305
1,25.5645,3111,4134,-0.017016,-0.00118138
1,4.17696,432,353,-0.0168106,0.000884996
1,0.015505,171,105,-0.0112532,0.004355
1,0.027317,291,108,-0.0201128,0.00187382
1,4.21334,498,353,-0.0557512,0.000884996
1,118.016,513,315,0.0132286,0.00137305
1,59.0257,342,276,0.00916457,0.00231853
1,0.221935,4056,5354,-0.0188977,-0.00116214
1,30.1125,3833,6230,-0.0168546,-0.00118138
1,6.79694,28458,17112,-0.0189023,0.000916153
1,0.508069,2010,4419,-0.0207524,-0.0020025
1,1.52215,1053,6121,-0.0149088,0.00569474
1,35.3539,2397,3836,0.0107173,-0.0012954
1,7.00791,2517,5156,-0.0468663,-0.00187697
1,177.001,618,381,0.0652905,0.00137305
1,15.7902,6411,9063,-0.056938,-0.00185773
1,63.237,669,458,0.0134521,-0.00224753
1,13.1554,2886,4205,-0.017016,-0.00118138
1,4.05057,498,353,-0.0557512,0.000884996
1,0.068166,171,171,-0.0458453,0.000884996
1,4.08075,353,327,-0.0559436,0.000884996
1,0.118805,2247,2854,-0.0189513,-0.00118138
1,30.1442,1755,4649,-0.045218,-0.00357238
1,98.4121,100007,123079,0.0279965,-0.000320126
1,4.52168,432,353,-0.0168106,0.000884996
1,0.198772,4476,6116,-0.0189202,-0.00118138
1,0.10511,2251,2861,-0.0189513,-0.00118138
1,0.058404,171,171,-0.0458453,0.000884996
1,6.09356,12258,17139,-0.0169935,-0.00116214
1,30.0979,1755,4727,-0.0468663,-0.00187697
1,0.056376,171,171,-0.0458453,0.000884996
1,0.069654,987,6055,-0.0250071,0.00569474
1,4.28616,353,393,-0.0298297,0.00075946
1,4.08816,353,393,-0.0298297,0.00075946
1,4.07483,353,327,-0.0559436,0.000884996
1,14.8798,20092,38930,-0.0189224,0.00035298
1,4.3953,498,353,-0.0557512,0.000884996
1,1.52209,1053,6121,-0.0149088,0.00569474
1,0.015381,55,66,-0.0201128,0.00219921
1,4.04859,498,353,-0.0557512,0.000884996
1,95.3694,42762,39599,0.016617,0.00943946
1,118.026,513,381,0.0132286,0.00137305
1,118.016,513,381,0.0132286,0.00137305
1,0.021678,171,105,-0.0112532,0.004355
1,59.0162,342,276,0.00916457,0.00231853
1,7.08847,16404,16404,-0.0189224,-0.00117469
1,1.50983,12313,18161,-0.017016,-0.00118138
1,177.001,618,381,0.0652905,0.00137305
1,4.19975,353,393,-0.0298297,0.00075946
1,59.0161,342,276,0.00916457,0.00231853
1,0.130848,2306,2840,-0.0189513,-0.00118138
1,37.7541,56000,62483,0.0147124,0.00155984
1,1.48845,1767,4563,-0.0468663,-0.00187697
1,25.1441,5274,6872,-0.0169935,-0.00116214
1,120.801,35930,29979,0.116647,0.00966193
1,7.96914,1792,2424,-0.0468621,-0.00187697
1,4.29637,432,353,-0.0187148,0.000884996
1,0.021777,128,74,-0.0109628,0.00444901
1,118.026,513,381,0.0132286,0.00137305
1,104.03,144274,194921,0.0116831,0.000959615
1,4.21528,353,393,-0.0298297,0.00075946
1,1.06977,4931,5198,-0.0458582,-0.00118138
1,20.0746,16254,18346,-0.0170182,-0.00117469
1,0.069432,987,6055,-0.0250071,0.00569474
1,9.8693,4695,6875,-0.018051,-0.00187697
1,0.024892,171,105,-0.0112532,0.004355
1,177.001,279,534,0.0640852,0.00137305
1,177.001,618,315,0.0652905,0.00137305
1,30.1812,1647,1295,-0.0195563,-0.00128768
1,4.20593,432,353,-0.0168106,0.000884996
1,30.1944,24440,40821,-0.0170182,0.00035298
1,102.697,177378,277785,0.0129535,-0.000687821
1,0.056746,171,171,-0.0458453,0.000884996
1,0.331899,4647,6376,-0.0188977,-0.00116214
1,4.25839,353,327,-0.0559436,0.000884996
1,4.23804,498,353,-0.0557512,0.000884996
1,48.099,42912,38773,0.0147124,0.00154578
1,0.244152,4542,6182,-0.0189202,-0.00118138
1,177.001,618,381,0.0652905,0.00137305
1,103.538,47310,35828,0.0149093,0.00967599
1,4.04593,353,393,-0.0298297,0.00075946
1,4.07114,432,353,-0.0187148,0.000884996
1,0.171475,4476,5867,-0.0189202,-0.00118138
1,4.18662,353,393,-0.0298297,0.00075946
1,9.9203,13953,11564,-0.0137044,-0.00303094
1,59.016,342,276,0.00916457,0.00231853
1,3.1e-05,105,66,-0.0458453,0.000884996
1,177.001,618,381,0.0652905,0.00137305
1,0.0663,171,171,-0.0458453,0.000884996
1,63.4955,93934,76363,0.0116717,0.00231317
1,4.36459,498,353,-0.0557512,0.000884996
1,4.24684,498,353,-0.0557512,0.000884996
1,4.10051,353,393,-0.0298297,0.00075946
1,0.382619,4247,5736,-0.0188977,-0.00116214
1,22.2864,34236,49592,-0.0170182,0.000894526
1,35.9442,5868,8369,0.0107359,-0.00127457
1,7.83983,1755,1101,-0.0207257,-0.00198327
1,59.0253,447,276,0.00916457,0.00231853
1,0.015232,108,60,-0.0201128,0.00219921
1,43.1721,64081,97778,0.00716301,-8.75978e-05
1,4.16256,498,353,-0.0557512,0.000884996
1,0.095043,279,180,-0.0294643,0.00075946
1,0.021666,128,74,-0.0109628,0.00444901
1,173.639,10280,15968,0.116652,-0.00432056
1,0.337769,4161,5497,-0.0188977,-0.00116214
1,110.86,131806,136917,0.0196057,0.00971887
1,0.065895,171,171,-0.0458453,0.000884996
1,4.23291,353,393,-0.0298297,0.00075946
1,111.676,80202,161029,0.0198352,0.0100531
1,4.18318,432,353,-0.0187148,0.000884996
1,0.073134,2219,1221,-0.0189202,-0.00118138
1,0.109735,2379,2491,-0.0189202,-0.00118138
1,0.015633,171,105,-0.0112532,0.004355
1,30.1026,1647,1383,-0.0197443,-0.00130691
1,4.24236,432,353,-0.0168106,0.000884996
1,93.4502,115417,90209,0.0149221,0.00971887
1,59.0159,342,210,0.00916457,0.00231853
1,177.002,315,618,0.0652905,0.00137305
1,4.0587,498,353,-0.0557512,0.000884996
1,29.97,59902,61627,-0.0189224,0.000908585
1,118.016,513,381,0.0132286,0.00137305
1,0.298421,4647,6170,-0.0189202,-0.00118138
1,4.18347,353,393,-0.0298297,0.00075946
1,100.339,60059,64680,0.0137153,0.000694265
1,0.027049,55,66,-0.0203882,0.00219921
1,14.9954,65703,112539,-0.0170493,0.000908585
1,30.1016,1755,4534,-0.0452513,-0.00357238
1,30.0968,1647,1351,-0.0197443,-0.00130691
1,59.0162,342,276,0.00916457,0.00231853
1,0.120615,2240,2774,-0.0189513,-0.00118138
1,55.8522,32922,64139,0.011073,0.00113845
1,0.307926,4254,5420,-0.0188977,-0.00116214
1,8.25037,11006,12453,-0.017016,-0.00118138
1,0.017147,171,105,-0.0112532,0.004355
1,0.025061,171,105,-0.0112532,0.004355
1,0.056937,171,171,-0.0458453,0.000884996
1,104.523,140878,225087,0.0149221,0.00971887
1,0.025262,171,105,-0.0112532,0.004355
1,0.23278,4476,5918,-0.0189202,-0.00118138
1,0.316142,4266,5630,-0.0188977,-0.00116214
1,8.97324,2157,3138,-0.0188977,-0.00116214
1,4.09705,353,327,-0.0559436,0.000884996
1,0.623571,637,612,-0.0303779,0.00187382
1,4.22827,498,353,-0.0557512,0.000884996
1,24.8018,3940,4596,-0.017016,-0.00118138
1,0.287338,3654,4800,-0.0189202,-0.00118138
1,128.08,87717,71445,0.11666,0.00971887
1,0.02498,171,105,-0.0112532,0.004355
1,63.3967,669,458,0.0134521,-0.00224753
1,4.13558,353,327,-0.0559436,0.000884996
1,0.066975,171,171,-0.0458453,0.000884996
1,30.0866,1755,4591,-0.0452513,-0.00357238
1,112.292,146340,220526,0.0114214,-0.000687821
1,2.2e-05,105,66,-0.0458453,0.000884996
1,4.36473,432,353,-0.0168106,0.000884996
1,14.2295,27710,41989,-0.0170182,0.000894526
1,30.1022,1647,1295,-0.0197218,-0.00128768
1,0.026925,55,66,-0.0203882,0.00219921
1,30.0999,1647,1215,-0.0197443,-0.00130691
1,0.059022,171,171,-0.0458453,0.000884996
1,177.001,618,381,0.0652905,0.00137305
1,1.2229,1755,1302,-0.0207482,-0.0020025
1,177.002,618,381,0.0652905,0.00137305
1,94.844,105997,213662,0.0151517,0.0100531
1,0.025335,327,126,-0.0190228,0.00075946
1,0.253635,4115,5076,-0.0188977,-0.00116214
1,63.2472,669,458,0.0134521,-0.00224753
1,0.233092,2684,3892,-0.0188977,-0.00116214
1,0.025082,171,105,-0.0112532,0.004355
1,0.102753,2247,2788,-0.0189513,-0.00118138
1,17.7725,784,1350,-0.0197314,0.00075946
1,4.18591,353,393,-0.0298297,0.00075946
1,177.001,618,315,0.0652905,0.00137305
1,0.025014,327,126,-0.0190228,0.00075946
1,5.34973,13680,10748,-0.0189023,-0.00115307
1,59.0162,342,276,0.00916457,0.00231853
1,1.29093,12577,18092,-0.017016,-0.00118138
1,0.071334,987,6055,-0.0250071,0.00569474
1,0.510049,2212,7663,-0.0156595,-0.00845901
1,7.44316,2212,3316,-0.0180199,-0.00187697
1,1.31807,12313,17606,-0.017016,-0.00118138
1,9.52648,3176,3577,-0.0468621,-0.00187697
1,0.057429,171,171,-0.0458453,0.000884996
1,177.001,618,381,0.0652905,0.00137305
1,118.016,513,381,0.0132286,0.00137305
1,58.6906,113300,166440,0.0145127,0.00160409
1,0.071866,1053,6121,-0.0250071,0.00569474
1,4.2522,498,353,-0.0557512,0.000884996
1,0.015635,171,105,-0.0112532,0.004355
1,0.041111,93,54,-0.0203882,0.00187382
1,30.0949,1713,4534,-0.0452513,-0.00357238
1,1.20058,5479,7828,-0.017047,-0.00118138
1,3.1e-05,105,66,-0.0458453,0.000884996
1,177.001,618,381,0.0652905,0.00137305
1,0.372847,3084,3658,-0.017016,-0.00118138
1,0.171992,4815,5972,-0.0189202,-0.00118138
1,177.001,618,381,0.0652905,0.00137305
1,1.26783,6767,9864,-0.0188977,-0.00116214
1,0.178682,4476,5984,-0.0189202,-0.00118138
1,4.09725,432,353,-0.0168106,0.000884996
1,59.4602,2276,5098,0.0122043,-0.00147014
1,0.04773,171,105,-0.013945,0.004355
1,47.0928,20465,23609,0.0107456,0.000596901
1,0.025383,261,126,-0.0190228,0.00075946
1,0.372764,3162,3686,-0.017016,-0.00118138
1,118.016,513,381,0.0132286,0.00137305
1,75.3571,17859,28262,0.0105195,-0.00116655
1,0.015521,171,105,-0.0112532,0.004355
1,177.001,618,381,0.0652905,0.00137305
1,0.135736,4785,5844,-0.0189202,-0.00118138
1,0.149136,2174,2789,-0.0189513,-0.00118138
1,98.4469,176496,264607,0.0151517,0.0100531
1,122.078,513,437,0.0648963,0.00137305
1,109.383,40685,43715,0.0211832,0.00943946
1,29.9008,529,832,-0.0298297,0.00075946
1,122.103,513,437,0.0648963,0.00137305
1,30.089,1659,4591,-0.0174922,-0.00357238
1,109.148,68967,80942,0.02101,0.00937908
1,0.520582,2010,4425,-0.0210628,-0.00232891
1,1.79646,2183,4620,-0.0468663,-0.00187697
1,0.166861,4715,5959,-0.0189202,-0.00118138
1,4.57535,2136,4770,-0.018051,-0.00187697
1,0.027133,55,66,-0.0203882,0.00219921
1,5.13338,1767,4606,-0.0468663,-0.00187697
1,118.016,513,381,0.0132286,0.00137305
1,63.0863,669,458,0.0134521,-0.00224753
1,0.090393,2305,1585,-0.0189202,-0.00118138
1,59.0163,342,276,0.00916457,0.00231853
1,177.002,315,618,0.0652905,0.00137305
1,0.065579,171,171,-0.0458453,0.000884996
1,3.91208,1755,1179,-0.0207257,-0.00198327
1,2.5e-05,93,54,-0.0201128,0.00187382
1,4.2e-05,93,54,-0.0201128,0.00187382
1,9.83035,7670,5198,-0.0188977,-0.00116214
1,4.13687,353,393,-0.0298297,0.00075946
1,9.97258,5076,7593,-0.017047,-0.00118138
1,14.3768,3223,4320,-0.017016,-0.00118138
1,0.276776,4141,5233,-0.0188977,-0.00116214
1,4.37253,498,353,-0.0557512,0.000884996
1,109.845,95255,114874,0.0639044,8.65276e-05
1,0.095503,2909,3371,-0.0128011,-0.0030584
1,63.1273,669,458,0.0134521,-0.00224753
1,177.002,618,381,0.0652905,0.00137305
1,0.070065,951,6055,-0.0250071,0.00569474
1,0.070645,1119,6187,-0.0250071,0.00569474
1,0.056398,171,171,-0.0458453,0.000884996
1,0.24537,4017,5197,-0.0188977,-0.00116214
1,0.513324,1956,4366,-0.0210628,-0.00232891
1,0.090877,2305,1563,-0.0189202,-0.00118138
1,4.36687,419,393,-0.0291211,0.00075946
1,59.0257,342,210,0.00916457,0.00231853
1,1.15531,5629,4565,-0.0169935,-0.00116214
1,0.015561,171,105,-0.0112532,0.004355
1,4.20115,432,353,-0.0168106,0.000884996
1,0.059432,171,171,-0.0458453,0.000884996
1,16.4471,5168,6820,-0.0169935,-0.00116214
1,0.025032,171,105,-0.0112532,0.004355
1,4.0895,353,327,-0.0559436,0.000884996
1,0.015557,171,105,-0.0112532,0.004355
1,100.247,134728,204583,0.0129535,0.00194548
1,59.0255,342,276,0.00916457,0.00231853
1,30.1308,3569,2914,-0.016801,-0.00116214
1,30.1138,1647,1235,-0.0195293,-0.00128768
1,0.015547,171,105,-0.0112532,0.004355
1,0.015133,55,66,-0.0201128,0.00219921
1,177.001,618,381,0.0652905,0.00137305
1,0.097251,2305,1585,-0.0189202,-0.00118138
1,0.025013,171,105,-0.0112532,0.004355
1,118.016,513,381,0.0132286,0.00137305
1,0.02526,171,171,-0.0559436,0.000884996
1,0.152879,1809,4552,-0.0452513,-0.00357238
1,30.1001,1713,4514,-0.045218,-0.00357238
1,1.16174,5761,8038,-0.017047,-0.00118138
1,177.001,618,381,0.0652905,0.00137305
1,8.56627,2856,5516,-0.018051,-0.00187697
1,9.71578,10431,12027,-0.0199016,-0.00185773
1,118.017,513,381,0.0132286,0.00137305
1,0.015618,261,126,-0.0190228,0.00075946
1,97.7116,79351,66578,0.0149221,0.000959615
1,15.2782,3877,4818,-0.017016,-0.00118138
1,63.1332,603,458,0.00949746,0.00137305
1,9.99899,3403,5249,-0.018051,-0.00187697
1,63.2255,603,458,0.00949746,0.00137305
1,4.13496,432,353,-0.0168106,0.000884996
1,63.5228,603,458,0.00949746,0.00137305
1,0.021707,128,74,-0.0109628,0.00444901
1,1.22385,5629,4603,-0.0169935,-0.00116214
1,0.168461,4305,5894,-0.0189202,-0.00118138
1,0.025387,171,105,-0.0112532,0.004355
1,118.026,513,381,0.0132286,0.00137305
1,0.104535,1956,2217,-0.0189513,-0.00118138
1,177.001,618,381,0.0652905,0.00137305
1,59.0161,342,276,0.00916457,0.00231853
1,59.0178,342,276,0.00916457,0.00231853
1,4.20928,353,393,-0.0298297,0.00075946
1,1.25744,5292,6685,-0.0458582,-0.00118138
1,0.195781,4640,5967,-0.0189202,-0.00118138
1,7.9068,1863,4607,-0.0207524,-0.0020025
1,0.015662,171,105,-0.0112532,0.004355
1,4.11433,432,353,-0.0168106,0.000884996
1,4.55392,3291,5925,-0.018051,-0.00187697
1,0.015548,171,105,-0.0112532,0.004355
1,59.016,342,210,0.00916457,0.00231853
1,4.30454,432,353,-0.0187148,0.000884996
1,45.0947,110,132,0.0151204,0.00135471
1,2e-05,105,66,-0.0458453,0.000884996
1,0.025398,261,126,-0.0190228,0.00075946
1,0.265746,4254,5354,-0.0188977,-0.00116214
1,4.14512,498,353,-0.0557512,0.000884996
1,0.015531,171,105,-0.0112532,0.004355
1,177.002,279,534,0.0640852,0.00137305
1,1.39557,12795,18931,-0.017016,-0.00118138
1,0.025219,171,105,-0.0112532,0.004355
1,3.7e-05,105,66,-0.0458453,0.000884996
1,30.1931,2332,4718,-0.0113687,0.0023122
1,0.235872,3944,5169,-0.0188977,-0.00116214
1,0.015582,171,105,-0.0112532,0.004355
1,59.0256,342,210,0.00916457,0.00231853
1,4.20806,353,393,-0.0298297,0.00075946
1,2.1e-05,93,54,-0.0201128,0.00187382
1,4.06159,498,353,-0.0557512,0.000884996
1,0.025385,171,105,-0.0112532,0.004355
1,0.01559,171,105,-0.0112532,0.004355
1,34.183,1652,1727,0.0161444,-0.0016434
1,4.30725,432,353,-0.0187148,0.000884996
1,30.9755,676,1297,-0.0559436,0.000884996
1,30.1034,1647,1351,-0.0197443,-0.00130691
1,0.218332,3951,5183,-0.0188977,-0.00116214
1,0.024922,171,105,-0.0112532,0.004355
1,4.4e-05,93,54,-0.0201128,0.00187382
1,0.236991,4347,5249,-0.0188977,-0.00116214
1,0.095628,2512,2093,-0.0189202,-0.00118138
1,1.39378,15179,22056,-0.0170182,-0.00117469
1,30.1913,1755,4590,-0.045218,-0.00357238
1,105.172,66541,57118,0.0149093,0.00967599
1,1.21063,5629,8051,-0.017047,-0.00118138
1,1.32053,2517,4915,-0.018051,-0.00187697
1,45.7398,23200,25867,0.0107456,0.000596901
1,0.534639,2249,4599,-0.0206183,-0.00221789
1,4.25335,353,393,-0.0298297,0.00075946
1,0.066373,171,171,-0.0458453,0.000884996
1,4.10693,353,393,-0.0298297,0.00075946
1,0.513961,2146,7597,-0.0156595,-0.00845901
1,4.07179,498,353,-0.0557512,0.000884996
1,4.14931,353,393,-0.0298297,0.00075946
1,0.186672,4410,6182,-0.0189202,-0.00118138
1,177.001,279,534,0.0640852,0.00137305
1,1.36495,5903,8033,-0.017047,-0.00118138
1,7.1478,16311,15976,-0.0170182,-0.00117469
1,118.016,513,381,0.0132286,0.00137305
1,26.0128,91721,137590,-0.0189098,0.000952779
1,0.059409,171,171,-0.0458453,0.000884996
1,0.015462,171,105,-0.0112532,0.004355
1,118.016,513,381,0.0132286,0.00137305
1,0.056739,1847,2907,-0.056938,-0.00185773
1,0.025063,171,105,-0.0112532,0.004355
1,128.486,5373,3759,0.116691,-0.0043926
1,0.069155,951,6055,-0.0250071,0.00569474
1,4.23753,498,353,-0.0557512,0.000884996
1,177.002,618,315,0.0652905,0.00137305
1,0.015547,171,105,-0.0112532,0.004355
1,177.002,315,618,0.0652905,0.00137305
1,0.025377,171,105,-0.0112532,0.004355
1,0.173477,3951,5447,-0.0188977,-0.00116214
1,6.91955,1767,4612,-0.0468663,-0.00187697
1,0.306896,4247,5406,-0.0188977,-0.00116214
1,49.2518,27783,26292,0.0107456,0.00113845
1,0.297681,4581,6419,-0.0188977,-0.00116214
1,0.105986,2251,2861,-0.0189513,-0.00118138
1,30.1192,1701,1235,-0.0207257,-0.00198327
1,0.021643,128,74,-0.0109628,0.00444901
1,0.058587,171,171,-0.0458453,0.000884996
1,4.32503,353,327,-0.0559436,0.000884996
1,4.08161,353,393,-0.0298297,0.00075946
1,0.262992,4049,5340,-0.0188977,-0.00116214
1,118.016,513,381,0.0132286,0.00137305
1,4.2371,353,393,-0.0298297,0.00075946
1,0.025424,171,105,-0.0112532,0.004355
1,2.34277,3735,4878,-0.0125874,0.0023122
1,0.015592,171,105,-0.0112532,0.004355
1,59.0161,342,276,0.00916457,0.00231853
1,0.065189,1049,522,-0.0298523,0.000740226
1,176.996,3236,4339,0.113413,-0.00117563
1,4.21921,353,393,-0.0298297,0.00075946
1,31.1903,426,213,-0.0201128,0.00187382
1,18.1909,16965,19510,-0.0199062,-0.00184866
1,6.66368,5864,8378,-0.0169935,-0.00116214
1,0.492408,2010,4366,-0.0210628,-0.00232891
1,0.015522,171,105,-0.0112532,0.004355
1,4.14125,498,353,-0.0557512,0.000884996
1,0.093072,2305,1629,-0.0559566,-0.00118138
1,0.024842,171,105,-0.0112532,0.004355
1,3.09363,6798,11180,-0.0569605,-0.00187697
1,1.40648,12927,18883,-0.017016,-0.00118138
1,0.025241,171,105,-0.0112532,0.004355
1,0.066785,171,171,-0.0458453,0.000884996
1,56.7614,99263,149213,0.0145127,0.00160409
1,23.829,32466,48116,-0.0199062,0.000220564
1,0.015535,171,105,-0.0112532,0.004355
1,27.3931,29449,45662,-0.0189224,0.000894526
1,8.775,12400,13769,-0.0129026,-0.00320734
1,0.024947,171,171,-0.0559436,0.000884996
1,15.9512,5168,7064,-0.0169935,-0.00116214
1,7.80704,8105,10009,-0.0189202,-0.00118138
1,4.10888,353,393,-0.0298297,0.00075946
1,24.2632,3943,4532,-0.0188977,-0.00116214
1,1.9e-05,105,66,-0.0458453,0.000884996
1,177.001,618,381,0.0652905,0.00137305
1,118.016,513,381,0.0132286,0.00137305
1,0.535616,2212,7729,-0.0156595,-0.00845901
1,0.015563,171,105,-0.0112532,0.004355
1,1.12704,5563,4833,-0.0169935,-0.00116214
1,0.264615,4542,5984,-0.0189202,-0.00118138
1,6.8e-05,93,54,-0.0201128,0.00187382
1,0.302545,4503,5747,-0.0189202,-0.00118138
1,4.28147,353,393,-0.0298297,0.00075946
1,28.3045,70461,100872,-0.0170182,0.000908585
1,1.474,13191,18774,-0.017016,-0.00118138
1,4.10442,353,327,-0.0559436,0.000884996
1,4.1183,353,471,-0.0291211,0.00075946
1,4.09762,353,327,-0.0559436,0.000884996
1,177.002,723,459,0.0652905,0.00137305
1,7.93863,1767,4507,-0.0452513,-0.00357238
1,150.067,2259,3161,0.113413,-0.00117563
1,31.1701,2754,3875,-0.017016,-0.00118138
1,4.21392,432,353,-0.0168106,0.000884996
1,59.0257,342,276,0.00916457,0.00231853
1,4.17115,432,353,-0.0168106,0.000884996
1,177.001,618,381,0.0652905,0.00137305
1,0.349038,4141,5365,-0.0188977,-0.00116214
1,0.069481,2133,3704,-0.0189202,-0.00118138
1,30.1217,1647,1295,-0.0197218,-0.00128768
1,0.021774,128,74,-0.0109628,0.00444901
1,0.021539,128,74,-0.0109628,0.00444901
1,0.420806,4675,5261,-0.0188977,-0.00116214
1,0.061352,1049,522,-0.0298523,0.000740226
1,0.288006,2476,4510,-0.0198211,-0.00209236
1,177.001,279,534,0.0640852,0.00137305
1,0.49933,2064,4418,-0.0207524,-0.0020025
1,1.14653,7433,10261,-0.0169935,-0.00116214
1,0.256492,2355,4485,-0.0234829,0.00218666
1,64.9849,113957,220487,0.0140009,0.00129388
1,177.001,315,618,0.0652905,0.00137305
1,122.083,513,437,0.0648963,0.00137305
1,177.001,618,381,0.0652905,0.00137305
1,118.028,513,381,0.0132286,0.00137305
1,3.1e-05,105,66,-0.0458453,0.000884996
1,0.1711,3951,5264,-0.0188977,-0.00116214
1,0.501131,2010,4364,-0.0210628,-0.00232891
1,113.437,94736,189498,0.0198352,0.00129388
1,1.28786,3136,5025,-0.0180199,-0.00187697
1,177.001,618,381,0.0652905,0.00137305
1,0.244252,4639,6068,-0.0188977,-0.00116214
1,0.015686,171,105,-0.0112532,0.004355
1,59.0256,342,276,0.00916457,0.00231853
1,4.36386,498,353,-0.0557512,0.000884996
1,56.9569,43806,34478,0.0114733,0.00155984
1,4.24087,353,327,-0.0559436,0.000884996
1,0.015668,171,105,-0.0112532,0.004355
1,118.026,513,381,0.0132286,0.00137305
1,18.7719,5401,6936,-0.0169935,-0.00116214
1,0.057221,171,171,-0.0458453,0.000884996
1,177.001,618,381,0.0652905,0.00137305
1,0.125461,1963,2231,-0.0189513,-0.00118138
1,0.24568,4808,6010,-0.0188977,-0.00116214
1,177.001,618,381,0.0652905,0.00137305
1,62.0535,25620,21310,0.0137586,-0.00278381
1,0.015563,171,105,-0.0112532,0.004355
1,0.056499,171,171,-0.0458453,0.000884996
1,28.8993,9133,12112,-0.017016,-0.00118138
1,0.025058,171,105,-0.0112532,0.004355
1,4.08234,353,327,-0.0559436,0.000884996
1,0.015697,120,279,-0.0201128,0.00187382
1,177.002,723,525,0.0652905,0.00137305
1,1.97571,1263,6187,-0.0167076,-0.0044757
1,0.015587,171,105,-0.0112532,0.004355
1,1.50819,1025,4123,-0.0153874,0.00655629
1,177.001,279,534,0.0640852,0.00137305
1,24.8985,948,1158,-0.017003,0.000884996
1,46.8912,51782,48266,0.0114733,0.00155984
1,0.34813,4227,5474,-0.0188977,-0.00116214
1,0.069601,1053,6121,-0.0250071,0.00569474
1,0.297145,3756,4537,-0.017016,-0.00118138
1,0.015552,171,105,-0.0112532,0.004355
1,0.041892,105,66,-0.0461882,0.000884996
1,0.021766,128,74,-0.0109628,0.00444901
1,0.021619,128,74,-0.0109628,0.00444901
1,177.001,618,381,0.0652905,0.00137305
1,177.002,618,381,0.0652905,0.00137305
1,106.55,79194,91963,0.0196057,0.000959615
1,22.5307,1637,4048,-0.0163183,-0.00442358
1,0.331237,4254,5552,-0.0188977,-0.00116214
1,0.059187,171,171,-0.0458453,0.000884996
1,27.3285,25896,54865,-0.0189224,0.00035298
1,59.0159,342,276,0.00916457,0.00231853
1,30.0859,1647,1291,-0.0197443,-0.00130691
1,4.08476,353,327,-0.0559436,0.000884996
1,4.14826,432,353,-0.0150821,0.000884996
1,0.015505,171,105,-0.0112532,0.004355
1,0.231551,2254,4214,-0.0495968,0.0023122
1,0.015624,171,105,-0.0112532,0.004355
1,0.295127,4149,5315,-0.0188977,-0.00116214
1,4.2458,432,353,-0.0187148,0.000884996
1,0.021568,128,74,-0.0109628,0.00444901
1,4.29649,353,393,-0.0298297,0.00075946
1,0.024904,171,105,-0.0112532,0.004355
1,120.925,2664,3169,0.116652,-0.00432056
1,0.97681,5292,6751,-0.0458582,-0.00118138
1,0.241162,3944,5235,-0.0188977,-0.00116214
1,41.2575,80186,131061,0.0147252,0.00160272
1,4.33363,498,353,-0.0557512,0.000884996
1,0.015557,171,105,-0.0112532,0.004355
1,59.0159,342,276,0.00916457,0.00231853
1,10.2206,24029,47402,-0.0170182,0.00035298
1,4.26378,432,353,-0.0168106,0.000884996
1,8.77322,2094,4748,-0.0468663,-0.00187697
1,4.1059,498,353,-0.0557512,0.000884996
1,1.33765,5516,7694,-0.017016,-0.00118138
1,177.001,618,381,0.0652905,0.00137305
1,9.40548,4301,5909,-0.0458582,-0.00118138
1,177.001,315,618,0.0652905,0.00137305
1,118.218,55853,61515,0.0211429,0.00945352
1,4.28423,353,393,-0.0298297,0.00075946
1,14.5163,16001,15686,-0.0189224,-0.00117469
1,4.09887,353,327,-0.0559436,0.000884996
1,0.531515,2315,4608,-0.0197484,-0.00130691
1,0.015539,171,105,-0.0112532,0.004355
1,0.52397,2212,7575,-0.0245964,-0.00845901
1,53.3307,71580,70566,0.0147252,0.00160272
1,2.1179,1809,4384,-0.0452513,-0.00357238
1,0.015548,171,105,-0.0112532,0.004355
1,1.7e-05,105,66,-0.0458453,0.000884996
1,3.26858,5253,7582,-0.017016,-0.00118138
1,177.001,723,459,0.0652905,0.00137305
1,3.5496,2844,1931,-0.0179974,-0.00185773
1,0.059289,171,171,-0.0458453,0.000884996
1,30.1063,1755,4727,-0.046796,-0.00187697
1,0.112856,2110,1774,-0.0298427,-0.00130691
1,0.281133,4476,5984,-0.0189202,-0.00118138
1,1.52264,1061,6055,-0.0250071,0.00569474
1,1.9e-05,105,66,-0.0458453,0.000884996
1,0.056781,171,171,-0.0458453,0.000884996
1,4.6e-05,105,66,-0.0458453,0.000884996
1,59.2422,342,276,0.00870595,0.00231853
1,12.5951,7428,13407,-0.0559566,-0.00118138
1,0.096778,2649,3383,-0.0189513,-0.00118138
1,30.116,1755,4612,-0.045218,-0.00357238
1,63.5911,669,458,0.0134521,-0.00224753
1,1.22275,5292,6699,-0.0458582,-0.00118138
1,122.038,513,437,0.0648963,0.00137305
1,59.0159,342,210,0.00916457,0.00231853
1,59.0159,342,276,0.00916457,0.00231853
1,0.504751,2010,4365,-0.0210628,-0.00232891
1,0.215812,4581,6287,-0.0189202,-0.00118138
1,2.10161,3618,5912,-0.018051,-0.00187697
1,177.001,618,381,0.0652905,0.00137305
1,63.2938,669,458,0.0134521,-0.00224753
1,0.015171,55,66,-0.0201128,0.00219921
1,118.016,513,381,0.0132286,0.00137305
1,0.015486,171,105,-0.0112532,0.004355
1,0.01578,171,105,-0.0112532,0.004355
1,9.64371,5184,7531,-0.0180199,-0.00187697
1,4.31697,498,353,-0.0557512,0.000884996
1,0.015511,171,105,-0.0112532,0.004355
1,118.026,513,381,0.0132286,0.00137305
1,77.1185,169915,337338,0.0140009,0.00129388
1,4.09009,498,353,-0.0557512,0.000884996
1,1.9e-05,105,66,-0.0458453,0.000884996
1,96.4384,65607,54508,0.0149093,0.00091673
1,0.015989,171,105,-0.0112532,0.004355
1,0.096518,2353,2760,-0.0248027,-0.00118138
1,0.024929,171,105,-0.0112532,0.004355
1,0.066255,171,171,-0.0458453,0.000884996
1,4.10471,353,393,-0.0298297,0.00075946
1,3.4e-05,105,66,-0.0458453,0.000884996
1,177.001,618,315,0.0652905,0.00137305
1,0.015441,171,105,-0.0112532,0.004355
1,1.9e-05,105,66,-0.0458453,0.000884996
1,118.016,513,315,0.0132286,0.00137305
1,98.5526,78615,81323,0.0166298,0.00949641
1,9.95154,7035,9201,-0.017016,-0.00118138
1,177.002,618,381,0.0652905,0.00137305
1,0.065954,171,171,-0.0458453,0.000884996
1,0.194335,3951,5117,-0.0188977,-0.00116214
1,2.28623,2952,5591,-0.018051,-0.00187697
1,3.4e-05,93,54,-0.0201128,0.00187382
1,0.027004,55,66,-0.0203882,0.00219921
1,66.2712,112984,191186,0.0105323,0.000959615
1,0.245366,3990,5486,-0.0188977,-0.00116214
1,2e-05,93,54,-0.0201128,0.00187382
1,0.228932,4056,5237,-0.0188977,-0.00116214
1,4.10687,432,353,-0.0168106,0.000884996
1,4.14104,498,353,-0.0557512,0.000884996
1,0.14079,2021,2281,-0.0189513,-0.00118138
1,59.0159,342,276,0.00916457,0.00231853
1,30.1188,1659,4535,-0.016436,-0.00357238
1,4.1689,353,393,-0.0298297,0.00075946
1,124.447,63853,70319,0.118692,0.00945352
1,63.1222,669,458,0.0134521,-0.00224753
1,0.596047,4643,6963,-0.0189513,-0.00118138
1,6.3478,7647,9657,-0.0189202,-0.00118138
1,26.1229,2688,3941,-0.017016,-0.00118138
1,0.015501,171,105,-0.0112532,0.004355
1,29.8105,4515,6453,-0.0169935,-0.00116214
1,0.216193,4706,6208,-0.0188977,-0.00116214
1,104.768,59420,61244,0.0149093,0.00967599
1,0.015594,171,105,-0.0112532,0.004355
1,47.2957,17917,16998,0.011073,-0.000930772
1,29.3145,3616,3442,-0.0129319,-0.00305814
1,59.0255,342,276,0.00916457,0.00231853
1,70.4827,202631,120855,0.0105323,0.0155494
1,3.3e-05,93,54,-0.0201128,0.00187382
1,177.001,618,381,0.0652905,0.00137305
1,4.09011,353,393,-0.0298297,0.00075946
1,0.18537,4017,5183,-0.0188977,-0.00116214
1,0.069721,987,6055,-0.0250071,0.00569474
1,0.067735,171,171,-0.0458453,0.000884996
1,0.506043,2064,4478,-0.0207524,-0.0020025
1,0.253122,4266,5564,-0.0188977,-0.00116214
1,30.1161,3701,6301,-0.0168546,-0.00118138
1,9.87835,2148,4988,-0.0468663,-0.00187697
1,30.0937,1713,4612,-0.0452513,-0.00357238
1,0.294616,276,183,-0.0116414,0.00438732
1,0.02499,171,105,-0.0112532,0.004355
1,4.20354,432,353,-0.0187148,0.000884996
1,1.25819,5292,6690,-0.0458582,-0.00118138
1,0.264853,3944,5235,-0.0188977,-0.00116214
1,9.91668,1701,1150,-0.0207257,-0.00198327
1,5.37516,27385,39603,-0.0189023,0.000916153
1,118.026,513,381,0.0132286,0.00137305
1,4.30462,498,353,-0.0557512,0.000884996
1,30.0883,1701,1291,-0.0207482,-0.0020025
1,30.083,1713,4590,-0.0452513,-0.00357238
1,4.43429,537,431,-0.0110607,0.004355
1,0.539962,2315,4608,-0.0206183,-0.00221789
1,177.001,618,315,0.0652905,0.00137305
1,9.75493,12318,12870,-0.0189202,-0.00118138
1,0.099904,2110,1836,-0.0298427,-0.00130691
1,0.09604,2795,3340,-0.0189513,-0.00118138
1,0.178725,4437,5945,-0.0189202,-0.00118138
1,122.356,618,581,0.0649631,0.00137305
1,0.021952,128,74,-0.0109628,0.00444901
1,0.094739,2942,3421,-0.0189202,-0.00118138
1,0.104206,2432,2789,-0.0248027,-0.00118138
1,0.519998,2542,7729,-0.0168984,-0.00514132
1,92.5446,95781,99907,0.0116831,0.000959615
1,0.015116,55,66,-0.0201128,0.00219921
1,4.20665,353,393,-0.0298297,0.00075946
1,0.500945,2010,4304,-0.0210628,-0.00232891
1,0.133761,2058,3506,-0.0130447,-0.00320138
1,177.001,279,534,0.0640852,0.00137305
1,0.025242,55,66,-0.0201128,0.00219921
1,0.06559,171,171,-0.0458453,0.000884996
1,4.07275,432,353,-0.0187148,0.000884996
1,177.001,279,534,0.0640852,0.00137305
1,0.015783,55,66,-0.0201128,0.00219921
1,0.015502,171,105,-0.0112532,0.004355
1,0.015112,55,66,-0.0201128,0.00219921
1,0.015536,261,126,-0.0190228,0.00075946
1,39.7737,217,357,0.0322975,0.00102932
1,4.22003,353,393,-0.0298297,0.00075946
1,0.025134,171,105,-0.0112532,0.004355
1,4.04906,498,353,-0.0557512,0.000884996
1,4.23544,353,393,-0.0298297,0.00075946
1,0.01554,171,105,-0.0112532,0.004355
1,177.001,618,381,0.0652905,0.00137305
1,15.0664,696,474,-0.0521185,0.000884996
1,0.215574,4122,5443,-0.0188977,-0.00116214
1,90.16,71222,54488,0.0105323,0.000959615
1,0.20619,4122,5288,-0.0188977,-0.00116214
1,177.001,618,381,0.0652905,0.00137305
1,0.327879,4227,5591,-0.0188977,-0.00116214
1,4.11118,432,353,-0.0168106,0.000884996
1,0.2854,4049,5340,-0.0188977,-0.00116214
1,103.144,94833,119047,0.0166298,0.00949641
1,6.72376,21872,17093,-0.0137044,-0.00228315
1,177.001,618,381,0.0652905,0.00137305
1,3.1e-05,105,66,-0.0458453,0.000884996
1,4.12137,432,353,-0.0168106,0.000884996
1,1.52208,987,6055,-0.0149088,0.00569474
1,0.015689,171,105,-0.0112532,0.004355
1,0.293657,4227,5393,-0.0188977,-0.00116214
1,4.21135,353,393,-0.0298297,0.00075946
1,0.503895,1956,4365,-0.0210628,-0.00232891
1,103.711,121293,232762,0.0119127,0.00129388
1,0.49182,2527,4365,-0.0304354,-0.00495344
1,0.114766,3123,5163,-0.0189202,-0.00118138
1,11.73,4760,6773,-0.0169935,-0.00116214
1,0.109999,2304,1560,-0.0189202,-0.00118138
1,0.190519,4653,5831,-0.0189202,-0.00118138
1,4.70046,2136,4866,-0.0468663,-0.00187697
1,4.14651,498,353,-0.0557512,0.000884996
1,63.2399,669,458,0.0134521,-0.00224753
1,0.113233,2313,2558,-0.0189202,-0.00118138
1,0.187258,4056,5486,-0.0188977,-0.00116214
1,6.70805,1809,4475,-0.0452513,-0.00357238
1,49.3491,77238,113589,0.0127565,-4.47122e-05
1,30.3771,4517,7139,-0.0168546,-0.00118138
1,120.046,145383,119961,0.11666,0.00971887
1,14.4244,31567,42833,-0.0189023,0.000916153
1,35.1906,2094,4813,-0.0100821,-0.00151786
1,0.02523,171,105,-0.0112532,0.004355
1,6.15954,2992,2066,-0.056938,-0.00185773
1,0.025254,171,105,-0.0112532,0.004355
1,4.20503,498,353,-0.0557512,0.000884996
1,63.0971,458,669,0.0137795,-0.00224753
1,59.0221,210,276,0.00916824,0.00235085
1,113.018,131762,128464,0.0196057,0.00971887
1,118.016,513,381,0.0132286,0.00137305
1,0.605857,2051,4533,-0.0156595,-0.00845901
1,81.0295,64440,63541,0.0137586,0.00091673
1,0.089543,2110,1776,-0.0298427,-0.00130691
1,0.508074,1956,4365,-0.0210628,-0.00232891
1,177.001,618,381,0.0652905,0.00137305
1,0.527657,4332,5237,-0.0169935,-0.00116214
1,0.068964,171,171,-0.0458453,0.000884996
1,0.780476,3415,4764,-0.0169935,-0.00116214
1,4.16853,432,353,-0.0168106,0.000884996
1,30.0962,1647,1351,-0.0197443,-0.00130691
1,4.19335,498,353,-0.0557512,0.000884996
1,0.231435,4920,6247,-0.0188977,-0.00116214
1,4.31988,498,353,-0.0521185,0.000884996
1,0.015774,254,108,-0.0201128,0.00187382
1,43.6953,21672,24483,0.0107456,0.000596901
1,14.884,163,296,-0.0302111,0.00187382
1,28.4138,25412,41177,-0.0169981,0.000374606
1,0.17285,4458,5781,-0.0189202,-0.00118138
1,48.9685,25225,42879,0.0147124,0.00100423
1,0.178819,2689,3958,-0.0188977,-0.00116214
1,4.27474,353,327,-0.0559436,0.000884996
1,4.19503,576,353,-0.0557512,0.000884996
1,118.017,513,381,0.0132286,0.00137305
1,0.056248,171,171,-0.0458453,0.000884996
1,0.31949,4083,5117,-0.0188977,-0.00116214
1,42.1844,17170,27054,0.0147124,-0.00052344
1,4.3013,432,353,-0.0168106,0.000884996
1,0.015225,55,66,-0.0201128,0.00219921
1,177.001,618,381,0.0652905,0.00137305
1,0.015605,171,105,-0.0112532,0.004355
1,91.7642,141071,236762,0.0144894,0.000959615
1,177.002,618,381,0.0652905,0.00137305
1,14.8922,21270,20328,-0.0170182,0.00035298
1,177.001,933,381,0.0652905,0.00137305
1,0.276739,2328,4687,-0.0106832,0.0023122
1,29.8495,44501,33302,-0.0189023,0.000930211
1,4.18358,522,353,-0.0150821,0.000884996
1,177.001,3189,2504,0.11512,-0.00139809
1,0.075129,2110,1836,-0.0298427,-0.00130691
1,59.0256,342,276,0.00916457,0.00231853
1,9.14529,240,93,-0.0112532,0.004355
1,113.33,56691,65804,0.0163539,0.00091673
1,82.5723,154906,267158,0.0137714,0.00971887
1,59.0258,342,276,0.00916457,0.00231853
1,177.002,279,534,0.0640852,0.00137305
1,35.2657,49407,75367,0.014312,0.00115251
1,30.2379,2603,5157,-0.0169478,-0.00429012
1,0.055712,171,171,-0.0458453,0.000884996
1,4.34689,498,353,-0.0557512,0.000884996
1,177.001,618,381,0.0652905,0.00137305
1,0.021668,128,74,-0.0109628,0.00444901
1,0.31114,4259,5550,-0.0188977,-0.00116214
1,2.13558,475,66,-0.0175512,0.00199936
1,0.025387,171,105,-0.0112532,0.004355
1,4.3119,432,353,-0.0187148,0.000884996
1,118.026,618,381,0.0132286,0.00137305
1,13.8389,6353,9563,-0.0199016,-0.00185773
1,0.015119,55,66,-0.0201128,0.00219921
1,0.068504,171,171,-0.0458453,0.000884996
1,3e-05,105,66,-0.0458453,0.000884996
1,4.0993,498,353,-0.0557512,0.000884996
1,4.37469,432,353,-0.0187148,0.000884996
1,59.0256,342,276,0.00916457,0.00231853
1,0.215123,2313,2788,-0.0189513,-0.00118138
1,37.2532,59343,91681,0.011073,0.00115251
1,0.118956,1963,2231,-0.0189513,-0.00118138
1,4.09479,353,327,-0.0559436,0.000884996
1,0.099584,2313,2854,-0.0189513,-0.00118138
1,15.5366,21699,38851,-0.0189023,0.000374606
1,177.001,618,381,0.0652905,0.00137305
1,0.015637,248,327,-0.0190228,0.00075946
1,0.238505,4227,5657,-0.0188977,-0.00116214
1,120.264,194142,97624,0.11365,0.0158837
1,3e-05,105,66,-0.0458453,0.000884996
1,30.2375,1701,1274,-0.0206554,-0.00198327
1,0.527769,2447,4828,-0.0197484,-0.00130691
1,4.13047,708,353,-0.0110607,0.004355
1,59.0257,342,276,0.00916457,0.00231853
1,0.278638,4142,5499,-0.0188977,-0.00116214
1,5.60317,1809,4523,-0.0191374,-0.00369792
1,0.190548,4815,6053,-0.0189202,-0.00118138
1,2.87636,1809,4582,-0.0452513,-0.00357238
1,59.016,342,276,0.00916457,0.00231853
1,9.25709,14974,29014,-0.0189224,-0.00117469
1,0.069275,171,171,-0.0461882,0.000884996
1,0.015434,171,105,-0.0112532,0.004355
1,0.090396,2305,1651,-0.0189202,-0.00118138
1,0.021718,128,74,-0.0109628,0.00444901
1,70.616,44173,42469,0.0137586,0.00091673
1,9.9093,8724,10423,-0.0189202,-0.00118138
1,5.7864,1809,4390,-0.0452513,-0.00357238
1,4.15814,498,353,-0.0557512,0.000884996
1,0.519125,2212,7707,-0.0245964,-0.00845901
1,0.510006,2094,4922,-0.018051,-0.00187697
1,4.17289,353,393,-0.0298297,0.00075946
1,0.116888,2351,4407,-0.0548052,-0.00429012
1,19.8975,8791,16464,-0.017016,-0.00118138
1,13.2296,45988,37761,-0.0189023,0.000930211
1,11.6369,3118,4066,-0.017016,-0.00118138
1,4.04567,353,393,-0.0298297,0.00075946
1,0.287545,4647,6155,-0.0188977,-0.00116214
1,0.103053,2022,2217,-0.0189513,-0.00118138
1,0.537935,2249,4541,-0.0206183,-0.00221789
1,118.016,513,381,0.0132286,0.00137305
1,0.135364,1963,2165,-0.0189513,-0.00118138
1,0.021889,128,74,-0.0109628,0.00444901
1,0.015644,171,105,-0.0112532,0.004355
1,0.225732,3878,5169,-0.0188977,-0.00116214
1,177.001,315,618,0.0652905,0.00137305
1,177.001,5676,3666,0.116691,-0.0043926
1,0.521835,2146,7597,-0.0156595,-0.00845901
1,50.8721,4363,7593,0.0107173,-0.0012954
1,4.27096,353,327,-0.0559436,0.000884996
1,1.17271,12247,18041,-0.017016,-0.00118138
1,5.52768,1178,1563,-0.0189073,0.000884996
1,4.17729,498,353,-0.0557512,0.000884996
1,0.015565,171,105,-0.0112532,0.004355
1,0.068921,1053,6121,-0.0250071,0.00569474
1,4.90512,2340,3108,-0.0171433,-0.00116214
1,1.51943,1053,6121,-0.0149088,0.00569474
1,30.1286,1713,4671,-0.0468663,-0.00187697
1,1.42163,12861,18614,-0.017016,-0.00118138
1,0.015585,171,105,-0.0112532,0.004355
1,0.015605,261,126,-0.0190228,0.00075946
1,80.975,4784,7782,0.0105242,-0.00117563
1,177.001,618,381,0.0652905,0.00137305
1,1.40916,13059,18437,-0.017016,-0.00118138
1,0.168972,3951,5198,-0.0188977,-0.00116214
1,121.333,53598,59634,0.123294,0.00945352
1,118.026,513,381,0.0132286,0.00137305
1,0.095648,2949,3449,-0.0189202,-0.00118138
1,61.2901,41838,44875,0.0154662,0.000680206
1,0.021852,128,74,-0.0109628,0.00444901
1,4.11096,353,393,-0.0298297,0.00075946
1,1.40531,3986,935,-0.017047,-0.00118138
1,19.8334,4799,6734,-0.0169935,-0.00116214
1,0.537482,2315,4599,-0.0197484,-0.00130691
1,82.5918,188794,273312,0.0140009,0.0129417
1,63.1422,669,458,0.0134521,-0.00224753
1,54.0894,21069,18775,0.0111459,0.00100423
1,0.10014,2110,1835,-0.0298427,-0.00130691
1,0.269817,3943,5101,-0.0188977,-0.00116214
1,0.55696,2315,4622,-0.0206183,-0.00221789
1,30.1145,1755,4612,-0.0452513,-0.00357238
1,177.001,618,381,0.0652905,0.00137305
1,0.558643,2542,7795,-0.0168984,-0.00514132
1,177.002,618,381,0.0652905,0.00137305
1,0.210436,2644,2179,-0.017016,-0.00118138
1,0.187167,3983,5406,-0.0188977,-0.00116214
1,81.3529,62469,61793,0.0137586,0.00091673
1,177.001,618,381,0.0652905,0.00137305
1,4.21128,353,393,-0.0298297,0.00075946
1,0.105625,2305,1585,-0.0189202,-0.00118138
1,0.023189,279,120,-0.0302111,0.00187382
1,0.518476,2146,7729,-0.0156595,-0.00845901
1,177.001,723,459,0.0652905,0.00137305
1,1.16457,5292,6689,-0.0458582,-0.00118138
1,0.118838,2029,2231,-0.0189513,-0.00118138
1,30.086,1701,1295,-0.0197218,-0.00128768
1,0.096452,2733,3352,-0.0189513,-0.00118138
1,177.001,279,534,0.0640852,0.00137305
1,120.005,59251,50899,0.107827,0.00967599
1,0.082285,2285,4473,-0.0136436,0.0023122
1,0.520581,2278,7707,-0.0168984,-0.00514132
1,177.001,618,381,0.0652905,0.00137305
1,0.056235,171,171,-0.0458453,0.000884996
1,0.151462,2306,2772,-0.0189513,-0.00118138
1,30.124,1755,4535,-0.045218,-0.00357238
1,177.016,618,381,0.0652905,0.00137305
1,4.16219,498,353,-0.0557512,0.000884996
1,177.001,618,381,0.0652905,0.00137305
1,4.39062,666,353,-0.0110597,0.004355
1,0.501417,1956,4364,-0.0210628,-0.00232891
1,7.1e-05,105,66,-0.0458453,0.000884996
1,0.056279,171,171,-0.0458453,0.000884996
1,1.36967,6299,8396,-0.017016,-0.00118138
1,0.165536,4816,5970,-0.0189202,-0.00118138
1,42.4843,60280,86813,0.014312,0.00115251
1,4.40038,432,353,-0.0168106,0.000884996
1,4.36685,353,393,-0.0298297,0.00075946
1,1.52209,1053,6121,-0.0149088,0.00569474
1,59.0159,342,276,0.00916457,0.00231853
1,3.25945,4314,3343,-0.0169935,-0.00116214
1,0.17006,2418,2730,-0.0189202,-0.00118138
1,119.191,119306,116317,0.0196057,0.00971887
1,0.53551,2278,7487,-0.0245964,-0.00845901
1,0.316071,4386,5303,-0.0188977,-0.00116214
1,4.50536,353,327,-0.0559436,0.000884996
1,3.4e-05,105,66,-0.0458453,0.000884996
1,3.6e-05,93,54,-0.0201128,0.00187382
1,1.9e-05,105,66,-0.0458453,0.000884996
1,94.9909,60560,66541,0.016122,0.000694265
1,0.015543,171,105,-0.0112532,0.004355
1,63.3983,603,458,0.00949746,0.00137305
1,95.6115,34335,36883,0.0164594,0.000680206
1,0.10361,2244,2833,-0.0189513,-0.00118138
1,15.2372,13677,10207,-0.0169981,-0.00115307
1,177.001,618,381,0.0652905,0.00137305
1,4.23473,432,353,-0.0168106,0.000884996
1,0.015197,55,66,-0.0201128,0.00219921
1,4.11327,432,353,-0.0168106,0.000884996
1,31.1498,426,213,-0.0201128,0.00187382
1,63.3031,669,458,0.0134521,-0.00224753
1,0.510104,2212,7575,-0.0245964,-0.00845901
1,21.0729,426,213,-0.0201128,0.00187382
1,177.001,618,381,0.0652905,0.00137305
1,32.3556,426,213,-0.0201128,0.00187382
1,0.021731,128,74,-0.0109628,0.00444901
1,80.6472,140297,138499,0.0137714,0.000959615
1,37.0668,35292,28298,0.0114733,0.00154578
1,1.52224,987,6055,-0.0149088,0.00569474
1,63.0984,669,458,0.0134521,-0.00224753
1,110.6,153366,259249,0.0196057,0.00971887
1,0.294866,4122,5420,-0.0188977,-0.00116214
1,4.39903,498,353,-0.0557512,0.000884996
1,29.742,529,852,-0.0298297,0.00075946
1,0.233773,4581,6353,-0.0188977,-0.00116214
1,0.091851,2304,1648,-0.0189202,-0.00118138
1,97.2544,41640,43937,0.0149093,0.000902671
1,30.1041,1755,4671,-0.0468663,-0.00187697
1,4.365,353,327,-0.0559436,0.000884996
1,0.541416,5051,5603,-0.0189202,-0.00118138
1,30.0973,1755,4591,-0.0452513,-0.00357238
1,0.095516,2703,3352,-0.0189513,-0.00118138
1,4.10685,498,353,-0.0557512,0.000884996
1,59.0258,342,276,0.00916457,0.00231853
1,63.0885,669,458,0.0134521,-0.00224753
1,63.0606,458,669,0.0137795,-0.00224753
1,0.015794,171,105,-0.0112532,0.004355
1,1.83753,1029,624,-0.020302,0.00185459
1,0.058309,171,171,-0.0458453,0.000884996
1,0.303915,4259,5639,-0.0188977,-0.00116214
1,0.015562,171,105,-0.0112532,0.004355
1,0.069969,1119,6187,-0.0250071,0.00569474
1,0.070531,1053,6121,-0.0250071,0.00569474
1,0.22248,4371,5879,-0.0189202,-0.00118138
1,0.015583,171,105,-0.0112532,0.004355
1,4.28887,353,393,-0.0298297,0.00075946
1,42.6316,106330,162167,0.0145127,0.00160409
1,4.19209,353,393,-0.0298297,0.00075946
1,91.1592,60053,56341,0.0105195,0.00091673
1,30.0918,1755,4668,-0.0452513,-0.00357238
1,59.0161,342,276,0.00916457,0.00231853
1,0.095377,2419,2795,-0.0248027,-0.00118138
1,177.001,618,381,0.0652905,0.00137305
1,30.1551,1701,1291,-0.0206779,-0.0020025
1,0.34782,4332,5579,-0.0188977,-0.00116214
1,107.949,87330,99923,0.0196057,0.00971887
1,0.319887,1053,6121,-0.0149088,0.00569474
1,0.124551,2351,4474,-0.0125874,0.0023122
1,0.025087,171,105,-0.0112532,0.004355
1,1.27206,12313,17984,-0.017016,-0.00118138
1,22.6673,13875,22494,-0.0468644,-0.00187028
1,63.1087,669,458,0.0134521,-0.00224753
1,30.104,1701,4534,-0.0174922,-0.00357238
1,177.002,618,381,0.0652905,0.00137305
1,0.400424,4142,5367,-0.0188977,-0.00116214
1,0.24986,276,183,-0.0116414,0.00438732
1,0.311894,2623,3907,-0.0188977,-0.00116214
1,20.8015,426,213,-0.0201128,0.00187382
1,74.2644,1057,1095,0.0145542,0.00125379
1,1.41046,12794,18076,-0.017016,-0.00118138
1,4.20858,353,393,-0.0298297,0.00075946
1,118.026,513,381,0.0132286,0.00137305
1,4.65565,12673,12858,-0.017016,-0.00118138
1,4.2732,498,353,-0.0557512,0.000884996
1,0.32166,4056,5486,-0.0188977,-0.00116214
1,1.16077,7316,10140,-0.0169935,-0.00116214
1,63.0918,603,458,0.00949746,0.00137305
1,59.0257,342,276,0.00916457,0.00231853
1,4.0385,353,393,-0.0298297,0.00075946
1,118.026,513,381,0.0132286,0.00137305
1,3.6e-05,105,66,-0.0458453,0.000884996
1,0.138231,4785,5712,-0.0189202,-0.00118138
1,0.066841,171,171,-0.0458453,0.000884996
1,19.9831,4476,6767,-0.0180199,-0.00187697
1,0.193069,3812,5316,-0.0188977,-0.00116214
1,0.015582,171,105,-0.0112532,0.004355
1,41.9276,42550,31569,0.0147124,0.00154578
1,1.17856,5238,6689,-0.0458582,-0.00118138
1,0.244785,4227,5393,-0.0188977,-0.00116214
1,59.0161,342,276,0.00916457,0.00231853
1,4.3143,498,353,-0.0557512,0.000884996
1,1.2459,5695,7919,-0.017047,-0.00118138
1,3.14633,1018,957,-0.0305643,0.00187382
1,0.058182,171,171,-0.0458453,0.000884996
1,98.9521,197742,288182,0.0151517,0.0246429
1,4.17778,498,353,-0.0557512,0.000884996
1,0.269999,4114,5404,-0.0188977,-0.00116214
1,30.0998,1713,4671,-0.0468663,-0.00187697
1,177.001,618,381,0.0652905,0.00137305
1,4.89548,3225,2378,-0.0179974,-0.00185773
1,177.001,618,381,0.0652905,0.00137305
1,0.219348,4581,6155,-0.0189202,-0.00118138
1,0.059153,171,171,-0.0458453,0.000884996
1,16.138,910,1073,-0.0199571,0.00199936
1,118.017,513,381,0.0132286,0.00137305
1,4.29314,353,327,-0.0559436,0.000884996
1,118.016,513,381,0.0132286,0.00137305
1,177.001,618,315,0.0652905,0.00137305
1,4.27133,353,393,-0.0298297,0.00075946
1,0.024976,171,105,-0.0112532,0.004355
1,0.095327,2365,2760,-0.0189513,-0.00118138
1,0.177174,4710,6134,-0.0189202,-0.00118138
1,0.025449,327,126,-0.0190228,0.00075946
1,177.001,618,381,0.0652905,0.00137305
1,4.11035,353,327,-0.0559436,0.000884996
1,59.0159,342,276,0.00916457,0.00231853
1,4.10473,498,353,-0.0557512,0.000884996
1,71.6556,94678,142097,0.0118027,-0.000687821
1,118.016,513,381,0.0132286,0.00137305
1,4.25716,432,353,-0.0187148,0.000884996
1,4.10324,498,353,-0.0557512,0.000884996
1,0.534175,2146,7729,-0.0156595,-0.00845901
1,0.135716,2124,2309,-0.0189513,-0.00118138
1,0.070466,1053,6121,-0.0250071,0.00569474
1,3.2e-05,105,66,-0.0458453,0.000884996
1,177.001,279,534,0.0640852,0.00137305
1,118.016,513,381,0.0132286,0.00137305
1,4.04131,353,432,-0.017003,0.000884996
1,0.015485,171,105,-0.0112532,0.004355
1,118.026,513,381,0.0132286,0.00137305
1,71.4306,23487,25435,0.0153086,0.00013866
1,0.15452,4890,5832,-0.0189202,-0.00118138
1,0.278466,4056,5377,-0.0188977,-0.00116214
1,0.325568,4888,6101,-0.0189202,-0.00118138
1,0.225594,4122,5420,-0.0188977,-0.00116214
1,31.2533,2986,4199,-0.017016,-0.00118138
1,0.515924,2010,4365,-0.0210628,-0.00232891
1,76.7495,66564,68275,0.0105195,0.00091673
1,177.001,618,381,0.0652905,0.00137305
1,0.01519,55,66,-0.0201128,0.00219921
1,4.239,353,393,-0.0298297,0.00075946
1,2.90558,2136,4730,-0.0468663,-0.00187697
1,4.21355,432,353,-0.0168106,0.000884996
1,118.016,513,381,0.0132286,0.00137305
1,0.069001,171,171,-0.0458453,0.000884996
1,0.066237,171,171,-0.0458453,0.000884996
1,118.016,513,381,0.0132286,0.00137305
1,4.30571,498,353,-0.0557512,0.000884996
1,6.56005,5546,7223,-0.017016,-0.00118138
1,4.26215,537,431,-0.0110607,0.004355
1,0.103559,2247,2854,-0.0189513,-0.00118138
1,0.02578,171,105,-0.0110254,0.004355
1,4.27686,353,327,-0.0559436,0.000884996
1,0.191313,4056,5222,-0.0188977,-0.00116214
1,0.095344,2365,2826,-0.0189513,-0.00118138
1,0.017352,474,758,-0.0189073,0.000884996
1,0.101526,2594,3456,-0.0189513,-0.00118138
1,63.0562,603,458,0.00949746,0.00137305
1,96.8256,167250,275844,0.0149221,0.00971887
1,0.015429,171,105,-0.0112532,0.004355
1,0.115567,1053,6121,-0.0250071,0.00569474
1,120.693,304080,153584,0.11689,0.0158837
1,0.250169,4122,5552,-0.0188977,-0.00116214
1,0.069306,987,6055,-0.0250071,0.00569474
1,118.017,513,381,0.0132286,0.00137305
1,177.001,618,381,0.0652905,0.00137305
1,4.23769,353,327,-0.0559436,0.000884996
1,1.52197,987,6055,-0.0149088,0.00569474
1,27.1309,1292,621,-0.0187052,-0.00116214
1,25.4677,35517,27895,-0.0189023,0.000916153
1,0.463336,2229,4880,-0.0304354,-0.00495344
1,4.10297,353,393,-0.0298297,0.00075946
1,59.0159,342,276,0.00916457,0.00231853
1,1.52183,1053,6121,-0.0149088,0.00569474
1,0.015522,171,105,-0.0112532,0.004355
1,3.3e-05,93,54,-0.0201128,0.00187382
1,177.001,618,381,0.0652905,0.00137305
1,2e-05,105,66,-0.0458453,0.000884996
1,0.025035,171,105,-0.0112532,0.004355
1,9.22204,4095,6592,-0.018051,-0.00187697
1,4.10375,498,353,-0.0557512,0.000884996
1,0.015299,108,60,-0.0201128,0.00219921
1,1.44515,12993,18705,-0.017016,-0.00118138
1,3.3e-05,105,66,-0.0458453,0.000884996
1,0.500725,2010,4418,-0.0207524,-0.0020025
1,4.18113,498,353,-0.0557512,0.000884996
1,0.565834,2212,7663,-0.0156595,-0.00845901
1,4.6458,3618,5925,-0.018051,-0.00187697
1,3.52861,14705,27764,-0.0170493,-0.00117469
1,11.3542,18749,31779,-0.0189023,-0.00115307
1,0.50906,2010,4424,-0.0210628,-0.00232891
1,0.110797,2313,2788,-0.0189513,-0.00118138
1,0.025014,171,105,-0.0112532,0.004355
1,0.080338,2110,1776,-0.0298427,-0.00130691
1,0.024836,55,66,-0.0201128,0.00219921
1,0.525286,2315,4760,-0.0197484,-0.00130691
1,0.56922,2212,7795,-0.0156595,-0.00845901
1,45.0619,67887,65480,0.0147124,0.00155984
1,15.0919,910,1231,-0.0559436,0.000884996
1,177.001,279,534,0.0640852,0.00137305
1,0.025387,171,105,-0.0112532,0.004355
1,63.2412,669,458,0.0134521,-0.00224753
1,4.19034,353,393,-0.0298297,0.00075946
1,0.216704,4056,5237,-0.0188977,-0.00116214
1,0.506171,1956,4305,-0.0210628,-0.00232891
1,4.09782,353,327,-0.0559436,0.000884996
1,177.001,723,459,0.0652905,0.00137305
1,1.64629,8465,10845,-0.0188977,-0.00116214
1,94.246,213355,357551,0.0149221,0.0243087
1,0.015529,171,105,-0.0112532,0.004355
1,9.84054,5457,3916,-0.0169935,-0.00116214
1,0.210778,4469,6088,-0.0189202,-0.00118138
1,0.015532,171,105,-0.0112532,0.004355
1,89.3339,83792,83603,0.0137714,0.000959615
1,4.16319,498,353,-0.0557512,0.000884996
1,4.30915,498,353,-0.0557512,0.000884996
1,118.238,618,381,0.0132286,0.00137305
1,177.001,618,381,0.0652905,0.00137305
1,3.2e-05,105,66,-0.0458453,0.000884996
1,2.9e-05,93,54,-0.0201128,0.00187382
1,109.377,73759,65069,0.0213133,0.00949641
1,23.7179,12685,19736,-0.0127756,-0.00303917
1,29.8563,35136,32542,-0.0133081,-0.00215079
1,0.056149,171,171,-0.0458453,0.000884996
1,4.8e-05,93,54,-0.0201128,0.00187382
1,104.643,72597,136836,0.0151517,0.00129388
1,1.52211,987,6055,-0.0149088,0.00569474
1,8.95852,1742,2067,-0.018306,-0.00185773
1,30.0933,1701,1235,-0.0207257,-0.00198327
1,0.131344,2379,2854,-0.0189202,-0.00118138
1,177.001,618,315,0.0652905,0.00137305
1,10.9909,3157,4451,-0.017016,-0.00118138
1,5.2e-05,105,66,-0.0458453,0.000884996
1,4.23593,498,353,-0.0557512,0.000884996
1,4.27803,353,393,-0.0298297,0.00075946
1,0.502087,2010,4365,-0.0210628,-0.00232891
1,0.094328,2305,1629,-0.0559566,-0.00118138
1,4.3102,353,393,-0.0298297,0.00075946
1,15.6122,29525,46693,-0.0169981,0.000916153
1,30.092,1755,4535,-0.0452513,-0.00357238
1,177.002,618,381,0.0652905,0.00137305
1,0.153298,1664,7447,-0.0171477,-0.00517218
1,7.25425,1701,1188,-0.0207257,-0.00198327
1,30.1985,1647,1159,-0.0195518,-0.00130691
1,0.252917,249,276,-0.0110964,0.004355
1,14.3112,529,705,-0.0298297,0.00075946
1,0.86285,4386,5381,-0.0169935,-0.00116214
1,0.021671,128,74,-0.0109628,0.00444901
1,0.260648,2476,7729,-0.0269967,-0.00514132
1,4.24763,353,327,-0.0559436,0.000884996
1,4.20384,498,353,-0.0557512,0.000884996
1,0.503945,2064,4359,-0.0207524,-0.0020025
1,0.27992,4634,5837,-0.0189202,-0.00118138
1,0.156447,3951,5330,-0.0188977,-0.00116214
1,0.070157,1119,6187,-0.0250071,0.00569474
1,0.021769,128,74,-0.0109628,0.00444901
1,60.1378,31161,46600,0.0138003,0.000828231
1,23.5077,11578,15323,-0.0199016,-0.00185773
1,0.021917,128,74,-0.0109628,0.00444901
1,4.13839,432,353,-0.0168106,0.000884996
1,0.015151,55,66,-0.0201128,0.00219921
1,63.0802,458,669,0.0137795,-0.00224753
1,0.021859,128,74,-0.0109628,0.00444901
1,81.474,146531,238029,0.0105323,0.000959615
1,0.024972,171,105,-0.0112532,0.004355
1,177.002,723,381,0.0652905,0.00137305
1,0.015554,171,105,-0.0112532,0.004355
1,0.069409,1053,6121,-0.0250071,0.00569474
1,0.325976,128,74,-0.0074839,0.00444901
1,177.001,618,381,0.0652905,0.00137305
1,0.027028,55,66,-0.0203882,0.00219921
1,30.0894,1647,1215,-0.0197443,-0.00130691
1,1.14469,5497,4604,-0.0169935,-0.00116214
1,1.43186,13059,18513,-0.017016,-0.00118138
1,0.268578,3990,5699,-0.0188977,-0.00116214
1,177.001,618,381,0.0652905,0.00137305
1,0.095528,2769,3352,-0.0189513,-0.00118138
1,0.018407,625,1075,-0.0564918,0.00199936
1,3.3e-05,93,54,-0.0201128,0.00187382
1,30.9057,96452,67753,-0.0190714,0.00104158
1,4.0752,498,353,-0.0557512,0.000884996
1,0.385988,4476,5980,-0.0189202,-0.00118138
1,177.001,618,381,0.0652905,0.00137305
1,0.34293,4158,5090,-0.0188977,-0.00116214
1,4.37953,432,353,-0.0187148,0.000884996
1,1.28905,2910,5621,-0.0468663,-0.00187697
1,0.025587,171,105,-0.0112532,0.004355
1,0.104062,2110,1836,-0.0298427,-0.00130691
1,0.065347,171,171,-0.0458453,0.000884996
1,0.055894,171,171,-0.0458453,0.000884996
1,45.4975,71377,40897,0.0114861,0.00160272
1,4.39236,564,353,-0.0296373,0.00075946
1,30.0969,1755,4666,-0.045218,-0.00357238
1,30.1078,1713,4672,-0.0468663,-0.00187697
1,1.8e-05,105,66,-0.0458453,0.000884996
1,59.0161,342,276,0.00916457,0.00231853
1,9.79869,9868,15572,-0.0127756,-0.00303917
1,0.354498,4359,5657,-0.0188977,-0.00116214
1,63.2414,603,458,0.00949746,0.00137305
1,11.8246,15102,14737,-0.0189224,-0.00117469
1,4.23458,498,353,-0.0557512,0.000884996
1,0.024882,171,105,-0.0112532,0.004355
1,0.05745,171,171,-0.0458453,0.000884996
1,0.187178,4983,6038,-0.0188977,-0.00116214
1,0.096889,2365,2826,-0.0189513,-0.00118138
1,0.290176,4254,5486,-0.0188977,-0.00116214
1,59.0158,342,276,0.00916457,0.00231853
1,59.0257,342,276,0.00916457,0.00231853
1,177.001,618,315,0.0652905,0.00137305
1,4.23468,1767,4529,-0.0468663,-0.00187697
1,30.2137,3965,6430,-0.0168546,-0.00118138
1,1.23808,5563,4515,-0.0169935,-0.00116214
1,3.12107,1767,4603,-0.0452513,-0.00357238
1,27.8689,3111,4134,-0.017016,-0.00118138
1,4.2575,432,353,-0.0168106,0.000884996
1,30.0939,1755,4590,-0.045218,-0.00357238
1,72.3055,64786,74725,0.0137586,0.00091673
1,0.021723,128,74,-0.0109628,0.00444901
1,177.001,618,381,0.0652905,0.00137305
1,1.46168,13191,18576,-0.017016,-0.00118138
1,0.015573,171,105,-0.0112532,0.004355
1,59.0688,1349,1800,0.0105242,-0.00117563
1,2.03946,6235,7097,-0.056938,-0.00185773
1,3.34211,5885,10631,-0.0468621,-0.00187697
1,2.1e-05,93,54,-0.0201128,0.00187382
1,2.93582,3987,6197,-0.018051,-0.00187697
1,39.9558,41964,83088,0.00585561,0.00113845
1,60.6868,53723,80531,0.00796556,-0.000730706
1,25.3538,3933,4536,-0.017016,-0.00118138
1,4.3566,353,393,-0.0298297,0.00075946
1,1.40182,2466,3887,-0.0189202,-0.00118138
1,0.015478,171,171,-0.0559436,0.000884996
1,10.0016,3333,5933,-0.018051,-0.00187697
1,0.543048,8441,17918,-0.0189513,-0.00118138
1,0.287207,4686,6326,-0.0188977,-0.00116214
1,0.224508,1701,1020,-0.0207482,-0.0020025
1,177.001,618,381,0.0652905,0.00137305
1,4.19679,432,353,-0.0168106,0.000884996
1,0.015616,171,105,-0.0112532,0.004355
1,138.677,1454,1505,0.116652,-0.00432056
1,0.025362,327,126,-0.0190228,0.00075946
1,63.2612,669,458,0.0134521,-0.00224753
1,41.4097,92747,156110,0.0147252,0.00160272
1,177.001,723,381,0.0652905,0.00137305
1,4.1261,498,353,-0.0557512,0.000884996
1,0.021718,128,74,-0.0109628,0.00444901
1,0.015665,171,105,-0.0112532,0.004355
1,105.143,175258,248839,0.0151517,0.0100531
1,59.0254,342,276,0.00916457,0.00231853
1,0.067216,171,171,-0.0458453,0.000884996
1,135.186,279,556,0.0646794,0.00137328
1,1.22689,12379,17168,-0.017016,-0.00118138
1,4.2147,432,353,-0.0187148,0.000884996
1,0.025144,171,105,-0.0112532,0.004355
1,53.3183,25072,41788,0.0147124,0.00100423
1,122.048,513,437,0.0648963,0.00137305
1,4.17181,432,353,-0.0187148,0.000884996
1,124.372,186164,307454,0.11666,0.0126074
1,0.325186,128,74,-0.0074839,0.00444901
1,14.8769,529,824,-0.0298297,0.00075946
1,118.026,513,381,0.0132286,0.00137305
1,63.0442,458,669,0.0137795,-0.00224753
1,4.7982,1767,4397,-0.0452513,-0.00357238
1,1.17005,7316,10139,-0.0169935,-0.00116214
1,0.783937,3624,6569,-0.0468663,-0.00187697
1,7.55335,1809,4506,-0.0452513,-0.00357238
1,177.001,618,381,0.0652905,0.00137305
1,0.277088,4161,5525,-0.0188977,-0.00116214
1,177.001,618,381,0.0652905,0.00137305
1,63.0339,458,603,0.00982487,0.00137305
1,0.05624,171,171,-0.0458453,0.000884996
1,0.015685,171,105,-0.0112532,0.004355
1,1.8e-05,93,54,-0.0201128,0.00187382
1,13.3413,2475,4972,-0.018051,-0.00187697
1,0.015528,171,105,-0.0112532,0.004355
1,118.425,64056,70134,0.0211429,0.00945352
1,4.07395,432,353,-0.0168106,0.000884996
1,59.0253,342,276,0.00916457,0.00231853
1,29.0722,3830,4482,-0.017016,-0.00118138
1,4.1757,353,327,-0.0559436,0.000884996
1,177.001,618,381,0.0652905,0.00137305
1,1.36944,12927,18548,-0.017016,-0.00118138
1,177.001,618,381,0.0652905,0.00137305
1,4.26607,353,393,-0.0298297,0.00075946
1,21.2704,1191,4001,-0.0153418,0.00589067
1,0.10731,1963,2231,-0.0189513,-0.00118138
1,59.0159,342,276,0.00916457,0.00231853
1,0.342719,4254,5354,-0.0188977,-0.00116214
1,0.015113,55,66,-0.0201128,0.00219921
1,4.12022,353,393,-0.0298297,0.00075946
1,122.204,513,437,0.0648963,0.00137305
1,103.876,50036,54946,0.0164594,0.00945352
1,177.001,618,381,0.0652905,0.00137305
1,0.024898,171,105,-0.0112532,0.004355
1,0.53128,2080,7487,-0.0145682,-0.0046344
1,0.097355,2876,3109,-0.0127981,-0.0030584
1,118.016,513,381,0.0132286,0.00137305
1,4.58726,1095,4000,-0.0153418,0.00589067
1,48.5864,55693,50180,0.011073,0.00115251
1,124.542,30778,31898,0.123294,0.00943946
1,33.4828,30776,45121,0.00796359,0.00132331
1,0.066656,171,171,-0.0458453,0.000884996
1,0.157846,2095,2297,-0.0189202,-0.00118138
1,5.59424,4314,3361,-0.0169935,-0.00116214
1,0.340229,2136,4824,-0.0468663,-0.00187697
1,0.260015,4542,5984,-0.0189202,-0.00118138
1,2.99212,4102,2855,-0.0188977,-0.00116214
1,63.1038,669,458,0.0134521,-0.00224753
1,1.52216,1053,6121,-0.0149088,0.00569474
1,59.0159,342,276,0.00916457,0.00231853
1,0.523421,2381,4666,-0.0197484,-0.00130691
1,0.02494,171,105,-0.0112532,0.004355
1,0.235867,4149,5330,-0.0188977,-0.00116214
1,0.336564,1807,7420,-0.0162791,-0.00899679
1,1.24648,13359,19145,-0.017016,-0.00118138
1,177.001,618,315,0.0652905,0.00137305
1,4.2751,432,353,-0.0187148,0.000884996
1,0.02496,171,105,-0.0112532,0.004355
1,25.5332,2902,4304,-0.0180199,-0.00187697
1,177.001,618,381,0.0652905,0.00137305
1,30.0949,1713,4591,-0.0452513,-0.00357238
1,4.27033,498,353,-0.0557512,0.000884996
1,176.996,3407,4525,0.113413,-0.00117563
1,0.016125,171,105,-0.0112532,0.004355
1,177.001,279,534,0.0640852,0.00137305
1,20.5666,1846,2422,-0.0468621,-0.00187697
1,3.35536,2350,4682,-0.0468663,-0.00187697
1,59.016,342,276,0.00916457,0.00231853
1,122.271,513,437,0.0648963,0.00137305
1,0.021918,128,74,-0.0109628,0.00444901
1,0.825178,1792,2423,-0.0468621,-0.00187697
1,133.537,6498,4176,0.113452,-0.00124767
1,25.8299,47406,57694,-0.0199062,0.000234623
1,0.095043,2937,3352,-0.0127981,-0.0030584
1,0.583614,2410,7597,-0.0168984,-0.00514132
1,4.26665,353,393,-0.0298297,0.00075946
1,59.0159,342,276,0.00916457,0.00231853
1,0.241194,4371,5742,-0.0189202,-0.00118138
1,177.001,618,381,0.0652905,0.00137305
1,0.094711,2769,3418,-0.0189202,-0.00118138
1,77.8963,38776,33527,0.0101921,0.000902671
1,30.1046,1755,4671,-0.0468663,-0.00187697
1,0.346298,4254,5486,-0.0188977,-0.00116214
1,0.021926,128,74,-0.0109628,0.00444901
1,0.25091,4581,6244,-0.0189202,-0.00118138
1,1.7e-05,105,66,-0.0458453,0.000884996
1,93.0174,37025,57639,0.0116703,0.000902671
1,59.0161,342,276,0.00916457,0.00231853
1,0.252009,4581,6023,-0.0189202,-0.00118138
1,0.015613,171,105,-0.0112532,0.004355
1,177.001,315,618,0.0652905,0.00137305
1,0.057821,171,171,-0.0458453,0.000884996
1,0.525797,2212,7729,-0.0156595,-0.00845901
2,33.3443,1807,4895,0.0434917,-0.0019378
2,19.1409,1579,4550,-0.0225914,-0.0118544
2,119.66,873,772,0.0379903,0.0020605
2,90.174,86529,157814,0.0435204,-0.000353557
2,120.814,19833,48975,0.09933,-0.00110622
2,34.0777,5012,8345,0.0428205,-0.00190842
2,120.013,249303,393979,0.0960705,0.00908724
2,33.5237,1808,4827,0.0434917,-0.0019378
2,33.4857,1807,4895,0.0434917,-0.0019378
2,33.6424,1807,4827,0.0434917,-0.0019378
2,4.08416,1511,4551,-0.0225914,-0.0118544
2,58.6854,432,526,0.042005,-0.0011717
2,104.475,21703,41837,0.0444705,-0.00110622
2,120.022,56317,253788,0.0857371,-0.00142488
2,33.9759,1807,4829,0.0434917,-0.0019378
2,33.6582,1807,4895,0.0434917,-0.0019378
2,34.0584,1807,4827,0.0434917,-0.0019378
2,33.6759,1808,4895,0.0449713,-0.00222692
2,27.4764,3192,10183,-0.0288941,-0.0184568
2,5.1206,9937,1758,-0.0264696,-0.0118544
2,34.0558,1806,4828,0.0434917,-0.0019378
2,2.18479,1153,4169,-0.0168874,0.0170863
2,2.26156,985,3872,-0.0179864,0.0276756
2,120.419,25026,45672,0.465236,-0.00278381
2,33.7683,1874,4896,0.0431643,-0.0019378
2,5.20699,1017,4032,-0.017024,0.0274306
2,120.57,41131,80606,0.0981644,-0.000819205
2,34.066,1875,4897,0.0434917,-0.0019378
2,33.8256,1738,4828,0.0449713,-0.00222692
2,34.0724,1807,4827,0.0434917,-0.0019378
2,0.164715,964,3567,-0.0180565,0.0274306
2,0.720289,985,3872,-0.0169538,0.0276756
2,33.5474,1807,4828,0.0434917,-0.0019378
2,34.0856,1807,4828,0.0434917,-0.0019378
2,105.387,91043,234617,0.00669527,0.00129388
2,33.8034,1807,4897,0.0434917,-0.0019378
2,34.0703,1739,4827,0.0449713,-0.00222692
2,33.2395,1807,4829,0.0434917,-0.0019378
2,120.057,174400,257644,0.0987957,0.00194548
2,33.4121,1807,4896,0.0434917,-0.0019378
2,120.712,40992,30758,0.465236,0.00966193
2,120.876,226171,40745,0.215845,0.0537837
2,0.436298,1153,4101,-0.0158501,0.0168192
2,4.11255,1511,4550,-0.0225914,-0.0118544
2,33.6797,1875,4964,0.0434917,-0.0019378
2,90.1248,160802,350420,0.0315121,0.00369138
2,0.688299,1085,4033,-0.017024,0.0274306
2,33.4291,1807,4895,0.0434917,-0.0019378
2,33.8603,1807,4896,0.0434917,-0.0019378
2,1.96687,985,3872,-0.0169074,0.0276756
2,1.31305,1153,4100,-0.0158501,0.0168192
2,0.114598,964,3567,-0.0180565,0.0274306
2,0.163961,964,3567,-0.0180565,0.0274306
2,120.032,500338,182025,0.465478,0.0246429
2,0.631161,1153,4100,-0.0158501,0.0168192
2,34.0579,1738,4829,0.0434917,-0.0019378
2,74.0055,594,432,0.0354875,-0.00107276
2,33.8392,2166,4896,0.0434917,-0.0019378
2,34.0394,1807,4896,0.0434917,-0.0019378
2,134.817,11879,20688,0.09758,-0.00189007
2,119.678,805,772,0.0383277,0.0020605
2,34.0327,1807,4897,0.0434917,-0.0019378
2,33.7224,1807,4829,0.0434917,-0.0019378
2,6.30382,2716,4603,-0.0237927,-0.0110274
2,33.5688,3099,6021,0.0428205,-0.00190842
2,120.504,79742,43512,0.0984683,0.00194548
2,105.743,448,496,0.0313824,-1.16078e-05
2,34.0792,1807,4828,0.0434917,-0.0019378
2,34.0801,1807,4897,0.0434917,-0.0019378
2,34.16,1807,4829,0.0434917,-0.0019378
2,34.0578,5256,7857,0.0428205,-0.00190842
2,0.238822,1085,4032,-0.017024,0.0274306
2,122.216,6066,10570,0.0996253,-0.00273414
2,34.0841,1807,4828,0.0434917,-0.0019378
2,7.27508,361,192,-0.0291211,0.00075946
2,34.0841,1875,4963,0.0434917,-0.0019378
2,120.789,77535,48283,0.465249,0.00971887
2,90.639,392,434,0.0302317,-1.16078e-05
2,28.4897,10002,6880,-0.0298202,-0.00128768
2,34.0824,1738,4760,0.0449713,-0.00222692
2,90.3139,97180,235999,0.00554449,0.00129388
2,2.57782,985,3871,-0.0169538,0.0276756
2,105.693,840098,501194,0.04448,0.00921591
2,97.877,733,584,0.0250365,-1.16078e-05
2,120.657,46657,84883,0.098783,0.00190259
2,15.2872,677,282,-0.0259927,0.00433887
2,33.7858,1807,4896,0.0434917,-0.0019378
2,33.7048,1807,4827,0.0434917,-0.0019378
2,121.245,55085,128124,0.0994928,-0.000805146
2,37.9252,1907,4828,0.0449713,-0.00222692
2,120.048,387061,198606,0.0990303,0.0094215
2,34.1229,1875,4963,0.0434917,-0.0019378
2,33.5335,1807,4828,0.0434917,-0.0019378
2,34.0722,1807,4896,0.0434917,-0.0019378
2,34.0033,1875,4963,0.0434917,-0.0019378
2,75.5356,336,372,0.0302317,0.00109725
2,105.728,544,476,0.0375867,0.00206026
2,2.11385,1053,3939,-0.017024,0.0274306
2,120.322,57117,197995,0.093198,-0.000206092
2,119.659,873,772,0.0379903,0.0020605
2,0.514123,1017,3963,-0.017024,0.0274306
2,5.76649,1153,4177,-0.0190938,0.0276977
2,65.6797,98113,150567,0.0432908,-0.000687821
2,33.9572,1738,4828,0.0449713,-0.00222692
2,33.2416,1807,4896,0.0434917,-0.0019378
2,31.0129,106363,52344,-0.0325576,-0.00192288
2,90.049,150816,313848,0.0305605,-0.00232667
2,34.0645,1807,4827,0.0434917,-0.0019378
2,13.1783,4059,8410,-0.0458582,-0.00118138
2,106.419,15402,41542,0.0111782,-0.00124099
2,0.211996,1153,4169,-0.0168874,0.0170863
2,1.96694,1153,4100,-0.0158501,0.0168192
2,121.582,22136,110646,0.204989,0.0306391
2,34.1324,1807,4828,0.0434917,-0.0019378
2,120.54,285302,558513,0.0987957,0.00645394
2,34.0334,1739,4761,0.0434917,-0.0019378
2,34.0873,1806,4895,0.0449713,-0.00222692
2,33.8316,6633,9100,0.0415792,-0.00592017
2,33.9663,1739,4760,0.0449713,-0.00222692
2,33.9615,5948,8897,0.0428205,-0.00190842
2,33.6991,1807,4896,0.0434917,-0.0019378
2,53.6336,178341,73201,0.00605625,0.00160409
2,2.0414,1085,4031,-0.017024,0.0274306
2,34.0815,1806,4827,0.0434917,-0.0019378
2,105.743,448,496,0.0313824,-1.16078e-05
2,0.90098,985,3872,-0.0168957,0.0276756
2,33.7444,1807,4827,0.0434917,-0.0019378
2,99.3395,419123,151229,0.00669527,0.0246429
2,120.013,193443,379363,0.0960655,0.00908724
2,33.6125,1807,4829,0.0434917,-0.0019378
2,105.743,448,496,0.0313824,-1.16078e-05
2,105.728,476,476,0.0375867,0.00206026
2,1.12594,1040,3567,-0.0180565,0.0274306
2,109.719,2.25748e+06,4.0208e+06,0.0467723,0.00921591
2,0.451526,1053,3941,-0.017024,0.0274306
2,6.497,985,3872,-0.0169538,0.0276756
2,120.821,434,448,0.127009,-1.16078e-05
2,0.790341,1053,3940,-0.017024,0.0274306
2,34.0806,1807,4896,0.0434917,-0.0019378
2,34.0802,1807,4896,0.0434917,-0.0019378
2,93.2567,490291,886940,0.0444416,0.00908724
2,120.495,32323,144088,0.0974728,-0.00407224
2,120.973,201446,40304,0.205073,0.0549953
2,122.036,13364,33000,0.46528,-0.00124767
2,25.9184,33239,70495,-0.0559588,0.000894526
2,33.7627,4222,7093,0.0428205,-0.00190842
2,41.6308,403098,212681,0.0442447,0.00709705
2,7.68908,5403,2913,-0.0310949,-0.00303917
2,120.209,24903,20784,0.098783,-0.00197727
2,121.502,24270,116903,0.215761,0.0294274
2,52.4836,547,360,0.0240975,-0.000110548
2,36.4367,16040,23620,0.0431712,-0.00154379
2,30.2085,186,112,-0.0256923,0.00108461
2,120.627,45047,33358,0.465236,0.00967599
2,33.6925,1738,4760,0.0449713,-0.00222692
2,34.0632,3929,6911,0.0428205,-0.00190842
2,33.8179,1807,4827,0.0434917,-0.0019378
2,34.1114,1807,4897,0.0434917,-0.0019378
2,120.01,164674,91399,0.096295,0.00227974
2,120.066,155962,218133,0.0987957,0.00194548
2,120.012,1.08279e+06,615785,0.0961039,0.00921591
2,120.537,54761,129214,0.0993355,-0.000858165
2,14.2301,893,3500,-0.0169558,0.0274306
2,120.69,78376,47468,0.465249,0.00971887
2,33.1828,1807,4829,0.0434917,-0.0019378
2,120.009,360723,198957,0.096295,0.0094215
2,105.162,671423,311429,0.04448,0.00921591
2,33.9687,1739,4761,0.0449713,-0.00222692
2,34.0866,1807,4896,0.0434917,-0.0019378
2,120.405,28768,57243,0.465278,0.00958749
2,33.3605,1807,4827,0.0434917,-0.0019378
2,0.751174,1538,4838,-0.0249044,-0.0110568
2,120.082,297310,623089,0.079367,0.0134664
2,120.434,25875,20741,0.098783,-0.00197727
2,122.014,21477,32021,0.092522,-0.00103178
2,34.0727,1807,4896,0.0434917,-0.0019378
2,34.075,1807,4828,0.0434917,-0.0019378
2,120.014,734429,344030,0.0961039,0.00921591
2,33.4677,6185,8835,0.0415792,-0.00592017
2,38.1282,12540,19230,0.0428155,-0.00190842
2,75.535,336,372,0.0302317,0.00109725
2,33.8049,1807,4895,0.0434917,-0.0019378
2,1.53623,917,3803,-0.0169074,0.0276756
2,5.76804,1153,4101,-0.0157919,0.0168192
2,33.8186,1806,4896,0.0434917,-0.0019378
2,34.3182,1942,6480,0.0306781,-0.00391091
2,120.218,40373,30600,0.465236,0.00966193
2,120.817,496,448,0.127009,-1.16078e-05
2,33.4531,8195,10527,0.0428205,-0.00190842
2,0.899516,1053,3940,-0.017024,0.0274306
2,0.130539,1020,3635,-0.0180565,0.0274306
2,34.0967,1738,4761,0.0449713,-0.00222692
2,34.0725,3959,6860,0.0428205,-0.00190842
2,120.26,40985,28895,0.465236,0.00966193
2,33.6655,1807,4829,0.0431643,-0.0019378
2,120.883,33690,104130,0.465285,0.00958749
2,33.7216,1739,4759,0.0449713,-0.00222692
2,123.077,22143,31865,0.0992833,-0.00197727
2,34.0813,1807,4829,0.0434917,-0.0019378
2,34.0469,1807,4896,0.0434917,-0.0019378
2,1.41005,1085,4032,-0.017024,0.0274306
2,33.7534,1807,4827,0.0434917,-0.0019378
2,33.349,1807,4896,0.0434917,-0.0019378
2,89.096,568,662,0.0417932,-0.00107276
2,34.0555,1807,4897,0.0434917,-0.0019378
2,34.3076,1831,4760,0.0393761,-0.00219754
2,4.88133,1141,4566,-0.017024,0.0274306
2,33.8425,1807,4828,0.0434917,-0.0019378
2,105.728,448,434,0.0313824,-1.16078e-05
2,120.033,467705,222405,0.0987957,0.00908724
2,34.2259,112094,72865,0.0442447,-4.47122e-05
2,34.075,1807,4895,0.0434917,-0.0019378
2,120.05,45071,31492,0.465236,0.00967599
2,124.147,12227,25643,0.46528,-0.00124767
2,34.0839,1807,4827,0.0434917,-0.0019378
2,35.1066,2604,4964,0.0378965,-0.00190842
2,34.2765,1875,4759,0.0434917,-0.0019378
2,4.05135,1579,4549,-0.0225914,-0.0118544
2,90.1538,152754,370174,0.0315121,0.00369138
2,0.546538,1085,4032,-0.0180565,0.0274306
2,34.0699,1875,4896,0.0434917,-0.0019378
2,34.0767,1807,4896,0.0434917,-0.0019378
2,120.029,281296,123712,0.462429,0.0243087
2,34.0758,1875,4965,0.0434917,-0.0019378
2,100.777,632844,302862,0.04448,0.00921591
2,33.9626,1807,4827,0.0434917,-0.0019378
2,98.1536,972783,502337,0.0452933,0.0108203
2,33.4472,1874,4896,0.0434917,-0.0019378
2,33.6421,1807,4896,0.0449713,-0.00222692
2,58.7057,432,526,0.042005,-0.0011717
2,34.0534,1806,4895,0.0434917,-0.0019378
2,120.007,311115,587966,0.0834865,0.00744839
2,1.4022,1153,4100,-0.0158501,0.0168192
2,120.722,158180,377888,0.0987957,-0.000687821
2,36.6866,1974,5032,0.0434917,-0.0019378
2,120.009,536164,273789,0.0961039,0.00921591
2,105.728,544,476,0.0375867,0.00206026
2,121.417,55345,109967,0.11518,-0.000805146
2,120.817,544,544,0.0909264,0.00206026
2,34.0686,1739,4827,0.0449713,-0.00222692
2,120.662,47867,91334,0.0988246,-0.000805146
2,104.702,298354,135214,0.00646573,0.0243087
2,33.9371,1807,4828,0.0434917,-0.0019378
2,120.016,361054,153463,0.459897,0.0246429
2,119.739,873,772,0.0379903,0.0020605
2,34.1273,1875,4895,0.0434917,-0.0019378
2,1.84852,1285,4634,-0.0238671,-0.0113239
2,18.2791,1579,4617,-0.0246411,-0.0110274
2,33.3186,1875,4896,0.0434917,-0.0019378
2,119.67,873,772,0.0379903,0.0020605
2,34.0739,2213,4829,0.0428205,-0.00190842
2,120.023,33451,41052,0.0953924,0.00188853
2,0.46574,1153,4101,-0.0158501,0.0168192
2,15.5935,5072,14399,-0.0234045,-0.0110274
2,91.7474,923346,488968,0.0439231,0.00921591
2,0.317658,1053,3939,-0.017024,0.0274306
2,33.1846,1807,4895,0.0434917,-0.0019378
2,35.4972,2446,4896,0.0428205,-0.00190842
2,120.453,38385,83421,0.0993355,-0.000872223
2,0.086799,1085,4032,-0.0180565,0.0274306
2,33.9623,1875,4964,0.0434917,-0.0019378
2,34.0797,1875,5021,0.0434917,-0.0019378
2,66.1474,129835,24754,0.0415698,0.00247974
2,120.252,131331,41456,0.079367,0.00632468
2,34.0377,1739,4827,0.0449713,-0.00222692
2,50.4471,133967,237079,0.0440372,-4.3341e-05
2,90.755,78775,132041,0.0432908,-0.000687821
2,125.376,5082,13339,0.100314,-0.00214982
2,19.2558,1579,4551,-0.0225914,-0.0118544
2,33.6557,1875,4964,0.0434917,-0.0019378
2,119.653,873,772,0.0379903,0.0020605
2,120.06,104794,192350,0.0990253,0.00227974
2,33.9638,7355,9870,0.0415792,-0.00592017
2,0.100961,1088,3703,-0.0180565,0.0274306
2,0.095457,964,3635,-0.0180565,0.0274306
2,0.196999,1032,3635,-0.0180565,0.0274306
2,105.913,493604,249889,0.0444416,0.00908724
2,38.7594,19600,27046,0.0431712,-0.000796002
2,120.028,380805,196450,0.0976502,0.0094215
2,120.369,26951,52013,0.465236,0.00966193
2,125.341,6239,10872,0.0996253,-0.00273414
2,1.9499,1085,4032,-0.017024,0.0274306
2,33.6835,1807,4827,0.0434917,-0.0019378
2,34.0713,1875,4897,0.0434917,-0.0019378
2,33.7071,1807,4897,0.0434917,-0.0019378
2,120.247,353945,222642,0.0987957,0.00908724
2,0.715477,1153,4099,-0.0158501,0.0168192
2,121.901,10317,18079,0.0996253,-0.00273414
2,120.676,128817,299696,0.0987957,-0.000687821
2,34.0553,1875,4964,0.0434917,-0.0019378
2,34.0973,1739,4760,0.0449713,-0.00222692
2,120.024,533882,280536,0.0961039,0.00921591
2,0.09888,1020,3635,-0.0180565,0.0274306
2,34.3978,10528,12193,0.0415792,-0.00592017
2,120,316984,548241,0.0963,0.0094215
2,120.869,156137,40200,0.454544,0.0100688
2,120.026,41512,207120,0.10849,0.00585903
2,34.075,1807,4827,0.0434917,-0.0019378
2,6.79927,1189,5531,-0.0173702,0.027678
2,33.2798,1807,4827,0.0449713,-0.00222692
2,34.0842,5807,8601,0.0428205,-0.00190842
2,34.0695,1808,4828,0.0434917,-0.0019378
2,120.046,659227,322217,0.0868389,0.0088472
2,33.6618,4362,7991,0.0428205,-0.00190842
2,34.0671,1807,4828,0.0434917,-0.0019378
2,120.355,32878,80963,0.0869678,-0.000159016
2,33.3168,1739,4827,0.0449713,-0.00222692
2,34.0922,1807,4897,0.0434917,-0.0019378
2,120.801,43790,31183,0.465236,0.00967599
2,105.664,898052,540922,0.04448,0.00921591
2,6.96828,1153,4032,-0.0158036,0.0168192
2,0.970244,1085,4032,-0.0180565,0.0274306
2,39.1509,4670,7437,0.0424931,-0.00190842
2,33.9324,1739,4828,0.0449713,-0.00222692
2,0.453871,985,3872,-0.0168957,0.0276756
2,34.0802,1875,4897,0.0434917,-0.0019378
2,107.825,656904,312528,0.0467723,0.00921591
2,90.1717,155729,286607,0.0435254,-0.000353557
2,0.122915,1032,3635,-0.0180565,0.0274306
2,19.2724,1090,1678,-0.0297274,0.00436825
2,2.85997,1153,4032,-0.0158501,0.0168192
2,34.2134,1875,4897,0.0434917,-0.0019378
2,33.4831,1807,4896,0.0434917,-0.0019378
2,120.038,31026,40082,0.098783,0.00188853
2,33.7219,1807,4829,0.0434917,-0.0019378
2,34.0827,1807,4829,0.0434917,-0.0019378
2,34.0863,1807,4896,0.0449713,-0.00222692
2,101.899,507361,882540,0.04448,0.00921591
2,0.296836,1153,4100,-0.0158501,0.0168192
2,33.7654,1807,4829,0.0434917,-0.0019378
2,0.48846,1153,4100,-0.0158501,0.0168192
2,74.1021,669,568,0.0354875,0.0020605
2,46.6475,16817,12674,0.0323699,-0.000648975
2,120.003,588628,294773,0.0961039,0.00921591
2,15.1041,136,68,-0.0259957,0.00444901
2,33.335,1875,4965,0.0434917,-0.0019378
2,120.049,317968,149543,0.465249,0.0243087
2,120.173,26277,43382,0.0994877,-0.00205171
2,33.4124,1875,4896,0.0434917,-0.0019378
2,97.9214,640,733,0.0313824,-1.16078e-05
2,122.195,18039,33689,0.171241,-0.00185401
2,34.0578,3596,6610,0.0424931,-0.00190842
2,33.992,1807,4896,0.0434917,-0.0019378
2,34.1317,1807,4827,0.0434917,-0.0019378
2,0.198703,1032,3635,-0.0180565,0.0274306
2,120.054,167970,328546,0.0987957,0.00194548
2,34.0811,1875,4896,0.0434917,-0.0019378
2,0.136523,964,3567,-0.0180565,0.0274306
2,120.587,24876,47085,0.465278,-0.00285825
2,28.3542,7705,10421,-0.0266964,-0.00303917
2,113.845,233227,140286,0.0460736,0.00908724
2,92.7562,840216,484695,0.04448,0.00921591
2,4.56191,1153,4176,-0.0179199,0.0170863
2,19.1013,985,3431,-0.0163209,0.0274306
2,33.2866,1807,4896,0.0434917,-0.0019378
2,120.042,189452,393107,0.0987957,0.0076477
2,34.002,1807,4827,0.0434917,-0.0019378
2,34.0867,1807,4827,0.0434917,-0.0019378
2,34.0635,1739,4829,0.0449713,-0.00222692
2,120.073,29235,54386,0.0994928,0.00181409
2,75.5351,336,372,0.0302317,0.00109725
2,33.7063,1875,4963,0.0434917,-0.0019378
2,120.071,453275,228338,0.0987957,0.00908724
2,36.7813,15293,22904,0.0431712,-0.00154379
2,0.142534,1100,3703,-0.0168827,0.0168192
2,33.465,1807,4828,0.0434917,-0.0019378
2,34.0547,1875,4896,0.0434917,-0.0019378
2,105.743,448,434,0.0313824,-1.16078e-05
2,9.55515,3775,1099,-0.0293125,-0.0184568
2,75.535,336,372,0.0302317,0.00109725
2,33.8186,1807,4828,0.0434917,-0.0019378
2,34.0646,1876,4963,0.0434917,-0.0019378
2,120.207,214654,50588,0.0864877,0.0310275
2,33.8507,1807,4897,0.0434917,-0.0019378
2,34.0848,1807,4896,0.0434917,-0.0019378
2,126.492,8646,15654,0.0975814,-0.00189007
2,120.316,33541,80442,0.465278,0.00958749
2,0.706605,1085,4032,-0.017024,0.0274306
2,33.9207,14893,14612,0.0421513,-0.00479682
2,33.4398,1739,4759,0.0449713,-0.00222692
2,34.1943,2457,4692,0.025083,-0.00388153
2,33.4071,1807,4828,0.0434917,-0.0019378
2,120.573,42643,111416,0.0795801,0.00585903
2,33.9342,1807,4896,0.0434917,-0.0019378
2,119.746,873,772,0.0379903,0.0020605
2,1.7926,1085,4101,-0.017024,0.0274306
2,0.12008,964,3567,-0.0180565,0.0274306
2,34.3122,1739,4828,0.0378965,-0.00190842
2,46.8213,80393,15345,0.0271294,0.0307448
2,5.10151,516,672,-0.0297274,0.00436825
2,0.467868,1153,4100,-0.0158501,0.0168192
2,120.201,675,544,0.0899779,0.0020605
2,119.624,873,772,0.0379903,0.0020605
2,39.7423,11455,9304,0.0452653,-0.00191697
2,120.011,183013,319622,0.0960655,0.00502253
2,0.107443,964,3567,-0.0180565,0.0274306
2,120.845,31090,27692,0.098783,0.00188853
2,120.296,29004,53737,0.0916808,0.00181409
2,49.6256,11580,8729,0.0452653,-0.00191697
2,33.5185,1807,4761,0.0375691,-0.00190842
2,33.7605,1807,4829,0.0434917,-0.0019378
2,119.96,805,1024,0.0435373,0.0020605
2,120.817,476,544,0.0909264,0.00206026
2,33.8973,1807,4897,0.0434917,-0.0019378
2,120.283,24856,47402,0.0925687,-0.00205171
2,52.3556,139029,242599,0.0440372,-4.3341e-05
2,33.4463,7779,10362,0.0428205,-0.00190842
2,33.7789,1807,4895,0.0434917,-0.0019378
2,33.6453,1876,4895,0.0434917,-0.0019378
2,52.0885,138157,247293,0.0440372,-4.3341e-05
2,120.038,267927,159150,0.0987957,0.00908724
2,1.74128,1153,4100,-0.0158501,0.0168192
2,33.9434,2641,5651,0.0428205,-0.00190842
2,34.0896,8155,10549,0.0415792,-0.00592017
2,0.139988,1032,3635,-0.0180565,0.0274306
2,34.1173,1807,4897,0.0434917,-0.0019378
2,0.16452,1032,3635,-0.0180565,0.0274306
2,33.8503,1875,4896,0.0434917,-0.0019378
2,38.761,113487,159112,0.0433769,-4.3341e-05
2,33.9447,1807,4896,0.0434917,-0.0019378
2,21.2777,8189,35531,-0.0283488,-0.00184354
2,0.109826,1032,3635,-0.0180565,0.0274306
2,33.7747,1875,4964,0.0434917,-0.0019378
2,33.3821,1807,4897,0.0434917,-0.0019378
2,36.6591,19786,30830,0.0431712,-0.000796002
2,119.734,873,772,0.0379903,0.0020605
2,120.602,99655,149271,0.0987957,0.00194548
2,34.0845,1875,4896,0.0434917,-0.0019378
2,120.849,24023,33976,0.098623,-0.00103178
2,33.2078,1807,4829,0.0434917,-0.0019378
2,34.0731,1807,4896,0.0434917,-0.0019378
2,120.254,105846,37792,0.465485,0.0100531
2,120.001,392678,194658,0.0963,0.0094215
2,22.0533,14327,8029,-0.0310996,-0.00303009
2,33.9139,1807,4895,0.0434917,-0.0019378
2,119.729,873,772,0.0379903,0.0020605
2,34.0878,1807,4827,0.0434917,-0.0019378
2,0.871955,1212,5189,-0.0196265,0.0269001
2,33.68,3499,6596,0.0428205,-0.00190842
2,123.127,26096,71947,0.465278,-0.00285825
2,33.6524,1807,4829,0.0434917,-0.0019378
2,1.85972,1153,4107,-0.0168695,0.0168324
2,34.0799,1808,4828,0.0434917,-0.0019378
2,43.041,218789,370996,0.0442447,0.00709705
2,90.6394,476,476,0.0417833,0.00206026
2,0.834869,1085,4099,-0.017024,0.0274306
2,88.6997,34879,57821,0.0432781,-0.000744765
2,120.277,26672,45428,0.465236,-0.00278381
2,120.817,496,448,0.127009,-1.16078e-05
2,33.7112,4672,7660,0.0428205,-0.00190842
2,120.018,318383,156344,0.459668,0.0243087
2,33.2331,1807,4895,0.0434917,-0.0019378
2,33.9052,1738,4760,0.0449713,-0.00222692
2,33.8941,1807,4829,0.0434917,-0.0019378
2,1.95484,1141,4633,-0.017024,0.0274306
2,34.1046,1808,4895,0.0434917,-0.0019378
2,34.0181,1875,4897,0.0434917,-0.0019378
2,33.1945,1806,4827,0.0434917,-0.0019378
2,34.1565,1875,4963,0.0434917,-0.0019378
2,89.7868,132532,308101,0.0315121,0.00369138
2,33.2015,1807,4827,0.0434917,-0.0019378
2,33.7035,1808,4829,0.0434917,-0.0019378
2,34.087,1739,4827,0.0449713,-0.00222692
2,33.8597,1807,4827,0.0434917,-0.0019378
2,119.149,743815,350837,0.0467723,0.00921591
2,33.3778,1807,4827,0.0434917,-0.0019378
2,94.6359,867678,493755,0.04448,0.00921591
2,106.115,1.05293e+06,568390,0.04448,0.00921591
2,93.1232,870566,486081,0.04448,0.00921591
2,120.817,496,448,0.127009,-1.16078e-05
2,33.4229,1807,4897,0.0434917,-0.0019378
2,0.234127,1085,4099,-0.017024,0.0274306
2,33.2487,1806,4829,0.0434917,-0.0019378
2,34.0933,5737,8131,0.0428205,-0.00190842
2,4.7031,1053,3940,-0.017024,0.0274306
2,34.0458,1807,4897,0.0434917,-0.0019378
2,120.257,38375,24414,0.0981644,-0.000819205
2,120.832,504,496,0.132176,-1.16078e-05
2,91.9379,928879,490654,0.04448,0.00921591
2,33.9606,1807,4896,0.0434917,-0.0019378
2,34.0264,1875,4964,0.0434917,-0.0019378
2,34.0636,1806,4829,0.0434917,-0.0019378
2,0.176117,985,3871,-0.0169538,0.0276756
2,120.016,283678,57889,0.0855241,0.0298159
2,105.61,257104,505274,0.0444416,0.00645394
2,91.4455,484840,960455,0.0439762,0.0094215
2,2.51904,1053,3940,-0.017024,0.0274306
2,33.7054,1807,4896,0.0434917,-0.0019378
2,33.6295,1807,4828,0.0449713,-0.00222692
2,120.613,226128,141995,0.0981355,0.00645394
2,1.04493,1085,4100,-0.017024,0.0274306
2,96.9051,873813,496550,0.04448,0.00921591
2,120.009,198731,387060,0.0963,0.0094215
2,33.1806,4784,7607,0.0428205,-0.00190842
2,1.26523,1053,3939,-0.017024,0.0274306
2,109.293,16999,26266,0.0111782,-0.00124099
2,120.085,80230,154784,0.0987957,0.00194548
2,34.0591,1875,5021,0.0434917,-0.0019378
2,34.1021,1874,4895,0.0434917,-0.0019378
2,93.8317,787052,489705,0.04448,0.00921591
2,33.3338,1807,4895,0.0434917,-0.0019378
2,135.036,23221,45421,0.0981644,-0.00110622
2,90.3303,97434,192062,0.0435254,-0.000353557
2,0.180494,1032,3635,-0.0180565,0.0274306
2,0.350533,1153,4099,-0.0158501,0.0168192
2,105.728,408,476,0.0375867,0.00206026
2,0.015685,68,68,-0.0294747,0.00444901
2,0.132271,1032,3635,-0.0180565,0.0274306
2,39.1752,408206,206799,0.0440321,0.00709842
2,33.8655,2415,4896,0.0428205,-0.00190842
2,90.176,63702,124754,0.045092,-0.000858165
2,58.6453,432,526,0.042005,-0.0011717
2,95.3629,494105,847619,0.0444416,0.00908724
2,0.171753,1153,4169,-0.0179199,0.0170863
2,33.2218,1875,4897,0.0434917,-0.0019378
2,33.9477,1806,4896,0.0434917,-0.0019378
2,121.543,18746,29801,0.0919034,-0.00185401
2,33.2093,1807,4828,0.0434917,-0.0019378
2,34.0635,1807,4828,0.0434917,-0.0019378
2,120.024,300103,146572,0.459668,0.0243087
2,34.0954,1807,4828,0.0434917,-0.0019378
2,120.909,140166,39545,0.465158,0.0100531
2,33.199,1808,4829,0.0434917,-0.0019378
2,33.7689,8389,10866,0.0415792,-0.00592017
2,1.26199,1153,4100,-0.0158501,0.0168192
2,33.3705,1876,4964,0.0434917,-0.0019378
2,52.5944,547,360,0.0240975,-0.000110548
2,0.12,964,3567,-0.0180565,0.0274306
2,91.0366,96275,193612,0.0435254,-0.000353557
2,33.994,1807,4828,0.0434917,-0.0019378
2,34.0644,1807,4827,0.0434917,-0.0019378
2,121.165,16152,27667,0.0975777,-0.00188339
2,2.41962,985,3872,-0.0168957,0.0276756
2,120.429,43258,32165,0.465236,0.00966193
2,34.0873,1875,4896,0.0434917,-0.0019378
2,34.0888,1807,4827,0.0434917,-0.0019378
2,75.535,336,372,0.0302317,0.00109725
2,99.7503,867550,488929,0.04448,0.00921591
2,30.3423,312551,161223,-0.0312996,0.0051831
2,33.3785,1875,4895,0.0434917,-0.0019378
2,33.4589,1806,4829,0.0434917,-0.0019378
2,0.146289,1032,3635,-0.0180565,0.0274306
2,33.7831,1807,4828,0.0434917,-0.0019378
2,0.082408,1443,4290,-0.0229665,-0.0118413
2,33.773,1738,4759,0.0449713,-0.00222692
2,15.11,985,3432,-0.0163209,0.0274306
2,42.9238,1189,4225,0.0207945,0.00743527
2,33.3843,1807,4829,0.0434917,-0.0019378
2,18.3663,1647,4685,-0.0246411,-0.0110274
2,0.645847,1085,4031,-0.017024,0.0274306
2,121.566,11634,22084,0.0975814,-0.00189007
2,33.9602,1739,4760,0.0449713,-0.00222692
2,34.1755,1807,4897,0.0434917,-0.0019378
2,120.009,749898,349586,0.0961039,0.00921591
2,34.0952,1808,4829,0.0434917,-0.0019378
2,120.917,235880,348950,0.0987957,0.00908724
2,33.6772,1807,4897,0.0434917,-0.0019378
2,105.467,942665,539364,0.04448,0.00921591
2,33.86,1875,4896,0.0434917,-0.0019378
2,3.81213,985,3872,-0.0169538,0.0276756
2,120.817,544,544,0.0909264,0.00206026
2,33.2788,1806,4829,0.0434917,-0.0019378
2,33.4115,1807,4828,0.0434917,-0.0019378
2,2.0575,1085,4032,-0.017024,0.0274306
2,33.8862,4798,7620,0.0428205,-0.00190842
2,33.6602,1943,5090,0.0434917,-0.0019378
2,120.752,44767,81339,0.098783,0.00190259
2,120.054,688671,325013,0.0988341,0.00921591
2,0.105786,1100,3703,-0.0168827,0.0168192
2,119.757,873,772,0.0379903,0.0020605
2,33.9988,1806,4896,0.0434917,-0.0019378
2,33.5701,5712,8586,0.0415792,-0.00592017
2,120.817,544,544,0.0909264,0.00206026
2,120.582,46500,26039,0.464908,0.00967599
2,105.743,448,496,0.0313824,-1.16078e-05
2,12.3992,69249,46009,-0.031292,-0.00198123
2,58.6153,432,526,0.042005,-0.0011717
2,120.035,43306,32795,0.465236,0.00967599
2,0.558531,1153,4100,-0.0158501,0.0168192
2,120.817,544,544,0.0909264,0.00206026
2,103.581,698616,912361,0.0287529,0.010148
2,33.747,1807,4827,0.0434917,-0.0019378
2,34.0996,1807,4897,0.0434917,-0.0019378
2,0.11413,1032,3635,-0.0180565,0.0274306
2,120.715,46117,32325,0.465236,0.00967599
2,34.1249,1807,4828,0.0434917,-0.0019378
2,34.0837,1807,4828,0.0434917,-0.0019378
2,120.672,79475,46873,0.171212,0.00194548
2,34.0879,1806,4828,0.0434917,-0.0019378
2,3.1605,1153,4167,-0.0168874,0.0170863
2,33.9477,1875,4963,0.0434917,-0.0019378
2,34.0753,1874,4897,0.0434917,-0.0019378
2,34.0628,7568,10948,0.0428205,-0.00190842
2,34.0729,1875,4895,0.0434917,-0.0019378
2,1.41955,1085,4099,-0.017024,0.0274306
2,10.7175,985,3423,-0.0169558,0.0274306
2,58.7784,432,526,0.042005,-0.0011717
2,0.775528,1153,4100,-0.0158501,0.0168192
2,0.544217,1085,4033,-0.017024,0.0274306
2,33.3285,1875,4895,0.0434917,-0.0019378
2,4.10168,516,672,-0.0301156,0.00436825
2,34.0592,1807,4827,0.0434917,-0.0019378
2,106.539,21591,100778,0.0557604,0.0306391
2,3.18838,1512,4481,-0.0225914,-0.0118544
2,122.128,25435,70552,0.0925377,-0.00314046
2,2.28049,985,3873,-0.0169074,0.0276756
2,120.032,56060,174541,0.0795801,0.00587309
2,33.57,1807,4827,0.0434917,-0.0019378
2,33.8765,1875,4964,0.0434917,-0.0019378
2,120.887,42436,29081,0.133361,0.0609034
2,34.0803,1807,4828,0.0434917,-0.0019378
2,33.662,1875,4896,0.0434917,-0.0019378
2,37.1223,12518,19866,0.0428155,-0.00190842
2,33.3448,1807,4829,0.0434917,-0.0019378
2,34.1746,1808,4896,0.0434917,-0.0019378
2,120.258,47803,106033,0.0795801,0.00587309
2,15.104,136,68,-0.0259957,0.00444901
2,0.589751,1153,4100,-0.0158501,0.0168192
2,34.0725,1807,4828,0.0434917,-0.0019378
2,120.829,340275,199104,0.0987957,0.00908724
2,33.7845,12810,14321,0.0417956,-0.00516145
2,2.15741,1141,4634,-0.017024,0.0274306
2,2.1172,1053,3940,-0.0169775,0.0274306
2,33.3697,1807,4897,0.0434917,-0.0019378
2,121.975,18091,27060,0.092522,-0.00272506
2,120.311,428673,275967,0.0987957,0.00908724
2,2.2923,1153,4167,-0.0168874,0.0170863
2,120.355,286445,177518,0.0987957,0.00645394
2,123.59,23947,45039,0.09933,-0.00110622
2,33.3438,1875,4897,0.0434917,-0.0019378
2,0.109689,964,3567,-0.0180565,0.0274306
2,74.175,669,568,0.0354875,0.0020605
2,120.835,74647,42302,0.0984683,0.00194548
2,0.153504,1032,3635,-0.0180565,0.0274306
2,33.5337,1739,4760,0.0449713,-0.00222692
2,90.4366,156121,287513,0.0435254,-0.000353557
2,91.852,849800,491967,0.04448,0.00921591
2,33.6563,5223,7843,0.0428205,-0.00190842
2,18.5846,1647,4744,-0.0297245,-0.0176298
2,121.733,240976,153828,0.098365,0.00678821
2,120.022,683161,320231,0.0772589,0.0148652
2,120.044,380336,196233,0.0990303,0.0094215
2,0.371972,1085,4031,-0.017024,0.0274306
2,1.97352,1053,3940,-0.0169775,0.0274306
2,120.199,26679,19297,0.098783,-0.00197727
2,90.6241,476,408,0.0358149,0.00206026
2,0.12839,1032,3635,-0.0180565,0.0274306
2,34.0415,1807,4896,0.0434917,-0.0019378
2,34.0835,1807,4827,0.0434917,-0.0019378
2,33.8264,1807,4897,0.0434917,-0.0019378
2,120.616,203837,341850,0.0987957,0.00908724
2,34.0895,1806,4895,0.0434917,-0.0019378
2,120.521,181181,313661,0.0987957,0.00341809
2,67.7548,547,472,0.0238857,-1.16078e-05
2,4.13872,1579,4617,-0.0233917,-0.0110274
2,9.88336,1053,3939,-0.017024,0.0274306
2,18.8593,1646,4687,-0.0246411,-0.0110274
2,33.3949,1807,4895,0.0434917,-0.0019378
2,0.302933,964,3567,-0.0180565,0.0274306
2,34.232,1807,4895,0.0449713,-0.00222692
2,90.0809,83480,140489,0.0396961,-0.000353557
2,6.50269,985,3872,-0.0169538,0.0276756
2,120.034,182654,436961,0.465478,0.01634
2,2.89795,1085,4033,-0.017024,0.0274306
2,34.0688,1806,4896,0.0449713,-0.00222692
2,6.48561,1237,4100,-0.0178518,0.0170863
2,0.127409,964,3567,-0.0180565,0.0274306
2,120.063,510714,184468,0.4661,0.0260417
2,15.1039,124,56,-0.015594,0.00108461
2,33.5041,1807,4827,0.0434917,-0.0019378
2,34.0798,1807,4828,0.0434917,-0.0019378
2,105.728,544,476,0.0375867,0.00206026
2,120.012,567409,253384,0.0961039,0.00921591
2,33.3671,1807,4828,0.0434917,-0.0019378
2,121.243,16171,27731,0.0975777,-0.00188339
2,30.7917,69815,103694,-0.031292,-0.00198123
2,33.7138,5928,8753,0.0415792,-0.00592017
2,120.051,397142,154167,0.465478,0.0246429
2,0.462213,1153,4100,-0.0158501,0.0168192
2,120.776,43305,32661,0.465236,0.00967599
2,121.367,29634,99617,0.0925377,-0.0028606
2,120.061,422161,746967,0.0987957,0.00908724
2,120.789,98092,153787,0.0987957,0.00194548
2,22.3498,1053,3500,-0.0163209,0.0274306
2,120.633,46121,78887,0.171199,0.00190259
2,120.058,109330,171587,0.0987957,0.00194548
2,0.429848,1085,4099,-0.017024,0.0274306
2,52.7032,88925,173376,0.0440372,-4.3341e-05
2,34.0653,1808,4827,0.0434917,-0.0019378
2,58.6961,432,526,0.042005,-0.0011717
2,33.191,1806,4828,0.0434917,-0.0019378
2,90.721,33106,56099,0.0433248,0.00181409
2,22.7584,917,3432,-0.0163209,0.0274306
2,34.0616,1876,4896,0.0434917,-0.0019378
2,91.4118,487979,795296,0.0437467,0.00908724
2,120.026,379050,194520,0.0963,0.0094215
2,119.826,42100,70479,0.0467211,-0.000744765
2,93.8306,929115,490042,0.04448,0.00921591
2,1.52869,985,3872,-0.0169538,0.0276756
2,34.0769,1807,4828,0.0449713,-0.00222692
2,33.3011,1738,4828,0.0449713,-0.00222692
2,120.796,400219,258227,0.0987957,0.00908724
2,34.3551,1807,4827,0.0434917,-0.0019378
2,34.1024,1807,4896,0.0434917,-0.0019378
2,5.78109,985,3872,-0.0169538,0.0276756
2,0.475421,1053,3940,-0.017024,0.0274306
2,120.004,757274,354798,0.0961039,0.00921591
2,3.20213,917,3804,-0.0169538,0.0276756
2,104.541,286302,185875,0.0444416,0.00908724
2,121.731,7852,16883,0.0920734,-0.0018607
2,2.61137,1053,3949,-0.0180565,0.0274306
2,119.568,873,772,0.0379903,0.0020605
2,120.015,591916,291291,0.0961039,0.00921591
2,33.8303,1807,4828,0.0434917,-0.0019378
2,34.0585,4539,7522,0.0428205,-0.00190842
2,0.499515,1153,4167,-0.0168874,0.0170863
2,107.19,25163,46194,0.0429385,-0.00110622
2,99.2548,495148,878726,0.0444416,0.00908724
2,33.7196,1807,4829,0.0434917,-0.0019378
2,11.99,2959,2058,-0.0324141,-0.00306855
2,120.038,26320,20177,0.098783,-0.00197727
2,34.0889,1806,4829,0.0434917,-0.0019378
2,34.0736,1875,4964,0.0434917,-0.0019378
2,36.5802,19337,26109,0.0431712,-0.00154379
2,94.1333,494449,964866,0.0446712,0.0094215
2,34.0853,4079,7026,0.0428205,-0.00190842
2,120.684,74942,47720,0.465478,0.0100531
2,34.0758,2761,5954,0.0428205,-0.00190842
2,34.0654,1807,4895,0.0434917,-0.0019378
2,0.093482,1032,3635,-0.0180565,0.0274306
2,33.2523,1807,4828,0.0434917,-0.0019378
2,35.2523,2214,6481,0.0378965,-0.00190842
2,33.8015,5137,7749,0.0428205,-0.00190842
2,119.492,873,772,0.0379903,0.0020605
2,33.6961,1808,4828,0.0434917,-0.0019378
2,34.0704,1807,4896,0.0434917,-0.0019378
2,47.2803,123097,188167,0.0442497,-4.47122e-05
2,0.652119,1153,4167,-0.0168874,0.0170863
2,33.6298,1807,4829,0.0434917,-0.0019378
2,1.55949,1017,3964,-0.017024,0.0274306
2,33.7292,2684,5499,0.0428205,-0.00190842
2,120.016,708437,341929,0.0961039,0.00921591
2,49.6763,133985,216776,0.0442497,-4.47122e-05
2,34.0753,3172,6224,0.0428205,-0.00190842
2,120.033,111142,211989,0.0987957,0.00194548
2,33.3387,1807,4827,0.0434917,-0.0019378
2,1.05093,1085,4031,-0.017024,0.0274306
2,33.4633,1807,4829,0.0434917,-0.0019378
2,0.099827,1100,3703,-0.0168827,0.0168192
2,90.1323,94963,186674,0.0396975,-0.000353557
2,34.0708,1875,4896,0.0434917,-0.0019378
2,33.7673,1807,4896,0.0434917,-0.0019378
2,19.3457,10267,48988,-0.0287709,-0.017698
2,105.728,544,476,0.0375867,0.00206026
2,33.9159,4912,7606,0.0428205,-0.00190842
2,37.3037,4595,8015,0.0428155,-0.00190842
2,120.809,496,448,0.127009,-1.16078e-05
2,122.28,26583,47747,0.465278,0.000286685
2,33.7255,1807,4827,0.0434917,-0.0019378
2,34.0813,1874,4895,0.0434917,-0.0019378
2,33.223,1808,4827,0.0434917,-0.0019378
2,0.179464,1085,4032,-0.017024,0.0274306
2,120.475,27175,45104,0.465236,0.00966193
2,126.553,8645,15687,0.0975814,-0.00189007
2,15.1289,136,136,-0.0294747,0.00444901
2,0.71136,1053,3939,-0.0169775,0.0274306
2,120.929,164061,41364,0.454544,0.0100688
2,34.0726,1806,4897,0.0434917,-0.0019378
2,0.446412,1085,4031,-0.017024,0.0274306
2,34.0553,1807,4827,0.0434917,-0.0019378
2,0.102094,964,3567,-0.0180565,0.0274306
2,34.0923,1807,4827,0.0434917,-0.0019378
2,0.74561,1085,4032,-0.017024,0.0274306
2,34.0563,1807,4896,0.0434917,-0.0019378
2,34.0818,1807,4896,0.0434917,-0.0019378
2,0.156155,1088,3703,-0.0180565,0.0274306
2,105.744,448,496,0.0313824,-1.16078e-05
2,33.3136,1807,4896,0.0434917,-0.0019378
2,33.2661,1806,4895,0.0434917,-0.0019378
2,120.542,79986,43180,0.0984683,0.00194548
2,73.6688,123471,232373,0.0452912,-0.000406576
2,120.668,46526,124214,0.0795801,0.00587309
2,2.77164,1085,4032,-0.017024,0.0274306
2,46.3919,134308,271509,0.0442447,-4.47122e-05
2,120.264,266048,507081,0.0987957,0.00908724
2,108.485,21812,107596,0.0557604,0.0306391
2,33.3309,1739,4759,0.0449713,-0.00222692
2,104.476,55764,103194,0.0444288,-0.000730706
2,18.5308,1579,4550,-0.0225914,-0.0118544
2,105.743,448,496,0.0313824,-1.16078e-05
2,34.0579,1806,4895,0.0434917,-0.0019378
2,34.0857,1875,4963,0.0434917,-0.0019378
2,33.7646,1943,4964,0.0434917,-0.0019378
2,38.0461,4927,7786,0.040663,-0.00509317
2,90.1749,152110,282286,0.0435254,-0.000353557
2,33.5441,1807,4828,0.0434917,-0.0019378
2,34.064,1807,4897,0.0434917,-0.0019378
2,1.58735,1053,3940,-0.017024,0.0274306
2,120.052,50632,112451,0.0795801,0.00587309
2,34.2343,1807,4827,0.0434917,-0.0019378
2,93.789,826554,483837,0.04448,0.00921591
2,105.743,448,496,0.0313824,-1.16078e-05
2,120.022,72846,117427,0.0960655,0.00194548
2,34.0724,1807,4896,0.0434917,-0.0019378
2,120.04,354262,157753,0.465249,0.0243087
2,0.158497,1032,3635,-0.0180565,0.0274306
2,90.1127,94030,186939,0.0435254,-0.000353557
2,1.29825,1161,4032,-0.0180565,0.0274306
2,120.007,159859,42610,0.448964,0.0100688
2,120.005,190457,304876,0.0960655,0.0076477
2,0.455091,1256,3783,-0.0180612,0.0276977
2,33.8367,2136,4965,0.0434917,-0.0019378
2,119.783,873,772,0.0379903,0.0020605
2,120.159,31739,27929,0.098783,0.00188853
2,33.9595,1807,4895,0.0434917,-0.0019378
2,33.9424,1874,4965,0.0434917,-0.0019378
2,34.1442,1808,4896,0.0434917,-0.0019378
2,120,468812,177653,0.459897,0.0246429
2,120.038,246563,158102,0.0987957,0.00908724
2,33.9491,1807,4897,0.0434917,-0.0019378
2,0.101117,1032,3635,-0.0180565,0.0274306
2,119.501,873,772,0.0379903,0.0020605
2,34.0432,7406,9764,0.0415792,-0.00592017
2,100.446,885433,534602,0.04448,0.00921591
2,120.076,11791,20849,0.09758,-0.00189007
2,66.072,415094,198107,0.0432908,0.00645394
2,33.591,1807,4896,0.0449713,-0.00222692
2,50.7201,174673,113177,0.0442447,-4.47122e-05
2,34.04,4581,8102,0.0428205,-0.00190842
2,33.5303,1875,4897,0.0434917,-0.0019378
2,33.7571,1807,4897,0.0434917,-0.0019378
2,33.775,1807,4828,0.0434917,-0.0019378
2,0.112595,964,3567,-0.0180565,0.0274306
2,120.661,54012,121543,0.0994928,-0.000805146
2,34.0728,1807,4828,0.0434917,-0.0019378
2,0.501711,1141,4635,-0.0169775,0.0274306
2,33.7695,1807,4895,0.0434917,-0.0019378
2,38.2482,14964,21780,0.0431712,-0.00154379
2,33.2665,1807,4759,0.0449713,-0.00222692
2,94.96,495558,845934,0.0444416,0.00908724
2,120.817,496,448,0.127009,-1.16078e-05
2,120.238,458603,245035,0.0987957,0.00908724
2,120.851,33839,28551,0.098783,0.00188853
2,120.63,77713,45649,0.171212,0.00194548
2,120.033,743558,349790,0.0988341,0.00921591
2,0.23309,1153,4099,-0.0158501,0.0168192
2,120.662,79264,46309,0.171212,0.00194548
2,34.0882,1806,4897,0.0434917,-0.0019378
2,1.02911,1053,3940,-0.017024,0.0274306
2,120.023,330557,189282,0.0960655,0.00908724
2,33.5676,1807,4828,0.0434917,-0.0019378
2,55.2822,6015,11717,0.0428155,-0.00190842
2,33.8613,1875,4896,0.0434917,-0.0019378
2,0.072988,1032,3635,-0.0180565,0.0274306
2,3.59773,1085,4033,-0.017024,0.0274306
2,33.3738,1807,4829,0.0434917,-0.0019378
2,0.176042,1443,4358,-0.0229796,-0.0118544
2,33.6425,1807,4897,0.0434917,-0.0019378
2,122.626,20670,33014,0.0986647,-0.00110622
2,120.583,358489,234098,0.0987957,0.00908724
2,103.175,839162,503707,0.04448,0.00921591
2,120.297,67892,39187,0.0984555,0.00190259
2,33.9854,1807,4896,0.0434917,-0.0019378
2,33.9161,1875,4897,0.0434917,-0.0019378
2,38.4222,2180,3390,0.0421824,-0.00188759
2,120.774,23010,45088,0.0988246,-0.00110622
2,34.0615,1808,4828,0.0434917,-0.0019378
2,120.068,125466,37709,0.465158,0.0100531
2,33.2122,1807,4896,0.0434917,-0.0019378
2,89.2424,15359,20120,0.0426595,-0.00185401
2,33.6819,1875,4964,0.0434917,-0.0019378
2,120.647,44605,30528,0.464908,0.00967599
2,33.5449,7349,9666,0.0415792,-0.00592017
2,120,193097,384514,0.0963,0.0094215
2,26.8491,45241,84307,-0.0313122,-0.00200286
2,34.0769,1739,4827,0.0449713,-0.00222692
2,34.0706,1807,4896,0.0434917,-0.0019378
2,105.728,496,392,0.025985,-1.18441e-05
2,105.743,448,496,0.0313824,-1.16078e-05
2,33.1955,1875,4965,0.0434917,-0.0019378
2,119.758,873,772,0.0379903,0.0020605
2,1.34877,1017,3965,-0.017024,0.0274306
2,33.4284,1807,4896,0.0434917,-0.0019378
2,33.5837,1875,4897,0.0434917,-0.0019378
2,45.615,164960,110677,0.0442447,-4.47122e-05
2,121.537,32055,136415,0.0974728,-0.00407224
2,33.3329,1739,4760,0.0449713,-0.00222692
2,120.04,750415,357506,0.0988341,0.00921591
2,33.7876,1807,4896,0.0434917,-0.0019378
2,33.8101,1874,4896,0.0434917,-0.0019378
2,34.0727,1806,4759,0.0449713,-0.00222692
2,120.051,192853,360551,0.0990253,0.00798196
2,120.015,262848,54246,0.0855241,0.0298159
2,58.9174,526,364,0.0356992,-0.0011717
2,33.7226,1739,4760,0.0449713,-0.00222692
2,0.281501,1153,4100,-0.0158501,0.0168192
2,120.031,318550,608346,0.0862167,0.00744839
2,120.064,291962,506598,0.0990303,0.0094215
2,2.57178,1085,4100,-0.017024,0.0274306
2,2.17909,1153,4150,-0.0180565,0.0274306
2,36.1189,9405,15629,0.0428155,-0.00190842
2,34.0643,1806,4895,0.0434917,-0.0019378
2,33.3793,1807,4828,0.0434917,-0.0019378
2,33.411,1875,5088,0.0434917,-0.0019378
2,120.04,193433,353320,0.0990303,0.0094215
2,120.551,156409,362535,0.0987957,-0.000687821
2,30.2081,186,112,-0.0256923,0.00108461
2,0.10241,1100,3703,-0.0168827,0.0168192
2,33.6237,1874,4964,0.0434917,-0.0019378
2,92.7942,485771,853449,0.0444416,0.00908724
2,33.8329,1806,4897,0.0434917,-0.0019378
2,33.8984,1807,4895,0.0434917,-0.0019378
2,120.616,162233,266726,0.0987957,0.00194548
2,33.8763,1875,4964,0.0434917,-0.0019378
2,34.0189,4696,7674,0.0428205,-0.00190842
2,33.5347,2235,4827,0.0434917,-0.0019378
2,34.0628,2234,4897,0.0378965,-0.00190842
2,33.8289,1807,4897,0.0434917,-0.0019378
2,1.75578,1983,4100,-0.0238671,-0.0113239
2,33.307,1807,4829,0.0434917,-0.0019378
2,33.5764,1807,4896,0.0434917,-0.0019378
2,120.817,496,448,0.127009,-1.16078e-05
2,94.2996,495150,857771,0.0444416,0.00908724
2,120.817,434,448,0.127009,-1.16078e-05
2,120.576,74885,42964,0.0984683,0.00194548
2,0.082103,1444,4289,-0.0229665,-0.0118413
2,34.082,1807,4827,0.0434917,-0.0019378
2,74.2309,669,568,0.0354875,0.0020605
2,37.1215,16405,22322,0.0431712,-0.00154379
2,59.1913,568,533,0.0422488,0.00101511
2,120.027,45302,191461,0.0857371,-0.00142488
2,33.3785,1807,4896,0.0434917,-0.0019378
2,120.55,76456,139982,0.0981355,-0.000687821
2,34.0693,4572,7441,0.0428205,-0.00190842
2,97.897,640,671,0.0313824,-1.16078e-05
2,33.8779,1875,4895,0.0434917,-0.0019378
2,120.003,744651,351048,0.0961039,0.00921591
2,0.086332,1088,3703,-0.0180565,0.0274306
2,109.724,1.19697e+06,586716,0.0475856,0.0108203
2,34.3474,1883,4897,0.0434917,-0.0019378
2,34.0888,12924,14323,0.0417956,-0.00516145
2,0.196981,1032,3635,-0.0180565,0.0274306
2,33.2028,1874,4965,0.0434917,-0.0019378
2,33.2508,1739,4827,0.0449713,-0.00222692
2,0.742871,973,3829,-0.0169074,0.0276756
2,90.4189,58235,33009,0.0394537,-0.000730706
2,58.8599,432,526,0.042005,-0.0011717
2,120.014,201198,406221,0.0963,0.0094215
2,13.4817,228,322,-0.0304973,0.00433887
2,0.497302,1141,4633,-0.0180101,0.0274306
2,0.146418,964,3567,-0.0180565,0.0274306
2,74.2028,669,568,0.0354875,0.0020605
2,43.83,364,458,0.042005,0.00222734
2,54.7682,147636,251322,0.0442497,-4.47122e-05
2,120.011,202093,408666,0.0963,0.0094215
2,0.415709,1153,4100,-0.0158501,0.0168192
2,33.682,1806,4827,0.0449713,-0.00222692
2,119.649,873,772,0.0379903,0.0020605
2,120.817,544,544,0.0909264,0.00206026
2,0.576657,1085,4101,-0.017024,0.0274306
2,105.753,544,544,0.0435551,0.00206026
2,33.9374,6316,8829,0.0428205,-0.00190842
2,120.929,44312,32741,0.133361,0.0609174
2,33.2495,1807,4896,0.0434917,-0.0019378
2,0.113398,1020,3635,-0.0180565,0.0274306
2,33.2242,1807,4895,0.0434917,-0.0019378
2,75.5193,408,340,0.0358149,0.00206026
2,4.08923,1579,4617,-0.0233917,-0.0110274
2,120.637,76173,45399,0.171212,0.00194548
2,34.0826,1807,4896,0.0434917,-0.0019378
2,33.7021,1874,4896,0.0434917,-0.0019378
2,2.24933,1085,4032,-0.0180565,0.0274306
2,120.762,49836,85679,0.098783,-0.000730706
2,0.117453,964,3567,-0.0180565,0.0274306
2,33.6749,1739,4829,0.0449713,-0.00222692
2,120.769,34026,28547,0.098783,0.00188853
2,120.04,370678,152926,0.465478,0.0246429
2,34.0715,1807,4897,0.0434917,-0.0019378
2,122.515,42525,75437,0.171199,0.00188853
2,49.2812,483897,263270,0.0442447,0.00709705
2,33.6751,1808,4828,0.0434917,-0.0019378
2,1.87149,1053,3940,-0.0169775,0.0274306
2,34.0774,1807,4896,0.0434917,-0.0019378
2,101.494,262907,632819,0.0326629,0.0134664
2,123.814,18178,41935,0.465278,-0.00124099
2,109.461,518011,286269,0.0475906,0.0108203
2,34.0826,1806,4827,0.0434917,-0.0019378
2,33.7617,1807,4896,0.0434917,-0.0019378
2,120.732,43438,32292,0.465236,0.00967599
2,120.838,49207,91700,0.0869678,-0.000144957
2,33.8619,1875,4963,0.0434917,-0.0019378
2,0.930797,1017,4031,-0.0169775,0.0274306
2,33.4129,1740,4827,0.0449713,-0.00222692
2,33.5825,1739,4760,0.0449713,-0.00222692
2,86.3548,117912,30524,0.0267679,-0.00232667
2,0.533628,1017,3963,-0.0180565,0.0274306
2,33.2216,1807,4896,0.0434917,-0.0019378
2,33.4058,1739,4827,0.0449713,-0.00222692
2,33.9604,1807,4827,0.0434917,-0.0019378
2,34.058,1806,4895,0.0434917,-0.0019378
2,1.25086,917,3803,-0.0169538,0.0276756
2,120.692,47341,85565,0.098783,0.00190259
2,5.13377,1153,4167,-0.0168874,0.0170863
2,119.23,798,704,0.0379903,0.00101511
2,34.1735,1739,4828,0.0449713,-0.00222692
2,34.0328,1875,4896,0.0434917,-0.0019378
2,22.0379,985,3431,-0.0163209,0.0274306
2,34.074,3595,6474,0.0428205,-0.00190842
2,120.681,42151,31274,0.465236,0.00966193
2,121.424,55147,125890,0.11518,-0.000805146
2,65.0347,24682,95774,0.0315636,-0.00314761
2,120.107,47477,196297,0.0974728,-0.00142488
2,33.82,1807,4828,0.0434917,-0.0019378
2,33.2927,1875,4964,0.0434917,-0.0019378
2,33.4867,1807,4827,0.0434917,-0.0019378
2,1.59675,1053,3941,-0.017024,0.0274306
2,120.052,202020,323665,0.0988008,0.00908724
2,33.6161,1875,4965,0.0434917,-0.0019378
2,33.4441,1807,4895,0.0434917,-0.0019378
2,120.979,41968,29324,0.465236,0.00966193
2,122.728,6904,11272,0.122073,-0.00279008
2,34.4456,1831,4841,0.0443001,-0.00219754
2,34.0855,1807,4828,0.0434917,-0.0019378
2,34.0799,1740,4760,0.0449713,-0.00222692
2,120.009,322143,124966,0.459897,0.0246429
2,33.4304,1875,4965,0.0434917,-0.0019378
2,1.1476,1053,3940,-0.017024,0.0274306
2,34.0593,2154,4829,0.0434917,-0.0019378
2,33.2296,1807,4761,0.0375691,-0.00190842
2,120.031,316949,170726,0.0990253,0.0094215
2,127.325,8726,15711,0.0974187,-0.00189007
2,120.017,608526,305836,0.0961039,0.00921591
2,120.035,748898,356642,0.0988341,0.00921591
2,34.0894,1807,4827,0.0434917,-0.0019378
2,33.4654,1806,4895,0.0434917,-0.0019378
2,35.5875,3288,5959,0.0434917,-0.0019378
2,90.1177,159561,301707,0.0307118,-0.00232667
2,15.081,565,206,-0.0301734,0.00433887
2,122.206,25737,45961,0.171241,-0.00110622
2,28.0421,39117,109935,-0.0559588,0.000894526
2,33.9143,12316,15126,0.0417956,-0.00516145
2,105.625,986572,555866,0.04448,0.00921591
2,94.1896,866064,496671,0.04448,0.00921591
2,120.384,98303,48495,0.0862167,0.000306632
2,120.501,265245,506196,0.0987957,0.00645394
2,34.0807,4828,7626,0.0428205,-0.00190842
2,33.9291,1807,4896,0.0434917,-0.0019378
2,34.0916,1807,4828,0.0434917,-0.0019378
2,35.0759,3351,5937,0.0434903,-0.0019378
2,120.677,19308,61007,0.465285,-0.00124099
2,33.3307,1807,4828,0.0434917,-0.0019378
2,120.887,40803,29212,0.465236,0.00966193
2,105.728,544,476,0.0375867,0.00206026
2,126.494,9066,15415,0.0974187,-0.00189007
2,90.3782,152506,357319,0.0432908,-0.000687821
2,0.093474,964,3567,-0.0180565,0.0274306
2,105.743,448,496,0.0313824,-1.16078e-05
2,33.828,1739,4828,0.0434917,-0.0019378
2,33.686,1806,4829,0.0434917,-0.0019378
2,33.6651,1807,4828,0.0434917,-0.0019378
2,34.1143,1807,4828,0.0434917,-0.0019378
2,120.001,685763,315271,0.0772589,0.0148652
2,120.9,163670,40750,0.158514,0.000306632
2,34.0582,1807,4896,0.0434917,-0.0019378
2,18.3212,1511,4550,-0.0231257,-0.0118544
2,0.1639,1085,4100,-0.0180565,0.0274306
2,33.2307,4709,7575,0.0428205,-0.00190842
2,90.0556,96345,195365,0.0435254,-0.000353557
2,18.2889,1579,4551,-0.0225914,-0.0118544
2,15.119,112,124,-0.0190228,0.00108485
2,120.946,25740,20073,0.098783,-0.00197727
2,33.7993,1875,4895,0.0431643,-0.0019378
2,120.062,226506,391392,0.0990303,0.0094215
2,120.385,252988,158787,0.0987957,0.00908724
2,93.7226,388846,141164,0.00669527,0.0246429
2,33.83,1807,4760,0.0378965,-0.00190842
2,120.008,683379,327021,0.0961039,0.00921591
2,33.7694,5130,7855,0.0428205,-0.00190842
2,120.643,78148,47488,0.171212,0.00194548
2,105.728,544,476,0.0375867,0.00206026
2,2.0989,1085,4031,-0.017024,0.0274306
2,34.3074,1807,4895,0.0434917,-0.0019378
2,0.186304,1032,3635,-0.0180565,0.0274306
2,0.124272,1032,3635,-0.0180565,0.0274306
2,34.0723,1806,4828,0.0434917,-0.0019378
2,127.929,3464,8534,0.116228,-0.00137321
2,1.11952,1153,4168,-0.0179199,0.0170863
2,0.16931,964,3567,-0.0180565,0.0274306
2,7.17123,1085,4108,-0.0180565,0.0274306
2,34.0329,1899,4828,0.0378965,-0.00190842
2,33.2682,1807,4828,0.0431643,-0.0019378
2,104.176,826322,498218,0.04448,0.00921591
2,34.0855,1807,4828,0.0434917,-0.0019378
2,33.1942,1807,4896,0.0434917,-0.0019378
2,122.136,21592,33358,0.0928593,-0.00197727
2,0.594274,1141,4635,-0.0169775,0.0274306
2,120.018,391228,200627,0.0963,0.0094215
2,97.8816,733,584,0.0250365,-1.16078e-05
2,120.071,196310,380078,0.0990303,0.0094215
2,0.948812,1153,4101,-0.0158501,0.0168192
2,43.5551,116389,254921,0.0320238,0.00400159
2,34.0783,9341,11589,0.0443001,-0.00219754
2,33.4478,1807,4897,0.0434917,-0.0019378
2,33.5118,4842,7674,0.0428205,-0.00190842
2,120.534,50505,90137,0.0981227,0.00190259
2,33.4708,1740,4760,0.0449713,-0.00222692
2,33.4853,1807,4895,0.0434917,-0.0019378
2,34.0834,1806,4895,0.0434917,-0.0019378
2,33.8723,8184,10632,0.0415792,-0.00592017
2,33.3588,1875,4964,0.0434917,-0.0019378
2,120.709,31716,27941,0.098783,0.00188853
2,118.368,305726,549091,0.0469685,0.0094215
2,18.1889,1578,4551,-0.0225914,-0.0118544
2,33.8623,1807,4829,0.0434917,-0.0019378
2,0.206494,1085,4031,-0.017024,0.0274306
2,120.598,25755,54108,0.0789198,0.00293872
2,0.116091,1100,3703,-0.0168827,0.0168192
2,39.5333,15606,11111,0.0323699,-0.000648975
2,120.772,22353,35538,0.0988274,-0.00205171
2,120.674,127688,39253,0.465158,0.0100531
2,33.5649,1806,4829,0.0434917,-0.0019378
2,0.36951,985,3872,-0.0169538,0.0276756
2,33.1996,4887,7704,0.0428205,-0.00190842
2,38.521,27415,38891,0.0431712,-0.000508989
2,105.743,448,496,0.0313824,-1.16078e-05
2,33.9486,1807,4897,0.0434917,-0.0019378
2,121.09,612,476,0.0965964,0.00206026
2,33.1946,1740,4760,0.0449713,-0.00222692
2,34.0614,1875,4897,0.0434917,-0.0019378
2,0.724156,985,3871,-0.0169074,0.0276756
2,120.544,79996,43952,0.0984683,0.00194548
2,33.6626,1807,4897,0.0434917,-0.0019378
2,34.0893,1807,4828,0.0434917,-0.0019378
2,98.3495,44103,148672,0.032498,0.00587309
2,33.3084,1807,4897,0.0434917,-0.0019378
2,33.5742,1943,5020,0.0375691,-0.00190842
2,33.3902,1739,4828,0.0434917,-0.0019378
2,6.34227,44382,29089,-0.031292,-0.00198123
2,90.1503,101042,205462,0.0435254,-0.000353557
2,33.6164,1740,4828,0.0449713,-0.00222692
2,33.6362,1967,4976,0.0378965,-0.00190842
2,1.61529,1017,3965,-0.017024,0.0274306
2,33.6471,1739,4827,0.0449713,-0.00222692
2,33.8601,1807,4896,0.0434917,-0.0019378
2,0.253753,1153,4169,-0.0168874,0.0170863
2,34.5558,94496,64138,0.0442447,-4.47122e-05
2,34.0593,1807,4895,0.0434917,-0.0019378
2,0.479905,1053,3939,-0.017024,0.0274306
2,33.1281,1739,4828,-0.0322747,-0.00399876
2,120.019,459026,181987,0.459897,0.0246429
2,120.503,153611,367260,0.0987957,-0.000687821
2,33.8532,1807,4896,0.0434917,-0.0019378
2,33.2057,1807,4828,0.0434917,-0.0019378
2,33.8834,3986,6941,0.0428205,-0.00190842
2,0.538465,1053,3940,-0.017024,0.0274306
2,0.491171,985,3872,-0.0169538,0.0276756
2,33.5942,1807,4827,0.0434917,-0.0019378
2,90.1168,102156,208352,0.0452926,-0.000406576
2,95.1556,23851,35988,0.0444705,-0.00110622
2,4.50184,1621,1160,-0.0197218,-0.00128768
2,120.044,200652,404618,0.0990303,0.0094215
2,33.9434,1807,4828,0.0449713,-0.00222692
2,33.1813,1807,4895,0.0434917,-0.0019378
2,0.781984,1482,4236,-0.0249044,-0.0110568
2,33.8618,1807,4828,0.0434917,-0.0019378
2,120.008,392409,252771,0.0960655,0.00645394
2,99.6188,919933,503971,0.04448,0.00921591
2,34.0539,1807,4896,0.0434917,-0.0019378
2,46.6145,123091,283197,0.0320238,0.00400159
2,120.647,76842,44821,0.171212,0.00194548
2,0.100878,1032,3635,-0.0180565,0.0274306
2,120.009,74230,40973,0.0957381,0.00194548
2,121.519,15842,25567,0.465278,-0.00124099
2,120.252,208983,43788,0.215845,0.0537837
2,33.9855,4581,7370,0.0428205,-0.00190842
2,33.3837,1807,4829,0.0434917,-0.0019378
2,0.834125,985,3873,-0.0169538,0.0276756
2,33.5725,1807,4896,0.0434917,-0.0019378
2,120.593,43276,32041,0.465236,0.00967599
2,120.043,382322,199590,0.0990303,0.0094215
2,33.2514,1807,4896,0.0434917,-0.0019378
2,120.024,194008,374057,0.0963,0.0094215
2,1.79929,1085,4100,-0.017024,0.0274306
2,0.780785,985,3872,-0.0169538,0.0276756
2,121.64,97422,54915,0.0987957,-0.000687821
2,119.638,873,772,0.0379903,0.0020605
2,120.374,29895,47681,0.0925687,0.00181409
2,122.191,6125,10632,0.0996253,-0.00273414
2,120.002,386321,191126,0.0963,0.0094215
2,104.148,2.23426e+06,4.1561e+06,0.04448,0.00921591
2,1.13231,1053,3940,-0.017024,0.0274306
2,33.1982,1807,4896,0.0434917,-0.0019378
2,33.598,1875,4896,0.0434917,-0.0019378
2,0.850389,1085,4100,-0.017024,0.0274306
2,120.379,30878,27635,0.098783,0.00188853
2,0.134885,1053,3940,-0.017024,0.0274306
2,33.5244,1875,4895,0.0434917,-0.0019378
2,34.0419,1807,4829,0.0434917,-0.0019378
2,90.9552,855185,488986,0.0433292,0.00921591
2,0.109721,1032,3635,-0.0180565,0.0274306
2,1.13424,985,3873,-0.0169538,0.0276756
2,34.0918,1806,4828,0.0434917,-0.0019378
2,33.8151,1806,4829,0.0434917,-0.0019378
2,90.639,392,434,0.0302317,-1.16078e-05
2,33.2958,1807,4827,0.0434917,-0.0019378
2,75.2143,15689,27131,0.0430239,-0.00185401
2,2.6846,1085,4033,-0.017024,0.0274306
2,122.253,25450,45839,0.171199,-0.00103178
2,33.7855,4582,7508,0.0428205,-0.00190842
2,15.1039,136,68,-0.0259957,0.00444901
2,16.2072,1032,1578,-0.0297274,0.00436825
2,33.3339,1807,4895,0.0434917,-0.0019378
2,33.3538,1806,4896,0.0434917,-0.0019378
2,33.178,1875,4963,0.0434917,-0.0019378
2,33.6053,1874,4896,0.0434917,-0.0019378
2,1.42701,1053,3940,-0.017024,0.0274306
2,91.9502,868042,486540,0.04448,0.00921591
2,120.001,204798,440886,0.0870241,0.00744839
2,120.907,27576,71644,0.465278,0.00958749
2,37.7049,15634,21508,0.0431712,-0.00154379
2,33.2106,5449,8186,0.029891,-0.00388153
2,38.2495,64544,130064,0.0456038,-0.000547949
2,120.094,306363,200656,0.0987957,0.00908724
2,33.3438,1807,4896,0.0434917,-0.0019378
2,120.696,43519,32266,0.133361,0.0609174
2,119.528,873,772,0.0379903,0.0020605
2,33.7835,1806,4897,0.0434917,-0.0019378
2,120.074,539792,267055,0.0988341,0.00921591
2,33.5131,1875,4895,0.0434917,-0.0019378
2,121.001,42108,74732,0.171199,0.00188853
2,33.6063,1806,4896,0.0434917,-0.0019378
2,120.028,135906,272498,0.0960655,0.00194548
2,33.7998,1807,4896,0.0434917,-0.0019378
2,120.012,209456,40352,0.108575,0.0134664
2,34.0569,4982,7537,0.0428205,-0.00190842
2,120.009,361886,198957,0.096295,0.0094215
2,33.5008,1875,4963,0.0434917,-0.0019378
2,34.0827,1875,4964,0.0434917,-0.0019378
2,120.115,41999,31823,0.465236,0.00966193
2,34.0558,1807,4828,0.0434917,-0.0019378
2,33.5095,1875,4963,0.0434917,-0.0019378
2,121.035,23313,15398,0.0981644,-0.00110622
2,5.37948,1153,4099,-0.0158501,0.0168192
2,33.5487,1875,4964,0.0434917,-0.0019378
2,74.2235,669,568,0.0354875,0.0020605
2,120.644,77267,45617,0.171212,0.00194548
2,33.388,1875,4896,0.0434917,-0.0019378
2,33.6432,1875,4963,0.0434917,-0.0019378
2,0.176052,1085,4033,-0.0180565,0.0274306
2,120.589,31416,39971,0.098783,0.00188853
2,98.0119,640,733,0.0313824,-1.16078e-05
2,34.0652,1806,4828,0.0434917,-0.0019378
2,33.7062,1807,4896,0.0449713,-0.00222692
2,120.009,515629,317936,0.0961089,0.00921591
2,90.6394,476,476,0.0417833,0.00206026
2,1.53743,985,3872,-0.0169074,0.0276756
2,33.2634,1739,4761,0.0449713,-0.00222692
2,120.724,75287,42649,0.0984683,0.00194548
2,1.93229,1209,4702,-0.0158501,0.0168192
2,33.273,1807,4895,0.0434917,-0.0019378
2,120.641,37887,83117,0.0993355,-0.000872223
2,53.3622,226417,136519,0.0442497,0.00709705
2,120.15,29682,38392,0.098783,0.00188853
2,29.737,80362,51889,-0.0312996,-0.00195866
2,0.127638,1088,3703,-0.0180565,0.0274306
2,0.960895,1153,4167,-0.0168874,0.0170863
2,33.7051,1807,4828,0.0434917,-0.0019378
2,2.78225,1153,4100,-0.0158501,0.0168192
2,33.2668,1807,4828,0.0434917,-0.0019378
2,120.844,76761,44357,0.0984683,0.00194548
2,33.372,1875,4964,0.0434917,-0.0019378
2,31.701,12151,53206,-0.0287709,-0.017698
2,120.538,202325,39172,0.111305,0.0134664
2,33.2833,1807,4897,0.0434917,-0.0019378
2,33.4722,1806,4896,0.0434917,-0.0019378
2,1.11159,1085,4031,-0.017024,0.0274306
2,123.338,15003,26691,0.465278,-0.00124099
2,120.817,496,448,0.127009,-1.16078e-05
2,90.4043,85195,157373,0.0435204,-0.000353557
2,105.728,544,476,0.0375867,0.00206026
2,90.6239,476,408,0.0358149,0.00206026
2,120.026,587428,287330,0.0961039,0.00921591
2,0.163405,1032,3635,-0.0180565,0.0274306
2,34.0891,5810,8503,0.040779,-0.00509317
2,1.45084,985,3872,-0.0169074,0.0276756
2,90.6239,476,408,0.0358149,0.00206026
2,33.8776,1807,4827,0.0434917,-0.0019378
2,120.058,115101,82635,0.0987957,0.00194548
2,34.074,1874,4964,0.0434917,-0.0019378
2,71.1418,96900,193582,0.00531495,0.000959615
2,33.7224,1875,4828,0.0434917,-0.0019378
2,34.1496,1806,4828,0.0434917,-0.0019378
2,0.096969,1156,3771,-0.0179199,0.0170863
2,0.163315,1032,3635,-0.0180565,0.0274306
2,63.8679,16177,26341,0.00534385,-0.00124099
2,33.8101,3036,5948,0.0424931,-0.00190842
2,33.4975,1806,4827,0.0434917,-0.0019378
2,33.4757,1807,4827,0.0434917,-0.0019378
2,3.43855,1512,4482,-0.0225914,-0.0118544
2,120.432,18738,28284,0.098623,-0.00177957
2,90.6239,476,408,0.0358149,0.00206026
2,121.252,38931,66612,0.0984421,0.00181409
2,103.179,864004,496292,0.04448,0.00921591
2,121.527,6301,10052,0.0882555,-0.00277699
2,120.815,496,448,0.127009,-1.16078e-05
2,120.899,224482,44269,0.122077,0.0122548
2,37.4289,16869,21407,0.0431712,-0.00154379
2,98.609,159302,307617,0.0446762,0.00227974
2,6.09483,917,3736,-0.0169074,0.0276756
2,120.01,258014,483164,0.0963,0.0094215
2,120.286,154116,219976,0.0987957,0.00194548
2,34.0823,1806,4827,0.0434917,-0.0019378
2,120.218,332322,153204,0.465249,0.0243087
2,34.0768,1875,4895,0.0434917,-0.0019378
2,105.743,448,496,0.0313824,-1.16078e-05
2,4.08693,1511,4550,-0.0225914,-0.0118544
2,120.971,187826,297142,0.0987957,0.0076477
2,90.8123,226272,126315,0.0435204,0.0094215
2,4.10668,1512,4481,-0.0225914,-0.0118544
2,33.3254,1807,4828,0.0434917,-0.0019378
2,34.063,1875,4895,0.0434917,-0.0019378
2,3.80871,1153,4101,-0.0158501,0.0168192
2,97.9101,733,584,0.0250365,-1.16078e-05
2,34.1534,4827,7580,0.0428205,-0.00190842
2,33.5008,1807,4827,0.0434917,-0.0019378
2,1.75202,985,3872,-0.0169074,0.0276756
2,120.047,154598,240257,0.0987957,0.00194548
2,7.65666,985,3872,-0.0169538,0.0276756
2,33.2832,1808,4826,0.0434917,-0.0019378
2,69.1659,233931,115415,0.0452926,0.00380203
2,119.562,873,772,0.0379903,0.0020605
2,34.1034,6754,9167,0.0415792,-0.00592017
2,0.534541,1085,4031,-0.017024,0.0274306
2,39.5231,2113,6505,0.0308394,-0.00391091
2,33.9315,6213,8685,0.0407468,-0.00509317
2,104.948,21628,42645,0.0444705,-0.00110622
2,34.0897,1807,4828,0.0434917,-0.0019378
2,33.4474,1807,4895,0.0434917,-0.0019378
2,120.832,504,496,0.132176,-1.16078e-05
2,34.0092,1807,4895,0.0434917,-0.0019378
2,33.8377,1875,4897,0.0434917,-0.0019378
2,120.003,346622,728509,0.0960655,0.00908724
2,120.041,315342,161249,0.0990303,0.0094215
2,73.2459,120970,243382,0.0435254,-0.000353557
2,34.0473,7958,11387,0.0428205,-0.00190842
2,1.49216,1053,3940,-0.017024,0.0274306
2,120.046,139137,264190,0.0990253,0.00227974
2,33.5887,5414,8458,0.0428205,-0.00190842
2,33.5723,1807,4896,0.0434917,-0.0019378
2,119.6,873,772,0.0379903,0.0020605
2,2.83469,985,3941,-0.0169775,0.0274306
2,1.15316,1153,4099,-0.0168827,0.0168192
2,6.83983,917,3803,-0.0169538,0.0276756
2,0.722403,985,3872,-0.0169538,0.0276756
2,34.085,1807,4896,0.0434917,-0.0019378
2,120.817,496,448,0.127009,-1.16078e-05
2,34.0971,1739,4759,0.0449713,-0.00222692
2,90.6393,476,408,0.0417833,0.00206026
2,33.2263,1807,4828,0.0434917,-0.0019378
2,39.0992,3401,6479,0.0428205,-0.00190842
2,33.642,1807,4897,0.0434917,-0.0019378
2,33.8503,1807,4895,0.0434917,-0.0019378
2,0.128811,1032,3635,-0.0180565,0.0274306
2,34.098,1875,4896,0.0434917,-0.0019378
2,33.7216,1875,4895,0.0434917,-0.0019378
2,35.7598,16033,23202,0.0431712,-0.00154379
2,30.2082,204,136,-0.0270283,0.00444901
2,35.4912,6842,6497,0.0428205,-0.00190842
2,33.5819,1875,5090,0.0434917,-0.0019378
2,1.03761,1085,4031,-0.017024,0.0274306
2,1.63803,917,3805,-0.0169074,0.0276756
2,120.82,25469,19177,0.098783,-0.00197727
2,34.0742,7273,10802,0.0428205,-0.00190842
2,33.3094,1807,4829,0.0434917,-0.0019378
2,120.019,152482,215194,0.0960655,0.00194548
2,0.122751,1032,3635,-0.0180565,0.0274306
2,120.033,215385,41477,0.122077,0.0122548
2,120.012,31136,39177,0.0960527,0.00188853
2,105.767,544,544,0.0435551,0.00206026
2,0.175978,852,3499,-0.0169538,0.0276756
2,33.6152,10234,13332,0.0415792,-0.00592017
2,120.362,26047,47346,0.465278,-0.00285825
2,33.792,1808,4895,0.0434917,-0.0019378
2,34.0759,1875,4897,0.0434917,-0.0019378
2,105.728,544,476,0.0375867,0.00206026
2,25.043,24399,49031,-0.0312515,-0.00230393
2,39.2357,24739,14762,0.0442319,-0.00038867
2,41.9658,458,604,0.0356992,0.00222734
2,89.5935,15638,21565,0.0433342,-0.00188339
2,33.3614,1806,4897,0.0434917,-0.0019378
2,33.7349,2009,4895,0.0434917,-0.0019378
2,120.37,31961,28032,0.098783,0.00188853
2,105.728,544,476,0.0375867,0.00206026
2,34.0943,1806,4896,0.0434917,-0.0019378
2,33.9603,1807,4829,0.0434917,-0.0019378
2,60.9173,14946,23842,0.00530215,-0.00116655
2,89.5191,16249,21903,0.0426595,-0.00185401
2,33.3827,1807,4897,0.0434917,-0.0019378
2,122.43,16423,34582,0.465278,-0.00124099
2,74.2573,669,568,0.0354875,0.0020605
2,34.2049,4176,7177,0.0428205,-0.00190842
2,34.0569,1739,4760,0.0449713,-0.00222692
2,33.2909,1807,4897,0.0434917,-0.0019378
2,33.9518,1875,4897,0.0434917,-0.0019378
2,34.0486,1807,4895,0.0434917,-0.0019378
2,120.425,83373,130020,0.0987957,0.00194548
2,108.609,22728,119657,0.0665324,0.0294274
2,34.07,1875,4897,0.0434917,-0.0019378
2,33.6987,1875,4897,0.0434917,-0.0019378
2,90.1356,63816,121171,0.0450906,-0.000858165
2,119.655,873,772,0.0379903,0.0020605
2,6.95417,1053,3939,-0.017024,0.0274306
2,121.894,5783,9738,0.0996253,-0.00273414
2,120.818,49870,105605,0.0869678,-0.000144957
2,1.95852,1029,4033,-0.017024,0.0274306
2,120.131,25556,50321,0.0994928,-0.00205171
2,34.0595,1875,4896,0.0434917,-0.0019378
2,4.97476,1153,4099,-0.0158501,0.0168192
2,120.726,78713,46933,0.465249,0.00971887
2,33.5991,1807,4827,0.0449713,-0.00222692
2,120.371,40734,30859,0.465236,0.00966193
2,120.88,32306,28051,0.098783,0.00188853
2,105.728,544,476,0.0375867,0.00206026
2,34.0574,1875,5021,0.0434917,-0.0019378
2,40.1901,27505,39188,0.0431712,-0.000508989
2,120.118,27063,52131,0.465236,0.00966193
2,1.82008,1053,3940,-0.0169775,0.0274306
2,104.286,182560,35519,0.0319486,0.00940173
2,34.1022,1807,4828,0.0434917,-0.0019378
2,33.2437,1807,4828,0.0434917,-0.0019378
2,120.067,360327,753575,0.0987957,0.00908724
2,120.456,26639,20178,0.098783,-0.00197727
2,103.372,2.21077e+06,1.19064e+06,0.04448,0.00921591
2,51.7144,135225,214667,0.0442497,-4.47122e-05
2,33.9146,1739,4827,0.0449713,-0.00222692
2,25.5351,1053,3500,-0.0163209,0.0274306
2,1.60129,1053,3940,-0.017024,0.0274306
2,30.2231,168,124,-0.0190228,0.00108485
2,33.2673,1807,4896,0.0434917,-0.0019378
2,2.11366,985,3872,-0.0169538,0.0276756
2,15.1039,136,68,-0.0259957,0.00444901
2,0.102482,1100,3703,-0.0168827,0.0168192
2,120.17,28020,21004,0.098783,0.00188853
2,33.8743,6727,9280,0.0415792,-0.00592017
2,120.021,704173,334020,0.0961039,0.00921591
2,0.0963,896,3567,-0.0180733,0.0276756
2,102.567,317937,164961,0.0446762,0.0094215
2,120.005,45889,31800,0.459655,0.00967599
2,33.6927,1875,4897,0.0434917,-0.0019378
2,120.969,27887,50202,0.448059,0.00966193
2,0.600919,1153,4167,-0.0168874,0.0170863
2,2.34889,1141,4634,-0.017024,0.0274306
2,120.058,322467,732643,0.079367,0.0134664
2,120.007,736888,352841,0.0961039,0.00921591
2,20.7131,12705,7221,-0.0310949,-0.00303917
2,120.028,33772,27998,0.0974029,0.00188853
2,7.60791,13719,3628,-0.0264719,-0.0118478
2,0.185424,1032,3635,-0.0180565,0.0274306
2,33.8865,1875,4897,0.0431643,-0.0019378
2,121.024,35558,54542,0.0988246,0.00181409
2,90.6699,330924,751030,0.0428601,0.00678821
2,34.0848,1874,4963,0.0434917,-0.0019378
2,38.1058,12664,19942,0.0428155,-0.00190842
2,34.0579,1807,4896,0.0434917,-0.0019378
2,33.3931,7234,11101,0.0428205,-0.00190842
2,106.05,11424,19968,0.0442403,-0.00189007
2,2.89512,1085,4032,-0.017024,0.0274306
2,66.1742,26032,65932,0.0313472,0.00293872
2,33.6818,1875,4964,0.0434917,-0.0019378
2,0.121714,964,3635,-0.0180565,0.0274306
2,1.44378,1053,3940,-0.017024,0.0274306
2,33.7137,1807,4897,0.0434917,-0.0019378
2,34.0617,1807,4828,0.0431643,-0.0019378
2,34.0658,1807,4828,0.0434917,-0.0019378
2,33.9837,1807,4828,0.0434917,-0.0019378
2,0.278598,985,3873,-0.0169538,0.0276756
2,33.2014,1806,4828,0.0434917,-0.0019378
2,120.937,75120,43089,0.0984683,0.00194548
2,134.779,19180,30606,0.448101,-0.00124099
2,105.738,544,476,0.0375867,0.00206026
2,34.0969,1807,4828,0.0434917,-0.0019378
2,0.974558,1153,4101,-0.0158501,0.0168192
2,34.2239,1808,4908,0.0428205,-0.00190842
2,34.0746,1807,4897,0.0434917,-0.0019378
2,34.1076,1875,4963,0.0434917,-0.0019378
2,4.89913,1161,4101,-0.0168695,0.0168324
2,1.18311,1017,3964,-0.017024,0.0274306
2,120.817,496,448,0.127009,-1.16078e-05
2,120.97,235532,41311,0.284552,0.123226
2,119.602,805,772,0.0379903,0.0020605
2,33.5246,1807,4827,0.0434917,-0.0019378
2,120.087,50783,83453,0.0988246,0.00182815
2,120.817,434,448,0.127009,-1.16078e-05
2,5.46298,985,3872,-0.0169074,0.0276756
2,52.7334,141281,226284,0.0442497,-4.47122e-05
2,33.5242,2166,4827,0.0378965,-0.00190842
2,97.8245,640,733,0.0313824,-1.16078e-05
2,120.817,496,448,0.127009,-1.16078e-05
2,75.8028,27502,57478,0.0313472,0.00322573
2,33.4771,3071,6005,0.0428205,-0.00190842
2,120.816,496,448,0.127009,-1.16078e-05
2,34.0752,1875,4897,0.0434917,-0.0019378
2,1.70148,1153,4099,-0.0158501,0.0168192
2,34.0756,1739,4829,0.0434917,-0.0019378
2,1.70893,917,3804,-0.0169538,0.0276756
2,33.6622,1807,4828,0.0434917,-0.0019378
2,0.131183,1032,3635,-0.0180565,0.0274306
2,34.6264,1899,4828,0.0378965,-0.00190842
2,120.094,287477,570415,0.0862167,0.00744839
2,34.0991,1808,4829,0.0434917,-0.0019378
2,33.8734,1739,4827,0.0449713,-0.00222692
2,34.1607,1875,4897,0.0434917,-0.0019378
2,14.0634,23924,46458,-0.0324397,-0.00264088
2,0.334278,1053,3939,-0.017024,0.0274306
2,34.0863,1807,4896,0.0434917,-0.0019378
2,58.7569,432,526,0.042005,-0.0011717
2,0.846122,985,3871,-0.0169538,0.0276756
2,0.15519,1032,3635,-0.0180565,0.0274306
2,0.122907,1032,3635,-0.0180565,0.0274306
2,120.733,162782,50562,0.079367,0.00632468
2,34.0408,1875,4895,0.0431643,-0.0019378
2,105.743,448,496,0.0313824,-1.16078e-05
2,121.701,43893,65411,0.0984972,0.00182815
2,119.613,805,772,0.0379903,0.0020605
2,33.3763,1807,4894,0.0434917,-0.0019378
2,123.472,4841,13037,0.100152,-0.00214982
2,36.2939,12261,19458,0.0428155,-0.00190842
2,34.0697,1875,4963,0.0434917,-0.0019378
2,0.235284,1017,4032,-0.017024,0.0274306
2,33.6223,1807,4829,0.0434917,-0.0019378
2,120.533,291085,60282,0.0972597,0.0298159
2,38.6029,104165,184260,0.0440372,-4.3341e-05
2,0.110466,1100,3703,-0.0168827,0.0168192
2,57.1994,153772,268383,0.0440372,-4.3341e-05
2,120.282,243843,157239,0.0987957,0.00908724
2,42.9491,1257,4293,0.0419555,0.00279636
2,3.68681,1511,4482,-0.0225914,-0.0118544
2,34.1398,1875,4895,0.0434917,-0.0019378
2,33.3934,1807,4896,0.0434917,-0.0019378
2,106.606,140588,273670,0.0460736,-0.000687821
2,34.048,11590,13522,0.0417956,-0.00516145
2,33.9084,1739,4759,0.0449713,-0.00222692
2,50.4448,235572,394188,0.0442447,0.00709705
2,90.2007,24315,39663,0.0426645,-0.00110622
2,33.1785,1807,4897,0.0434917,-0.0019378
2,33.5385,1874,4965,0.0434917,-0.0019378
2,120.917,23343,36584,0.0994877,-0.00205171
2,1.18356,917,3804,-0.0169538,0.0276756
2,34.0411,6035,8905,0.0415792,-0.00592017
2,120.492,18083,27755,0.0988274,-0.00185401
2,34.3559,320034,170504,0.0442447,0.00709705
2,33.185,1807,4896,0.0434917,-0.0019378
2,120.018,202852,411179,0.0963,0.0094215
2,6.19119,2505,5309,-0.0229494,-0.0118544
2,120.684,534416,270426,0.0988341,0.00921591
2,120.065,308931,639305,0.0897544,0.00744839
2,33.4273,1807,4828,0.0434917,-0.0019378
2,0.078865,1443,4356,-0.0229796,-0.0118544
2,34.293,1807,4895,0.0434917,-0.0019378
2,7.86242,1017,4032,-0.017024,0.0274306
2,63.8416,86564,22450,0.0269707,-0.00232667
2,33.3725,1807,4827,0.0434917,-0.0019378
2,120.261,152303,41265,0.454544,0.0100688
2,1.30792,1085,4033,-0.017024,0.0274306
2,1.34757,917,3804,-0.0169538,0.0276756
2,15.4936,677,282,-0.0259927,0.00433887
2,33.2085,1875,4896,0.0434917,-0.0019378
2,34.0607,1738,4828,0.0449713,-0.00222692
2,129.206,7513,13954,0.448103,-0.00124767
2,120.6,46405,79080,0.171199,0.00190259
2,33.8147,1875,4895,0.0434917,-0.0019378
2,34.0853,1807,4895,0.0434917,-0.0019378
2,120.393,58828,193494,0.093198,-0.000213238
2,33.348,1807,4827,0.0434917,-0.0019378
2,38.0835,10401,13148,0.0428155,-0.00190842
2,0.015529,254,160,-0.0294648,0.00433887
2,105.743,448,496,0.0313824,-1.16078e-05
2,120.222,61770,213116,0.0795801,0.00587309
2,33.5354,1807,4897,0.0434917,-0.0019378
2,120.993,122513,38329,0.465158,0.0100531
2,120.101,42524,74320,0.171241,0.00181409
2,120.832,612,544,0.0965964,0.00206026
2,120.032,562594,275547,0.0988341,0.00921591
2,34.0659,1806,4897,0.0434917,-0.0019378
2,120.63,45110,33433,0.465236,0.00967599
2,33.6713,1807,4896,0.0434917,-0.0019378
2,3.77088,1085,4040,-0.0180565,0.0274306
2,120.011,557353,274760,0.0961039,0.00921591
2,34.0877,1807,4896,0.0434917,-0.0019378
2,0.096425,1032,3635,-0.0180565,0.0274306
2,105.33,1.0182e+06,565163,0.04448,0.00921591
2,33.8808,1806,4896,0.0434917,-0.0019378
2,33.2657,1807,4829,0.0434917,-0.0019378
2,7.21766,1053,3941,-0.017024,0.0274306
2,120.008,754221,356820,0.0961039,0.00921591
2,120.618,91369,215043,0.465478,0.00129388
2,33.681,1807,4896,0.0434917,-0.0019378
2,33.7073,1807,4895,0.0434917,-0.0019378
2,33.6518,1739,4760,0.0449713,-0.00222692
2,33.5983,1807,4895,0.0434917,-0.0019378
2,120.004,26903,51125,0.442478,0.00547886
2,34.2286,13532,15842,0.0415792,-0.00592017
2,33.6268,1807,4829,0.0431643,-0.0019378
2,34.1374,1875,4965,0.0434917,-0.0019378
2,105.744,544,544,0.0435551,0.00206026
2,34.0759,1807,4828,0.0434917,-0.0019378
2,120.026,743685,350528,0.0961039,0.00921591
2,33.9076,1808,4829,0.0434917,-0.0019378
2,120.028,73155,179028,0.462658,0.0100531
2,34.0562,1807,4828,0.0434917,-0.0019378
2,0.383972,1085,4101,-0.017024,0.0274306
2,56.8952,151432,249104,0.0440372,-4.3341e-05
2,33.7443,1807,4897,0.0434917,-0.0019378
2,120.817,496,448,0.127009,-1.16078e-05
2,120.405,47337,104712,0.0795801,0.00587309
2,33.7353,2234,4897,0.0378965,-0.00190842
2,54.0822,145694,271054,0.0440372,-4.3341e-05
2,33.9067,1807,4895,0.0449713,-0.00222692
2,34.088,1807,5022,0.0434917,-0.0019378
2,19.2971,1647,4618,-0.0233917,-0.0110274
2,105.744,544,544,0.0435551,0.00206026
2,120.046,722850,352776,0.0988341,0.00921591
2,85.5227,2009,7532,0.0423336,-0.00534194
2,33.9615,3635,6556,0.0428205,-0.00190842
2,35.1811,12730,18684,0.0428155,-0.00190842
2,0.277373,1085,4101,-0.017024,0.0274306
2,34.0805,1874,4965,0.0434917,-0.0019378
2,96.8272,352801,224121,0.0444416,0.00908724
2,90.0834,55836,93901,0.0450906,-0.000858165
2,1.94146,1085,4031,-0.017024,0.0274306
2,108.378,21006,90236,0.0557604,0.0306391
2,2.13189,1053,3940,-0.0169775,0.0274306
2,98.4245,492547,853992,0.0444416,0.00908724
2,33.2771,1874,4829,0.0434917,-0.0019378
2,120.882,28471,67649,0.0795801,0.00322573
2,120.781,28848,84305,0.0795801,0.00322573
2,120,220575,422744,0.0960655,0.00908724
2,119.527,873,772,0.0379903,0.0020605
2,33.8639,1807,4895,0.0434917,-0.0019378
2,97.9514,733,640,0.0250365,-1.16078e-05
2,34.1022,1874,4963,0.0434917,-0.0019378
2,34.5492,1883,4828,0.0434917,-0.0019378
2,33.6528,1875,4896,0.0434917,-0.0019378
2,95.8694,640,733,0.0313824,-1.16078e-05
2,90.17,101060,199001,0.0452926,-0.000406576
2,19.7826,7327,26195,-0.0394985,0.0023122
2,120.817,544,544,0.0909264,0.00206026
2,33.5167,1806,4897,0.0434917,-0.0019378
2,33.677,1807,4897,0.0434917,-0.0019378
2,1.63539,1085,4032,-0.017024,0.0274306
2,34.0843,1739,4760,0.0449713,-0.00222692
2,33.7261,1875,4896,0.0434917,-0.0019378
2,30.2044,136,136,-0.0270283,0.00444901
2,120.19,24333,37117,0.0994877,-0.00205171
2,37.7823,4650,6844,0.0428205,-0.00190842
2,120.418,20002,26178,0.0996207,-0.00197727
2,121.353,33880,54613,0.099325,0.00181409
2,4.7773,1153,4108,-0.0180565,0.0274306
2,1.1407,985,3872,-0.0169538,0.0276756
2,18.471,1647,4686,-0.0246411,-0.0110274
2,0.467893,1153,4100,-0.0158501,0.0168192
2,120.621,113732,242267,0.0987957,-0.000687821
2,33.8418,4825,7841,0.0428205,-0.00190842
2,90.1642,158879,348446,0.0315121,0.00369138
2,58.6236,432,526,0.0424827,-0.0011717
2,34.1775,1806,4897,0.0434917,-0.0019378
2,34.0808,1807,4828,0.0434917,-0.0019378
2,120.04,125550,342183,0.465478,0.0100531
2,120.671,76962,45883,0.171212,0.00194548
2,33.3558,1807,4896,0.0434917,-0.0019378
2,1.22797,985,3871,-0.0169074,0.0276756
2,33.614,1808,4897,0.0434917,-0.0019378
2,34.0564,1739,4759,0.0449713,-0.00222692
2,122.524,43497,76599,0.171199,0.00190259
2,58.8283,432,526,0.042005,-0.0011717
2,120.611,74360,41452,0.0984683,0.00194548
2,33.7348,1808,4828,0.0434917,-0.0019378
2,34.1565,6146,8919,0.0415792,-0.00592017
2,33.1859,1807,4895,0.0434917,-0.0019378
2,34.058,8616,11714,0.0415792,-0.00592017
2,33.5317,1807,4828,0.0434917,-0.0019378
2,0.143688,1088,3703,-0.0180565,0.0274306
2,11.5733,1141,4642,-0.0179884,0.0274306
2,107.239,25506,45055,0.0411821,-0.00110622
2,120.72,47729,84444,0.098783,0.00190259
2,34.0731,1807,4895,0.0434917,-0.0019378
2,34.0849,1808,4896,0.0434917,-0.0019378
2,120.148,56428,182844,0.0867007,-0.000213238
2,34.1238,2098,4828,0.0434917,-0.0019378
2,120.84,30946,27840,0.098783,0.00188853
2,34.0781,1875,4896,0.0434917,-0.0019378
2,90.5033,305777,151955,0.0452926,0.00380203
2,34.0129,1806,4759,0.0375691,-0.00190842
2,34.0793,4355,7190,0.0428205,-0.00190842
2,93.7137,20010,35639,0.0438102,-0.00110622
2,120.706,163971,246207,0.0987957,0.00194548
2,89.4167,15642,21449,0.0433342,-0.00188339
2,119.69,873,772,0.0379903,0.0020605
2,34.1078,1807,4829,0.0434917,-0.0019378
2,43.3327,29901,17858,0.0404075,-0.000101657
2,34.0781,1875,4964,0.0434917,-0.0019378
2,33.4179,1807,4896,0.0434917,-0.0019378
2,33.5418,1806,4897,0.0434917,-0.0019378
2,34.0481,1739,4829,0.0445616,-0.00222692
2,120.52,512148,258919,0.0988341,0.00921591
2,75.535,336,372,0.0302317,0.00109725
2,99.4447,499573,794886,0.0444416,0.00908724
2,1.14448,1153,4100,-0.0158501,0.0168192
2,33.698,1739,4827,0.0449713,-0.00222692
2,120.74,24119,35362,0.0996207,-0.00197727
2,59.2972,601,500,0.0354875,0.00101511
2,126.309,8584,15573,0.0975814,-0.00189007
2,105.521,98310,166768,0.0444416,-0.000687821
2,120.589,26208,21070,0.098783,-0.00197727
2,120.532,30187,57706,0.0988297,0.00181409
2,34.0625,1807,4829,0.0434917,-0.0019378
2,120.047,201886,375778,0.0990253,0.0094215
2,75.4729,54113,125668,0.0430289,-0.000805146
2,34.0691,1807,4896,0.0434917,-0.0019378
2,34.073,1807,4896,0.0434917,-0.0019378
2,103.601,845218,499276,0.04448,0.00921591
2,33.6335,1807,4828,0.0434917,-0.0019378
2,33.6431,1807,4828,0.0434917,-0.0019378
2,120.983,30623,138655,0.0968125,-0.00407224
2,54.2616,432,526,0.042005,-0.0011717
2,34.0555,1739,4828,0.0449713,-0.00222692
2,34.0762,1806,4896,0.0434917,-0.0019378
2,39.1775,24038,30675,0.0431712,-0.000796002
2,33.5271,1806,4896,0.0434917,-0.0019378
2,33.5448,1738,4829,0.0449713,-0.00222692
2,120.22,24303,46394,0.098783,-0.00103178
2,40.5343,15056,10005,0.00625596,-0.00052344
2,33.57,1875,4965,0.0434917,-0.0019378
2,33.6021,1807,4896,0.0434917,-0.0019378
2,120.921,234549,41471,0.284552,0.123226
2,33.2694,1739,4828,0.0449713,-0.00222692
2,34.0823,1739,4760,0.0449713,-0.00222692
2,1.53317,1085,4033,-0.017024,0.0274306
2,120.385,48368,217740,0.0974728,-0.00142488
2,120.024,252277,400548,0.0960705,0.00908724
2,34.0557,1807,4827,0.0434917,-0.0019378
2,34.0407,3374,6031,0.0428205,-0.00190842
2,120.025,26430,19631,0.0960527,-0.00197727
2,120.01,501921,182377,0.46052,0.0260417
2,2.89672,1017,4033,-0.017024,0.0274306
2,120.522,290487,190083,0.0987957,0.00908724
2,134.813,21371,41498,0.0988246,-0.00110622
2,33.5109,1807,4828,0.0434917,-0.0019378
2,34.0871,1807,4828,0.0431643,-0.0019378
2,105.743,544,544,0.0435551,0.00206026
2,119.755,873,772,0.0379903,0.0020605
2,17.5343,4854,4036,-0.0324141,-0.00306855
2,94.006,493906,829608,0.0444416,0.00908724
2,33.7044,1806,4827,0.0434917,-0.0019378
2,120.003,324233,789450,0.0766367,0.0134664
2,1.85107,1085,4033,-0.017024,0.0274306
2,0.108416,964,3567,-0.0180565,0.0274306
2,119.982,873,772,0.0435373,0.0020605
2,0.138614,1085,4032,-0.0180565,0.0274306
2,90.5605,154900,366674,0.0432908,-0.000687821
2,101.62,1.00449e+06,1.46674e+06,0.0455685,0.0384368
2,120.705,79223,45025,0.171212,0.00194548
2,112.673,1.06716e+06,616684,0.0467723,0.00921591
2,120.031,271930,164575,0.0987957,0.00908724
2,122.047,24874,40146,0.0988246,-0.00110622
2,34.0472,1875,4964,0.0434917,-0.0019378
2,0.137343,964,3567,-0.0180565,0.0274306
2,123.68,18433,31664,0.099325,-0.00185401
2,34.0638,1807,4897,0.0434917,-0.0019378
2,120.005,635809,312711,0.0961039,0.00921591
2,34.4616,2438,5057,0.0434917,-0.0019378
2,33.1884,1806,4828,0.0431643,-0.0019378
2,120.031,750265,357130,0.0988341,0.00921591
2,60.8507,22809,16926,0.0314161,-0.000599963
2,120.559,27396,47077,0.465236,0.00966193
2,1.15905,1085,4033,-0.017024,0.0274306
2,1.60157,1153,4168,-0.0168874,0.0170863
2,33.7698,1875,4964,0.0434917,-0.0019378
2,119.446,873,772,0.0379903,0.0020605
2,75.3932,53951,127135,0.0430289,-0.000805146
2,34.0984,1739,4828,0.0449713,-0.00222692
2,2.90111,985,3872,-0.0169538,0.0276756
2,89.626,15638,21403,0.0377391,-0.00185401
2,120.062,136756,275603,0.0987957,0.00194548
2,34.0779,1739,4828,0.0449713,-0.00222692
2,120.047,535803,314789,0.0996525,0.0108203
2,120.217,26841,52053,0.465236,-0.00278381
2,126.576,8577,15619,0.0975814,-0.00189007
2,33.5917,1807,4828,0.0434917,-0.0019378
2,33.63,1875,4963,0.0434917,-0.0019378
2,120.663,42708,31368,0.465236,0.00966193
2,120.002,138768,265070,0.0963,0.00227974
2,33.4008,1943,5157,0.0434917,-0.0019378
2,4.12221,1579,4618,-0.0233917,-0.0110274
2,0.590706,1085,4033,-0.017024,0.0274306
2,33.9671,1807,4828,0.0434917,-0.0019378
2,33.2438,1807,4828,0.0434917,-0.0019378
2,33.202,1874,4964,0.0434917,-0.0019378
2,120.875,47284,28902,0.464908,0.00967599
2,33.6677,1875,4964,0.0434917,-0.0019378
2,1.5963,917,3803,-0.0169538,0.0276756
2,119.529,873,772,0.0379903,0.0020605
2,120.017,746315,358841,0.0961039,0.00921591
2,33.5836,1875,4896,0.0431643,-0.0019378
2,116.735,10587,18692,0.0461047,-0.0018607
2,34.0694,1739,4759,0.0449713,-0.00222692
2,0.094789,1032,3635,-0.0180565,0.0274306
2,119.68,873,772,0.0379903,0.0020605
2,120.489,40813,71873,0.171199,0.00188853
2,33.3855,1875,4896,0.0434917,-0.0019378
2,33.6389,1807,4897,0.0434917,-0.0019378
2,120.063,168978,302067,0.0987957,0.00194548
2,1.66227,1141,4633,-0.017024,0.0274306
2,120.013,392770,707122,0.0960655,0.00908724
2,120.842,311422,194050,0.0987957,0.00908724
2,105.738,476,476,0.0375867,0.00206026
2,34.0694,1807,4897,0.0434917,-0.0019378
2,2.07789,1153,4101,-0.0158501,0.0168192
2,34.1284,1807,4896,0.0434917,-0.0019378
2,36.1199,23562,35600,0.0431712,-0.000796002
2,4.63528,1017,4031,-0.017024,0.0274306
2,90.4146,306467,629129,0.0435204,0.00678821
2,20.4046,2676,9209,-0.0288941,-0.0184568
2,2.74146,985,3871,-0.0169538,0.0276756
2,120.667,76210,46321,0.171212,0.00194548
2,120.593,82439,211701,0.465478,0.00129388
2,33.2669,1806,4896,0.0434917,-0.0019378
2,33.7645,1807,4827,0.0449713,-0.00222692
2,120.097,42334,28987,0.465236,0.00966193
2,0.09885,1032,3635,-0.0180565,0.0274306
2,34.0613,1807,4827,0.0434917,-0.0019378
2,119.74,873,772,0.0379903,0.0020605
2,34.0863,1807,4896,0.0434917,-0.0019378
2,33.277,1807,4897,0.0434917,-0.0019378
2,33.8827,1808,4828,0.0434917,-0.0019378
2,33.2035,1807,4896,0.0434917,-0.0019378
2,120.555,91360,252933,0.465478,0.00129388
2,28.5527,893,3499,-0.0169558,0.0274306
2,33.8574,1807,4827,0.0434917,-0.0019378
2,33.8583,1807,4896,0.0434917,-0.0019378
2,33.7047,1739,4761,0.0449713,-0.00222692
2,34.0747,1807,4896,0.0434917,-0.0019378
2,33.7427,1875,4896,0.0434917,-0.0019378
2,19.2887,1647,4618,-0.0233917,-0.0110274
2,34.0722,1738,4829,0.0449713,-0.00222692
2,120.028,326091,174625,0.096295,0.0094215
2,120.026,314170,504019,0.0960705,0.00908724
2,97.9502,733,584,0.0250365,-1.16078e-05
2,0.081959,1032,3635,-0.0180565,0.0274306
2,34.087,1807,4828,0.0434917,-0.0019378
2,1.53511,1153,4100,-0.0158501,0.0168192
2,120.01,713816,348644,0.0961039,0.00921591
2,35.9822,5291,8134,0.0378951,-0.00190842
2,33.4096,1807,4828,0.0449713,-0.00222692
2,90.1404,157814,312755,0.0307118,-0.00232667
2,46.705,59890,16127,-0.00507817,0.00116816
2,1.89049,1153,4099,-0.0158501,0.0168192
2,33.6487,6151,8760,0.0427982,-0.00185974
2,120.655,78721,46028,0.171212,0.00194548
2,120.954,75367,43075,0.0984683,0.00194548
2,33.1689,1807,4829,0.0434917,-0.0019378
2,120.035,319316,690801,0.079367,0.0134664
2,34.0862,1807,4896,0.0434917,-0.0019378
2,34.1503,1807,4829,0.0434917,-0.0019378
2,2.3,985,3872,-0.0169538,0.0276756
2,105.728,544,476,0.0375867,0.00206026
2,75.3511,98587,187838,0.0435254,-0.000353557
2,34.1039,1943,5156,0.0434917,-0.0019378
2,34.0673,4807,7660,0.0428205,-0.00190842
2,94.9839,602348,280218,0.04448,0.00921591
2,34.0783,1806,4896,0.0434917,-0.0019378
2,33.3042,5957,8606,0.0428205,-0.00190842
2,120.753,46854,85318,0.098783,0.00190259
2,34.0942,1875,4896,0.0434917,-0.0019378
2,121.193,16256,27527,0.0975777,-0.00188339
2,0.1364,964,3567,-0.0180565,0.0274306
2,34.0693,1807,4828,0.0434917,-0.0019378
2,0.476807,1085,4032,-0.017024,0.0274306
2,120.738,58718,259720,0.0974728,-0.00142488
2,1.66336,1017,3964,-0.017024,0.0274306
2,33.3351,1943,4828,0.0434917,-0.0019378
2,90.2115,136538,266901,0.0307118,-0.00232667
2,33.581,1807,4897,0.0434917,-0.0019378
2,33.2253,1807,4897,0.0434917,-0.0019378
2,33.9427,5874,8435,0.030007,-0.00388153
2,34.0727,4344,6678,0.040779,-0.00509317
2,120.035,43396,221753,0.215761,0.0387423
2,119.675,873,772,0.0379903,0.0020605
2,1.90233,1085,4032,-0.017024,0.0274306
2,33.7768,1807,4828,0.0434917,-0.0019378
2,120.841,168618,44061,0.159046,0.000306632
2,34.0748,1807,4897,0.0434917,-0.0019378
2,120.01,212304,333471,0.0960655,0.00908724
2,33.7781,1738,4827,0.0449713,-0.00222692
2,121.516,20827,103397,0.204989,0.0306391
2,119.63,873,772,0.0379903,0.0020605
2,33.6305,1874,4963,0.0434917,-0.0019378
2,0.100873,964,3567,-0.0180565,0.0274306
2,108.013,14406,27441,0.0111782,-0.00124099
2,60.431,280,310,0.0130546,0.00109725
2,33.3669,1807,4829,0.0434917,-0.0019378
2,33.2486,1807,4896,0.0434917,-0.0019378
2,34.1081,1875,4896,0.0434917,-0.0019378
2,89.6201,15891,21852,0.0450906,-0.00188339
2,33.4895,1875,4896,0.0434917,-0.0019378
2,34.0747,1807,4828,0.0434917,-0.0019378
2,0.59107,1017,4032,-0.017024,0.0274306
2,84.183,108925,28770,-0.00538929,0.00130953
2,33.9185,1875,4964,0.0434917,-0.0019378
2,121.223,56106,131931,0.0994928,-0.000805146
2,0.102466,1100,3703,-0.0168827,0.0168192
2,33.7909,4049,7079,0.0428205,-0.00190842
2,19.2242,1579,4618,-0.0246411,-0.0110274
2,28.1301,21766,14196,-0.0369813,-0.0022823
2,33.6235,5732,8149,0.0428205,-0.00190842
2,0.4259,1153,4167,-0.0168874,0.0170863
2,0.09193,1020,3635,-0.0180565,0.0274306
2,123.164,4300,11761,0.100314,-0.00214982
2,95.1036,492996,869752,0.0444416,0.00908724
2,33.7448,1875,4964,0.0434917,-0.0019378
2,92.4093,849141,487809,0.04448,0.00921591
2,120.364,47296,116337,0.0795801,0.00587309
2,120.014,685515,331045,0.0961039,0.00921591
2,22.8767,985,3424,-0.0169558,0.0274306
2,98.5002,282128,603739,0.0444416,0.00908724
2,0.787635,1209,4702,-0.0158501,0.0168192
2,1.838,1085,4033,-0.017024,0.0274306
2,34.083,1807,4827,0.0434917,-0.0019378
2,36.7974,15773,24550,0.0431763,-0.00154379
2,77.7852,12635,25496,0.0428684,-0.00280618
2,122.79,6299,10972,0.0996253,-0.00273414
2,89.4103,15984,21591,0.0377391,-0.00185401
2,94.5815,492758,895076,0.0444416,0.00908724
2,92.5648,862921,487236,0.04448,0.00921591
2,120.003,370622,198110,0.096295,0.0094215
2,0.0922,1100,3703,-0.0168827,0.0168192
2,34.0557,1807,4828,0.0434917,-0.0019378
2,120.666,50659,88298,0.098783,0.00190259
2,34.0407,1806,4829,0.0434917,-0.0019378
2,34.0912,3972,6859,0.0428205,-0.00190842
2,2.47251,1053,3940,-0.0169775,0.0274306
2,34.0746,1875,4964,0.0434917,-0.0019378
2,33.5438,1807,4829,0.0434917,-0.0019378
2,120.008,558992,267878,0.0961039,0.00921591
2,120.68,54647,126714,0.0994928,-0.000805146
2,38.1645,12182,17766,0.0428155,-0.00190842
2,0.258833,1085,4033,-0.017024,0.0274306
2,33.1991,1807,4895,0.0434917,-0.0019378
2,33.2034,1875,4896,0.0434917,-0.0019378
2,34.0628,3766,6452,0.0428205,-0.00190842
2,35.4074,15164,20624,0.0431712,-0.00154379
2,33.8548,1807,4828,0.0434917,-0.0019378
2,60.416,340,272,0.0358149,0.00243643
2,119.642,873,772,0.0383277,0.0020605
2,89.7144,66454,110112,0.0432781,-0.000730706
2,34.0811,1875,4963,0.0434917,-0.0019378
2,33.9495,1807,4829,0.0434917,-0.0019378
2,120.803,23680,36590,0.0994877,-0.00205171
2,120.246,212220,40698,0.215845,0.0537837
2,34.1021,1807,4829,0.0434917,-0.0019378
2,34.0744,6776,9722,0.0428205,-0.00190842
2,0.430761,1085,4032,-0.017024,0.0274306
2,0.481241,1153,4100,-0.0158501,0.0168192
2,0.559708,1053,3939,-0.017024,0.0274306
2,34.1285,1808,4827,0.0449713,-0.00222692
2,0.166775,1032,3635,-0.0180565,0.0274306
2,120.002,301242,596687,0.0834865,0.00744839
2,34.056,1807,4828,0.0434917,-0.0019378
2,0.200562,964,3567,-0.0180565,0.0274306
2,105.743,448,496,0.0313824,-1.16078e-05
2,33.5053,1874,4965,0.0434917,-0.0019378
2,120.339,204871,42169,0.205073,0.0549953
2,120.504,181973,53023,0.079367,0.00940173
2,1.7973,985,3873,-0.0179864,0.0276756
2,33.3064,1807,4828,0.0434917,-0.0019378
2,7.96437,4017,2566,-0.0310949,-0.00303917
2,34.0577,1807,4828,0.0434917,-0.0019378
2,7.84326,917,3804,-0.0169538,0.0276756
2,34.0402,1807,4897,0.0434917,-0.0019378
2,120.042,371488,193147,0.0990303,0.0094215
2,50.0822,202725,75448,0.00605625,0.0161939
2,86.3377,362497,130893,0.00554449,0.0158837
2,34.0622,1807,4829,0.0434917,-0.0019378
2,36.8725,18686,27144,0.0431712,-0.00154379
2,120.547,16142,27459,0.0975777,-0.00188339
2,33.8401,1807,4895,0.0434917,-0.0019378
2,120.009,387926,199688,0.0963,0.0094215
2,33.8725,1807,4828,0.0434917,-0.0019378
2,34.0844,1739,4761,0.0449713,-0.00222692
2,33.4166,1807,4896,0.0434917,-0.0019378
2,33.2453,1807,4761,0.0449713,-0.00222692
2,97.9476,733,584,0.0250365,-1.16078e-05
2,120.31,32056,27352,0.098783,0.00188853
2,120.073,301552,509661,0.0988008,0.00908724
2,120,407925,673638,0.0960655,0.00908724
2,34.0804,1807,4896,0.0434917,-0.0019378
2,0.120832,1032,3635,-0.0180565,0.0274306
2,26.7392,44811,82329,-0.0313122,-0.00200286
2,58.838,432,526,0.042005,-0.0011717
2,34.0851,1739,4759,0.0449713,-0.00222692
