label,Duration,FlowBytesSent,FlowBytesReceived,shap_Duration,shap_FlowBytesSent
0,0.268802,178,112,-0.0207646,0.00378066
0,0.024983,55,66,-0.0234218,0.00223106
0,0.132729,171,171,-0.0559111,0.00375171
0,0.272363,1379,28969,-0.0242749,-0.00332877
0,0.038965,162,138,-0.0330164,0.00223106
0,0.166321,108,305,-0.0236428,0.00198533
0,0.025227,55,66,-0.0234218,0.00223106
0,0.028397,55,66,-0.0236428,0.00223106
0,0.03426,55,60,-0.0236428,0.00223106
0,2.19127,4631,84427,-0.0239169,-0.00332877
0,0.437243,2023,7918,-0.0252631,-0.0181065
0,40.6084,271,271,0.0302414,0.00144451
0,0.214074,2024,7062,-0.0285255,-0.00538055
0,0.02972,55,66,-0.0236428,0.00223106
0,0.099157,55,66,-0.0236428,0.00223106
0,100.601,13748,1372,0.0146727,0.00397601
0,0.015296,55,66,-0.0234444,0.00223106
0,0.241113,55,66,-0.0236428,0.00223106
0,0.218389,55,60,-0.0236428,0.00223106
0,0.393691,1436,3369,-0.0269436,-0.0180043
0,2.70621,572,598,-0.0237134,0.00198533
0,0.033643,55,66,-0.0236428,0.00223106
0,0.364534,327,192,-0.0307009,0.00358045
0,75.0387,218,318,0.0258498,0.00137021
0,6.1497,1523,969,-0.022564,-0.00279217
0,0.163548,1149,5474,-0.0269384,0.00743515
0,6.93439,498,231,-0.0298007,0.00358045
0,10.2993,4161,11309,-0.0181681,-0.00327495
0,0.072174,1711,4088,-0.0291224,-0.0020813
0,1.19736,2456,27186,-0.0359008,-0.00332877
0,0.224816,1788,6263,-0.0269625,-0.0180526
0,1.51931,19836,232481,-0.0277058,-0.00298555
0,1.67283,3707,3579,-0.0568543,-0.0026209
0,0.025043,423,403,-0.0554637,0.00375171
0,0.02094,55,66,-0.0234218,0.00223106
0,0.12837,1552,5678,-0.0283669,-0.00538055
0,0.143242,1502,3978,-0.0269127,-0.0180043
0,6.47279,2376,4560,-0.0163985,-0.0180043
0,7.24066,2075,3849,-0.0485562,-0.00160473
0,9.72686,4108,6720,-0.024153,-0.0181065
0,1.00071,1482,8075,-0.0296636,-0.00202749
0,0.025417,55,60,-0.0234218,0.00223106
0,2.09423,4625,8686,-0.0211969,-0.0178331
0,0.130735,178,112,-0.0207646,0.00378066
0,14.8963,163,296,-0.0325214,0.00198533
0,36.8153,1263,1174,-0.00827219,0.00137004
0,0.02782,55,66,-0.0236428,0.00223106
0,0.287268,2939,73522,-0.0277035,-0.00332877
0,0.89959,1689,5631,-0.0287918,-0.00527843
0,7.41433,1836,4838,-0.0243949,-0.00332877
0,10.3145,2297,7118,-0.018273,-0.00327495
0,0.086813,220,108,-0.0234218,0.00198533
0,3.07243,8983,8420,-0.0231326,-0.00371778
0,42.0006,9543,245144,0.00552593,-0.00210676
0,14.6502,163,296,-0.0325214,0.00198533
0,0.138871,216,231,-0.0329938,0.00198533
0,56.9829,1944,13408,0.0172328,-0.00151391
0,60.6856,2875,4606,0.0125227,-0.00522477
0,1.55595,519,376,-0.0307009,0.00358045
0,13.0929,2215,1240,-0.0457362,-0.00160473
0,0.071486,178,178,-0.0473558,0.00375171
0,0.10507,1775,5114,-0.0269637,-0.0180526
0,80.7943,4343,8981,0.00696025,-0.0015322
0,0.025218,55,66,-0.0234218,0.00223106
0,0.044225,55,66,-0.0236428,0.00223106
0,0.149005,2430,3883,-0.0283669,-0.00538055
0,0.11924,1632,5338,-0.0269637,-0.0180526
0,14.8722,163,303,-0.0325214,0.00198533
0,0.015268,55,66,-0.0234444,0.00223106
0,0.192023,1436,3773,-0.0269436,-0.0180043
0,0.01518,55,66,-0.0234444,0.00223106
0,0.025246,55,66,-0.0234218,0.00223106
0,8.49923,5684,4679,-0.0105371,-0.0107942
0,22.195,36571,2916,-0.0193663,-0.00108901
0,0.344071,2047,6619,-0.0258524,-0.0020813
0,113.74,6271,52869,0.0214615,-0.001477
0,0.176766,1658,6133,-0.0282901,-0.0020813
0,6.56313,1841,4754,-0.0231326,-0.00371778
0,0.029598,55,66,-0.0236428,0.00223106
0,2.1422,1676,3842,-0.0267265,-0.0180043
0,0.015223,55,66,-0.0234444,0.00223106
0,0.01492,55,66,-0.0234444,0.00223106
0,12.8729,519,310,-0.0304092,0.00358045
0,0.01492,55,66,-0.0234444,0.00223106
0,0.023843,213,108,-0.0234444,0.00198533
0,61.5846,11796,704707,0.00948527,-0.00164181
0,0.028205,305,108,-0.0234444,0.00198533
0,0.024746,55,66,-0.0234218,0.00223106
0,22.5268,2554,1312,-0.0234794,-0.00177599
0,0.043897,112,66,-0.0448746,0.00375171
0,0.019513,55,66,-0.0234218,0.00223106
0,7.04575,9668,429156,-0.0161827,-0.00307937
0,10.7164,2076,4850,-0.045788,-0.00160473
0,0.115903,2189,43502,-0.0169701,-0.00307937
0,9.07549,2198,30365,-0.0161827,-0.00307937
0,0.16618,1404,3905,-0.0356372,-0.00332877
0,0.02739,237,108,-0.0234444,0.00198533
0,0.08229,527,703,-0.0190788,0.00381508
0,0.026991,171,105,-0.0206507,0.00381466
0,0.811644,5931,7875,-0.019722,-0.00202749
0,0.774314,2230,6362,-0.024739,-0.00538055
0,0.118435,2359,99384,-0.0169701,-0.00307937
0,0.24817,1625,1073,-0.0502908,-0.00160473
0,0.627369,1526,4780,-0.0266366,-0.0180526
0,1.35143,458,132,-0.0302285,0.00370571
0,36.5794,2641,21090,0.00552593,-0.00210676
0,0.015262,55,66,-0.0234444,0.00223106
0,0.024865,55,60,-0.0234218,0.00223106
0,0.258205,1731,5687,-0.0269127,-0.0180043
0,0.402891,1436,3370,-0.0269436,-0.0180043
0,0.134314,1569,6450,-0.0273759,-0.00538055
0,0.271206,55,66,-0.0236428,0.00223106
0,0.421673,987,3372,-0.0143974,0.0274114
0,0.102868,1368,4473,-0.0292008,-0.00532674
0,0.100633,55,66,-0.0236428,0.00223106
0,0.499908,2201,15203,-0.0278277,-0.00332877
0,0.297223,279,240,-0.0306677,0.00358045
0,0.26563,1141,3990,-0.0268873,0.00748346
0,97.8158,2302,7678,0.0144653,-0.00150354
0,0.392626,1436,3369,-0.0269436,-0.0180043
0,20.3883,498,303,-0.0302285,0.00358045
0,0.597576,2980,47493,-0.0287613,-0.0020813
0,13.264,1054,6026,-0.0188369,0.00225623
0,59.8937,272,437,0.0300583,-0.015388
0,39.9331,46888,2.46869e+06,0.0116578,-0.00137531
0,0.078424,1867,5681,-0.0189718,-0.010623
0,0.118864,1638,6215,-0.0269637,-0.0180526
0,2.40667,12238,719355,-0.0169701,-0.00290073
0,0.034281,55,60,-0.0236428,0.00223106
0,0.283943,3048,6989,-0.029281,-0.0020813
0,0.0204,55,66,-0.0234218,0.00223106
0,0.019148,55,66,-0.0234218,0.00223106
0,0.026981,55,66,-0.0236428,0.00223106
0,14.8872,163,371,-0.0323005,0.00198533
0,0.09793,108,305,-0.0236428,0.00198533
0,11.1681,3187,9525,-0.0485562,-0.00160473
0,0.199201,1436,4278,-0.0269946,-0.0180526
0,0.015329,108,60,-0.0327954,0.00223106
0,1.17118,3655,167343,-0.0167052,-0.00307937
0,0.164928,1436,3369,-0.0269436,-0.0180043
0,10.1732,3453,4751,-0.0181681,-0.00327495
0,0.015135,55,66,-0.0234444,0.00223106
0,0.028518,162,138,-0.0327954,0.00223106
0,2.70186,2182,12254,-0.0279321,-0.0020813
0,10.3348,2035,512,-0.029471,-0.00202749
0,45.0373,110,132,0.0144995,0.00144451
0,3.4904,6688,102084,-0.0239169,-0.00332877
0,8.50086,2875,20684,-0.0184326,-0.00327495
0,0.025275,317,108,-0.0234444,0.00198533
0,73.7698,32755,1.01013e+06,0.00539231,-0.00172663
0,0.194528,1490,3839,-0.0269436,-0.0180043
0,0.015237,55,66,-0.0234444,0.00223106
0,0.306979,1643,948,-0.024385,-0.00177599
0,25.3485,163,271,-0.0323005,0.00223106
0,4.04615,7850,6457,-0.0214848,-0.0181065
0,0.11167,327,264,-0.0307009,0.00358045
0,0.100434,1394,3799,-0.0270536,-0.0180043
0,0.024835,55,66,-0.0234218,0.00223106
0,10.9018,1752,8067,-0.0191376,-0.00202749
0,0.015332,55,66,-0.0234444,0.00223106
0,0.025084,55,66,-0.0234218,0.00223106
0,2.5011,2084,4592,-0.0439389,-0.00371778
0,0.015143,55,66,-0.0234444,0.00223106
0,0.015303,55,66,-0.0234444,0.00223106
0,0.165891,1394,3369,-0.0259661,-0.0178331
0,7.2e-05,145,108,-0.0234444,0.00198533
0,0.453553,1587,2692,-0.0321828,-0.00279217
0,10.674,1249,4313,-0.0194276,0.0053025
0,0.236458,1629,6943,-0.0282901,-0.0020813
0,10.1722,958,513,-0.0232023,0.00198558
0,7.76315,1804,6810,-0.0181681,-0.00327495
0,0.015282,55,66,-0.0234444,0.00223106
0,19.267,27933,1.21974e+06,-0.0239192,-0.00298555
0,0.020538,178,112,-0.0194261,0.00378066
0,3.18069,2771,3763,-0.0475033,-0.0026209
0,0.078468,55,66,-0.0236428,0.00223106
0,0.015182,55,66,-0.0234444,0.00223106
0,0.139264,55,66,-0.0236428,0.00223106
0,3.72146,24341,1.58278e+06,-0.0162266,-0.00285465
0,1.66612,1948,10111,-0.0260387,-0.0020813
0,5.17463,4563,5190,-0.0245035,-0.0020813
0,0.085771,55,66,-0.0236428,0.00223106
0,36.6656,5036,70934,0.00836339,-0.00210676
0,12.8421,163,126,-0.0229495,0.00223106
0,0.959571,1825,23837,-0.0167052,-0.00307937
0,0.028734,305,162,-0.0234444,0.00198533
0,0.027794,327,132,-0.0209446,0.00358045
0,7.13924,10886,354794,-0.0239169,-0.00299246
0,0.015289,55,66,-0.0234444,0.00223106
0,0.015128,55,66,-0.0234444,0.00223106
0,0.086127,55,66,-0.0236428,0.00223106
0,0.04474,55,66,-0.0236428,0.00223106
0,71.8805,110,132,0.0143164,0.001521
0,116.035,5022,73816,0.0196462,-0.00201604
0,1.07335,128,66,-0.031779,0.00223106
0,0.028323,55,66,-0.0236428,0.00223106
0,9.92682,4609,59380,-0.0165939,-0.00307937
0,64.823,7874,72405,0.00539462,-0.00206985
0,0.073844,1249,6052,-0.0268731,0.00743515
0,0.015273,147,93,-0.0184441,0.00381466
0,12.4265,1195,7045,-0.0188369,0.00225623
0,0.020898,55,66,-0.0234218,0.00223106
0,4.78366,4651,13841,-0.0484996,-0.00371778
0,78.2747,697,356,0.00392727,-0.000260976
0,16.0742,163,126,-0.0229495,0.00223106
0,11.5562,1782,962,-0.0228929,-0.00177599
0,0.015181,55,66,-0.0234444,0.00223106
0,20.531,5196,417567,-0.0273455,-0.00332877
0,0.085052,1602,4912,-0.0269127,-0.0180043
0,0.727329,1644,4228,-0.0265856,-0.0180043
0,0.026799,55,66,-0.0236428,0.00223106
0,16.3829,2709,5517,-0.0220553,-0.0178331
0,15.8282,5990,135541,-0.0239169,-0.00332877
0,0.78947,85,162,-0.0236428,0.00198533
0,0.020384,55,60,-0.0234218,0.00223106
0,0.057942,1108,6938,-0.029428,0.00225623
0,0.360847,2813,24522,-0.0242749,-0.00332877
0,0.130893,1328,3707,-0.0252714,-0.0181065
0,0.028531,55,66,-0.0236428,0.00223106
0,3.7228,2115,3413,-0.0491372,-0.00160473
0,0.193617,341,198,-0.0307009,0.00358045
0,0.218637,1460,7574,-0.0366868,-0.0020813
0,0.086481,1566,3707,-0.0269127,-0.0180043
0,0.019515,55,60,-0.0234218,0.00223106
0,0.025198,171,171,-0.0554637,0.00375171
0,0.024832,55,66,-0.0234218,0.00223106
0,5.1412,35065,856772,-0.0167492,-0.00285465
0,43.7612,6107,4521,-0.0148345,-0.00163223
0,0.061392,279,180,-0.0302959,0.00358045
0,91.9908,2129,7696,0.013046,-0.00522477
0,0.024838,55,66,-0.0234218,0.00223106
0,0.024379,327,192,-0.0209446,0.00358045
0,0.17412,1436,3369,-0.0269436,-0.0180043
0,116.413,3244,8704,1.51724e-05,-0.00385431
0,0.020954,55,66,-0.0234218,0.00223106
0,0.029964,198,108,-0.0234444,0.00223106
0,2.13558,163,126,-0.0325214,0.00223106
0,0.135659,171,171,-0.0559111,0.00375171
0,0.787762,5271,12360,-0.0247029,-0.0020813
0,37.7203,738,4437,0.00757782,0.00357123
0,1.58147,2255,5641,-0.0246595,-0.00371778
0,9.3946,5829,357417,-0.0161827,-0.00307937
0,0.01487,55,66,-0.0234444,0.00223106
0,92.0067,2283,5133,0.011103,-0.00176658
0,6.25445,1955,7323,-0.0172803,-0.00388904
0,2.2357,1804,8400,-0.0243092,-0.0020813
0,3.85685,1793,4718,-0.0171548,-0.00388904
0,0.026891,387,291,-0.0327954,0.00198533
0,0.014932,55,66,-0.0234444,0.00223106
0,0.015143,55,66,-0.0234444,0.00223106
0,1.66273,1590,4094,-0.0328433,-0.00527843
0,0.10733,341,198,-0.0307009,0.00358045
0,38.532,2968,21645,0.0173141,-0.00151391
0,0.015161,55,66,-0.0234444,0.00223106
0,10.8969,2030,8087,-0.0285702,-0.00327495
0,0.118922,1394,3663,-0.0334145,-0.0178331
0,0.891675,2285,4567,-0.0265856,-0.0180043
0,102.607,3457,9204,0.013046,-0.00522477
0,20.0299,163,273,-0.0298009,0.00358045
0,0.147964,1550,1211,-0.032273,-0.00279217
0,14.3734,1281,520,-0.0466797,0.00215684
0,40.1386,2537,37667,0.00540334,-0.00210676
0,0.015238,55,66,-0.0234444,0.00223106
0,0.203932,1556,4409,-0.0269436,-0.0180043
0,0.179371,2170,8374,-0.036695,-0.0020813
0,0.089394,1195,4687,-0.0268873,0.00748346
0,20.9249,271,271,-0.0325214,0.00223106
0,0.026796,55,66,-0.0236428,0.00223106
0,0.086127,55,66,-0.0236428,0.00223106
0,0.026734,55,66,-0.0236428,0.00223106
0,0.894273,7124,231495,-0.0169701,-0.00307937
0,0.028055,55,60,-0.0236428,0.00223106
0,26.1126,22623,4075,-0.0267179,-0.00298555
0,0.019568,55,66,-0.0234218,0.00223106
0,22.6256,1952,6185,-0.0191376,-0.00202749
0,0.329773,19697,6594,-0.0357555,-0.00298555
0,0.026921,55,66,-0.0236428,0.00223106
0,0.392254,1526,4132,-0.0270845,-0.0180043
0,0.171634,1710,7429,-0.0269625,-0.0180526
0,0.145304,1809,1634,-0.0482467,-0.0026209
0,34.9569,2660,7458,0.00856575,-0.00526169
0,0.015217,147,93,-0.0184441,0.00381466
0,0.197411,1690,4226,-0.0279409,-0.00388904
0,0.015174,55,66,-0.0234444,0.00223106
0,17.0577,163,126,-0.0229495,0.00223106
0,0.015947,178,178,-0.0469084,0.00375171
0,0.015261,55,66,-0.0234444,0.00223106
0,0.024926,178,112,-0.0194261,0.00378066
0,0.027287,55,66,-0.0236428,0.00223106
0,6.20767,2096,7969,-0.0245125,-0.00538055
0,6.29586,2313,5938,-0.0164483,-0.0180526
0,40.1768,1708,4456,0.0159423,-0.00278578
0,48.1296,6523,281164,0.0112978,-0.00210676
0,6.34808,1590,6370,-0.0163074,-0.0180526
0,1.10536,2083,12248,-0.023287,-0.00332877
0,60.1231,2129,5617,0.0124671,-0.00522477
0,0.015163,55,66,-0.0234444,0.00223106
0,15.622,519,376,-0.0298007,0.00358045
0,6.73339,163,126,-0.0231704,0.00223106
0,7.65422,2669,6969,-0.0185433,-0.00532674
0,32.1236,2746,4036,-0.0173812,-0.00388904
0,0.015163,55,66,-0.0234444,0.00223106
0,18.3967,163,126,-0.0229495,0.00223106
0,4.27102,2485,40636,-0.0165939,-0.00307937
0,0.067069,1599,6961,-0.0288985,-0.00327495
0,1.33905,320,260,-0.0202407,0.00381466
0,0.033481,55,66,-0.0236428,0.00223106
0,0.072202,178,112,-0.02032,0.00378066
0,27.8619,470,6531,-0.0156981,0.00440999
0,2.19813,23198,879774,-0.016988,-0.00287828
0,14.8598,163,296,-0.0323005,0.00198533
0,2.88846,1945,3134,-0.0232619,-0.00399116
0,59.0685,356,290,0.0054945,0.00217077
0,8.80913,2085,6806,-0.0195061,-0.00202749
0,0.083031,55,66,-0.0236428,0.00223106
0,9.07879,3658,52947,-0.0266603,-0.0020813
0,6.58934,1173,473,-0.0232023,0.00198558
0,0.083514,55,66,-0.0236428,0.00223106
0,0.611512,1705,5764,-0.0281676,-0.00538055
0,0.758382,1712,4834,-0.0173812,-0.00388904
0,1.46836,3677,189569,-0.0167052,-0.00307937
0,0.100727,327,198,-0.0307009,0.00358045
0,0.114807,1584,5210,-0.0269436,-0.0180043
0,0.019619,178,178,-0.0469084,0.00375171
0,68.0211,6267,5864,0.000816372,-0.00385431
0,8.81925,217,211,-0.0323005,0.00223106
0,2.06784,3617,37619,-0.0184326,-0.00327495
0,49.8251,1974,3325,0.0136446,-0.00136056
0,0.028022,305,108,-0.0234444,0.00198533
0,30.0195,2124,8994,-0.016337,-0.0180526
0,3.23093,1874,7164,-0.0242924,-0.00510717
0,0.149367,2206,32682,-0.0169701,-0.00307937
0,0.025283,55,66,-0.0234218,0.00223106
0,0.015113,55,66,-0.0234444,0.00223106
0,0.025188,55,66,-0.0234218,0.00223106
0,0.074788,1776,5795,-0.0270536,-0.0180043
0,0.020962,305,108,-0.0234444,0.00198533
0,6.49646,1322,3830,-0.0163382,-0.0180526
0,0.179003,1526,3502,-0.0202144,-0.0107942
0,0.137864,4818,1435,-0.0269637,-0.0180526
0,0.023712,55,66,-0.0234218,0.00223106
0,0.09615,341,198,-0.0307234,0.00358045
0,61.0604,2091,4392,0.012262,-0.00213367
0,0.091989,55,66,-0.0236428,0.00223106
0,0.083593,178,112,-0.0207646,0.00378066
0,41.8936,15966,1.03859e+06,0.00588598,-0.00140119
0,18.8753,2054,3883,-0.0478888,-0.0026209
0,0.422245,1752,5084,-0.0279723,-0.00388904
0,0.258254,120,66,-0.0307053,0.00382576
0,3.26605,519,442,-0.0302731,0.00358045
0,31.5151,2947,7452,-0.0162872,-0.0180043
0,0.018857,55,66,-0.0234218,0.00223106
0,9.7673,3412,41512,-0.0161827,-0.00307937
0,0.015232,154,100,-0.019083,0.00381466
0,0.069528,1774,5725,-0.0292907,-0.00527843
0,0.015792,55,66,-0.0234444,0.00223106
0,0.024695,325,229,-0.0327954,0.00198533
0,0.095339,1610,4961,-0.0269127,-0.0180043
0,0.252648,1449,6041,-0.0300216,-0.00202749
0,0.015245,55,66,-0.0234444,0.00223106
0,0.015249,55,66,-0.0234444,0.00223106
0,0.590431,3138,5695,-0.0282901,-0.0020813
0,0.056647,171,171,-0.0460901,0.00375171
0,0.825746,3174,38846,-0.0277035,-0.00332877
0,0.020732,55,66,-0.0234218,0.00223106
0,29.3765,3579,7587,-0.0162564,-0.0180043
0,0.789318,2171,64143,-0.028731,-0.00327495
0,2.80734,32221,1.74176e+06,-0.016988,-0.00287828
0,0.025254,171,105,-0.019083,0.00381466
0,0.141305,1653,7740,-0.0288985,-0.00327495
0,34.5152,1717,692,0.0151828,-0.00136056
0,18.7309,2330,8251,-0.0254945,-0.0020813
0,0.015121,55,66,-0.0234444,0.00223106
0,0.039728,55,60,-0.0236428,0.00223106
0,0.147712,1903,9733,-0.0283669,-0.00538055
0,16.4066,7378,11075,-0.0245035,-0.0020813
0,24.9643,911,593,-0.0166745,0.0053025
0,45.0543,110,132,0.0142909,0.00144451
0,13.8081,2733,5606,-0.0213913,-0.00279217
0,0.025652,55,60,-0.0234218,0.00223106
0,0.015259,55,66,-0.0234444,0.00223106
0,0.029045,369,222,-0.0302956,0.00358045
0,4.72356,10141,36250,-0.0276479,-0.00504424
0,0.15562,55,66,-0.0236428,0.00223106
0,4.08754,559,15273,-0.0154997,0.00440999
0,0.688509,1791,1342,-0.022564,-0.00279217
0,2.16327,5418,8487,-0.0241761,-0.000691919
0,0.172006,369,288,-0.0307011,0.00358045
0,0.037391,55,66,-0.0236428,0.00223106
0,0.116186,4474,271364,-0.0169701,-0.00307937
0,0.044324,1123,7924,-0.029428,0.00225623
0,0.084742,154,100,-0.0204214,0.00381466
0,0.105391,1492,4765,-0.0353158,-0.00371778
0,0.171555,2489,3365,-0.0353158,-0.00371778
0,3.15916,3825,41899,-0.0161827,-0.00307937
0,0.108122,1545,3508,-0.0269127,-0.0180043
0,0.180966,1460,4278,-0.0269946,-0.0180526
0,0.097731,55,66,-0.0236428,0.00223106
0,0.933548,2079,43043,-0.0171165,-0.00307937
0,5.39728,1715,6207,-0.0185242,-0.00532674
0,0.170127,1612,6718,-0.0285255,-0.00538055
0,0.266414,290,190,-0.0191969,0.00378066
0,0.123339,2189,13734,-0.0169701,-0.00307937
0,0.021322,55,66,-0.0234218,0.00223106
0,0.025239,55,66,-0.0234218,0.00223106
0,7.51966,1165,473,-0.0232023,0.00198558
0,0.027866,55,66,-0.0236428,0.00223106
0,1.21608,1664,1106,-0.0240271,-0.00177599
0,0.027983,55,66,-0.0236428,0.00223106
0,1.28422,1866,5158,-0.0353952,-0.00332877
0,0.084826,154,100,-0.0204214,0.00381466
0,0.279413,276,105,-0.0188538,0.00383324
0,104.701,11906,13955,0.00448095,-0.00135356
0,1.05467,2057,9106,-0.0267156,-0.00332877
0,0.022841,55,66,-0.0234218,0.00223106
0,0.091229,1530,5336,-0.0291498,-0.00527843
0,1.03778,1025,3995,-0.016231,0.00748346
0,0.750691,1877,1971,-0.0475033,-0.0026209
0,66.1085,3280,9042,0.0123312,-0.00522477
0,18.9209,2214,4925,-0.0453291,-0.0178331
0,0.015255,55,66,-0.0234444,0.00223106
0,0.284477,1025,4052,-0.0269384,0.00743515
0,9.85683,7255,133025,-0.0161827,-0.00307937
0,41.3958,12707,7243,0.0157249,-0.00112138
0,0.058165,971,2101,-0.0301851,0.0053025
0,0.41876,2176,6877,-0.0248592,-0.0178331
0,11.7001,1530,5559,-0.0185587,-0.00527843
0,0.986023,1638,5771,-0.0328433,-0.00527843
0,0.015234,55,66,-0.0234444,0.00223106
0,61.3517,3035,7221,0.0123312,-0.00522477
0,0.196617,2010,7080,-0.0368454,-0.0020813
0,22.7504,217,204,-0.0323005,0.00223106
0,1.86837,2488,6531,-0.024451,-0.00510717
0,1.03906,128,74,-0.00954895,0.00385105
0,0.090225,1615,7132,-0.0167573,-0.00307937
0,0.026944,55,66,-0.0236428,0.00223106
0,8.10963,2328,65880,-0.0161827,-0.00307937
0,0.024805,171,105,-0.019083,0.00381466
0,0.065517,171,171,-0.0460901,0.00375171
0,0.086381,1486,700,-0.032273,-0.00279217
0,0.020773,55,66,-0.0234218,0.00223106
0,0.057734,1195,5774,-0.026731,0.00743515
0,3.87763,21820,901446,-0.0164655,-0.00287828
0,93.0754,2805,33483,0.0158138,-0.00201604
0,14.012,1666,5031,-0.0246595,-0.00371778
0,30.1361,217,211,-0.0323005,0.00223106
0,41.4457,2890,7669,0.0125177,-0.00526169
0,0.015175,55,66,-0.0234444,0.00223106
0,92.2012,2266,8543,0.013046,-0.00522477
0,0.030553,341,132,-0.0213724,0.00358045
0,30.4048,1956,5001,-0.0164281,-0.0180043
0,0.414169,3049,17984,-0.0287613,-0.0020813
0,0.306132,3798,9584,-0.0252631,-0.0181065
0,0.022366,162,138,-0.0327954,0.00223106
0,81.6046,6093,140619,0.0154019,-0.00201604
0,0.200445,55,66,-0.0236428,0.00223106
0,1.87106,1985,8807,-0.0279321,-0.0020813
0,0.079154,1653,6405,-0.0269637,-0.0180526
0,0.053412,1162,7620,-0.029428,0.00225623
0,0.032326,55,60,-0.0236428,0.00223106
0,0.743589,1568,6015,-0.0289081,-0.00532674
0,0.839931,4953,132426,-0.0169701,-0.00307937
0,0.042366,163,375,-0.0327954,0.00198533
0,1.6182,4806,93063,-0.0167052,-0.00307937
0,0.087571,55,66,-0.0236428,0.00223106
0,0.015228,55,66,-0.0234444,0.00223106
0,59.368,3083,63547,0.0154019,-0.00201604
0,1.39736,6153,313845,-0.0167313,-0.00305573
0,5.5534,3898,31059,-0.0249391,-0.0020813
0,0.025188,171,105,-0.019083,0.00381466
0,0.014744,55,66,-0.0234444,0.00223106
0,0.020403,55,66,-0.0234218,0.00223106
0,1.27001,194,180,-0.0307009,0.00382618
0,0.358678,7806,308337,-0.0277035,-0.00332877
0,0.027872,55,66,-0.0236428,0.00223106
0,0.129587,1530,6798,-0.0292008,-0.00532674
0,0.063725,171,105,-0.0184092,0.00381466
0,5.89419,2146,7255,-0.0185433,-0.00532674
0,0.210762,341,264,-0.0307009,0.00358045
0,5.43155,14589,213819,-0.0167231,-0.00287828
0,0.301319,3265,7223,-0.0582651,-0.00160473
0,92.0911,2186,6651,0.00937504,-0.00522477
0,1.93126,3644,13095,-0.028562,-0.0020813
0,102.216,2308,7134,0.0129039,-0.00522477
0,0.373762,1978,7004,-0.0246503,-0.00510717
0,0.277972,1602,6698,-0.0288973,-0.00327495
0,14.8729,163,303,-0.0325214,0.00198533
0,0.084344,55,66,-0.0236428,0.00223106
0,16.5354,3210,8877,-0.0163062,-0.0180526
0,65.3781,2171,7763,0.0161551,-0.00270055
0,0.07065,171,171,-0.0465601,0.00375171
0,10.3826,498,369,-0.0298007,0.00358045
0,0.014853,147,93,-0.0184441,0.00381466
0,0.025721,55,60,-0.0234218,0.00223106
0,0.090365,1100,3797,-0.0268221,0.00748346
0,0.134569,55,66,-0.0236428,0.00223106
0,0.015213,55,66,-0.0234444,0.00223106
0,33.4354,7121,98508,0.00552593,-0.00210676
0,0.025043,171,105,-0.019083,0.00381466
0,4.49919,3200,7378,-0.0468707,-0.00160473
0,45.6055,271,265,0.0300328,0.00144451
0,0.072161,1108,3898,-0.0268221,0.00748346
0,1.14045,2027,7322,-0.0262658,-0.00538055
0,22.066,1033,3854,-0.0160046,0.00748346
0,58.0487,342,210,0.00438354,0.00107866
0,0.096253,1566,4507,-0.0269637,-0.0180526
0,5.97261,67081,5.40618e+06,-0.0167492,-0.00250619
0,45.0494,110,132,0.0145072,0.00144451
0,0.026004,341,264,-0.0302956,0.00358045
0,21.8361,1262,21579,-0.0278762,0.00220242
0,0.015214,55,66,-0.0234444,0.00223106
0,0.037815,305,108,-0.0234444,0.00198533
0,1.12141,2448,4714,-0.0271766,-0.00538055
0,0.015441,178,112,-0.0194261,0.00378066
0,14.9759,163,357,-0.0323005,0.00198533
0,40.1071,2241,60147,0.00981993,-0.00210631
0,6.39156,2689,5745,-0.0186854,-0.00532674
0,0.015207,55,66,-0.0234444,0.00223106
0,0.015201,55,66,-0.0234444,0.00223106
0,0.132715,1524,6055,-0.0288985,-0.00327495
0,0.13645,171,105,-0.0204214,0.00381466
0,0.314002,210,254,-0.0473558,0.00375171
0,11.7804,971,513,-0.0232023,0.00198558
0,0.025081,55,66,-0.0234218,0.00223106
0,1.67096,253,211,-0.0329938,0.00198533
0,0.553876,1559,2814,-0.0278149,-0.00388904
0,3.24258,2166,5557,-0.0229426,-0.00371778
0,7.78184,958,513,-0.0231217,0.00198558
0,0.186579,2217,28733,-0.0373167,-0.0020813
0,0.015224,55,66,-0.0234444,0.00223106
0,3.83749,1087,3744,-0.016231,0.00748346
0,0.189198,1698,4200,-0.0270857,-0.0180043
0,28.2619,217,211,-0.0323005,0.00223106
0,0.245174,55,66,-0.0236428,0.00223106
0,0.220437,55,60,-0.0236428,0.00223106
0,0.13797,2221,4082,-0.0248592,-0.0178331
0,36.7287,4338,4855,0.00788731,-0.00283959
0,33.2298,15788,10523,0.00829669,-0.000862152
0,13.8046,1095,5054,-0.0162167,0.00743515
0,0.122066,55,66,-0.0236428,0.00223106
0,40.8041,8405,205489,0.00540334,-0.00210676
0,0.066582,171,105,-0.0184092,0.00381466
0,0.726897,2224,6578,-0.0296624,-0.00202749
0,6.31688,5301,28733,-0.023331,-0.00332877
0,0.209752,2159,9795,-0.0251389,-0.0181065
0,0.246947,154,160,-0.0211629,0.00381466
0,0.024945,55,66,-0.0234218,0.00223106
0,30.2997,5332,15916,-0.0486387,-0.0026209
0,0.095547,55,60,-0.0236428,0.00223106
0,115.147,2901,21978,0.019678,-0.00201604
0,0.020245,341,132,-0.0209446,0.00358045
0,0.026941,55,66,-0.0236428,0.00223106
0,0.044508,55,66,-0.0236428,0.00223106
0,0.02857,341,198,-0.0209446,0.00358045
0,0.122965,1539,5437,-0.0369222,-0.00538055
0,0.120997,1394,3664,-0.0334145,-0.0178331
0,3.17571,337,229,-0.0298009,0.00358045
0,0.242421,55,60,-0.0236428,0.00223106
0,0.061321,1195,6484,-0.026731,0.00743515
0,0.294378,1328,4212,-0.0272061,-0.00332877
0,1.3373,13919,715494,-0.0277058,-0.00298555
0,0.019371,55,60,-0.0234218,0.00223106
0,0.02693,55,66,-0.0236428,0.00223106
0,0.132994,171,171,-0.0559111,0.00375171
0,14.8146,163,303,-0.0323005,0.00198533
0,0.159676,55,66,-0.0236428,0.00223106
0,0.015191,55,66,-0.0234444,0.00223106
0,46.8111,2592,31754,0.0155333,-0.00205295
0,10.5985,2992,12738,-0.0268189,-0.0020813
0,0.026831,55,66,-0.0236428,0.00223106
0,0.038001,55,66,-0.0236428,0.00223106
0,34.8372,2422,9469,0.0139233,-0.00225728
0,0.293452,1025,4747,-0.0269384,0.00743515
0,19.6379,1883,3631,-0.0173159,-0.00388904
0,10.2329,2359,1891,-0.0212761,-0.00279217
0,0.166153,1490,3434,-0.0269436,-0.0180043
0,63.4088,2525,3022,0.0106303,-0.00176658
0,0.164848,1644,5682,-0.0285255,-0.00538055
0,0.25511,510,445,-0.0495386,0.00215659
0,90.0385,165,198,0.0143164,0.001521
0,0.133044,55,66,-0.0236428,0.00223106
0,0.146435,1977,4176,-0.0251389,-0.0181065
0,0.270456,2641,113367,-0.0169701,-0.00307937
0,0.0281,55,60,-0.0236428,0.00223106
0,0.220721,55,60,-0.0236428,0.00223106
0,28.8262,217,204,-0.0325214,0.00223106
0,89.4114,2534,14320,0.00491265,-0.00280267
0,0.06794,1203,5424,-0.0268221,0.00748346
0,0.365408,2389,5744,-0.0267291,-0.00371778
0,60.7357,2941,4672,0.0123806,-0.00522477
0,0.025035,230,108,-0.0234444,0.00198533
0,2.02723,4322,4080,-0.0245035,-0.0020813
0,0.082397,1406,3696,-0.0279723,-0.00388904
0,11.8307,2569,4262,-0.0171548,-0.00388904
0,0.575389,1492,3162,-0.018273,-0.00327495
0,0.256793,178,112,-0.0207646,0.00378066
0,0.984323,22236,1.12078e+06,-0.016988,-0.00287828
0,62.6592,3284,6594,0.0123312,-0.00522477
0,5.27932,498,303,-0.0298007,0.00358045
0,0.08376,55,66,-0.0236428,0.00223106
0,0.174432,341,198,-0.0307009,0.00358045
0,1.17055,1899,4007,-0.0276796,-0.00388904
0,0.015283,229,66,-0.0209446,0.00370571
0,0.610256,484,210,-0.0215306,0.00358045
0,0.028114,178,112,-0.0209938,0.00378066
0,30.3022,2651,37271,-0.0238441,-0.00332877
0,4.34085,6294,15231,-0.0196325,-0.00202749
0,0.074529,55,60,-0.0236428,0.00223106
0,40.2704,8437,490311,0.00540334,-0.00210676
0,16.2293,3123,25010,-0.0257267,-0.00332877
0,12.4484,1054,3425,-0.016231,0.00748346
0,0.026012,327,198,-0.0209446,0.00358045
0,26.3618,6667,7074,-0.0456272,-0.00160473
0,0.134593,178,112,-0.0207646,0.00378066
0,14.8213,163,303,-0.0325214,0.00198533
0,0.963813,1727,6568,-0.0281676,-0.00538055
0,0.195072,2096,4780,-0.0251389,-0.0181065
0,0.02695,55,66,-0.0236428,0.00223106
0,0.579118,3134,159372,-0.0169701,-0.00307937
0,1.16884,1827,2080,-0.0241076,-0.00177599
0,0.124994,4324,221081,-0.0169701,-0.00307937
0,1.29095,337,229,-0.0302733,0.00358045
0,14.069,3692,4680,-0.019364,-0.00202749
0,9.78318,1054,5609,-0.0188369,0.00225623
0,0.108005,2619,78339,-0.0169701,-0.00307937
0,0.027686,55,66,-0.0236428,0.00223106
0,0.026885,55,66,-0.0236428,0.00223106
0,0.626577,6916,2028,-0.0263884,-0.0020813
0,3.05904,37375,18163,-0.0254831,-0.0174899
0,0.086231,1108,7842,-0.029428,0.00225623
0,26.6115,2557,4997,-0.0213523,-0.0181065
0,112.464,27635,11888,0.0198355,-0.00107756
0,0.280783,341,198,-0.0307009,0.00358045
0,0.243747,1702,4402,-0.026254,-0.0181065
0,0.151256,55,60,-0.0236428,0.00223106
0,20.9913,3124,12595,-0.024907,-0.0020813
0,0.021367,55,66,-0.0234218,0.00223106
0,0.078621,55,66,-0.0236428,0.00223106
0,1.69222,4068,2647,-0.0475033,-0.0026209
0,0.023735,171,171,-0.0554637,0.00375171
0,0.071029,1483,693,-0.032273,-0.00279217
0,37.6149,3973,64759,0.00552593,-0.00210676
0,5.95578,271,264,-0.0325214,0.00223106
0,0.026757,55,66,-0.0236428,0.00223106
0,0.878963,4098,138653,-0.0277035,-0.00332877
0,18.7733,6856,73199,-0.0165939,-0.00307937
0,0.07474,55,66,-0.0236428,0.00223106
0,14.7839,163,383,-0.0325214,0.00198533
0,5.92341,2321,5537,-0.0186854,-0.00532674
0,0.133941,55,66,-0.0236428,0.00223106
0,0.019505,55,60,-0.0234218,0.00223106
0,2.32464,2493,64514,-0.0161827,-0.00307937
0,0.145399,1909,6275,-0.0283669,-0.00538055
0,4.76679,2212,19294,-0.0266686,-0.0020813
0,0.035923,178,112,-0.0209938,0.00378066
0,10.5695,1087,3773,-0.0161657,0.00748346
0,2.95101,205,216,-0.0229495,0.00223106
0,0.176346,1490,4343,-0.0269436,-0.0180043
0,0.025016,55,60,-0.0234218,0.00223106
0,0.084091,55,66,-0.0236428,0.00223106
0,1.04932,2298,28283,-0.0297888,-0.00202749
0,116.295,5659,70862,0.0196462,-0.00201604
0,0.201184,5349,202703,-0.0169701,-0.00307937
0,0.015519,291,162,-0.0234444,0.00198533
0,7.96515,2397,2885,-0.0470931,-0.0026209
0,39.3229,1012,1136,-0.0105634,0.00210515
0,0.034354,55,66,-0.0236428,0.00223106
0,90.0539,165,198,0.0143164,0.001521
0,0.027755,162,145,-0.0327954,0.00198533
0,1.27646,14161,1.13216e+06,-0.0242772,-0.00298555
0,0.058276,178,178,-0.0444046,0.00375171
0,0.086352,1436,3731,-0.0269127,-0.0180043
0,0.015137,55,66,-0.0234444,0.00223106
0,59.7077,218,437,0.0301649,-0.015388
0,1.26272,1679,14072,-0.0249748,-0.0020813
0,1.3893,2943,38302,-0.0161827,-0.00307937
0,0.111853,1677,9884,-0.0281315,-0.0020813
0,0.014869,55,66,-0.0234444,0.00223106
0,5.88972,17282,681963,-0.0249771,-0.00173809
0,20.9182,217,371,-0.0323005,0.00198533
0,0.089863,1602,6071,-0.0336942,-0.0181065
0,0.049533,369,901,-0.0334576,0.016313
0,0.111874,1394,3663,-0.0334145,-0.0178331
0,0.037216,55,66,-0.0236428,0.00223106
0,0.146166,1692,6249,-0.0269127,-0.0180043
0,6.4853,1814,5780,-0.0185242,-0.00532674
0,0.025131,55,66,-0.0234218,0.00223106
0,0.392079,1602,4962,-0.0269946,-0.0180526
0,5.22272,7741,795856,-0.0167052,-0.00307937
0,0.028192,55,60,-0.0236428,0.00223106
0,118.371,13860,319798,0.0161168,-0.00172663
0,0.791631,2254,6846,-0.0268482,-0.00332877
0,0.024868,55,66,-0.0234218,0.00223106
0,2.98173,1734,1029,-0.0485562,-0.00160473
0,61.4737,3093,5685,0.0163466,-0.00270055
0,0.066372,171,171,-0.0460901,0.00375171
0,0.317444,1746,6347,-0.0269946,-0.0180526
0,2.1119,7527,613336,-0.0164476,-0.00307937
0,0.031865,55,66,-0.0236428,0.00223106
0,9.25644,3391,4680,-0.0468707,-0.00160473
0,0.036291,341,132,-0.0213724,0.00358045
0,19.267,2036,5847,-0.0211969,-0.0178331
0,0.022702,341,132,-0.0209446,0.00358045
0,0.166733,1460,3597,-0.0269436,-0.0180043
0,0.035873,341,126,-0.0209446,0.00358045
0,0.015299,55,66,-0.0234444,0.00223106
0,8.74571,4943,5875,-0.0456787,-0.00371778
0,0.930956,1550,3506,-0.0281676,-0.00538055
0,0.258567,1015,4668,-0.0267962,0.00743515
0,61.7939,2924,6950,0.0123312,-0.00522477
0,35.8937,2624,7805,0.0161073,-0.00276214
0,15.4328,4669,32396,-0.0239169,-0.00332877
0,0.185816,1436,4276,-0.0269946,-0.0180526
0,0.027266,275,223,-0.0462679,0.00375171
0,40.9121,1976,2676,0.0151828,-0.00136056
0,2.37728,3084,46015,-0.0161827,-0.00307937
0,0.015212,55,66,-0.0234444,0.00223106
0,0.015315,55,66,-0.0234444,0.00223106
0,0.072622,971,2946,-0.0268221,0.00748346
0,0.019735,55,66,-0.0234218,0.00223106
0,0.332304,1069,6600,-0.0291353,0.00225623
0,5.42387,8215,650462,-0.0161827,-0.00307937
0,0.030833,55,60,-0.0236428,0.00223106
0,0.023381,171,105,-0.019083,0.00381466
0,0.015126,55,66,-0.0234444,0.00223106
0,0.014819,55,66,-0.0234444,0.00223106
0,23.9283,2612,15668,-0.0239169,-0.00332877
0,0.066888,171,105,-0.0184092,0.00381466
0,0.015258,55,66,-0.0234444,0.00223106
0,0.145403,1533,4541,-0.0269127,-0.0180043
0,0.015232,55,66,-0.0234444,0.00223106
0,6.63542,217,204,-0.0323005,0.00223106
0,2.83744,7377,243059,-0.0273455,-0.00332877
0,13.7513,2261,89174,-0.0161099,-0.00307937
0,10.4165,2196,7361,-0.019364,-0.00202749
0,0.377179,216,205,-0.0234218,0.00223106
0,0.052835,1162,7514,-0.029428,0.00225623
0,0.015161,55,66,-0.0234444,0.00223106
0,2.22885,3243,55681,-0.0171165,-0.00307937
0,0.015383,178,112,-0.0194261,0.00378066
0,0.019528,55,60,-0.0234218,0.00223106
0,0.478245,861,4420,-0.0291353,0.00225623
0,1.01577,1602,4172,-0.0267265,-0.0180043
0,0.177978,1460,3368,-0.0269436,-0.0180043
0,10.5343,5925,113452,-0.0161827,-0.00307937
0,1.0439,1395,4539,-0.0288571,-0.00527843
0,0.033514,55,66,-0.0236428,0.00223106
0,20.1086,217,151,-0.0325214,0.00210581
0,0.201769,1782,6425,-0.0269127,-0.0180043
0,0.027876,55,60,-0.0236428,0.00223106
0,0.026808,55,66,-0.0236428,0.00223106
0,13.2791,1025,2926,-0.015718,0.0053025
0,0.139701,1486,5493,-0.029281,-0.0020813
0,10.2492,1333,5856,-0.0186854,-0.00532674
0,1.03056,2982,5886,-0.0281676,-0.00538055
0,0.095477,171,171,-0.0559111,0.00375171
0,0.068599,1195,6458,-0.026731,0.00743515
0,66.4305,3214,8655,0.0123312,-0.00522477
0,0.019905,55,66,-0.0234218,0.00223106
0,0.144294,1550,1211,-0.0321828,-0.00279217
0,0.154793,1644,5943,-0.0269637,-0.0180526
0,0.628281,2723,20804,-0.0277035,-0.00332877
0,1.90996,5197,17012,-0.0254108,-0.0181065
0,0.165789,2291,41201,-0.0169701,-0.00307937
0,0.405768,1536,6728,-0.0300216,-0.00202749
0,0.014888,55,66,-0.0234444,0.00223106
0,2.32651,2648,6311,-0.0246595,-0.00371778
0,65.9812,4609,8439,0.0123324,-0.00522477
0,0.014977,55,66,-0.0234444,0.00223106
0,4.94895,1779,6658,-0.019364,-0.00202749
0,17.973,217,145,-0.0325214,0.00210581
0,6.25837,1177,622,-0.0210584,0.00358045
0,103.488,2466,16876,0.015869,-0.00201604
0,0.97327,7573,161699,-0.0169701,-0.00307937
0,0.029646,108,60,-0.0330164,0.00223106
0,0.102803,1644,6005,-0.0269637,-0.0180526
0,5.4892,2878,4176,-0.0185242,-0.00532674
0,17.8758,5885,7056,-0.0361816,-0.010623
0,3.39407,5811,42639,-0.0165939,-0.00307937
0,1.18498,2005,4419,-0.0289081,-0.00532674
0,0.023299,55,66,-0.0234218,0.00223106
0,5.72411,2275,7089,-0.0192988,-0.00202749
0,0.905149,10064,101878,-0.0169701,-0.00298681
0,0.015166,55,66,-0.0234444,0.00223106
0,0.11251,1874,18758,-0.0277035,-0.00332877
0,0.343551,2105,6515,-0.0330761,-0.00527843
0,0.021145,55,60,-0.0234218,0.00223106
0,0.138146,55,60,-0.0236428,0.00223106
0,0.217666,1473,3472,-0.0279723,-0.00388904
0,6.38153,2088,5244,-0.0232201,-0.00214706
0,18.574,163,126,-0.0231704,0.00223106
0,1.3995,1698,5273,-0.0328433,-0.00527843
0,0.131478,108,60,-0.0236428,0.00223106
0,0.026807,55,66,-0.0236428,0.00223106
0,0.735016,961,4122,-0.0264383,0.00743515
0,0.028311,178,112,-0.0209938,0.00378066
0,0.135202,55,66,-0.0236428,0.00223106
0,1.75591,2624,7488,-0.0254945,-0.0020813
0,0.286164,951,3209,-0.0143974,0.0274114
0,0.01894,55,66,-0.0234218,0.00223106
0,9.73496,1873,5128,-0.0474735,-0.00160473
0,64.2059,5798,3423,0.00548679,-0.0015322
0,92.912,2237,7937,0.0129909,-0.00522477
0,0.019024,55,66,-0.0234218,0.00223106
0,0.015207,55,66,-0.0234444,0.00223106
0,0.462794,1195,5871,-0.0161399,0.00743515
0,8.30255,5040,1406,-0.0224738,-0.00279217
0,0.89651,24261,2.30997e+06,-0.0277058,-0.00298555
0,0.015298,55,66,-0.0234444,0.00223106
0,10.2653,2975,4556,-0.0184732,-0.00527843
0,0.065751,171,171,-0.0460901,0.00375171
0,0.458626,1844,3193,-0.0339518,-0.00214706
0,2.07014,3147,3849,-0.0470931,-0.0026209
0,25.1577,3061,10509,-0.0245035,-0.0020813
0,0.490027,2001,4260,-0.0269436,-0.0180043
0,3.69046,1628,4431,-0.0186996,-0.00527843
0,7.58774,163,126,-0.0229495,0.00223106
0,0.186728,1490,4846,-0.0269946,-0.0180526
0,0.23653,327,198,-0.0307009,0.00358045
0,7.24674,1041,5350,-0.0222703,0.00738134
0,0.178974,1460,3821,-0.0269436,-0.0180043
0,0.644908,2133,4392,-0.0237272,-0.0107942
0,0.372718,1617,4643,-0.0200609,-0.00255779
0,1.59446,2468,6878,-0.0173812,-0.00388904
0,0.024208,55,66,-0.0234218,0.00223106
0,0.024771,55,66,-0.0234218,0.00223106
0,0.035176,327,198,-0.0209446,0.00358045
0,14.1306,6575,4347,-0.0192631,-0.00202749
0,0.059061,1015,5661,-0.029428,0.00225623
0,2.81453,337,229,-0.0302287,0.00358045
0,0.131334,55,60,-0.0236428,0.00223106
0,0.026982,55,66,-0.0236428,0.00223106
0,45.0575,110,132,0.0142909,0.00144451
0,0.037647,55,66,-0.0236428,0.00223106
0,0.028313,178,112,-0.0209938,0.00378066
0,0.0151,55,66,-0.0234444,0.00223106
0,0.02046,178,112,-0.0194261,0.00378066
0,0.015338,55,66,-0.0234444,0.00223106
0,21.9649,271,227,-0.0325214,0.00198533
0,14.8463,1728,870,-0.0234794,-0.00177599
0,2.89619,2753,2962,-0.0241076,-0.00177599
0,0.015187,55,66,-0.0234444,0.00223106
0,0.05772,907,2109,-0.0301851,0.0053025
0,0.110649,1352,4529,-0.0292008,-0.00532674
0,0.015264,162,145,-0.0327954,0.00198533
0,0.184077,1502,3434,-0.0270845,-0.0180043
0,10.3186,5260,37543,-0.0238441,-0.00332877
0,0.084319,55,66,-0.0236428,0.00223106
0,0.015198,55,66,-0.0234444,0.00223106
0,2.21438,13083,960898,-0.0242749,-0.00299246
0,0.714596,1644,4228,-0.0265856,-0.0180043
0,31.7791,2167,4212,-0.0439703,-0.00371778
0,60.3649,2875,4672,0.0125227,-0.00522477
0,0.549632,3660,64687,-0.0277035,-0.00332877
0,0.056678,147,153,-0.0181274,0.00381466
0,106.529,3595,9938,0.0167999,-0.00522477
0,0.443022,1829,5897,-0.0252631,-0.0181065
0,0.132968,55,60,-0.0236428,0.00223106
0,0.015125,55,66,-0.0234444,0.00223106
0,3.31491,2979,8668,-0.0254945,-0.0020813
0,0.129018,2808,2021,-0.0279723,-0.00388904
0,0.038648,55,60,-0.0236428,0.00223106
0,0.015193,55,66,-0.0234444,0.00223106
0,6.26484,8592,456602,-0.0239169,-0.00332877
0,0.133768,205,216,-0.0234218,0.00223106
0,0.448918,4039,5148,-0.0248592,-0.0178331
0,0.027768,108,60,-0.0330164,0.00223106
0,12.2593,904,734,-0.0231215,0.00198558
0,0.171152,1490,4343,-0.0269127,-0.0180043
0,0.055489,147,153,-0.0181274,0.00381466
0,0.015404,55,66,-0.0234444,0.00223106
0,0.015364,387,198,-0.0327954,0.00198533
0,11.0052,1057,6876,-0.0239764,0.00220242
0,115.211,3502,29334,0.0196462,-0.00201604
0,27.7047,2409,15660,-0.0161827,-0.00307937
0,0.019953,369,231,-0.0327954,0.00198533
0,0.018394,178,112,-0.0194261,0.00378066
0,0.014927,55,66,-0.0234444,0.00223106
0,0.433196,120,108,-0.0234218,0.00223106
0,1.40483,198,216,-0.0234218,0.00223106
0,0.251347,1854,7244,-0.0288973,-0.00327495
0,6.51868,1954,6469,-0.0175628,-0.00327495
0,14.7951,217,371,-0.0325214,0.00198533
0,14.7,163,383,-0.0323005,0.00198533
0,0.023857,213,108,-0.0234444,0.00198533
0,30.6057,7269,6628,-0.0454076,-0.0026209
0,13.5083,301,180,-0.0325214,0.00223106
0,0.440645,1119,3722,-0.0265294,0.00748346
0,0.198043,1610,6808,-0.0359395,-0.00538055
0,106.684,2444,4591,0.01533,-0.00213367
0,0.023786,55,66,-0.0234218,0.00223106
0,67.9089,3091,9746,0.0123312,-0.00522477
0,45.07,110,132,0.0142909,0.00144451
0,0.093507,55,66,-0.0236428,0.00223106
0,4.06392,4355,22334,-0.0249748,-0.0020813
0,10.1217,2143,37878,-0.0183598,-0.00327495
0,20.2298,2492,5418,-0.0231326,-0.00371778
0,40.8349,12147,521899,0.00540334,-0.00177046
0,0.220843,1490,3434,-0.0269436,-0.0180043
0,0.13487,55,66,-0.0236428,0.00223106
0,1.6853,50137,2.45972e+06,-0.016988,-0.00181762
0,8.78008,5279,316830,-0.0167052,-0.00307937
0,0.23132,1557,4446,-0.0269127,-0.0180043
0,1.8414,3233,51574,-0.0249748,-0.0020813
0,0.306802,205,216,-0.0234218,0.00223106
0,0.015157,55,66,-0.0234444,0.00223106
0,0.015252,55,66,-0.0234444,0.00223106
0,0.097753,1902,9652,-0.0281315,-0.0020813
0,0.678841,2134,9115,-0.0268399,-0.00332877
0,0.014923,55,66,-0.0234444,0.00223106
0,45.029,110,132,0.0144995,0.00144451
0,0.020445,55,66,-0.0234218,0.00223106
0,60.8734,4168,8210,0.000624906,-0.00385431
0,0.161791,2230,47161,-0.0169701,-0.00307937
0,0.029102,178,112,-0.0209938,0.00378066
0,1.3953,7324,1007,-0.0289282,-0.00327495
0,0.044936,55,66,-0.0236428,0.00223106
0,2.69038,2553,7608,-0.0231326,-0.00371778
0,0.085748,55,66,-0.0236428,0.00223106
0,0.014895,55,66,-0.0234444,0.00223106
0,0.694609,1678,7603,-0.0279321,-0.0020813
0,0.027305,55,66,-0.0236428,0.00223106
0,5.31238,1169,532,-0.0210195,0.0035807
0,12.6239,10319,432686,-0.0167052,-0.00290073
0,0.22786,11495,8105,-0.0288973,-0.00234338
0,0.640172,1647,4512,-0.0185445,-0.00532674
0,0.028109,55,66,-0.0236428,0.00223106
0,0.114944,1776,6714,-0.0269637,-0.0180526
0,7.05716,871,1175,-0.0444046,0.00375171
0,0.0204,55,66,-0.0234218,0.00223106
0,0.530843,85,162,-0.0236428,0.00198533
0,5.40245,8285,363857,-0.0284034,-0.0020813
0,0.015187,55,66,-0.0234444,0.00223106
0,0.136174,55,66,-0.0236428,0.00223106
0,0.09917,1572,4941,-0.0269127,-0.0180043
0,0.015222,55,66,-0.0234444,0.00223106
0,0.025042,55,66,-0.0234218,0.00223106
0,0.01519,55,66,-0.0234444,0.00223106
0,0.027007,55,66,-0.0236428,0.00223106
0,11.5626,24324,662721,-0.0159617,-0.00285465
0,0.369737,1502,4344,-0.0269436,-0.0180043
0,0.015412,229,132,-0.0209446,0.00370571
0,0.165612,1460,3368,-0.0269436,-0.0180043
0,0.014807,55,66,-0.0234444,0.00223106
0,45.1689,132,110,0.0130411,0.00144451
0,0.125694,1815,7761,-0.0261298,-0.0181065
0,60.7282,2897,7520,0.0123312,-0.00522477
0,0.147296,178,112,-0.0207646,0.00378066
0,0.150702,55,66,-0.0236428,0.00223106
0,2.84187,1726,9500,-0.0191376,-0.00202749
0,0.247394,1578,4620,-0.0269115,-0.0180043
0,0.037629,55,66,-0.0236428,0.00223106
0,0.072936,1368,6798,-0.0299563,-0.00202749
0,0.028441,55,66,-0.0236428,0.00223106
0,0.043011,279,120,-0.0327954,0.00198533
0,1.90845,2571,6023,-0.019364,-0.00202749
0,5.76201,17949,7870,-0.0193663,-0.00108901
0,1.68224,426,273,-0.0329938,0.00198533
0,0.025358,55,66,-0.0234218,0.00223106
0,33.9674,8760,2692,0.0157938,-0.00205295
0,0.053927,341,132,-0.0213724,0.00358045
0,0.015364,55,66,-0.0234444,0.00223106
0,0.124861,1436,3734,-0.0269127,-0.0180043
0,0.176681,178,178,-0.0473558,0.00375171
0,0.015256,55,66,-0.0234444,0.00223106
0,0.155564,1952,12903,-0.0277035,-0.00332877
0,0.132481,1025,3537,-0.0268873,0.00748346
0,5.89059,1255,7670,-0.0188369,0.00225623
0,0.027035,55,66,-0.0236428,0.00223106
0,1.0051,2922,6326,-0.0579072,-0.00160473
0,0.185189,1460,4583,-0.0291486,-0.00527843
0,0.281018,5820,175343,-0.0169701,-0.00307937
0,13.7877,271,371,-0.0325214,0.00198533
0,22.5147,2069,6492,-0.016337,-0.0180526
0,0.187271,1850,1033,-0.033736,-0.00177599
0,0.028254,55,66,-0.0236428,0.00223106
0,103.432,2747,11047,0.0128036,-0.00527308
0,0.015397,128,66,-0.0327954,0.00223106
0,0.484151,2367,1236,-0.024385,-0.00177599
0,0.111117,55,66,-0.0236428,0.00223106
0,6.58047,2250,4868,-0.0232697,-0.00214706
0,13.6039,349,295,-0.0302287,0.00358045
0,0.091513,1599,7695,-0.0288985,-0.00327495
0,17.0706,868,29695,-0.0154997,0.00440999
0,1.27617,576,1724,-0.0328098,0.00198558
0,6.89458,2027,38129,-0.0161827,-0.00307937
0,33.5484,2276,4908,0.00859142,-0.00526169
0,12.8069,1249,12513,-0.0239764,0.00220242
0,0.015278,55,66,-0.0234444,0.00223106
0,39.6415,217,357,0.0302414,0.00119878
0,0.016074,55,66,-0.0234444,0.00223106
0,0.023725,154,160,-0.0193663,0.00381466
0,2.22418,217,211,-0.0325214,0.00223106
0,1.15992,2956,47485,-0.0171165,-0.00307937
0,0.05455,971,2300,-0.0263743,0.0053025
0,3.5209,283,229,-0.0298007,0.00358045
0,0.194909,4852,196035,-0.0169701,-0.00307937
0,0.01992,55,66,-0.0234218,0.00223106
0,22.1858,2281,5167,-0.0211969,-0.0178331
0,0.190543,1479,5720,-0.0288985,-0.00327495
0,0.038702,55,60,-0.0236428,0.00223106
0,2.85816,4034,43927,-0.0297888,-0.00202749
0,0.015222,147,153,-0.0193663,0.00381466
0,0.057208,1108,5185,-0.026731,0.00743515
0,0.551543,1832,6163,-0.0186854,-0.00532674
0,44.184,15499,358471,0.0134876,0.000900649
0,0.137137,1394,3663,-0.0334145,-0.0178331
0,0.025595,289,108,-0.0234444,0.00198533
0,0.023852,171,171,-0.0554637,0.00375171
0,0.03456,162,145,-0.0327954,0.00198533
0,0.049233,55,60,-0.0236428,0.00223106
0,0.145486,1704,7288,-0.0269637,-0.0180526
0,1.11921,2835,3155,-0.0266965,-0.00371778
0,0.015126,55,66,-0.0234444,0.00223106
0,0.015297,55,66,-0.0234444,0.00223106
0,0.015167,55,66,-0.0234444,0.00223106
0,0.228058,55,60,-0.0236428,0.00223106
0,30.5862,19375,284166,-0.0162006,-0.00287828
0,1.23199,1883,4570,-0.0164281,-0.0180043
0,6.21987,1195,6527,-0.0160746,0.00743515
0,54.3458,498,231,0.0260332,-0.0147692
0,0.38649,2521,4645,-0.0269192,-0.00371778
0,2.67213,276,222,-0.0298009,0.00370571
0,0.014873,171,105,-0.019083,0.00381466
0,0.02882,178,112,-0.0209938,0.00378066
0,18.6943,2426,12033,-0.0252749,-0.00538055
0,0.032539,128,66,-0.0330164,0.00223106
0,0.097199,55,60,-0.0236428,0.00223106
0,45.0614,110,132,0.0142909,0.00144451
0,0.198349,1460,3367,-0.0269436,-0.0180043
0,0.790545,2019,3369,-0.0265856,-0.0180043
0,10.5778,1842,4570,-0.0172803,-0.00388904
0,24.3275,217,211,-0.0323005,0.00223106
0,16.7583,217,151,-0.0325214,0.00210581
0,1.39585,2287,999,-0.0224738,-0.00279217
0,93.291,338463,9389,0.032205,0.0269774
0,0.025006,55,66,-0.0234218,0.00223106
0,0.110681,1025,4223,-0.0268731,0.00743515
0,0.019718,55,66,-0.0234218,0.00223106
0,0.159831,2806,32223,-0.0277035,-0.00332877
0,0.088536,55,66,-0.0236428,0.00223106
0,0.023876,171,171,-0.0554637,0.00375171
0,45.0393,110,132,0.0144995,0.00144451
0,0.056977,1108,6938,-0.029428,0.00225623
0,0.087055,1603,36807,-0.0169701,-0.00307937
0,0.114849,1409,587,-0.033736,-0.00177599
0,0.170886,1860,4959,-0.0258418,-0.0178331
0,19.0279,217,211,-0.0323005,0.00223106
0,30.1006,2125,6447,-0.019364,-0.00202749
0,7.08336,1583,2438,-0.0170983,-0.00279217
0,0.116898,1502,3800,-0.0270548,-0.0180043
0,31.1808,2339,19397,-0.0249391,-0.0020813
0,0.025242,55,66,-0.0234218,0.00223106
0,40.1398,2669,72508,0.00981993,-0.00210631
0,115.837,5185,220375,0.0196462,-0.00201604
0,0.176023,1436,4278,-0.0269946,-0.0180526
0,1.51683,205,216,-0.0234218,0.00223106
0,0.023047,55,66,-0.0234218,0.00223106
0,0.015318,162,145,-0.0327954,0.00198533
0,0.025172,55,66,-0.0234218,0.00223106
0,0.473669,2627,8254,-0.0248615,-0.0020813
0,75.1368,1626,978,0.0309456,-0.0179869
0,0.152644,958,513,-0.0333837,0.00198558
0,0.132534,1497,1474,-0.0497098,-0.00160473
0,0.166908,1436,3754,-0.0269436,-0.0180043
0,0.058417,1054,7585,-0.0276043,0.00220242
0,92.1305,2700,37406,0.015815,-0.00201604
0,14.6145,217,371,-0.0325214,0.00198533
0,90.2861,1968,4977,0.013997,-0.00150354
0,0.026916,55,66,-0.0236428,0.00223106
0,0.228275,758,702,-0.0253865,0.00520038
0,34.0203,2097,12806,0.00730676,-0.00156772
0,1.97327,2890,2450,-0.0468707,-0.00160473
0,0.01836,55,66,-0.0234218,0.00223106
0,0.152465,2972,136286,-0.0169701,-0.00307937
0,0.53454,1562,5102,-0.0186138,-0.010623
0,0.194879,85,162,-0.0329938,0.00198533
0,65.2099,110,132,0.0143164,0.001521
0,8.95622,18929,13027,-0.0240435,-0.00298555
0,25.4758,1797,8109,-0.0254418,-0.00538055
0,0.096293,1079,3857,-0.0268221,0.00748346
0,0.136934,55,66,-0.0236428,0.00223106
0,0.025021,55,66,-0.0234218,0.00223106
0,0.024388,178,112,-0.0194261,0.00378066
0,7.5754,1197,1099,-0.0236745,0.00198558
0,0.020867,55,66,-0.0234218,0.00223106
0,0.28733,55,66,-0.0236428,0.00223106
0,6.6393,559,1137,-0.0481021,0.00215659
0,0.015263,55,66,-0.0234444,0.00223106
0,0.019345,55,60,-0.0234218,0.00223106
0,0.132142,55,66,-0.0236428,0.00223106
0,29.97,217,371,-0.0325214,0.00198533
0,0.066308,171,171,-0.0460901,0.00375171
0,13.5897,4418,79716,-0.0239169,-0.00332877
0,0.039769,55,60,-0.0236428,0.00223106
0,0.015306,55,66,-0.0234444,0.00223106
0,0.054218,279,180,-0.0302959,0.00358045
0,0.678508,2979,2814,-0.0482467,-0.0026209
0,15.3128,294018,1.57127e+07,-0.016988,0.0241596
0,0.457635,1677,4948,-0.0270845,-0.0180043
0,0.015156,55,66,-0.0234444,0.00223106
0,0.841897,2537,7747,-0.022974,-0.00371778
0,1.10698,917,3077,-0.0273349,0.0042144
0,1.0823,1590,8348,-0.0296624,-0.00202749
0,20.1427,502,1278,-0.0183145,0.00381508
0,0.200562,1394,3731,-0.0269436,-0.0180043
0,0.08235,108,60,-0.0329938,0.00223106
0,0.027226,55,66,-0.0236428,0.00223106
0,90.0784,165,198,0.0143164,0.001521
0,0.026827,55,66,-0.0236428,0.00223106
0,18.7438,1045,11178,-0.0273338,0.0042144
0,0.025517,327,132,-0.0209446,0.00358045
0,0.163376,1955,8847,-0.0171685,-0.00307937
0,0.137432,1602,6104,-0.0291498,-0.00527843
0,0.078991,55,66,-0.0236428,0.00223106
0,0.025018,55,66,-0.0234218,0.00223106
0,3.53867,2222,6093,-0.0187506,-0.00532674
0,24.2202,9292,212321,-0.0273455,-0.00332877
0,28.845,2641,4502,-0.0163382,-0.0180526
0,0.140555,1394,3732,-0.0269436,-0.0180043
0,125.08,5055,111858,0.186909,-0.00206985
0,0.015314,55,66,-0.0234444,0.00223106
0,0.025212,55,66,-0.0234218,0.00223106
0,0.026837,55,66,-0.0236428,0.00223106
0,0.015299,55,66,-0.0234444,0.00223106
0,102.901,2424,8466,0.00128459,-0.00385431
0,0.2848,4502,47935,-0.0277035,-0.00332877
0,0.097879,1470,5580,-0.0270819,-0.00332877
0,0.019788,55,66,-0.0234218,0.00223106
0,9.14039,2295,2833,-0.0240271,-0.00177599
0,0.016374,55,66,-0.0234444,0.00223106
0,0.01513,55,66,-0.0234444,0.00223106
0,0.01523,55,66,-0.0234444,0.00223106
0,20.843,36607,1.83577e+06,-0.0273478,-0.00298555
0,0.067322,171,171,-0.0460901,0.00375171
0,0.174571,2040,32075,-0.0169701,-0.00307937
0,0.015166,55,66,-0.0234444,0.00223106
0,14.8114,163,371,-0.0325214,0.00198533
0,7.26427,163,120,-0.0231704,0.00223106
0,0.066022,154,160,-0.0181274,0.00381466
0,0.01518,55,66,-0.0234444,0.00223106
0,0.015124,55,66,-0.0234444,0.00223106
0,0.245323,1526,4845,-0.0269934,-0.0180526
0,0.231089,1549,5238,-0.029281,-0.0020813
0,0.028523,55,66,-0.0236428,0.00223106
0,0.183935,1656,6279,-0.0338267,-0.0181065
0,6.67486,2348,2834,-0.0491372,-0.00160473
0,60.1317,2055,5551,0.0124671,-0.00522477
0,0.026769,55,66,-0.0236428,0.00223106
0,30.9998,2914,1437,-0.0236355,-0.00177599
0,14.9992,109,211,-0.0229495,0.00223106
0,5.38215,981,632,-0.0235941,0.00198558
0,0.069767,1633,7910,-0.0366868,-0.0020813
0,9.74897,15885,30845,-0.0166118,-0.00287828
0,1.17234,1093,3429,-0.015718,0.0053025
0,0.015087,162,145,-0.0327954,0.00198533
0,0.116738,3089,83188,-0.0277035,-0.00332877
0,7.78036,9609,81970,-0.0161827,-0.00307937
0,0.143578,1518,6721,-0.0356372,-0.00332877
0,70.429,4715,18533,0.0168043,-0.001477
0,0.517572,1885,7252,-0.0249383,-0.00538055
0,0.015179,55,66,-0.0234444,0.00223106
0,0.125349,55,66,-0.0236428,0.00223106
0,1.38189,3407,102322,-0.0273455,-0.00332877
0,10.9805,1720,20992,-0.0161827,-0.00307937
0,3.04148,1658,5951,-0.016337,-0.0180526
0,0.090303,1108,6223,-0.0294932,0.00225623
0,0.026928,55,66,-0.0236428,0.00223106
0,5.30238,2197,5938,-0.0164483,-0.0180526
0,4.67816,1838,4731,-0.0171548,-0.00388904
0,0.054408,1162,7715,-0.029428,0.00225623
0,0.798106,2434,6566,-0.0285714,-0.00327495
0,1.52794,2758,9340,-0.0192988,-0.00202749
0,0.198576,1382,3367,-0.0269436,-0.0180043
0,1.45079,1933,4055,-0.0467385,-0.00371778
0,0.053712,108,60,-0.0329938,0.00223106
0,0.027782,162,145,-0.0327954,0.00198533
0,1.75304,1279,3448,-0.0161657,0.00748346
0,6.19554,8846,167172,-0.0161827,-0.00307937
0,48.1513,24929,65166,0.00588598,-0.00140119
0,2.3497,1780,6915,-0.0245803,-0.00538055
0,0.071651,1644,4473,-0.0269127,-0.0180043
0,31.1042,14528,977003,-0.0239192,-0.00298555
0,0.015182,55,66,-0.0234444,0.00223106
0,0.082427,1195,7523,-0.029428,0.00225623
0,0.036836,74,60,-0.0213499,0.00382618
0,1.31822,6610,32165,-0.0286944,-0.00332877
0,0.028556,55,66,-0.0236428,0.00223106
0,0.025876,55,60,-0.0234218,0.00223106
0,0.024414,55,66,-0.0234218,0.00223106
0,0.015219,55,66,-0.0234444,0.00223106
0,0.425752,1825,4052,-0.0166143,-0.0180043
0,0.014855,55,66,-0.0234444,0.00223106
0,7.28403,1249,6464,-0.0161399,0.00743515
0,0.431243,1436,3773,-0.0265856,-0.0180043
0,10.5307,1141,3870,-0.016231,0.00748346
0,36.2995,2017,5811,0.0123104,-0.00526169
0,0.016066,55,66,-0.0234444,0.00223106
0,0.027253,55,66,-0.0236428,0.00223106
0,0.199098,1676,14615,-0.0373167,-0.0020813
0,1.2424,247,120,-0.0325214,0.00223106
0,0.028326,55,66,-0.0236428,0.00223106
0,3.15748,2264,19193,-0.0239169,-0.00332877
0,0.015815,55,66,-0.0234444,0.00223106
0,0.015177,55,66,-0.0234444,0.00223106
0,0.032132,1086,37419,-0.0157646,0.00440999
0,0.752502,1498,1522,-0.0318248,-0.00279217
0,0.029781,178,207,-0.0473783,0.00375171
0,0.015335,55,66,-0.0234444,0.00223106
0,0.065318,171,171,-0.0460901,0.00375171
0,104.503,2973,36678,0.015815,-0.00201604
0,5.52805,4729,56904,-0.0359008,-0.00332877
0,10.9719,38869,864892,-0.016988,-0.00271066
0,0.272923,55,60,-0.0236428,0.00223106
0,0.056458,1025,4168,-0.0268731,0.00743515
0,0.380644,3266,115089,-0.0169701,-0.00307937
0,0.40846,1526,8441,-0.0289293,-0.00327495
0,0.344026,1755,7342,-0.0186001,-0.00327495
0,10.7466,1195,7816,-0.0186104,0.00225623
0,1.14977,2475,872,-0.0241076,-0.00177599
0,0.176575,1460,3733,-0.0269127,-0.0180043
0,4.65614,1989,4343,-0.0211267,-0.00388904
0,5.57318,2338,37507,-0.0158838,-0.00307937
0,10.8607,1249,6264,-0.016231,0.00748346
0,0.397151,951,3159,-0.0143974,0.0274114
0,0.13144,1644,5910,-0.0269637,-0.0180526
0,0.026908,55,66,-0.0236428,0.00223106
0,15.3637,217,145,-0.0325214,0.00210581
0,0.023395,55,66,-0.0234218,0.00223106
0,0.074684,1195,5774,-0.026731,0.00743515
0,45.0937,110,132,0.0144995,0.00144451
0,0.037718,55,66,-0.0236428,0.00223106
0,0.078624,55,66,-0.0236428,0.00223106
0,0.550172,1752,6245,-0.0187506,-0.00532674
0,41.623,5539,161680,0.0108221,-0.00210631
0,0.015346,178,112,-0.0194261,0.00378066
0,45.0509,110,132,0.0144995,0.00144451
0,0.215358,1502,3368,-0.0269436,-0.0180043
0,33.8717,163,126,0.0144995,0.00144451
0,0.806045,1624,9621,-0.0279321,-0.0020813
0,0.028059,178,112,-0.0209938,0.00378066
0,0.015167,55,66,-0.0234444,0.00223106
0,0.044946,128,74,-0.0140103,0.00385105
0,11.1003,3324,2646,-0.0172803,-0.00388904
0,0.582286,1502,992,-0.0568543,-0.0026209
0,0.109828,1828,6503,-0.0282901,-0.0020813
0,0.093978,327,198,-0.0213724,0.00358045
0,0.026412,341,132,-0.0209446,0.00358045
0,6.24801,5137,7183,-0.0474516,-0.00160473
0,0.014822,55,66,-0.0234444,0.00223106
0,0.027975,55,66,-0.0236428,0.00223106
0,0.079509,1776,8314,-0.0288985,-0.00327495
0,0.016505,423,222,-0.0327954,0.00198533
0,0.264442,1578,3705,-0.0269127,-0.0180043
0,37.2544,36728,2.59536e+06,0.00766681,-0.000862152
0,6.48934,20152,1.65876e+06,-0.0167231,-0.00287828
0,1.08219,1935,5568,-0.0278796,-0.00510717
0,0.015255,55,66,-0.0234444,0.00223106
0,0.443823,1532,5264,-0.0285255,-0.00538055
0,102.142,3929,8598,-0.00774034,-0.00361798
0,0.153072,1602,6694,-0.0288985,-0.00327495
0,0.01557,309,108,-0.0234444,0.00198533
0,0.137336,1566,4524,-0.0269637,-0.0180526
0,24.698,578,1622,-0.0262468,0.00743515
0,0.014837,55,66,-0.0234444,0.00223106
0,14.8839,163,296,-0.0323005,0.00198533
0,0.023695,55,66,-0.0234218,0.00223106
0,8.666,7218,10885,-0.0485353,-0.00160498
0,6.94775,5737,4401,-0.0485562,-0.00160473
0,0.028309,120,66,-0.0307279,0.00382576
0,0.315008,2411,4343,-0.0399681,-0.010623
0,0.015245,55,66,-0.0234444,0.00223106
0,0.065847,171,171,-0.0460901,0.00375171
0,0.430273,1552,4878,-0.029281,-0.0020813
0,0.608836,2417,14465,-0.0277035,-0.00332877
0,0.015068,309,108,-0.0234444,0.00198533
0,0.126828,1195,6100,-0.026731,0.00743515
0,0.015284,55,66,-0.0234444,0.00223106
0,5.22914,2189,5726,-0.0181693,-0.00327495
0,9.67156,1165,3239,-0.0225918,0.00198558
0,0.199412,1503,3508,-0.0269127,-0.0180043
0,0.015219,55,66,-0.0234444,0.00223106
0,0.172366,1436,4211,-0.0269946,-0.0180526
0,53.1337,6473,119466,0.00552593,-0.00210676
0,10.231,2004,4751,-0.0162345,-0.0180526
0,0.168559,2238,5369,-0.0267605,-0.00371778
0,0.026934,55,66,-0.0236428,0.00223106
0,0.079031,55,66,-0.0236428,0.00223106
0,0.270496,55,66,-0.0236428,0.00223106
0,0.019643,55,66,-0.0234218,0.00223106
0,14.1947,2498,6679,-0.0221795,-0.0178331
0,0.170819,2415,3173,-0.0292907,-0.00527843
0,3.21888,271,227,-0.0323005,0.00198533
0,0.149031,2021,4346,-0.0251389,-0.0181065
0,2.70946,11460,819820,-0.0164476,-0.00290073
0,0.06897,55,60,-0.0236428,0.00223106
0,45.0505,110,132,0.0144995,0.00144451
0,0.172588,2123,3650,-0.029281,-0.0020813
0,0.327493,1476,4378,-0.0259661,-0.0178331
0,0.027302,55,66,-0.0236428,0.00223106
0,12.7309,403,649,-0.0231007,0.00198533
0,4.4253,13915,398219,-0.0273478,-0.00298555
0,0.015334,55,66,-0.0234444,0.00223106
0,0.05693,1623,17261,-0.0169701,-0.00307937
0,0.188216,327,198,-0.0307009,0.00358045
0,13.0385,301,180,-0.0323005,0.00223106
0,25.4471,4221,130186,-0.0161827,-0.00307937
0,13.135,2937,10937,-0.0163382,-0.0180526
0,37.7542,3612,9858,-0.019569,-0.00509043
0,0.102994,1776,6137,-0.0270536,-0.0180043
0,0.171353,1503,4084,-0.0269436,-0.0180043
0,0.154768,55,66,-0.0236428,0.00223106
0,6.10548,9631,410106,-0.0167052,-0.00307937
0,0.087426,341,198,-0.0302956,0.00358045
0,9.48443,498,303,-0.0298007,0.00358045
0,0.32247,1655,5079,-0.0359627,-0.00524674
0,0.037749,178,112,-0.0209938,0.00378066
0,0.047075,611,369,-0.0309346,0.00358045
0,0.024743,171,105,-0.019083,0.00381466
0,0.817939,5005,22062,-0.0164476,-0.00307937
0,13.2337,8327,1870,-0.0183821,-0.00532674
0,23.0443,163,126,-0.0229495,0.00223106
0,0.194361,1054,4534,-0.0267962,0.00743515
0,0.234227,2343,5182,-0.0249835,-0.0178331
0,0.380883,3107,2413,-0.0292139,-0.00527843
0,0.157159,178,112,-0.0207646,0.00378066
0,0.026829,55,66,-0.0236428,0.00223106
0,0.023351,55,66,-0.0234218,0.00223106
0,60.4309,2068,4914,0.00881735,-0.00522477
0,13.7685,2777,3904,-0.0183821,-0.00532674
0,4.93792,1827,1449,-0.0474516,-0.00160473
0,0.018881,55,66,-0.0234218,0.00223106
0,0.42479,1880,8012,-0.0236533,-0.00332877
0,0.176831,1526,3821,-0.0270845,-0.0180043
0,0.015332,55,66,-0.0234444,0.00223106
0,0.056118,147,93,-0.0177703,0.00381466
0,0.015137,55,66,-0.0234444,0.00223106
0,0.028231,178,112,-0.0209938,0.00378066
0,0.125047,327,60,-0.0302731,0.00358045
0,30.6642,2669,7542,-0.0162564,-0.0180043
0,0.021358,171,105,-0.019083,0.00381466
0,0.245055,55,66,-0.0236428,0.00223106
0,30.9742,2130,4560,-0.0214815,-0.00279217
0,0.116544,1611,6483,-0.0288985,-0.00327495
0,115.995,2578,7552,0.0149101,-0.00213367
0,0.037423,55,66,-0.0236428,0.00223106
0,0.055566,147,153,-0.0181274,0.00381466
0,37.9406,4115,9370,0.00670289,-0.00156772
0,0.138892,1195,6143,-0.026731,0.00743515
0,3.54874,1831,1054,-0.0241076,-0.00177599
0,2.09925,8539,392282,-0.0169701,-0.00307937
0,30.2551,2335,38503,-0.0161099,-0.00307937
0,39.2663,3229,123998,0.00994251,-0.00210631
0,5.6012,163,126,-0.0231704,0.00223106
0,0.019533,55,60,-0.0234218,0.00223106
0,10.7413,2971,2916,-0.0475033,-0.0026209
0,0.020873,55,66,-0.0234218,0.00223106
0,1.53615,2965,6921,-0.023748,-0.00538055
0,27.8535,163,180,-0.0298052,0.00382576
0,15.686,2172,5766,-0.0185242,-0.00532674
0,61.2234,3058,5956,0.0162057,-0.00270055
0,0.015164,55,66,-0.0234444,0.00223106
0,47.4525,40259,488246,0.0116578,-0.00139745
0,0.063708,178,112,-0.0187523,0.00378066
0,0.134726,55,66,-0.0236428,0.00223106
0,14.7086,163,126,-0.0229495,0.00223106
0,0.055385,973,4630,-0.026731,0.00743515
0,13.5981,1195,4094,-0.0157832,0.0053025
0,0.523947,1658,8573,-0.0285714,-0.00327495
0,11.7448,426,213,-0.0323005,0.00198533
0,1.49823,6815,94688,-0.0169701,-0.00307937
0,0.133173,1576,5958,-0.0282901,-0.0020813
0,0.025401,55,66,-0.0234218,0.00223106
0,0.017382,293,120,-0.0234444,0.00198533
0,0.834134,2000,1679,-0.0334586,-0.00177599
0,0.201637,55,60,-0.0236428,0.00223106
0,0.015182,55,66,-0.0234444,0.00223106
0,0.103132,55,66,-0.0236428,0.00223106
0,0.03723,55,66,-0.0236428,0.00223106
0,1.70373,1481,4899,-0.0254945,-0.0020813
0,0.700152,1195,5649,-0.0264383,0.00743515
0,0.015315,55,66,-0.0234444,0.00223106
0,17.8105,9546,299973,-0.0167052,-0.00307937
0,0.0151,55,66,-0.0234444,0.00223106
0,0.015182,55,66,-0.0234444,0.00223106
0,0.015251,55,66,-0.0234444,0.00223106
0,0.110854,341,132,-0.0307009,0.00358045
0,14.8828,1743,2112,-0.0485562,-0.00160473
0,0.182846,2018,6896,-0.0251471,-0.0181065
0,0.02513,55,66,-0.0234218,0.00223106
0,6.92929,1884,23547,-0.0184338,-0.00327495
0,0.027758,55,66,-0.0236428,0.00223106
0,40.1457,1734,10893,0.00670289,-0.00156772
0,0.015302,55,66,-0.0234444,0.00223106
0,2.54704,6916,133903,-0.0167052,-0.00307937
0,0.024118,178,112,-0.0194261,0.00378066
0,6.46704,1318,3448,-0.0162872,-0.0180043
0,24.9328,17683,590374,-0.0239192,-0.00298555
0,41.7739,8406,289423,0.00981993,-0.00210631
0,0.194608,1800,6717,-0.0269637,-0.0180526
0,0.162093,1486,700,-0.0321828,-0.00279217
0,3.1664,163,126,-0.0229495,0.00223106
0,0.020051,55,66,-0.0234218,0.00223106
0,0.026912,55,66,-0.0236428,0.00223106
0,0.02499,55,66,-0.0234218,0.00223106
0,0.065902,171,171,-0.0460901,0.00375171
0,31.0464,10638,590269,-0.0161827,-0.00290073
0,0.171567,1436,3368,-0.0269436,-0.0180043
0,1.12625,1449,4012,-0.0288571,-0.00527843
0,0.028996,341,132,-0.0213724,0.00358045
0,0.015278,108,60,-0.0327954,0.00223106
0,0.026963,55,66,-0.0236428,0.00223106
0,0.027332,55,66,-0.0236428,0.00223106
0,0.088535,128,74,-0.0140103,0.00385105
0,0.022774,108,60,-0.0327954,0.00223106
0,0.147704,1682,4029,-0.0353158,-0.00371778
0,10.5628,2466,2087,-0.0239518,-0.00177599
0,0.067152,1606,6313,-0.0281315,-0.0020813
0,0.188306,2234,21206,-0.0277035,-0.00332877
0,118.526,7538,59686,0.019591,-0.00201604
0,8.08892,4068,5562,-0.0174322,-0.00393735
0,0.4151,2189,9148,-0.024106,-0.00538055
0,0.020503,55,60,-0.0234218,0.00223106
0,0.258709,205,108,-0.0234218,0.00210581
0,15.0516,3961,952,-0.0283787,-0.00327495
0,23.6714,426,333,-0.0298007,0.00358045
0,3.91985,10528,676348,-0.0161827,-0.00290073
0,0.015208,55,66,-0.0234444,0.00223106
0,24.188,21446,19483,-0.0298564,-0.00108901
0,90.2902,1981,4977,0.013997,-0.00150354
0,0.015865,55,66,-0.0234444,0.00223106
0,34.8069,3396,50680,0.00552593,-0.00210676
0,0.16599,1526,3661,-0.0269436,-0.0180043
0,0.027787,55,66,-0.0236428,0.00223106
0,0.111848,1394,3732,-0.0269127,-0.0180043
0,14.6482,296,163,-0.0323005,0.00198533
0,0.610742,3889,9723,-0.0258524,-0.0020813
0,0.358136,1951,9121,-0.016646,-0.00307937
0,20.7781,7275,45610,-0.0239169,-0.00332877
0,0.62705,1626,4602,-0.0265612,-0.00371778
0,0.02139,383,229,-0.0302956,0.00358045
0,0.021444,261,216,-0.0454737,0.00375171
0,96.6563,6502,11930,0.00114828,-0.00385431
0,0.735396,1684,6790,-0.0186085,-0.00532674
0,0.07944,1195,4572,-0.0268221,0.00748346
0,40.1386,2256,32908,0.00981993,-0.00210631
0,0.065497,171,171,-0.0460901,0.00375171
0,0.02681,55,66,-0.0236428,0.00223106
0,0.019614,55,66,-0.0234218,0.00223106
0,19.4732,217,211,-0.0323005,0.00223106
0,0.200548,55,66,-0.0236428,0.00223106
0,39.8901,217,357,0.0302414,0.00119878
0,6.68445,6588,479624,-0.0249748,-0.0020813
0,12.3899,116666,5.70511e+06,-0.016988,-0.00181762
0,0.015207,55,66,-0.0234444,0.00223106
0,16.086,217,204,-0.0325214,0.00223106
0,0.019486,55,66,-0.0234218,0.00223106
0,0.439338,2019,1417,-0.0244656,-0.00177599
0,45.0347,110,132,0.0144995,0.00144451
0,0.168762,1856,39463,-0.0169701,-0.00307937
0,0.027648,55,66,-0.0236428,0.00223106
0,0.027716,178,112,-0.0209938,0.00378066
0,92.1977,2299,20040,0.015869,-0.00201604
0,1.14704,2640,6878,-0.0271766,-0.00538055
0,1.58188,2836,2401,-0.022564,-0.00279217
0,0.026854,55,66,-0.0236428,0.00223106
0,0.015206,55,66,-0.0234444,0.00223106
0,0.097112,341,132,-0.0213724,0.00358045
0,0.475208,3679,6316,-0.0282901,-0.0020813
0,0.129826,1650,5942,-0.0269625,-0.0180526
0,0.291941,1476,6109,-0.0292661,-0.00532674
0,0.774593,2293,1346,-0.0241076,-0.00177599
0,0.675145,1873,1042,-0.0334586,-0.00177599
0,3.3392,3881,18269,-0.0239169,-0.00332877
0,0.134476,341,132,-0.0213499,0.00358045
0,2.61158,432,165,-0.0178742,0.00381466
0,39.9017,163,291,0.028783,0.00119878
0,0.015235,55,66,-0.0234444,0.00223106
0,0.043623,648,27431,-0.0157646,0.00440999
0,0.028552,55,66,-0.0236428,0.00223106
0,9.62513,3637,3611,-0.0470931,-0.0026209
0,0.022461,162,145,-0.0327954,0.00198533
0,1.33751,2578,4514,-0.0186085,-0.00532674
0,0.243244,2564,7084,-0.0271979,-0.00332877
0,0.083795,55,66,-0.0236428,0.00223106
0,0.135943,1604,1211,-0.033736,-0.00177599
0,60.6414,2156,6137,0.0125227,-0.00522477
0,75.8219,2065,4030,0.0133808,-0.00132365
0,0.025113,55,66,-0.0234218,0.00223106
0,0.016305,178,178,-0.0469084,0.00375171
0,0.029572,55,60,-0.0236428,0.00223106
0,0.015539,55,66,-0.0234444,0.00223106
0,0.01543,55,66,-0.0234444,0.00223106
0,0.707211,5665,125568,-0.0287613,-0.0020813
0,0.015241,55,66,-0.0234444,0.00223106
0,30.848,3824,4789,-0.0259626,-0.0020813
0,12.0238,4087,7697,-0.0454076,-0.0026209
0,39.8795,163,357,0.0302414,0.00119878
0,0.025499,55,60,-0.0234218,0.00223106
0,0.089,171,105,-0.0204214,0.00381466
0,0.151243,1852,6928,-0.0299551,-0.00202749
0,0.142027,405,297,-0.0307009,0.00358045
0,14.8728,755,1082,-0.0192367,0.00381508
0,0.02752,237,108,-0.0234444,0.00198533
0,0.016057,178,112,-0.0194261,0.00378066
0,0.682702,1498,1522,-0.0318248,-0.00279217
0,0.015255,55,66,-0.0234444,0.00223106
0,0.015267,55,66,-0.0234444,0.00223106
0,1.57492,13867,1.13766e+06,-0.016988,-0.00287828
0,39.4749,3721,3155,0.00088025,-0.00389123
0,0.112433,2095,43853,-0.0169701,-0.00307937
0,0.3093,6802,242900,-0.0167313,-0.00305573
0,0.199987,108,60,-0.0329938,0.00223106
0,13.3862,1316,548,-0.0313916,-0.00279242
0,0.014902,55,66,-0.0234444,0.00223106
0,61.2782,2529,26141,0.0171855,-0.001477
0,0.862595,2894,7514,-0.0225458,-0.0178331
0,0.325161,326,60,-0.0213499,0.00358045
0,116.33,4216,9692,0.0206601,-0.00522477
0,6.39458,2684,5900,-0.0187506,-0.00532674
0,0.02181,55,60,-0.0234218,0.00223106
0,0.027007,213,108,-0.0234444,0.00198533
0,0.04512,55,66,-0.0236428,0.00223106
0,10.6401,1054,4825,-0.0161399,0.00743515
0,0.498043,3225,76293,-0.0277035,-0.00332877
0,5.72298,4465,71752,-0.0167052,-0.00307937
0,1.22294,3344,79615,-0.0161827,-0.00307937
0,0.764168,4815,12140,-0.0489818,-0.00362675
0,13.2688,361,330,-0.0302287,0.00382618
0,26.1891,9016,382046,-0.0239169,-0.00332877
0,0.525113,1871,6068,-0.0282901,-0.0020813
0,0.232769,293,120,-0.0236428,0.00198533
0,0.812493,2835,3907,-0.0472286,-0.00160473
0,9.41559,3411,4489,-0.0186085,-0.00532674
0,0.260848,128,66,-0.0329938,0.00223106
0,2.07621,2484,16663,-0.0184326,-0.00327495
0,0.023349,171,171,-0.0554637,0.00375171
0,0.015243,55,66,-0.0234444,0.00223106
0,14.695,163,298,-0.0323005,0.00198533
0,80.6385,21656,770929,0.00539231,-0.00172663
0,3.46258,1823,4289,-0.0171548,-0.00388904
0,0.314721,961,3656,-0.0265294,0.00748346
0,0.066817,171,171,-0.0460901,0.00375171
0,65.6487,6655,57495,0.0154019,-0.00201604
0,43.9176,7340,32823,0.0022606,-0.00536381
0,60.9196,2158,7235,0.0123312,-0.00522477
0,0.234913,55,66,-0.0236428,0.00223106
0,0.019255,162,145,-0.0327954,0.00198533
0,0.432678,1633,5586,-0.029407,-0.00532674
0,0.176881,341,198,-0.0307009,0.00358045
0,0.247089,1748,5188,-0.0236199,-0.00399116
0,0.026865,55,66,-0.0236428,0.00223106
0,3.11597,3563,5677,-0.0499328,-0.00160473
0,5.93985,904,432,-0.0231215,0.00198558
0,0.022203,55,66,-0.0234218,0.00223106
0,0.026912,171,105,-0.0206507,0.00381466
0,0.078535,55,66,-0.0236428,0.00223106
0,0.226583,1556,3501,-0.0240854,-0.0107942
0,16.9348,4459,50899,-0.0284034,-0.0020813
0,0.015364,55,66,-0.0234444,0.00223106
0,0.061124,171,171,-0.0460901,0.00375171
0,0.184045,1460,4845,-0.0269946,-0.0180526
0,11.756,1797,4616,-0.0187506,-0.00532674
0,0.025018,55,66,-0.0234218,0.00223106
0,0.066594,341,198,-0.0302956,0.00358045
0,1.03889,1908,5911,-0.0267265,-0.0180043
0,1.07614,128,74,-0.00954895,0.00385105
0,1.99482,5557,88592,-0.0273455,-0.00332877
0,0.368788,3227,4971,-0.0282901,-0.0020813
0,24.3783,205,270,-0.0229495,0.00223106
0,6.81968,1806,8001,-0.0191376,-0.00202749
0,0.079079,275,126,-0.0307234,0.00358045
0,10.7452,1087,2585,-0.0157832,0.0053025
0,2.42961,3580,1654,-0.047504,-0.0026209
0,0.156852,1925,6848,-0.0269192,-0.00371778
0,0.087886,178,178,-0.0473558,0.00375171
0,0.015281,55,66,-0.0234444,0.00223106
0,5.1583,16610,563055,-0.0167231,-0.00287828
0,6.51434,1845,5704,-0.0210255,-0.00388904
0,0.015262,178,112,-0.0194261,0.00378066
0,0.400772,1994,8578,-0.0166641,-0.0180526
0,0.015219,55,66,-0.0234444,0.00223106
0,0.107418,1476,5088,-0.0251389,-0.0181065
0,0.092216,55,66,-0.0236428,0.00223106
0,0.028672,341,223,-0.0209446,0.00358045
0,0.028203,245,108,-0.0234444,0.00198533
0,0.136738,55,60,-0.0236428,0.00223106
0,0.020284,55,66,-0.0234218,0.00223106
0,0.138668,178,112,-0.0207646,0.00378066
0,0.024968,55,66,-0.0234218,0.00223106
0,0.025214,55,66,-0.0234218,0.00223106
0,12.0551,217,211,-0.0323005,0.00223106
0,0.01483,55,66,-0.0234444,0.00223106
0,0.205786,3312,6940,-0.0282901,-0.0020813
0,0.015172,55,66,-0.0234444,0.00223106
0,0.024799,55,66,-0.0234218,0.00223106
0,18.5057,2106,6455,-0.0224197,-0.00527843
0,0.049955,55,66,-0.0236428,0.00223106
0,0.470789,1685,847,-0.0244656,-0.00177599
0,0.015367,55,66,-0.0234444,0.00223106
0,0.095069,171,105,-0.0204214,0.00381466
0,0.12896,1622,8240,-0.0291996,-0.00532674
0,7.31591,2702,152674,-0.0167052,-0.00307937
0,15.0027,163,126,-0.0231704,0.00223106
0,7.01371,2882,7278,-0.0210644,-0.0178331
0,3.57852,217,211,-0.0323005,0.00223106
0,52.2848,3259,7356,0.00259805,-0.00536381
0,0.14348,1563,4638,-0.0369222,-0.00538055
0,0.119543,1602,6134,-0.0289293,-0.00327495
0,37.0294,2701,6607,0.0122605,-0.00531
0,0.03717,305,108,-0.0234444,0.00198533
0,11.254,1054,3640,-0.0161657,0.00748346
0,14.3107,1683,4906,-0.0187506,-0.00532674
0,0.018563,55,66,-0.0234218,0.00223106
0,0.116528,1476,6109,-0.0292008,-0.00532674
0,2.83231,217,211,-0.0323005,0.00223106
0,0.083046,55,66,-0.0236428,0.00223106
0,0.034722,128,74,-0.0140328,0.00385105
0,0.027813,55,66,-0.0236428,0.00223106
0,61.3125,697,488,0.0269257,-0.0146927
0,0.041362,85,108,-0.0329938,0.00198533
0,40.1385,1813,16813,0.00935484,-0.00210631
0,1.91361,1663,6068,-0.0264245,-0.00538055
0,2.12093,1728,7152,-0.0242049,-0.00332877
0,45.0398,110,120,0.0144995,0.00144451
0,14.8712,163,296,-0.0323005,0.00198533
0,15.9823,217,211,-0.0323005,0.00223106
0,0.154941,1436,3734,-0.0269127,-0.0180043
0,0.090604,1587,4121,-0.029281,-0.0020813
0,12.9843,2405,6615,-0.0211267,-0.00388904
0,0.092633,1533,6150,-0.0288985,-0.00327495
0,0.041017,55,60,-0.0236428,0.00223106
0,4.85958,1794,4899,-0.0187506,-0.00532674
0,15.9309,4898,50963,-0.0161827,-0.00307937
0,2.64161,965,563,-0.0236745,0.00198558
0,0.187413,341,198,-0.0307009,0.00358045
0,0.248944,154,100,-0.0204214,0.00381466
0,0.191973,2877,38474,-0.0277035,-0.00332877
0,0.823729,217,204,-0.0327729,0.00223106
0,0.163284,3086,696,-0.0269934,-0.0180526
0,0.087175,3413,127407,-0.0169701,-0.00307937
0,23.116,2794,2982,-0.0454076,-0.0026209
0,40.1945,2287,9866,0.0155164,-0.00205295
0,0.025021,55,66,-0.0234218,0.00223106
0,0.015201,55,66,-0.0234444,0.00223106
0,0.015518,55,66,-0.0234444,0.00223106
0,5.1702,2448,7713,-0.0185445,-0.00532674
0,0.037107,55,66,-0.0236428,0.00223106
0,0.025,55,66,-0.0234218,0.00223106
0,2.79058,2761,5172,-0.0268887,-0.00510717
0,0.088458,55,66,-0.0236428,0.00223106
0,0.026828,55,66,-0.0236428,0.00223106
0,45.0425,110,132,0.0144995,0.00144451
0,6.47887,1544,14558,-0.0165939,-0.00307937
0,0.018981,55,60,-0.0234218,0.00223106
0,0.174678,2058,10103,-0.0270736,-0.00332877
0,0.030355,128,74,-0.0140328,0.00385105
0,75.7195,1872,8665,0.0347127,-0.001477
0,0.026909,171,105,-0.0206507,0.00381466
0,0.018607,55,66,-0.0234218,0.00223106
0,0.20025,1635,5934,-0.0269934,-0.0180526
0,0.161705,1536,4557,-0.0269127,-0.0180043
0,0.182597,1734,6728,-0.0269625,-0.0180526
0,7.22005,1020,625,-0.0546331,0.00215659
0,0.153979,3054,37237,-0.0169701,-0.00307937
0,0.066015,171,171,-0.0460901,0.00375171
0,0.126347,154,100,-0.0204214,0.00381466
0,1.69281,3761,5985,-0.0452796,-0.00362675
0,0.175806,1187,6935,-0.026731,0.00743515
0,71.8312,4542,192325,0.00948527,-0.00182045
0,0.015197,147,93,-0.0184441,0.00381466
0,0.202741,1831,4626,-0.0252714,-0.0181065
0,0.01934,162,145,-0.0327954,0.00198533
0,0.02676,55,66,-0.0236428,0.00223106
0,78.6306,2779,26639,0.0153468,-0.00201604
0,14.5433,1785,9253,-0.0235894,-0.00538055
0,0.026835,154,160,-0.0213921,0.00381466
0,0.015054,55,66,-0.0234444,0.00223106
0,1.88538,2741,4175,-0.0187506,-0.00532674
0,0.015169,55,66,-0.0234444,0.00223106
0,0.026818,55,66,-0.0236428,0.00223106
0,63.1954,2247,38132,0.0103649,-0.00182045
0,41.686,11832,605156,0.00994251,-0.00192768
0,0.079134,55,66,-0.0236428,0.00223106
0,22.7568,2089,4506,-0.047291,-0.00362675
0,0.241925,1460,1382,-0.0472286,-0.00160473
0,1.06759,8162,9939,-0.0248615,-0.0020813
0,0.015202,55,66,-0.0234444,0.00223106
0,1.42567,4371,114817,-0.0273455,-0.00332877
0,1.38596,2345,7941,-0.0485562,-0.00160473
0,0.015403,305,162,-0.0234444,0.00198533
0,0.133498,1503,3591,-0.0269436,-0.0180043
0,0.186722,1796,9276,-0.0281315,-0.0020813
0,0.913596,1666,8016,-0.0364875,-0.0020813
0,37.5753,14996,10017,0.00621515,-0.00140119
0,0.18007,1711,5875,-0.0252714,-0.0181065
0,0.45361,1502,3370,-0.0265856,-0.0180043
0,0.27802,1526,3436,-0.0270845,-0.0180043
0,0.026775,55,66,-0.0236428,0.00223106
0,4.55634,4001,49674,-0.0161827,-0.00307937
0,92.0844,3476,73380,0.0158702,-0.00201604
0,0.027008,178,112,-0.0209938,0.00378066
0,12.4496,1141,8281,-0.0239764,0.00220242
0,4.7966,10676,424759,-0.0273455,-0.00299246
0,0.026432,341,198,-0.0209446,0.00358045
0,18.5529,10435,22835,-0.0219822,-0.0177701
0,10.0969,2087,39651,-0.0238441,-0.00332877
0,10.7137,2097,10631,-0.0181681,-0.00327495
0,0.752722,961,5698,-0.0291353,0.00225623
0,0.08277,1141,4499,-0.0268221,0.00748346
0,0.026911,108,60,-0.0330164,0.00223106
0,0.094549,1203,5045,-0.0268221,0.00748346
0,0.075358,112,66,-0.0448746,0.00375171
0,10.1662,2275,4782,-0.0162345,-0.0180526
0,0.422664,1195,6506,-0.0264383,0.00743515
0,0.019484,55,66,-0.0234218,0.00223106
0,0.075315,147,93,-0.0197961,0.00381466
0,0.111522,1476,6109,-0.0292008,-0.00532674
0,26.8516,418,3089,-0.0265294,0.00748346
0,0.198674,1015,4668,-0.0267962,0.00743515
0,11.5747,2273,5459,-0.016337,-0.0180526
0,92.1353,9168,6748,0.0129962,-0.00527308
0,10.4679,1559,5258,-0.0186085,-0.00532674
0,0.165555,1476,4473,-0.0292151,-0.00527843
0,0.451479,1610,3864,-0.0285255,-0.00538055
0,0.509862,10553,462688,-0.0277035,-0.00299246
0,39.0496,4580,90847,0.0101442,-0.00156772
0,0.173326,8921,513239,-0.0169701,-0.00307937
0,0.092043,55,60,-0.0236428,0.00223106
0,2.51524,1766,7394,-0.0262658,-0.00538055
0,0.027779,55,60,-0.0236428,0.00223106
0,91.4673,8020,316004,0.0111665,-0.00206985
0,60.4945,2600,5787,0.0125227,-0.00522477
0,0.238093,293,186,-0.0236428,0.00198533
0,52.0527,3086,33492,0.0153248,-0.00205295
0,14.6815,163,383,-0.0325214,0.00198533
0,0.066371,171,171,-0.0460901,0.00375171
0,6.84464,1984,6759,-0.018273,-0.00327495
0,38.8996,7900,54147,0.00522522,-0.00210676
0,0.159634,2031,14534,-0.0277035,-0.00332877
0,0.018261,128,74,-0.0136699,0.00385105
0,0.080755,1523,9877,-0.0167573,-0.00307937
0,0.07728,171,105,-0.0204214,0.00381466
0,0.02679,55,66,-0.0236428,0.00223106
0,6.95904,1742,2952,-0.0233652,-0.00177599
0,0.167456,1436,3529,-0.0269436,-0.0180043
0,0.020814,55,66,-0.0234218,0.00223106
0,0.070992,1352,4057,-0.0292008,-0.00532674
0,14.9323,3885,78334,-0.0239169,-0.00332877
0,6.3928,1608,6632,-0.0181693,-0.00327495
0,8.80015,2483,5260,-0.017343,-0.00391371
0,31.6047,498,231,-0.0298007,0.00358045
0,43.5681,2627,71352,0.00981993,-0.00210631
0,0.015225,55,66,-0.0234444,0.00223106
0,0.055521,1108,7636,-0.029428,0.00225623
0,2.94015,6972,10434,-0.0454083,-0.0026209
0,0.057071,1108,4449,-0.0268221,0.00748346
0,0.059516,2364,2043,-0.0359313,-0.00538055
0,2.79303,295,198,-0.0298009,0.00382618
0,2.8713,1940,5002,-0.022974,-0.00371778
0,6.18905,2335,7115,-0.0231326,-0.00371778
0,0.159873,2169,5886,-0.0270484,-0.00399116
0,15.8551,1483,1962,-0.0453867,-0.00262116
0,0.844364,10297,291792,-0.0169701,-0.00290073
0,6.81207,12801,469585,-0.0273455,-0.00299246
0,5.41385,4894,6818,-0.0214848,-0.0181065
0,0.033652,55,66,-0.0236428,0.00223106
0,45.0507,110,132,0.0144995,0.00144451
0,24.9134,5863,38536,-0.0251334,-0.0020813
0,115.869,2861,6892,0.013724,-0.00176658
0,42.1951,519,310,0.0107351,0.00189406
0,0.190099,1734,8425,-0.0288973,-0.00327495
0,0.311603,1973,4122,-0.019096,-0.010623
0,0.015172,55,66,-0.0234444,0.00223106
0,1.32657,2448,6465,-0.0211969,-0.0178331
0,4.34127,7627,228338,-0.0167052,-0.00307937
0,6.75436,3281,82694,-0.0161827,-0.00307937
0,0.057965,147,93,-0.0177703,0.00381466
0,3.65741,2635,4708,-0.0246595,-0.00371778
0,45.2692,110,132,0.0142909,0.00144451
0,0.583078,2494,20266,-0.0259604,-0.00332877
0,0.015252,55,66,-0.0234444,0.00223106
0,50.1168,2469,5619,0.0123104,-0.00526169
0,18.2859,1691,7132,-0.023748,-0.00538055
0,90.0545,165,180,0.0143164,0.001521
0,18.0125,1922,2222,-0.0491372,-0.00160473
0,4.41093,14613,15674,-0.0161053,-0.0105531
0,0.025138,55,66,-0.0234218,0.00223106
0,11.4213,904,428,-0.0232021,0.00198558
0,0.329728,1584,6680,-0.0269946,-0.0180526
0,0.01495,55,66,-0.0234444,0.00223106
0,0.014836,55,66,-0.0234444,0.00223106
0,116.503,16743,583052,0.0161168,-0.00172663
0,0.015102,55,66,-0.0234444,0.00223106
0,13.8857,6291,2028,-0.0186854,-0.00532674
0,4.78124,3900,8055,-0.0245035,-0.0020813
0,11.9531,1981,7020,-0.0191376,-0.00202749
0,0.06897,154,100,-0.0204214,0.00381466
0,0.037664,55,66,-0.0236428,0.00223106
0,53.4088,519,244,0.026477,-0.0147692
0,1.58141,3267,4926,-0.0456898,-0.00362675
0,0.019475,55,66,-0.0234218,0.00223106
0,104.129,2425,11236,0.0128546,-0.00522477
0,2.60609,2411,6606,-0.0245803,-0.00538055
0,40.1808,1810,3267,0.012659,-0.0018035
0,0.014925,55,66,-0.0234444,0.00223106
0,0.135592,564,300,-0.0307234,0.00358045
0,0.04473,55,66,-0.0236428,0.00223106
0,0.057004,971,2290,-0.0263743,0.0053025
0,1.64954,5934,61314,-0.0173814,-0.00307937
0,5.79941,1355,7283,-0.0182718,-0.00327495
0,30.2688,6557,5123,-0.0245035,-0.0020813
0,0.032191,205,108,-0.0234444,0.00210581
0,0.022308,55,66,-0.0234218,0.00223106
0,0.02739,55,66,-0.0236428,0.00223106
0,0.021654,108,120,-0.0327954,0.00223106
0,0.242788,290,178,-0.0191969,0.00378066
0,40.3173,2245,18545,0.00935484,-0.00210631
0,14.9198,271,297,-0.0323005,0.00198533
0,0.316177,55,60,-0.0236428,0.00223106
0,0.106341,327,264,-0.0307009,0.00358045
0,0.025083,55,66,-0.0234218,0.00223106
0,0.146722,2509,30123,-0.0277035,-0.00332877
0,3.7532,247,180,-0.0325214,0.00223106
0,0.019753,55,66,-0.0234218,0.00223106
0,10.0974,1652,6461,-0.0187506,-0.00532674
0,0.01524,108,60,-0.0327954,0.00223106
0,27.4998,18975,1.31293e+06,-0.0167231,-0.00287828
0,15.0993,271,271,-0.0323005,0.00223106
0,25.8373,3420,96988,-0.0239252,-0.00332877
0,0.026909,178,112,-0.0209938,0.00378066
0,0.01513,55,66,-0.0234444,0.00223106
0,0.08845,55,66,-0.0236428,0.00223106
0,0.084062,1562,1698,-0.0568021,-0.0026209
0,11.1183,7922,117817,-0.0167052,-0.00307937
0,15.4314,1087,6321,-0.0188369,0.00225623
0,33.9824,163,180,0.0261683,0.00213937
0,7.28795,1808,926,-0.0224738,-0.00279217
0,4.75672,34798,2.40673e+06,-0.0287636,-0.00173809
0,14.9501,217,371,-0.0323005,0.00198533
0,0.020141,55,60,-0.0234218,0.00223106
0,1.5024,3751,58120,-0.0167052,-0.00307937
0,15.4653,4423,881,-0.0283479,-0.00327495
0,92.0355,2532,7514,0.0129909,-0.00522477
0,0.297404,477,288,-0.0236428,0.00198533
0,17.1144,163,126,-0.0229495,0.00223106
0,0.179111,1460,3369,-0.0269436,-0.0180043
0,0.024968,55,66,-0.0234218,0.00223106
0,21.0494,908,1715,-0.0303254,0.0035807
0,0.074275,1195,4533,-0.0268221,0.00748346
0,44.118,2714,7017,0.0123104,-0.00526169
0,0.105315,860,995,-0.0333834,0.00198558
0,58.806,294,246,0.00330792,0.00107866
0,1.22001,615,407,-0.0302731,0.00358045
0,0.015167,55,66,-0.0234444,0.00223106
0,41.311,7609,144676,0.00540334,-0.00210676
0,0.088917,55,66,-0.0236428,0.00223106
0,113.929,2804,6722,0.0114654,-0.00522477
0,0.037571,305,162,-0.0234444,0.00198533
0,90.3823,165,180,0.014423,0.001521
0,32.3548,163,126,-0.0229495,0.00223106
0,14.4851,420,474,-0.0304397,0.00358045
0,0.04545,235,132,-0.0213724,0.00358045
0,0.027303,178,112,-0.0209938,0.00378066
0,0.027771,55,66,-0.0236428,0.00223106
0,0.015216,55,66,-0.0234444,0.00223106
0,38.4713,3053,49216,0.00815934,-0.00210631
0,0.026805,55,66,-0.0236428,0.00223106
0,30.7691,1688,7605,-0.018273,-0.00327495
0,0.383452,1817,7030,-0.0282901,-0.0020813
0,0.138025,171,171,-0.0559111,0.00375171
0,3.09975,2626,1999,-0.0361816,-0.010623
0,0.025257,55,66,-0.0234218,0.00223106
0,21.9922,3823,1620,-0.0228931,-0.00177599
0,12.94,349,295,-0.0298009,0.00358045
0,15.081,163,126,-0.0229495,0.00223106
0,5.23943,1141,5861,-0.0161399,0.00743515
0,0.021342,55,60,-0.0234218,0.00223106
0,2.61083,10867,425371,-0.0169701,-0.00290073
0,0.203489,1806,6803,-0.0269127,-0.0180043
0,0.17539,2280,3227,-0.0482467,-0.0026209
0,1.5711,2466,22529,-0.0161827,-0.00307937
0,0.112702,1643,1385,-0.0482467,-0.0026209
0,7.5881,4620,30167,-0.0161827,-0.00307937
0,0.029695,55,60,-0.0236428,0.00223106
0,0.015358,108,60,-0.0327954,0.00223106
0,0.025174,55,66,-0.0234218,0.00223106
0,0.025095,55,66,-0.0234218,0.00223106
0,6.06569,1316,927,-0.031825,-0.00279217
0,0.036353,55,66,-0.0236428,0.00223106
0,0.121342,1429,596,-0.032273,-0.00279217
0,5.09316,1743,7337,-0.026003,-0.0020813
0,1.30306,1395,4537,-0.0288571,-0.00527843
0,0.01525,55,66,-0.0234444,0.00223106
0,0.072586,1668,4609,-0.0270536,-0.0180043
0,40.1689,453,178,-0.0147842,0.00206532
0,10.7752,1108,5608,-0.0161399,0.00743515
0,7.72879,2719,4153,-0.0485562,-0.00160473
0,18.1926,4367,130663,-0.0239169,-0.00332877
0,10.6738,1149,7011,-0.0229649,0.00738134
0,4.78123,1856,7931,-0.0192988,-0.00202749
0,0.01632,178,178,-0.0469084,0.00375171
0,67.3597,3740,11581,0.0121393,-0.00527308
0,66.7871,5002,74101,0.0153468,-0.00201604
0,9.62951,5016,3415,-0.0194409,-0.00202749
0,5.13959,1224,629,-0.0215821,0.0035807
0,0.385056,1502,3436,-0.0270845,-0.0180043
0,0.021436,162,145,-0.0327954,0.00198533
0,17.3351,544,574,-0.0432701,0.00375171
0,0.019877,55,66,-0.0234218,0.00223106
0,0.179495,1368,4473,-0.0292661,-0.00532674
0,120.117,3.63528e+06,58584,0.134596,0.0269774
0,14.9864,163,271,-0.0325214,0.00223106
0,0.165234,1526,4132,-0.0270845,-0.0180043
0,6.96805,1786,6372,-0.024739,-0.00538055
0,6.54236,1630,5790,-0.0223453,-0.00379801
0,8.58136,1620,3133,-0.0314251,-0.00388904
0,0.015269,147,93,-0.0184441,0.00381466
0,6.32644,2233,938,-0.0241076,-0.00177599
0,1.05669,1674,4145,-0.0305719,-0.0180043
0,10.454,958,517,-0.0232023,0.00198558
0,10.3219,2211,4937,-0.00945438,-0.0107942
0,0.6044,2986,7737,-0.0489818,-0.00362675
0,33.2096,2995,5823,0.0159423,-0.00278578
0,74.0395,110,132,0.0143164,0.001521
0,0.136274,1502,3799,-0.0270548,-0.0180043
0,0.020782,55,66,-0.0234218,0.00223106
0,0.033584,178,112,-0.0209938,0.00378066
0,0.264738,55,66,-0.0236428,0.00223106
0,8.14071,163,126,-0.0229495,0.00223106
0,0.166374,2535,6265,-0.0252631,-0.0181065
0,0.593084,2873,6727,-0.019722,-0.00202749
0,8.96417,4136,7642,-0.024739,-0.00538055
0,60.9731,2875,4606,0.0125227,-0.00522477
0,5.17861,2370,4320,-0.0183323,-0.00527843
0,1.42668,1644,8375,-0.0296636,-0.00202749
0,0.015244,55,66,-0.0234444,0.00223106
0,0.025226,55,66,-0.0234218,0.00223106
0,90.0479,165,198,0.0143164,0.001521
0,49.8071,164,277,0.0302414,0.00144451
0,0.278449,1738,6177,-0.0190433,-0.00532674
0,0.375272,1761,6536,-0.0282901,-0.0020813
0,0.508513,1617,931,-0.0240271,-0.00177599
0,0.027348,55,66,-0.0236428,0.00223106
0,2.24012,6676,1748,-0.0247809,-0.0181065
0,0.015196,55,66,-0.0234444,0.00223106
0,0.168722,1436,3369,-0.0269436,-0.0180043
0,6.50122,20273,1.13095e+06,-0.0273478,-0.00298555
0,59.6075,218,449,0.0301649,-0.015388
0,10.8517,9518,181218,-0.0273455,-0.00332877
0,6.36988,1548,5894,-0.0156281,-0.0180526
0,8.98865,1191,901,-0.0210887,0.00358045
0,0.026885,55,66,-0.0236428,0.00223106
0,0.015202,55,66,-0.0234444,0.00223106
0,0.015259,55,66,-0.0234444,0.00223106
0,7.83911,1759,6705,-0.0186854,-0.00532674
0,14.732,2677,3869,-0.0259626,-0.0020813
0,17.6584,163,120,-0.0231704,0.00223106
0,0.025077,55,66,-0.0234218,0.00223106
0,0.027343,55,66,-0.0236428,0.00223106
0,0.023448,171,171,-0.0554637,0.00375171
0,0.020781,55,66,-0.0234218,0.00223106
0,0.08886,55,66,-0.0236428,0.00223106
0,5.41402,1891,6165,-0.0231326,-0.00371778
0,4.00629,3291,4100,-0.0485562,-0.00160473
0,1.65071,2250,4601,-0.0162872,-0.0180043
0,6.18409,7060,223095,-0.0161827,-0.00307937
0,0.119296,1352,3374,-0.0291498,-0.00527843
0,135.075,220,198,0.0628316,0.001521
0,6.28163,1610,3613,-0.0491372,-0.00160473
0,10.0905,11474,5953,-0.0470931,-0.0022846
0,0.015275,55,66,-0.0234444,0.00223106
0,52.2869,64658,98050,-0.0131191,-0.000903139
0,11.6629,1654,1227,-0.0240271,-0.00177599
0,30.3553,2551,5221,-0.0181808,-0.00279217
0,0.536477,3699,55193,-0.0277035,-0.00332877
0,0.723634,1923,7885,-0.0243449,-0.0020813
0,0.037301,55,66,-0.0236428,0.00223106
0,1.17841,1054,4825,-0.0161399,0.00743515
0,10.5518,1087,4908,-0.0161399,0.00743515
0,0.037681,55,66,-0.0236428,0.00223106
0,0.025298,55,60,-0.0234218,0.00223106
0,0.015195,55,66,-0.0234444,0.00223106
0,0.106577,951,3371,-0.0147245,0.0274114
0,0.2014,5097,910,-0.0289293,-0.00327495
0,1.44826,2253,7215,-0.0289231,-0.0020813
0,0.743711,2503,6409,-0.0289282,-0.00327495
0,2.7966,8963,249161,-0.0284034,-0.0020813
0,0.028529,55,66,-0.0236428,0.00223106
0,20.71,2272,28050,-0.023331,-0.00332877
0,23.8252,1769,5997,-0.0186854,-0.00532674
0,0.165475,1502,3434,-0.0270845,-0.0180043
0,0.022175,315,2443,-0.0136038,0.027631
0,0.067791,178,178,-0.0473558,0.00375171
0,56.2545,498,369,0.0261727,-0.0147692
0,0.015103,55,66,-0.0234444,0.00223106
0,40.2083,2933,40216,0.00540334,-0.00210676
0,0.171637,1620,6709,-0.0285255,-0.00538055
0,0.027016,55,74,-0.0236428,0.00223106
0,0.748082,1498,1522,-0.0318248,-0.00279217
1,59.0161,342,276,0.00342612,0.00220476
1,177.001,618,381,0.0564681,0.00147933
1,0.069492,1053,6121,-0.0276917,0.0042144
1,59.0256,342,276,0.00342612,0.00220476
1,0.015299,108,60,-0.0327954,0.00223106
1,177.002,618,381,0.0564681,0.00147933
1,0.24986,276,183,-0.0188538,0.00383324
1,63.3983,603,458,0.00382918,0.00147933
1,4.2147,432,353,-0.0438606,0.00375171
1,82.5918,188794,273312,-0.0136121,0.0107765
1,1.32053,2517,4915,-0.0468707,-0.00160473
1,31.1903,426,213,-0.0323005,0.00198533
1,0.015585,171,105,-0.019083,0.00381466
1,98.4469,176496,264607,-0.0131438,0.00393502
1,0.500725,2010,4418,-0.0233023,-0.00177599
1,28.3045,70461,100872,-0.0482308,-0.00225416
1,177.001,618,315,0.0564681,0.00147933
1,50.8721,4363,7593,-0.0106576,-0.00163223
1,0.084484,2285,4539,-0.0399681,-0.010623
1,0.015583,171,105,-0.019083,0.00381466
1,0.31114,4259,5550,-0.0478905,-0.00262116
1,105.481,142616,141974,-0.00820067,-0.00122636
1,0.221935,4056,5354,-0.0478905,-0.00262116
1,0.527769,2447,4828,-0.0229222,-0.00279217
1,0.095528,2769,3352,-0.0482467,-0.0026209
1,0.180676,4239,6026,-0.0482467,-0.0026209
1,0.260648,2476,7729,-0.0269127,-0.0180043
1,33.2576,828,1006,-0.00947505,0.00206532
1,0.50906,2010,4424,-0.0236534,-0.00214706
1,35.3539,2397,3836,-0.0148345,-0.00163223
1,0.517151,2146,7663,-0.0214306,-0.0178331
1,110.6,153366,259249,-0.00820067,0.00393724
1,0.534175,2146,7729,-0.0214306,-0.0178331
1,0.068418,171,171,-0.0460901,0.00375171
1,4.17115,432,353,-0.0438606,0.00375171
1,0.115567,1053,6121,-0.0276917,0.0042144
1,0.294866,4122,5420,-0.0478905,-0.00262116
1,0.057023,171,171,-0.0460901,0.00375171
1,0.017232,171,105,-0.019083,0.00381466
1,9.54917,2190,4839,-0.0474735,-0.00160473
1,1.89949,9786,11526,-0.0482467,-0.0026209
1,4.20928,353,393,-0.0304397,0.00358045
1,0.024929,171,105,-0.019083,0.00381466
1,0.306896,4247,5406,-0.0478905,-0.00262116
1,43.1721,64081,97778,0.00711938,-0.000643054
1,135.186,279,556,0.0569679,0.00147965
1,1.26783,6767,9864,-0.0478905,-0.00262116
1,177.001,723,459,0.0572165,0.00147933
1,59.6455,15539,16735,-0.0181351,-0.0012521
1,4.03714,353,393,-0.0304397,0.00358045
1,177.001,618,381,0.0564681,0.00147933
1,118.017,591,486,0.00652364,0.00220476
1,4.20115,432,353,-0.0438606,0.00375171
1,15.7902,6411,9063,-0.0578863,-0.00160498
1,0.015557,171,105,-0.019083,0.00381466
1,0.025242,55,66,-0.0234218,0.00223106
1,98.2639,303604,506122,-0.0131823,0.0107788
1,0.105986,2251,2861,-0.0482467,-0.0026209
1,1.43186,13059,18513,-0.0510676,-0.0022846
1,0.265922,4056,5486,-0.0478905,-0.00262116
1,0.015689,171,105,-0.019083,0.00381466
1,0.067735,171,171,-0.0460901,0.00375171
1,3.4e-05,105,66,-0.0461127,0.00375171
1,15.5366,21699,38851,-0.0506936,-0.00227547
1,18.7719,5401,6936,-0.0453867,-0.00262116
1,0.025398,261,126,-0.0209446,0.00358045
1,0.015529,171,105,-0.019083,0.00381466
1,59.0257,342,276,0.00342612,0.00220476
1,0.015485,171,105,-0.019083,0.00381466
1,0.015459,171,105,-0.019083,0.00381466
1,0.215606,4161,5525,-0.0478905,-0.00262116
1,0.135736,4785,5844,-0.0482467,-0.0026209
1,100.247,134728,204583,0.00510122,0.000241563
1,0.015669,171,105,-0.019083,0.00381466
1,4.57535,2136,4770,-0.045788,-0.00160473
1,9.37143,3999,6200,-0.0468707,-0.00160473
1,4.27803,353,393,-0.0304397,0.00358045
1,0.53128,2080,7487,-0.0217185,-0.0181065
1,0.056248,171,171,-0.0460901,0.00375171
1,16.138,910,1073,-0.0467186,0.00215659
1,62.3762,17872,18902,-0.0139574,-0.0012521
1,0.113233,2313,2558,-0.0482467,-0.0026209
1,7.7755,1809,4402,-0.0456558,-0.00371778
1,0.068945,987,6055,-0.0276917,0.0042144
1,28.4138,25412,41177,-0.0506936,-0.00227547
1,9.91668,1701,1150,-0.0240062,-0.00177625
1,0.434072,4359,5680,-0.0478905,-0.00262116
1,60.1378,31161,46600,-0.0136121,-0.0012521
1,1.34257,5596,7091,-0.0474511,-0.0026209
1,113.33,56691,65804,-0.00820067,-0.00122636
1,4.29649,353,393,-0.0304397,0.00358045
1,1.23808,5563,4515,-0.0478905,-0.00262116
1,4.90512,2340,3108,-0.0458567,-0.00262116
1,30.1217,1647,1295,-0.0220708,-0.00279242
1,0.294214,276,183,-0.0188538,0.00383324
1,0.015577,171,105,-0.019083,0.00381466
1,177.001,618,381,0.0564681,0.00147933
1,1.48845,1767,4563,-0.0474735,-0.00160473
1,0.372847,3084,3658,-0.0457655,-0.0026209
1,0.025374,171,105,-0.019083,0.00381466
1,3.4e-05,105,66,-0.0461127,0.00375171
1,59.0161,342,276,0.00342612,0.00220476
1,0.198772,4476,6116,-0.0482467,-0.0026209
1,63.7234,126693,74484,-0.0136505,0.00393724
1,103.538,47310,35828,-0.0131823,0.0039396
1,59.016,342,276,0.00342612,0.00220476
1,48.9685,25225,42879,-0.0127166,-0.000575558
1,9.95154,7035,9201,-0.0454076,-0.0026209
1,0.021645,128,74,-0.0136699,0.00385105
1,0.231435,4920,6247,-0.0478905,-0.00262116
1,30.1046,1755,4671,-0.0474735,-0.00160473
1,77.8963,38776,33527,-0.0181728,-0.00124988
1,4.18662,353,393,-0.0304397,0.00358045
1,4.30571,498,353,-0.052416,0.00375171
1,1.40916,13059,18437,-0.0485864,-0.0022846
1,30.1078,1713,4672,-0.0474735,-0.00160473
1,53.3183,25072,41788,-0.0127166,-0.000575558
1,35.1906,2094,4813,-0.0114835,-0.0011893
1,4.08476,353,327,-0.0526211,0.00375171
1,97.9338,146074,149494,-0.0131823,-0.00122636
1,0.135131,1963,2165,-0.0482467,-0.0026209
1,4.11096,353,393,-0.0304397,0.00358045
1,118.016,513,381,0.00652364,0.00147933
1,48.5864,55693,50180,-0.0131184,-0.000903139
1,59.0255,342,276,0.00342612,0.00220476
1,30.7528,1647,1295,-0.0220708,-0.00279242
1,59.8512,110,132,0.0143164,0.001521
1,3.09363,6798,11180,-0.0579072,-0.00160473
1,0.519125,2212,7707,-0.0231161,-0.0178331
1,0.218332,3951,5183,-0.0478905,-0.00262116
1,0.323775,4149,5183,-0.0478905,-0.00262116
1,9.12677,15522,14208,-0.0482308,-0.00227769
1,112.292,146340,220526,0.0090298,-0.00131738
1,0.017147,171,105,-0.019083,0.00381466
1,0.521232,2315,4608,-0.0218395,-0.00279217
1,0.302326,4451,5564,-0.0478905,-0.00262116
1,9.45062,27494,24662,-0.0482308,-0.00227769
1,5.34973,13680,10748,-0.0478727,-0.00227547
1,0.021767,128,74,-0.0136699,0.00385105
1,41.2575,80186,131061,-0.0127166,-0.000552036
1,122.204,513,437,0.0568712,0.0014793
1,7.11695,4076,6577,-0.0470938,-0.0026209
1,30.1161,3701,6301,-0.0452024,-0.0026209
1,4.10693,353,393,-0.0304397,0.00358045
1,0.021643,128,74,-0.0136699,0.00385105
1,4.27789,353,393,-0.0304397,0.00358045
1,63.2366,669,458,-0.0100036,-0.000260976
1,118.016,513,381,0.00652364,0.00147933
1,177.001,618,381,0.0564681,0.00147933
1,118.026,513,381,0.00652364,0.00147933
1,0.215812,4581,6287,-0.0478905,-0.00262116
1,0.015588,171,105,-0.019083,0.00381466
1,0.056937,171,171,-0.0460901,0.00375171
1,101.775,91060,105229,0.0107526,-0.000974319
1,4.10685,498,353,-0.052416,0.00375171
1,1.9e-05,105,66,-0.0461127,0.00375171
1,118.028,513,381,0.00652364,0.00147933
1,0.501417,1956,4364,-0.0236277,-0.00214706
1,177.001,618,381,0.0564681,0.00147933
1,63.0562,603,458,0.00382918,0.00147933
1,4.23291,353,393,-0.0304397,0.00358045
1,4.26215,537,431,-0.0176691,0.00381466
1,0.109735,2379,2491,-0.0482467,-0.0026209
1,4.34,498,353,-0.052416,0.00375171
1,63.0918,603,458,0.00382918,0.00147933
1,120.693,304080,153584,0.450047,0.0107765
1,118.017,513,381,0.00652364,0.00147933
1,0.089543,2110,1776,-0.032273,-0.00279217
1,0.053823,951,6055,-0.0276917,0.0042144
1,75.3571,17859,28262,-0.0178274,-0.00124988
1,0.015232,108,60,-0.0327954,0.00223106
1,71.6464,52041,52200,-0.0136505,-0.00122636
1,0.290176,4254,5486,-0.0478905,-0.00262116
1,177.002,279,534,0.0553925,0.00147933
1,0.269817,3943,5101,-0.0478905,-0.00262116
1,63.1038,669,458,-0.0100036,-0.000260976
1,0.070531,1053,6121,-0.0276917,0.0042144
1,0.059289,171,171,-0.0460901,0.00375171
1,177.001,618,381,0.0564681,0.00147933
1,0.161106,4371,5762,-0.0482467,-0.0026209
1,0.371607,4464,5762,-0.0478905,-0.00262116
1,0.025264,55,66,-0.0234218,0.00223106
1,0.340229,2136,4824,-0.0478314,-0.00160473
1,4.08234,353,327,-0.0526211,0.00375171
1,1.23654,1755,4555,-0.0474735,-0.00160473
1,6.25877,1809,4401,-0.0456558,-0.00371778
1,177.002,618,381,0.0564681,0.00147933
1,5.60317,1809,4523,-0.0211267,-0.00388904
1,45.0947,110,132,0.0144995,0.00144451
1,39.7737,217,357,0.0302414,0.00119878
1,177.001,279,534,0.0553925,0.00147933
1,30.0969,1755,4666,-0.0456201,-0.00371778
1,0.021568,128,74,-0.0136699,0.00385105
1,112.937,54316,60891,-0.00586567,-0.000783428
1,0.059432,171,171,-0.0460901,0.00375171
1,0.096452,2733,3352,-0.0482467,-0.0026209
1,37.2532,59343,91681,-0.0172954,-0.000903139
1,0.069757,1053,6121,-0.0276917,0.0042144
1,177.001,723,459,0.0572165,0.00147933
1,4.36176,353,393,-0.0304397,0.00358045
1,177.001,618,315,0.0564681,0.00147933
1,0.015616,171,105,-0.019083,0.00381466
1,0.024882,171,105,-0.019083,0.00381466
1,0.325568,4888,6101,-0.0482467,-0.0026209
1,0.102885,2029,2231,-0.0482467,-0.0026209
1,0.025031,327,126,-0.0209446,0.00358045
1,4.09782,353,327,-0.0526211,0.00375171
1,113.018,131762,128464,-0.00820067,0.00393724
1,30.1016,1713,4709,-0.0229444,-0.00177599
1,42.6316,106330,162167,-0.0131184,-0.000903139
1,59.0159,342,210,0.00342612,0.00220476
1,30.1022,1647,1295,-0.0220708,-0.00279242
1,31.1498,426,213,-0.0323005,0.00198533
1,8.94776,2296,4688,-0.0470931,-0.0026209
1,103.711,121293,232762,-0.0131438,-0.00122858
1,0.325047,128,74,-0.00971728,0.00385105
1,0.17285,4458,5781,-0.0482467,-0.0026209
1,120.801,35930,29979,0.450009,0.00391371
1,0.194335,3951,5117,-0.0478905,-0.00262116
1,118.026,513,381,0.00652364,0.00147933
1,0.166861,4715,5959,-0.0478905,-0.00262116
1,0.041111,93,54,-0.0236428,0.00198533
1,177.002,618,381,0.0564681,0.00147933
1,60.4166,115878,119812,-0.0136505,-0.00122636
1,0.024976,171,105,-0.019083,0.00381466
1,0.015563,171,105,-0.019083,0.00381466
1,0.057821,171,171,-0.0460901,0.00375171
1,1.03727,5238,6697,-0.0568021,-0.0026209
1,30.9057,96452,67753,-0.050712,-0.00225416
1,0.513961,2146,7597,-0.0214306,-0.0178331
1,0.069481,2133,3704,-0.0482467,-0.0026209
1,0.018407,625,1075,-0.0574757,0.00215659
1,30.2317,3899,6430,-0.0452024,-0.0026209
1,0.015561,171,105,-0.019083,0.00381466
1,39.9558,41964,83088,0.001284,-0.000922922
1,0.253462,4227,5459,-0.0478905,-0.00262116
1,0.527657,4332,5237,-0.0478905,-0.00262116
1,30.0949,1713,4591,-0.0456558,-0.00371778
1,118.026,513,381,0.00652364,0.00147933
1,23.051,1168,794,-0.0546331,0.00215659
1,0.015502,171,105,-0.019083,0.00381466
1,0.069306,987,6055,-0.0276917,0.0042144
1,2.1e-05,93,54,-0.0234444,0.00198533
1,177.001,618,315,0.0564681,0.00147933
1,10.2206,24029,47402,-0.0482308,-0.00227769
1,2.08407,2190,4717,-0.0474735,-0.00160473
1,0.021718,128,74,-0.0136699,0.00385105
1,177.001,279,534,0.0553925,0.00147933
1,14.8922,21270,20328,-0.0482308,-0.00227769
1,80.975,4784,7782,-0.0121818,-0.00159557
1,30.9755,676,1297,-0.0526211,0.00375171
1,0.015112,55,66,-0.0234444,0.00223106
1,118.016,513,381,0.00652364,0.00147933
1,0.115887,2133,3702,-0.0482467,-0.0026209
1,0.025332,171,105,-0.019083,0.00381466
1,33.4828,30776,45121,0.00414884,-0.000132627
1,177.001,279,534,0.0553925,0.00147933
1,4.31619,353,327,-0.0526211,0.00375171
1,95.3694,42762,39599,-0.0107193,0.00436511
1,14.3112,529,705,-0.0304397,0.00358045
1,0.193069,3812,5316,-0.0478905,-0.00262116
1,10.0323,7254,9223,-0.0478888,-0.0026209
1,0.510644,2441,7807,-0.0155432,-0.010623
1,118.016,513,381,0.00652364,0.00147933
1,4.89548,3225,2378,-0.0468498,-0.00160498
1,1.79646,2183,4620,-0.0474735,-0.00160473
1,0.525286,2315,4760,-0.0218395,-0.00279217
1,0.530771,2249,4628,-0.0227678,-0.00379801
1,30.124,1755,4535,-0.0456201,-0.00371778
1,177.001,618,381,0.0564681,0.00147933
1,118.016,513,381,0.00652364,0.00147933
1,0.497744,2010,4365,-0.0236534,-0.00214706
1,0.024836,55,66,-0.0234218,0.00223106
1,118.016,513,381,0.00652364,0.00147933
1,0.133761,2058,3506,-0.0298638,-0.00255584
1,4.26378,432,353,-0.0438606,0.00375171
1,177.001,618,381,0.0564681,0.00147933
1,4.10297,353,393,-0.0304397,0.00358045
1,30.1188,1659,4535,-0.0439703,-0.00371778
1,73.3874,24340,25288,-0.0136505,-0.00124988
1,4.02073,353,393,-0.0304397,0.00358045
1,82.4669,48434,53306,0.00383391,-0.000939266
1,1.52209,1053,6121,-0.0170354,0.0042144
1,1.26199,4951,6055,-0.0568021,-0.0026209
1,29.3145,3616,3442,-0.0215079,-0.00256857
1,104.643,72597,136836,-0.0131438,-0.00122858
1,30.1149,1659,4512,-0.0439703,-0.00371778
1,59.0161,342,276,0.00342612,0.00220476
1,77.1185,169915,337338,-0.0136121,-0.00122858
1,4.25716,432,353,-0.0438606,0.00375171
1,0.14079,2021,2281,-0.0482467,-0.0026209
1,0.192483,3885,5381,-0.0478905,-0.00262116
1,4.16256,498,353,-0.052416,0.00375171
1,59.0688,1349,1800,-0.0121818,-0.00159557
1,118.028,513,381,0.00652364,0.00147933
1,1.9e-05,105,66,-0.0461127,0.00375171
1,0.510049,2212,7663,-0.0214306,-0.0178331
1,0.025058,171,105,-0.019083,0.00381466
1,15.2372,13677,10207,-0.0453915,-0.00227547
1,4.20858,353,393,-0.0304397,0.00358045
1,95.6115,34335,36883,-0.0112488,-0.00080695
1,0.025387,171,105,-0.019083,0.00381466
1,25.3538,3933,4536,-0.0454076,-0.0026209
1,0.500945,2010,4304,-0.0236277,-0.00214706
1,0.2854,4049,5340,-0.0478905,-0.00262116
1,0.095648,2949,3449,-0.0482467,-0.0026209
1,0.015539,171,105,-0.019083,0.00381466
1,0.026936,55,66,-0.0236428,0.00223106
1,0.021723,128,74,-0.0136699,0.00385105
1,177.001,618,381,0.0564681,0.00147933
1,177.001,618,315,0.0564681,0.00147933
1,177.001,618,381,0.0564681,0.00147933
1,0.104062,2110,1836,-0.032273,-0.00279217
1,0.026925,55,66,-0.0236428,0.00223106
1,1.52206,1053,6121,-0.0170354,0.0042144
1,19.8334,4799,6734,-0.0453867,-0.00262116
1,0.216704,4056,5237,-0.0478905,-0.00262116
1,0.090393,2305,1585,-0.0482467,-0.0026209
1,0.099584,2313,2854,-0.0482467,-0.0026209
1,30.2137,3965,6430,-0.0441204,-0.0026209
1,63.0863,669,458,-0.0100036,-0.000260976
1,81.0295,64440,63541,-0.0136505,-0.00122636
1,63.2414,603,458,0.00382918,0.00147933
1,93.0174,37025,57639,-0.0173592,-0.00124988
1,63.1422,669,458,-0.0100036,-0.000260976
1,0.10226,2847,3515,-0.0482467,-0.0026209
1,0.02498,171,105,-0.019083,0.00381466
1,0.021688,128,74,-0.0136699,0.00385105
1,177.001,618,381,0.0564681,0.00147933
1,0.015783,55,66,-0.0234444,0.00223106
1,1.39149,12927,18860,-0.0510676,-0.0022846
1,0.190676,4056,5377,-0.0478905,-0.00262116
1,102.697,177378,277785,0.00510122,-0.00131738
1,109.148,68967,80942,-0.0063321,0.00437795
1,118.016,513,381,0.00652364,0.00147933
1,16.4471,5168,6820,-0.0453867,-0.00262116
1,177.002,618,381,0.0564681,0.00147933
1,0.069409,1053,6121,-0.0276917,0.0042144
1,30.1551,1701,1291,-0.0234586,-0.00177625
1,4.2575,432,353,-0.0438606,0.00375171
1,0.05745,171,171,-0.0460901,0.00375171
1,0.139133,2190,3572,-0.0482467,-0.0026209
1,30.3697,1701,1295,-0.0220708,-0.00279242
1,110.556,84601,102860,0.0138775,-0.000974319
1,71.6556,94678,142097,0.004633,-0.00131738
1,26.0128,91721,137590,-0.0507161,-0.00225195
1,118.026,513,381,0.00652364,0.00147933
1,0.241162,3944,5235,-0.0478905,-0.00262116
1,0.068964,171,171,-0.0460901,0.00375171
1,63.1,603,458,0.00382918,0.00147933
1,4.28222,353,393,-0.0304397,0.00358045
1,0.015197,55,66,-0.0234444,0.00223106
1,63.0606,458,669,-0.00965818,-0.000260976
1,8.95003,8159,9028,-0.0454076,-0.0026209
1,0.265746,4254,5354,-0.0478905,-0.00262116
1,4.24281,353,393,-0.0304397,0.00358045
1,0.055997,171,171,-0.0460901,0.00375171
1,177.001,618,381,0.0564681,0.00147933
1,7.55335,1809,4506,-0.0456558,-0.00371778
1,35.9442,5868,8369,-0.0148187,-0.00167206
1,63.0802,458,669,-0.00965818,-0.000260976
1,0.021774,128,74,-0.0136699,0.00385105
1,118.016,513,381,0.00652364,0.00147933
1,0.066119,171,171,-0.0460901,0.00375171
1,30.2375,1701,1274,-0.0234586,-0.00177625
1,0.068497,987,6055,-0.0276917,0.0042144
1,4.26665,353,393,-0.0304397,0.00358045
1,30.2949,744,515,-0.0402428,0.00375171
1,90.9534,50167,77282,-0.0136505,0.00393724
1,0.244785,4227,5393,-0.0478905,-0.00262116
1,0.157846,2095,2297,-0.0482467,-0.0026209
1,0.095043,2937,3352,-0.0201289,-0.00255426
1,63.0984,669,458,-0.0100036,-0.000260976
1,0.256832,276,105,-0.0188538,0.00383324
1,4.5e-05,105,66,-0.0461127,0.00375171
1,0.1182,2313,2788,-0.0482467,-0.0026209
1,0.095772,2883,3138,-0.0201289,-0.00255426
1,4.17778,498,353,-0.052416,0.00375171
1,0.103559,2247,2854,-0.0482467,-0.0026209
1,8.775,12400,13769,-0.020274,-0.00238798
1,0.228932,4056,5237,-0.0478905,-0.00262116
1,4.27033,498,353,-0.052416,0.00375171
1,0.021859,128,74,-0.0136699,0.00385105
1,0.343791,4114,5404,-0.0478905,-0.00262116
1,63.1332,603,458,0.00382918,0.00147933
1,0.020169,171,105,-0.019083,0.00381466
1,0.297145,3756,4537,-0.0482467,-0.0026209
1,0.10361,2244,2833,-0.0482467,-0.0026209
1,0.04773,171,105,-0.0206507,0.00381466
1,104.768,59420,61244,-0.0131823,0.00393724
1,9.99899,3403,5249,-0.0468707,-0.00160473
1,4.11327,432,353,-0.0438606,0.00375171
1,118.016,513,381,0.00652364,0.00147933
1,59.0161,342,276,0.00342612,0.00220476
1,0.558643,2542,7795,-0.0166143,-0.0180043
1,177.001,618,381,0.0564681,0.00147933
1,0.015552,171,105,-0.019083,0.00381466
1,1.2459,5695,7919,-0.0481121,-0.0026209
1,0.168972,3951,5198,-0.0478905,-0.00262116
1,41.9276,42550,31569,-0.0127166,-0.000567092
1,0.02578,171,105,-0.019083,0.00381466
1,4.30462,498,353,-0.052416,0.00375171
1,4.32503,353,327,-0.0526211,0.00375171
1,30.1192,1701,1235,-0.0235339,-0.00177625
1,0.027035,55,66,-0.0236428,0.00223106
1,1.00869,2315,4599,-0.0214815,-0.00279217
1,28.3004,42919,66740,-0.0202909,-0.00235802
1,63.1342,669,458,-0.0100036,-0.000260976
1,4.07395,432,353,-0.0438606,0.00375171
1,0.0156,171,105,-0.019083,0.00381466
1,9.70115,1755,1119,-0.0240062,-0.00177625
1,0.056896,1807,402,-0.0472286,-0.00160473
1,42.708,21078,34640,-0.0168935,-0.000575558
1,4.21921,353,393,-0.0304397,0.00358045
1,59.0163,342,276,0.00342612,0.00220476
1,0.233092,2684,3892,-0.0478905,-0.00262116
1,0.131344,2379,2854,-0.0482467,-0.0026209
1,0.295127,4149,5315,-0.0478905,-0.00262116
1,1.28786,3136,5025,-0.0468707,-0.00160473
1,4.09762,353,327,-0.0526211,0.00375171
1,30.0949,1713,4534,-0.0456558,-0.00371778
1,0.015547,171,105,-0.019083,0.00381466
1,5.52768,1178,1563,-0.0468858,0.00375171
1,4.21232,353,393,-0.0304397,0.00358045
1,0.057429,171,171,-0.0460901,0.00375171
1,11.73,4760,6773,-0.0453867,-0.00262116
1,59.016,342,210,0.00342612,0.00220476
1,0.025144,171,105,-0.019083,0.00381466
1,63.0981,458,603,0.00417456,0.00147933
1,0.109999,2304,1560,-0.0482467,-0.0026209
1,0.24568,4808,6010,-0.0478905,-0.00262116
1,2.1e-05,105,66,-0.0461127,0.00375171
1,4.16648,432,353,-0.0438606,0.00375171
1,4.11118,432,353,-0.0438606,0.00375171
1,0.023853,128,74,-0.0136699,0.00385105
1,177.001,618,381,0.0564681,0.00147933
1,177.001,315,618,0.0564681,0.00147933
1,1.51943,1053,6121,-0.0170354,0.0042144
1,177.001,723,459,0.0572165,0.00147933
1,0.506043,2064,4478,-0.024385,-0.00177599
1,6.09356,12258,17139,-0.0482076,-0.00228485
1,0.518476,2146,7729,-0.0214306,-0.0178331
1,1.36944,12927,18548,-0.0510676,-0.0022846
1,59.0159,342,276,0.00342612,0.00220476
1,176.996,3236,4339,0.133183,-0.00159557
1,59.0161,342,276,0.00342612,0.00220476
1,67.4269,59032,72173,-0.0186444,-0.00122636
1,177.002,315,618,0.0564681,0.00147933
1,0.151462,2306,2772,-0.0482467,-0.0026209
1,118.026,513,381,0.00652364,0.00147933
1,1.17271,12247,18041,-0.0510676,-0.0022846
1,0.186103,4503,6011,-0.0482467,-0.0026209
1,3e-05,105,66,-0.0461127,0.00375171
1,59.0257,342,276,0.00342612,0.00220476
1,0.236991,4347,5249,-0.0478905,-0.00262116
1,177.002,618,381,0.0564681,0.00147933
1,0.501131,2010,4364,-0.0236534,-0.00214706
1,4.12022,353,393,-0.0304397,0.00358045
1,0.025219,171,105,-0.019083,0.00381466
1,118.026,513,381,0.00652364,0.00147933
1,0.288006,2476,4510,-0.0489818,-0.00362675
1,5.60729,2921,3997,-0.0478679,-0.00262116
1,2.2e-05,105,66,-0.0461127,0.00375171
1,118.016,513,381,0.00652364,0.00147933
1,2.93582,3987,6197,-0.0493519,-0.00160473
1,177.001,618,381,0.0564681,0.00147933
1,118.026,513,381,0.00652364,0.00147933
1,4.24087,353,327,-0.0526211,0.00375171
1,97.7116,79351,66578,-0.0131823,-0.00122636
1,4.09161,353,327,-0.0526211,0.00375171
1,0.069432,987,6055,-0.0276917,0.0042144
1,0.021638,128,74,-0.0136699,0.00385105
1,0.015171,55,66,-0.0234444,0.00223106
1,8.95852,1742,2067,-0.0474906,-0.00160498
1,1.52197,987,6055,-0.0170354,0.0042144
1,1.15531,5629,4565,-0.0478905,-0.00262116
1,118.017,513,381,0.00652364,0.00147933
1,4.26346,353,393,-0.0304397,0.00358045
1,3.6e-05,105,66,-0.0461127,0.00375171
1,0.297989,4359,5474,-0.0478905,-0.00262116
1,177.001,618,381,0.0564681,0.00147933
1,4.23458,498,353,-0.052416,0.00375171
1,0.541416,5051,5603,-0.0482467,-0.0026209
1,0.021547,128,74,-0.0136699,0.00385105
1,0.135716,2124,2309,-0.0482467,-0.0026209
1,9.40548,4301,5909,-0.0470931,-0.0026209
1,4.36581,353,393,-0.0304397,0.00358045
1,0.015585,171,105,-0.019083,0.00381466
1,30.1034,1647,1351,-0.0220708,-0.00279242
1,4.80216,2814,4909,-0.0478679,-0.00262116
1,0.119197,2313,2788,-0.0482467,-0.0026209
1,177.001,618,381,0.0564681,0.00147933
1,0.502087,2010,4365,-0.0236534,-0.00214706
1,177.001,618,381,0.0564681,0.00147933
1,63.237,603,458,0.00382918,0.00147933
1,0.102753,2247,2788,-0.0482467,-0.0026209
1,1.52216,1053,6121,-0.0170354,0.0042144
1,23.7179,12685,19736,-0.0202861,-0.00237587
1,0.069161,951,6055,-0.0276917,0.0042144
1,9.67138,12092,12929,-0.0507097,-0.0022846
1,4.2732,498,353,-0.052416,0.00375171
1,4.3551,432,353,-0.0438606,0.00375171
1,32.3556,426,213,-0.0323005,0.00198533
1,20.0746,16254,18346,-0.0482308,-0.00227769
1,1.99304,8240,9841,-0.0497098,-0.00160473
1,1.39557,12795,18931,-0.0510676,-0.0022846
1,3.56512,1767,4418,-0.0456558,-0.00371778
1,6.83886,3237,5687,-0.0468707,-0.00160473
1,122.684,208235,411253,0.192412,0.0107765
1,0.20619,4122,5288,-0.0478905,-0.00262116
1,0.015528,171,105,-0.019083,0.00381466
1,4.07114,432,353,-0.0438606,0.00375171
1,0.115386,1053,6121,-0.0276917,0.0042144
1,118.026,513,381,0.00652364,0.00147933
1,177.002,618,381,0.0564681,0.00147933
1,0.027028,55,66,-0.0236428,0.00223106
1,0.315228,4227,5459,-0.0478905,-0.00262116
1,0.071866,1053,6121,-0.0276917,0.0042144
1,0.0155,261,126,-0.0209446,0.00358045
1,177.001,618,381,0.0564681,0.00147933
1,177.001,618,381,0.0564681,0.00147933
1,120.005,59251,50899,0.437099,0.00393724
1,4.14512,498,353,-0.052416,0.00375171
1,177.001,618,381,0.0564681,0.00147933
1,177.002,723,459,0.0564681,0.00147933
1,4.11369,432,353,-0.0438606,0.00375171
1,0.503945,2064,4359,-0.0233023,-0.00177599
1,122.271,513,437,0.0568712,0.0014793
1,0.605857,2051,4533,-0.0214306,-0.0178331
1,17.0951,22719,21361,-0.050712,-0.00227769
1,0.286371,4679,6166,-0.0478905,-0.00262116
1,8.97324,2157,3138,-0.0478679,-0.00262116
1,177.002,279,534,0.0553925,0.00147933
1,0.237325,3885,5117,-0.0478905,-0.00262116
1,177.001,618,381,0.0564681,0.00147933
1,49.92,42915,35394,-0.0168935,-0.000567092
1,0.250169,4122,5552,-0.0478905,-0.00262116
1,4.29406,432,353,-0.0438606,0.00375171
1,176.996,3407,4525,0.133183,-0.00159557
1,4.26607,353,393,-0.0304397,0.00358045
1,4.19034,353,393,-0.0304397,0.00358045
1,4.25839,353,327,-0.0526211,0.00375171
1,0.187178,4983,6038,-0.0478905,-0.00262116
1,3.4e-05,93,54,-0.0234444,0.00198533
1,0.015557,171,105,-0.019083,0.00381466
1,0.282546,4056,5552,-0.0478905,-0.00262116
1,177.001,618,381,0.0564681,0.00147933
1,0.058309,171,171,-0.0460901,0.00375171
1,0.056739,1847,2907,-0.0579089,-0.00160498
1,122.14,513,437,0.0568712,0.0014793
1,177.002,618,381,0.0564681,0.00147933
1,177.002,618,381,0.0564681,0.00147933
1,0.015637,248,327,-0.0209446,0.00358045
1,0.021671,128,74,-0.0136699,0.00385105
1,63.2472,669,458,-0.0100036,-0.000260976
1,59.0162,342,276,0.00342612,0.00220476
1,1.22275,5292,6699,-0.0474511,-0.0026209
1,80.6472,140297,138499,-0.0136505,-0.00122636
1,4.15996,432,353,-0.0438606,0.00375171
1,0.104535,1956,2217,-0.0482467,-0.0026209
1,0.097251,2305,1585,-0.0482467,-0.0026209
1,0.071334,987,6055,-0.0276917,0.0042144
1,177.001,618,381,0.0564681,0.00147933
1,4.1757,353,327,-0.0526211,0.00375171
1,0.216193,4706,6208,-0.0478905,-0.00262116
1,3.25945,4314,3343,-0.0453867,-0.00262116
1,25.4677,35517,27895,-0.0506936,-0.00227547
1,108.997,123279,244752,-0.00816224,0.00393502
1,0.178819,2689,3958,-0.0478905,-0.00262116
1,59.0255,342,276,0.00342612,0.00220476
1,0.190548,4815,6053,-0.0478905,-0.00262116
1,0.021591,222,132,-0.0209446,0.00382618
1,177.001,618,381,0.0564681,0.00147933
1,177.001,279,534,0.0553925,0.00147933
1,0.397239,4425,5459,-0.0478905,-0.00262116
1,4.39903,498,353,-0.052416,0.00375171
1,0.015613,171,105,-0.019083,0.00381466
1,4.14826,432,353,-0.0402428,0.00375171
1,0.015605,261,126,-0.0209446,0.00358045
1,1.12704,5563,4833,-0.0478905,-0.00262116
1,83.8825,229650,333224,-0.0136121,0.0107765
1,118.016,513,315,0.00652364,0.00147933
1,4.11433,432,353,-0.0438606,0.00375171
1,177.001,279,534,0.0553925,0.00147933
1,0.021881,128,74,-0.0136699,0.00385105
1,76.2497,195133,298547,-0.0136121,0.0107765
1,4.15814,498,353,-0.052416,0.00375171
1,18.7375,12477,12603,-0.0507097,-0.0022846
1,59.016,342,276,0.00342612,0.00220476
1,0.095628,2512,2093,-0.0482467,-0.0026209
1,118.026,618,381,0.00652364,0.00147933
1,118.026,513,381,0.00652364,0.00147933
1,4.6e-05,105,66,-0.0461127,0.00375171
1,0.025014,327,126,-0.0209446,0.00358045
1,177.001,618,381,0.0564681,0.00147933
1,63.2399,669,458,-0.0100036,-0.000260976
1,0.177174,4710,6134,-0.0482467,-0.0026209
1,35.2657,49407,75367,-0.0131184,-0.000903139
1,1.40182,2466,3887,-0.0478888,-0.0026209
1,30.0999,1647,1215,-0.0220916,-0.00279217
1,0.057761,171,171,-0.0460901,0.00375171
1,1.39378,15179,22056,-0.0510699,-0.00227769
1,16.8878,3718,4596,-0.0454076,-0.0026209
1,1.48916,5833,4966,-0.0478905,-0.00262116
1,4.0895,353,327,-0.0526211,0.00375171
1,0.025035,171,105,-0.019083,0.00381466
1,128.486,5373,3759,0.137396,-0.00399811
1,59.016,342,276,0.00342612,0.00220476
1,0.015177,55,66,-0.0234444,0.00223106
1,4.13536,432,353,-0.0438606,0.00375171
1,177.001,618,381,0.0564681,0.00147933
1,1.33765,5516,7694,-0.0482467,-0.0026209
1,17.3802,4376,4642,-0.0454076,-0.0026209
1,95.4303,69478,68180,-0.0131823,-0.00122636
1,0.179645,2029,2231,-0.0482467,-0.0026209
1,0.507566,2010,4364,-0.0236534,-0.00214706
1,0.780476,3415,4764,-0.0478905,-0.00262116
1,1.46168,13191,18576,-0.0510676,-0.0022846
1,0.015545,171,105,-0.019083,0.00381466
1,177.001,618,381,0.0564681,0.00147933
1,4.04982,432,353,-0.0438606,0.00375171
1,0.070545,1053,6121,-0.0276917,0.0042144
1,9.79869,9868,15572,-0.0202861,-0.00255451
1,4.21128,353,393,-0.0304397,0.00358045
1,4.2371,353,393,-0.0304397,0.00358045
1,96.8256,167250,275844,-0.0131823,0.00393724
1,0.015119,55,66,-0.0234444,0.00223106
1,151.794,3026,3865,0.13736,-0.00159557
1,4.55392,3291,5925,-0.0468707,-0.00160473
1,0.069601,1053,6121,-0.0276917,0.0042144
1,0.025134,171,105,-0.019083,0.00381466
1,0.325186,128,74,-0.00971728,0.00385105
1,4.70046,2136,4866,-0.0474735,-0.00160473
1,0.025061,171,105,-0.019083,0.00381466
1,0.783937,3624,6569,-0.0478321,-0.00160473
1,1.8e-05,93,54,-0.0234444,0.00198533
1,6.70805,1809,4475,-0.0456558,-0.00371778
1,0.017009,55,66,-0.0234218,0.00223106
1,0.346298,4254,5486,-0.0478905,-0.00262116
1,0.025013,171,105,-0.019083,0.00381466
1,0.196803,4185,5081,-0.0478905,-0.00262116
1,4.09887,353,327,-0.0526211,0.00375171
1,30.083,1713,4590,-0.0456558,-0.00371778
1,1.52205,987,6055,-0.0170354,0.0042144
1,177.001,315,618,0.0564681,0.00147933
1,0.110924,1529,5132,-0.0283669,-0.00538055
1,177.001,618,315,0.0564681,0.00147933
1,24.8018,3940,4596,-0.0454076,-0.0026209
1,0.024991,171,105,-0.019083,0.00381466
1,72.3055,64786,74725,-0.0136505,-0.00122636
1,28.8993,9133,12112,-0.0454076,-0.0026209
1,14.9954,65703,112539,-0.0510699,-0.00225416
1,0.951825,5292,6716,-0.0568021,-0.0026209
1,9.9093,8724,10423,-0.0478888,-0.0026209
1,177.001,618,381,0.0564681,0.00147933
1,59.2422,342,276,0.00583762,0.00220476
1,0.021852,128,74,-0.0136699,0.00385105
1,0.500232,2010,4419,-0.0233023,-0.00177599
1,4.16319,498,353,-0.052416,0.00375171
1,0.023189,279,120,-0.0327954,0.00198533
1,0.066841,171,171,-0.0460901,0.00375171
1,0.118838,2029,2231,-0.0482467,-0.0026209
1,4.40038,432,353,-0.0438606,0.00375171
1,118.017,513,381,0.00652364,0.00147933
1,1.9e-05,105,66,-0.0461127,0.00375171
1,0.233773,4581,6353,-0.0478905,-0.00262116
1,1.35523,5563,4523,-0.0454093,-0.00262116
1,4.23769,353,327,-0.0526211,0.00375171
1,177.002,618,381,0.0564681,0.00147933
1,59.0158,342,276,0.00342612,0.00220476
1,59.0254,342,276,0.00342612,0.00220476
1,0.212681,4476,6116,-0.0482467,-0.0026209
1,0.094711,2769,3418,-0.0482467,-0.0026209
1,0.017352,474,758,-0.0469084,0.00375171
1,177.001,618,381,0.0564681,0.00147933
1,0.124551,2351,4474,-0.0399681,-0.010623
1,0.276776,4141,5233,-0.0478905,-0.00262116
1,22.5307,1637,4048,-0.0173159,-0.00388904
1,4.31988,498,353,-0.0487981,0.00375171
1,0.025361,171,105,-0.019083,0.00381466
1,0.168461,4305,5894,-0.0482467,-0.0026209
1,0.143042,2313,2854,-0.0482467,-0.0026209
1,30.1069,1755,4590,-0.0456558,-0.00371778
1,177.001,315,618,0.0564681,0.00147933
1,0.252917,249,276,-0.0199769,0.00381466
1,124.372,186164,307454,0.192373,0.0107788
1,177.001,618,381,0.0564681,0.00147933
1,177.001,618,381,0.0564681,0.00147933
1,4.11035,353,327,-0.0526211,0.00375171
1,1.36495,5903,8033,-0.0482474,-0.0026209
1,0.021707,128,74,-0.0136699,0.00385105
1,4.10324,498,353,-0.052416,0.00375171
1,4.20593,432,353,-0.0438606,0.00375171
1,4.6458,3618,5925,-0.0468707,-0.00160473
1,0.096778,2649,3383,-0.0482467,-0.0026209
1,27.3931,29449,45662,-0.050712,-0.00227769
1,13.8389,6353,9563,-0.049331,-0.00160498
1,118.016,513,381,0.00652364,0.00147933
1,177.001,618,381,0.0564681,0.00147933
1,4.10473,498,353,-0.052416,0.00375171
1,0.015665,171,105,-0.019083,0.00381466
1,0.096134,2876,3109,-0.0201289,-0.00255426
1,4.08816,353,393,-0.0304397,0.00358045
1,9.83035,7670,5198,-0.0478679,-0.00262116
1,49.3491,77238,113589,0.00556694,-0.000643054
1,1.27206,12313,17984,-0.0510676,-0.0022846
1,90.16,71222,54488,-0.0136505,-0.00122636
1,129.187,1110,1072,0.13153,0.00214181
1,0.015478,171,171,-0.0554637,0.00375171
1,13.2296,45988,37761,-0.0507161,-0.00224958
1,0.118956,1963,2231,-0.0482467,-0.0026209
1,0.073134,2219,1221,-0.0482467,-0.0026209
1,4.07627,353,393,-0.0304397,0.00358045
1,39.6778,28377,25690,-0.0131184,-0.000926662
1,0.117058,2305,1651,-0.0482467,-0.0026209
1,0.24537,4017,5197,-0.0478905,-0.00262116
1,18.1909,16965,19510,-0.0521567,-0.0012593
1,92.5682,54005,61476,-0.0112488,-0.000783428
1,25.5332,2902,4304,-0.0468707,-0.00160473
1,177.002,723,381,0.0564681,0.00147933
1,118.016,513,381,0.00652364,0.00147933
1,30.0973,1755,4591,-0.0456558,-0.00371778
1,177.001,618,381,0.0564681,0.00147933
1,0.070466,1053,6121,-0.0276917,0.0042144
1,49.2518,27783,26292,-0.0176407,-0.000926662
1,0.307926,4254,5420,-0.0478905,-0.00262116
1,30.1985,1647,1159,-0.0218865,-0.00279217
1,1.97571,1263,6187,-0.0170354,0.0042144
1,63.3031,669,458,-0.0100036,-0.000260976
1,0.094739,2942,3421,-0.0482467,-0.0026209
1,177.001,618,381,0.0564681,0.00147933
1,0.112856,2110,1774,-0.032273,-0.00279217
1,0.337769,4161,5497,-0.0478905,-0.00262116
1,0.015582,171,105,-0.019083,0.00381466
1,0.066656,171,171,-0.0460901,0.00375171
1,0.372764,3162,3686,-0.0457655,-0.0026209
1,0.298421,4647,6170,-0.0478905,-0.00262116
1,0.095503,2909,3371,-0.0201289,-0.00255426
1,0.025449,327,126,-0.0209446,0.00358045
1,58.6906,113300,166440,-0.0131184,-0.000903139
1,1.52209,1053,6121,-0.0170354,0.0042144
1,25.5645,3111,4134,-0.0454076,-0.0026209
1,4.09011,353,393,-0.0304397,0.00358045
1,0.025383,261,126,-0.0209446,0.00358045
1,4.02106,458,405,-0.0526211,0.00375171
1,4.22003,353,393,-0.0304397,0.00358045
1,0.354498,4359,5657,-0.0478905,-0.00262116
1,118.026,513,381,0.00652364,0.00147933
1,6.3478,7647,9657,-0.0478888,-0.0026209
1,3e-05,105,66,-0.0461127,0.00375171
1,4.10888,353,393,-0.0304397,0.00358045
1,63.0929,669,458,-0.0100036,-0.000260976
1,0.057221,171,171,-0.0460901,0.00375171
1,4.36473,432,353,-0.0438606,0.00375171
1,0.025421,171,105,-0.019083,0.00381466
1,118.026,513,381,0.00652364,0.00147933
1,0.513324,1956,4366,-0.0236277,-0.00214706
1,0.187258,4056,5486,-0.0478905,-0.00262116
1,4.18358,522,353,-0.0402428,0.00375171
1,0.065646,171,171,-0.0460901,0.00375171
1,0.142951,2372,2774,-0.0482467,-0.0026209
1,0.058182,171,171,-0.0460901,0.00375171
1,138.677,1454,1505,0.13736,-0.00399836
1,0.070065,951,6055,-0.0276917,0.0042144
1,42.1844,17170,27054,-0.0127166,-0.000575558
1,4.10595,353,327,-0.0526211,0.00375171
1,30.0939,1755,4590,-0.0456201,-0.00371778
1,81.3529,62469,61793,-0.0136505,-0.00122636
1,25.8299,47406,57694,-0.0521567,-0.00123341
1,0.51754,2621,5741,-0.0450115,-0.0178331
1,15.1097,7955,10986,-0.0454076,-0.0026209
1,0.015429,128,66,-0.0327954,0.00223106
1,0.015505,171,105,-0.019083,0.00381466
1,4.10882,353,327,-0.0526211,0.00375171
1,4.239,353,393,-0.0304397,0.00358045
1,177.001,279,534,0.0553925,0.00147933
1,0.1711,3951,5264,-0.0478905,-0.00262116
1,122.048,513,437,0.0568712,0.0014793
1,4.20354,432,353,-0.0438606,0.00375171
1,0.53551,2278,7487,-0.0231078,-0.0178331
1,122.038,513,437,0.0568712,0.0014793
1,0.024981,171,105,-0.019083,0.00381466
1,29.8105,4515,6453,-0.0453867,-0.00262116
1,118.218,55853,61515,-0.00626716,0.00438017
1,4.17729,498,353,-0.052416,0.00375171
1,43.6953,21672,24483,-0.0176407,-0.000926662
1,4.21334,498,353,-0.052416,0.00375171
1,1.14469,5497,4604,-0.0478905,-0.00262116
1,31.2533,2986,4199,-0.0454076,-0.0026209
1,1.41046,12794,18076,-0.0510676,-0.0022846
1,177.001,618,381,0.0564681,0.00147933
1,5.59424,4314,3361,-0.0453867,-0.00262116
1,0.021946,128,74,-0.0136699,0.00385105
1,9.84054,5457,3916,-0.0453867,-0.00262116
1,0.015262,147,93,-0.0184441,0.00381466
1,2.87636,1809,4582,-0.0456558,-0.00371778
1,59.016,342,276,0.00342612,0.00220476
1,53.3307,71580,70566,-0.0127166,-0.000552036
1,30.3578,1137,3999,-0.0161657,0.00748346
1,9.64371,5184,7531,-0.0468707,-0.00160473
1,0.163227,1963,2231,-0.0482467,-0.0026209
1,0.099825,2535,3418,-0.0482467,-0.0026209
1,177.001,279,534,0.0553925,0.00147933
1,30.1145,1755,4612,-0.0456558,-0.00371778
1,0.01552,171,105,-0.019083,0.00381466
1,4.13194,353,393,-0.0304397,0.00358045
1,0.027318,108,291,-0.0236653,0.00198533
1,0.059022,171,171,-0.0460901,0.00375171
1,59.0257,342,276,0.00342612,0.00220476
1,29.742,529,852,-0.0304397,0.00358045
1,0.080338,2110,1776,-0.032273,-0.00279217
1,29.9008,529,832,-0.0304397,0.00358045
1,1.39861,12927,18954,-0.0510676,-0.0022846
1,0.025368,171,105,-0.019083,0.00381466
1,177.002,618,315,0.0564681,0.00147933
1,0.316071,4386,5303,-0.0478905,-0.00262116
1,1.7e-05,105,66,-0.0461127,0.00375171
1,177.001,5676,3666,0.137396,-0.00399811
1,177.001,618,381,0.0564681,0.00147933
1,4.20806,353,393,-0.0304397,0.00358045
1,0.025032,171,105,-0.019083,0.00381466
1,118.016,513,381,0.00652364,0.00147933
1,4.36454,498,353,-0.052416,0.00375171
1,55.9017,165804,244240,-0.0131184,-0.000903139
1,177.001,3275,4510,0.133183,-0.00159557
1,1.64629,8465,10845,-0.0478905,-0.00262116
1,0.336564,1807,7420,-0.0246503,-0.00510717
1,0.024842,171,105,-0.019083,0.00381466
1,47.2957,17917,16998,-0.0172954,-0.000926662
1,0.021648,128,74,-0.0136699,0.00385105
1,0.066373,171,171,-0.0460901,0.00375171
1,0.294616,276,183,-0.0188538,0.00383324
1,0.015989,171,105,-0.019083,0.00381466
1,0.015592,171,105,-0.019083,0.00381466
1,15.0664,696,474,-0.0487981,0.00375171
1,0.178725,4437,5945,-0.0482467,-0.0026209
1,9.50932,3714,6196,-0.0485562,-0.00160473
1,22.2864,34236,49592,-0.0482124,-0.00227547
1,177.001,618,381,0.0564681,0.00147933
1,0.623571,637,612,-0.0329241,0.00198533
1,0.153298,1664,7447,-0.0285255,-0.00538055
1,59.0259,342,276,0.00342612,0.00220476
1,63.0442,458,669,-0.00965818,-0.000260976
1,0.024922,171,105,-0.019083,0.00381466
1,63.1087,669,458,-0.0100036,-0.000260976
1,9.25709,14974,29014,-0.050712,-0.00227769
1,64.9849,113957,220487,-0.0136121,-0.00122858
1,14.8769,529,824,-0.0304397,0.00358045
1,30.0894,1647,1215,-0.0220916,-0.00279217
1,0.025385,171,105,-0.019083,0.00381466
1,1.52211,987,6055,-0.0170354,0.0042144
1,0.015159,55,66,-0.0234444,0.00223106
1,0.095327,2365,2760,-0.0482467,-0.0026209
1,0.056781,171,171,-0.0460901,0.00375171
1,24.2632,3943,4532,-0.0478679,-0.00262116
1,0.015522,171,105,-0.019083,0.00381466
1,4.16219,498,353,-0.052416,0.00375171
1,0.09816,2412,2767,-0.0482467,-0.0026209
1,0.02523,171,105,-0.019083,0.00381466
1,105.172,66541,57118,-0.00820067,0.00393724
1,63.0971,458,669,-0.00965818,-0.000260976
1,12.5951,7428,13407,-0.059265,-0.0026209
1,0.565834,2212,7663,-0.0214306,-0.0178331
1,0.520582,2010,4425,-0.0236534,-0.00214706
1,30.0866,1755,4591,-0.0456558,-0.00371778
1,16.2863,13404,21316,-0.0506888,-0.00228485
1,0.015686,171,105,-0.019083,0.00381466
1,0.187167,3983,5406,-0.0478905,-0.00262116
1,4.19335,498,353,-0.052416,0.00375171
1,0.056235,171,171,-0.0460901,0.00375171
1,0.021718,128,74,-0.0136699,0.00385105
1,30.0874,1647,1351,-0.0220708,-0.00279242
1,30.1138,1647,1235,-0.0218656,-0.00279242
1,3.5496,2844,1931,-0.0468498,-0.00160498
1,59.0159,342,276,0.00342612,0.00220476
1,30.0986,1647,1159,-0.0220916,-0.00279217
1,4.25401,498,353,-0.052416,0.00375171
1,59.0258,342,276,0.00342612,0.00220476
1,3.1e-05,105,66,-0.0461127,0.00375171
1,0.091851,2304,1648,-0.0482467,-0.0026209
1,0.066975,171,171,-0.0460901,0.00375171
1,30.1913,1755,4590,-0.0456201,-0.00371778
1,30.116,1755,4612,-0.0456201,-0.00371778
1,0.068504,171,171,-0.0460901,0.00375171
1,0.056398,171,171,-0.0460901,0.00375171
1,4.36685,353,393,-0.0304397,0.00358045
1,4.2522,498,353,-0.052416,0.00375171
1,0.514406,2278,7619,-0.0166143,-0.0180043
1,2.99212,4102,2855,-0.0478679,-0.00262116
1,0.063962,621,1225,-0.0469084,0.00375171
1,4.04593,353,393,-0.0304397,0.00358045
1,0.02499,171,105,-0.019083,0.00381466
1,0.118805,2247,2854,-0.0482467,-0.0026209
1,0.111131,2379,2788,-0.0482467,-0.0026209
1,0.539962,2315,4608,-0.0227678,-0.00379801
1,118.016,513,381,0.00652364,0.00147933
1,4.17289,353,393,-0.0304397,0.00358045
1,177.001,618,381,0.0564681,0.00147933
1,0.56922,2212,7795,-0.0214306,-0.0178331
1,7.1478,16311,15976,-0.050712,-0.00227769
1,0.02173,128,74,-0.0136699,0.00385105
1,4.13687,353,393,-0.0304397,0.00358045
1,4.21355,432,353,-0.0438606,0.00375171
1,0.069411,1053,6121,-0.0276917,0.0042144
1,177.001,279,534,0.0553925,0.00147933
1,177.001,618,381,0.0564681,0.00147933
1,3.6e-05,93,54,-0.0234444,0.00198533
1,2.90558,2136,4730,-0.0474735,-0.00160473
1,122.073,513,437,0.0568712,0.0014793
1,25.2839,12089,18095,-0.0607072,-0.00126868
1,118.016,513,381,0.00652364,0.00147933
1,59.0159,342,210,0.00342612,0.00220476
1,0.596047,4643,6963,-0.0482467,-0.0026209
1,27.8689,3111,4134,-0.0454076,-0.0026209
1,4.1689,353,393,-0.0304397,0.00358045
1,4.16853,432,353,-0.0438606,0.00375171
1,0.318494,4149,5249,-0.0478905,-0.00262116
1,0.075129,2110,1836,-0.032273,-0.00279217
1,4.36397,419,393,-0.0298007,0.00358045
1,1.67799,2910,5466,-0.0485562,-0.00160473
1,4.50536,353,327,-0.0526211,0.00375171
1,4.24431,432,353,-0.0438606,0.00375171
1,4.20792,498,353,-0.052416,0.00375171
1,24.4802,14836,14728,-0.050712,-0.00227769
1,0.015563,171,105,-0.019083,0.00381466
1,4.27708,432,353,-0.0438606,0.00375171
1,0.219348,4581,6155,-0.0478905,-0.00262116
1,59.0161,342,276,0.00342612,0.00220476
1,89.3339,83792,83603,-0.0136505,-0.00122636
1,1.40531,3986,935,-0.0478888,-0.0026209
1,37.7541,56000,62483,-0.0127166,-0.000552036
1,59.0257,342,210,0.00342612,0.00220476
1,4.24684,498,353,-0.052416,0.00375171
1,0.056279,171,171,-0.0460901,0.00375171
1,4.36687,419,393,-0.0298007,0.00358045
1,109.383,40685,43715,-0.00586567,0.00436038
1,13.2975,163,126,-0.0229495,0.00223106
1,27.3285,25896,54865,-0.050712,-0.00227769
1,0.015562,171,105,-0.019083,0.00381466
1,31.1787,426,273,-0.0323005,0.00198533
1,23.5077,11578,15323,-0.0521519,-0.00126868
1,2e-05,105,66,-0.0461127,0.00375171
1,177.001,618,381,0.0564681,0.00147933
1,79.671,19091,17265,-0.0181728,-0.00124988
1,6.8e-05,93,54,-0.0234444,0.00198533
1,0.213148,4049,5340,-0.0478905,-0.00262116
1,3.14633,1018,957,-0.0330644,0.00198533
1,0.510104,2212,7575,-0.0231161,-0.0178331
1,0.024898,171,105,-0.019083,0.00381466
1,91.7642,141071,236762,-0.0136505,-0.00122636
1,3.26858,5253,7582,-0.0454076,-0.0026209
1,94.844,105997,213662,-0.0131438,0.00393502
1,119.191,119306,116317,-0.00820067,0.00393724
1,0.525797,2212,7729,-0.0214306,-0.0178331
1,120.925,2664,3169,0.394995,-0.00399836
1,0.197031,4827,6201,-0.0478905,-0.00262116
1,0.015539,171,105,-0.019083,0.00381466
1,63.4955,93934,76363,0.00458236,0.000584621
1,4.13839,432,353,-0.0438606,0.00375171
1,0.27992,4634,5837,-0.0482467,-0.0026209
1,0.015774,254,108,-0.0234444,0.00198533
1,4.30725,432,353,-0.0438606,0.00375171
1,177.001,618,381,0.0564681,0.00147933
1,3.2e-05,105,66,-0.0461127,0.00375171
1,0.015465,171,105,-0.019083,0.00381466
1,4.11511,432,353,-0.0438606,0.00375171
1,113.437,94736,189498,-0.00816224,-0.00122858
1,6.36162,5600,7500,-0.0470938,-0.0026209
1,118.016,513,381,0.00652364,0.00147933
1,0.061352,1049,522,-0.0312908,0.0035807
1,4.24127,432,353,-0.0438606,0.00375171
1,59.0253,447,276,0.00342612,0.00220476
1,1.22689,12379,17168,-0.0510676,-0.0022846
1,177.002,315,618,0.0564681,0.00147933
1,0.278466,4056,5377,-0.0478905,-0.00262116
1,0.331237,4254,5552,-0.0478905,-0.00262116
1,3.3e-05,93,54,-0.0234444,0.00198533
1,4.18347,353,393,-0.0304397,0.00358045
1,0.015156,55,66,-0.0234444,0.00223106
1,3.3e-05,93,54,-0.0234444,0.00198533
1,0.015535,171,105,-0.019083,0.00381466
1,0.021926,128,74,-0.0136699,0.00385105
1,6.56005,5546,7223,-0.0454083,-0.0026209
1,70.616,44173,42469,-0.0136505,-0.0012268
1,59.0159,342,276,0.00342612,0.00220476
1,0.235867,4149,5330,-0.0478905,-0.00262116
1,63.1537,458,669,-0.00965818,-0.000260976
1,74.2644,1057,1095,-0.00680054,0.00144653
1,4.18625,353,393,-0.0304397,0.00358045
1,4.20891,432,353,-0.0438606,0.00375171
1,0.191313,4056,5222,-0.0478905,-0.00262116
1,0.093072,2305,1629,-0.0568021,-0.0026209
1,4.19503,576,353,-0.052416,0.00375171
1,1.17856,5238,6689,-0.0474511,-0.0026209
1,30.1041,1755,4671,-0.0474735,-0.00160473
1,59.0259,342,276,0.00342612,0.00220476
1,4.27083,353,327,-0.0526211,0.00375171
1,43.2013,13527,21453,-0.0134626,-0.00133575
1,177.001,618,381,0.0564681,0.00147933
1,0.302545,4503,5747,-0.0482467,-0.0026209
1,0.534639,2249,4599,-0.0227678,-0.00379801
1,4.3566,353,393,-0.0304397,0.00358045
1,177.002,279,534,0.0553925,0.00147933
1,120.019,76203,90976,0.147978,0.000584621
1,0.503895,1956,4365,-0.0236277,-0.00214706
1,27.1309,1292,621,-0.0438606,0.00375171
1,133.537,6498,4176,0.133219,-0.00159532
1,0.125461,1963,2231,-0.0482467,-0.0026209
1,0.021889,128,74,-0.0136699,0.00385105
1,13.1554,2886,4205,-0.0454076,-0.0026209
1,0.241831,4371,5945,-0.0482467,-0.0026209
1,0.22248,4371,5879,-0.0482467,-0.0026209
1,30.1063,1755,4727,-0.0473982,-0.00160473
1,0.015511,171,105,-0.019083,0.00381466
1,59.0161,342,276,0.00342612,0.00220476
1,177.001,618,381,0.0564681,0.00147933
1,177.002,618,381,0.0564681,0.00147933
1,96.4384,65607,54508,-0.0131823,-0.00122636
1,4.34689,498,353,-0.052416,0.00375171
1,0.096889,2365,2826,-0.0482467,-0.0026209
1,4.10471,353,393,-0.0304397,0.00358045
1,7.44316,2212,3316,-0.0468707,-0.00160473
1,68.3978,143649,200762,-0.0136121,-0.00122858
1,0.015441,171,105,-0.019083,0.00381466
1,107.949,87330,99923,-0.00820067,0.00393724
1,4.23468,1767,4529,-0.0474735,-0.00160473
1,0.015204,55,66,-0.0234444,0.00223106
1,0.508074,1956,4365,-0.0236277,-0.00214706
1,177.001,618,381,0.0564681,0.00147933
1,0.026075,171,105,-0.0188362,0.00381466
1,0.059409,171,171,-0.0460901,0.00375171
1,100.655,166693,162120,-0.0131823,-0.00122636
1,177.001,618,381,0.0564681,0.00147933
1,177.001,618,381,0.0564681,0.00147933
1,4.25253,353,432,-0.0468858,0.00375171
1,118.239,618,381,0.00652364,0.00147933
1,4.14651,498,353,-0.052416,0.00375171
1,24.8985,948,1158,-0.0415846,0.00375171
1,177.001,618,381,0.0564681,0.00147933
1,19.4812,37803,61610,-0.0506936,-0.00227547
1,115.978,51620,58605,-0.00626716,-0.000783428
1,0.01554,171,105,-0.019083,0.00381466
1,0.025254,171,105,-0.019083,0.00381466
1,118.881,155865,311300,-0.00816224,-0.00122858
1,0.52397,2212,7575,-0.0231161,-0.0178331
1,3.4e-05,105,66,-0.0461127,0.00375171
1,9.8693,4695,6875,-0.0468707,-0.00160473
1,0.015542,171,105,-0.019083,0.00381466
1,0.015506,171,105,-0.019083,0.00381466
1,103.509,98524,201364,-0.0131438,-0.00122858
1,54.0894,21069,18775,-0.0130619,-0.000575558
1,1.36967,6299,8396,-0.0457655,-0.0026209
1,101.812,100714,117695,0.0115011,0.000584621
1,4.27096,353,327,-0.0526211,0.00375171
1,177.001,618,381,0.0564681,0.00147933
1,0.055712,171,171,-0.0460901,0.00375171
1,177.001,618,381,0.0564681,0.00147933
1,0.015531,171,105,-0.019083,0.00381466
1,69.0667,178162,105740,-0.0136505,-0.00122636
1,0.15452,4890,5832,-0.0482467,-0.0026209
1,118.016,513,381,0.00652364,0.00147933
1,0.244152,4542,6182,-0.0478905,-0.00262116
1,177.001,618,381,0.0564681,0.00147933
1,177.001,618,381,0.0564681,0.00147933
1,4.32132,353,327,-0.0526211,0.00375171
1,106.317,66586,50567,-0.00820067,0.00393724
1,0.015486,171,105,-0.019083,0.00381466
1,0.015554,171,105,-0.019083,0.00381466
1,0.492408,2010,4366,-0.0236534,-0.00214706
1,4.19679,432,353,-0.0438606,0.00375171
1,59.0221,210,276,0.00342612,0.00222331
1,0.105625,2305,1585,-0.0482467,-0.0026209
1,4.4e-05,93,54,-0.0234444,0.00198533
1,1.55121,5969,8267,-0.0457655,-0.0026209
1,4.15519,432,353,-0.0438606,0.00375171
1,105.143,175258,248839,-0.00816224,0.00393502
1,9.971,19725,18587,-0.050712,-0.00227769
1,35.6178,57015,92512,-0.0127166,-0.000552036
1,0.521835,2146,7597,-0.0214306,-0.0178331
1,81.474,146531,238029,-0.0178274,-0.00122636
1,59.0256,342,210,0.00342612,0.00220476
1,0.015687,171,105,-0.019083,0.00381466
1,0.265265,4286,5445,-0.0478905,-0.00262116
1,35.5484,1652,1855,0.0154674,-0.00136056
1,0.090396,2305,1651,-0.0482467,-0.0026209
1,1.15379,4647,5639,-0.0568021,-0.0026209
1,59.0256,342,276,0.00342612,0.00220476
1,59.0161,342,276,0.00342612,0.00220476
1,63.2255,603,458,0.00382918,0.00147933
1,0.32166,4056,5486,-0.0478905,-0.00262116
1,23.829,32466,48116,-0.0521567,-0.0012593
1,4.10051,353,393,-0.0304397,0.00358045
1,1.50983,12313,18161,-0.0510676,-0.0022846
1,177.001,933,381,0.0564681,0.00147933
1,103.876,50036,54946,-0.0112488,0.00438017
1,0.090877,2305,1563,-0.0482467,-0.0026209
1,0.067216,171,171,-0.0460901,0.00375171
1,4.18318,432,353,-0.0438606,0.00375171
1,0.261049,4156,5525,-0.0478905,-0.00262116
1,17.7725,784,1350,-0.0210889,0.00358045
1,0.027317,291,108,-0.0234444,0.00198533
1,59.016,342,276,0.00342612,0.00220476
1,0.178682,4476,5984,-0.0482467,-0.0026209
1,4.8e-05,93,54,-0.0234444,0.00198533
1,0.096863,2419,2795,-0.0482467,-0.0026209
1,7.96914,1792,2424,-0.0485562,-0.00160473
1,0.06576,171,171,-0.0460901,0.00375171
1,0.042298,105,66,-0.0465601,0.00375171
1,0.169188,4469,5839,-0.0482467,-0.0026209
1,128.08,87717,71445,0.192373,0.00393724
1,63.2612,669,458,-0.0100036,-0.000260976
1,0.015547,171,105,-0.019083,0.00381466
1,3.91208,1755,1179,-0.0240062,-0.00177625
1,0.18298,2313,2788,-0.0482467,-0.0026209
1,4.2371,353,393,-0.0304397,0.00358045
1,0.34813,4227,5474,-0.0478905,-0.00262116
1,0.192594,3944,5118,-0.0478905,-0.00262116
1,0.021619,128,74,-0.0136699,0.00385105
1,1.40648,12927,18883,-0.0510676,-0.0022846
1,177.001,279,534,0.0553925,0.00147933
1,0.055636,171,171,-0.0460901,0.00375171
1,26.1229,2688,3941,-0.0454076,-0.0026209
1,0.25391,4395,5393,-0.0478905,-0.00262116
1,14.8798,20092,38930,-0.050712,-0.00227769
1,30.086,1701,1295,-0.0220708,-0.00279242
1,0.394687,4476,6116,-0.0482467,-0.0026209
1,0.268578,3990,5699,-0.0478905,-0.00262116
1,9.89639,52396,103432,-0.052533,-0.00123799
1,0.015512,171,171,-0.0554637,0.00375171
1,0.066255,171,171,-0.0460901,0.00375171
1,0.099904,2110,1836,-0.032273,-0.00279217
1,177.001,618,381,0.0564681,0.00147933
1,4.31697,498,353,-0.052416,0.00375171
1,0.18537,4017,5183,-0.0478905,-0.00262116
1,0.224508,1701,1020,-0.024385,-0.00177599
1,14.3768,3223,4320,-0.0454076,-0.0026209
1,9.87835,2148,4988,-0.0474735,-0.00160473
1,0.056499,171,171,-0.0460901,0.00375171
1,101.347,53228,56399,-0.0112488,0.00438017
1,0.069155,951,6055,-0.0276917,0.0042144
1,0.01578,171,105,-0.019083,0.00381466
1,0.253635,4115,5076,-0.0478905,-0.00262116
1,4.23593,498,353,-0.052416,0.00375171
1,177.001,618,315,0.0564681,0.00147933
1,30.1685,1767,4649,-0.0229444,-0.00177599
1,63.237,669,458,-0.0100036,-0.000260976
1,30.1812,1647,1295,-0.0220403,-0.00279242
1,1.16077,7316,10140,-0.0478905,-0.00262116
1,177.001,618,315,0.0564681,0.00147933
1,111.199,230130,382360,-0.00820067,0.0159424
1,177.001,279,534,0.0553925,0.00147933
1,0.260015,4542,5984,-0.0482467,-0.0026209
1,3.12107,1767,4603,-0.0456558,-0.00371778
1,0.201348,4119,5117,-0.0482467,-0.0026209
1,98.9521,197742,288182,-0.0131438,0.0159401
1,100.339,60059,64680,-0.0107193,-0.000783428
1,11.8246,15102,14737,-0.050712,-0.00227769
1,4.15938,498,353,-0.052416,0.00375171
1,4.14085,498,353,-0.052416,0.00375171
1,6.91955,1767,4612,-0.0474735,-0.00160473
1,4.17181,432,353,-0.0438606,0.00375171
1,8.90352,11721,11355,-0.0478888,-0.0022846
1,4.07179,498,353,-0.052416,0.00375171
1,0.327879,4227,5591,-0.0478905,-0.00262116
1,0.171475,4476,5867,-0.0482467,-0.0026209
1,0.190519,4653,5831,-0.0482467,-0.0026209
1,1.474,13191,18774,-0.0510676,-0.0022846
1,0.293657,4227,5393,-0.0478905,-0.00262116
1,118.026,618,381,0.00652364,0.00147933
1,93.4726,89866,107962,-0.0148962,-0.000783428
1,4.14282,432,353,-0.0438606,0.00375171
1,0.10014,2110,1835,-0.032273,-0.00279217
1,4.09705,353,327,-0.0526211,0.00375171
1,7.25425,1701,1188,-0.0240062,-0.00177625
1,2.5e-05,93,54,-0.0234444,0.00198533
1,0.235872,3944,5169,-0.0478905,-0.00262116
1,118.017,513,381,0.00652364,0.00147933
1,0.509805,2010,4365,-0.0236534,-0.00214706
1,177.001,618,381,0.0564681,0.00147933
1,177.001,723,381,0.0564681,0.00147933
1,0.825178,1792,2423,-0.0485562,-0.00160473
1,4.10687,432,353,-0.0438606,0.00375171
1,177.001,618,381,0.0564681,0.00147933
1,20.3812,5172,7122,-0.0453867,-0.00262116
1,9.65769,5830,10390,-0.0470931,-0.0026209
1,30.1286,1713,4671,-0.0474735,-0.00160473
1,177.001,618,381,0.0564681,0.00147933
1,1.31807,12313,17606,-0.0510676,-0.0022846
1,4.29314,353,327,-0.0526211,0.00375171
1,4.23544,353,393,-0.0304397,0.00358045
1,177.001,618,315,0.0564681,0.00147933
1,19.8975,8791,16464,-0.0482285,-0.0026209
1,63.1961,669,458,-0.0100036,-0.000260976
1,0.069721,987,6055,-0.0276917,0.0042144
1,30.1931,2332,4718,-0.0361087,-0.010623
1,59.0162,342,276,0.00342612,0.00220476
1,0.504751,2010,4365,-0.0236534,-0.00214706
1,0.025012,171,105,-0.019083,0.00381466
1,30.0933,1701,1235,-0.0235339,-0.00177625
1,0.23278,4476,5918,-0.0482467,-0.0026209
1,1.17005,7316,10139,-0.0478905,-0.00262116
1,0.015685,171,105,-0.019083,0.00381466
1,118.016,513,381,0.00652364,0.00147933
1,0.059442,171,171,-0.0460901,0.00375171
1,109.845,95255,114874,0.0278292,-0.000285749
1,0.12156,2313,2920,-0.0482467,-0.0026209
1,0.016427,171,105,-0.019083,0.00381466
1,29.0722,3830,4482,-0.0454076,-0.0026209
1,0.015506,171,105,-0.019083,0.00381466
1,0.070645,1119,6187,-0.0276917,0.0042144
1,30.104,1701,4534,-0.0439703,-0.00371778
1,26.0948,163,126,-0.0229495,0.00223106
1,0.290178,4049,5406,-0.0478905,-0.00262116
1,4.0385,353,393,-0.0304397,0.00358045
1,56.9569,43806,34478,-0.0127166,-0.000552475
1,59.0159,342,276,0.00342612,0.00220476
1,0.058404,171,171,-0.0460901,0.00375171
1,4.14931,353,393,-0.0304397,0.00358045
1,45.7398,23200,25867,-0.0176407,-0.000926662
1,0.021769,128,74,-0.0136699,0.00385105
1,0.302986,4313,5165,-0.0478905,-0.00262116
1,0.025063,171,105,-0.019083,0.00381466
1,30.1442,1755,4649,-0.0456201,-0.00371778
1,7.64591,2281,3259,-0.0579072,-0.00160473
1,0.198642,4773,5762,-0.0482467,-0.0026209
1,0.262992,4049,5340,-0.0478905,-0.00262116
1,11.3542,18749,31779,-0.0506936,-0.00227547
1,60.6868,53723,80531,0.00618544,-0.00131738
1,4.12137,432,353,-0.0438606,0.00375171
1,0.10731,1963,2231,-0.0482467,-0.0026209
1,1.52208,987,6055,-0.0170354,0.0042144
1,4.33363,498,353,-0.052416,0.00375171
1,4.37469,432,353,-0.0438606,0.00375171
1,9.71578,10431,12027,-0.049331,-0.00126868
1,4.21402,498,353,-0.052416,0.00375171
1,177.001,618,381,0.0564681,0.00147933
1,0.367401,2709,2854,-0.0482467,-0.0026209
1,4.17696,432,353,-0.0438606,0.00375171
1,1.20058,5479,7828,-0.0457655,-0.0026209
1,63.0785,458,603,0.00417456,0.00147933
1,0.025587,171,105,-0.019083,0.00381466
1,0.027004,55,66,-0.0236428,0.00223106
1,4.18113,498,353,-0.052416,0.00375171
1,0.015794,171,105,-0.019083,0.00381466
1,2.10161,3618,5912,-0.0468707,-0.00160473
1,0.068212,171,171,-0.0460901,0.00375171
1,0.057029,171,171,-0.0460901,0.00375171
1,42.4843,60280,86813,-0.0131184,-0.000903139
1,0.02496,171,105,-0.019083,0.00381466
1,1.9e-05,105,66,-0.0461127,0.00375171
1,90.3082,36159,44065,0.00383391,0.000236164
1,12.6891,3355,4254,-0.0454076,-0.0026209
1,0.024904,171,105,-0.019083,0.00381466
1,55.8522,32922,64139,-0.0131184,-0.000926662
1,66.2712,112984,191186,-0.0136505,-0.00122636
1,59.0159,342,276,0.00342612,0.00220476
1,0.2052,4017,5249,-0.0478905,-0.00262116
1,0.065495,171,105,-0.0184092,0.00381466
1,3.92377,432,431,-0.045885,0.00375171
1,0.135318,4856,5816,-0.0478905,-0.00262116
1,0.372046,3422,4250,-0.0457655,-0.0026209
1,4.64032,2952,5493,-0.0485562,-0.00160473
1,4.04131,353,432,-0.0468858,0.00375171
1,4.10435,537,353,-0.0181136,0.00381466
1,0.01519,55,66,-0.0234444,0.00223106
1,1.7e-05,105,66,-0.0461127,0.00375171
1,3.35536,2350,4682,-0.0485562,-0.00160473
1,0.024892,171,105,-0.019083,0.00381466
1,3.89476,2856,5293,-0.0468707,-0.00160473
1,1.14398,2030,2151,-0.0478888,-0.0026209
1,0.105599,1956,2217,-0.0482467,-0.0026209
1,0.103053,2022,2217,-0.0482467,-0.0026209
1,0.027133,55,66,-0.0236428,0.00223106
1,0.015505,171,105,-0.019083,0.00381466
1,177.001,279,534,0.0553925,0.00147933
1,0.015462,171,105,-0.019083,0.00381466
1,0.252009,4581,6023,-0.0482467,-0.0026209
1,0.041892,105,66,-0.0465601,0.00375171
1,122.083,513,437,0.0568712,0.0014793
1,0.34293,4158,5090,-0.0478905,-0.00262116
1,0.056746,171,171,-0.0460901,0.00375171
1,0.095344,2365,2826,-0.0482467,-0.0026209
1,30.1944,24440,40821,-0.0482308,-0.00227769
1,0.015584,171,105,-0.019083,0.00381466
1,0.066785,171,171,-0.0460901,0.00375171
1,1.8e-05,105,66,-0.0461127,0.00375171
1,98.4121,100007,123079,0.0139126,-0.000974319
1,3.2e-05,105,66,-0.0461127,0.00375171
1,0.095744,2708,3355,-0.0482467,-0.0026209
1,0.021539,128,74,-0.0136699,0.00385105
1,0.015497,171,105,-0.019083,0.00381466
1,1.16174,5761,8038,-0.0482474,-0.0026209
1,0.55548,2010,4365,-0.0236534,-0.00214706
1,0.065954,171,171,-0.0460901,0.00375171
1,0.500734,2010,4420,-0.0233023,-0.00177599
1,4.30454,432,353,-0.0438606,0.00375171
1,3.34211,5885,10631,-0.0485562,-0.00160473
1,177.001,618,381,0.0564681,0.00147933
1,1.28905,2910,5621,-0.0485562,-0.00160473
1,150.067,2259,3161,0.133183,-0.00159557
1,122.078,513,437,0.0568712,0.0014793
1,177.001,618,381,0.0564681,0.00147933
1,45.4975,71377,40897,-0.0168935,-0.000552036
1,4.0752,498,353,-0.052416,0.00375171
1,2.80167,3735,9377,-0.0486238,-0.00362675
1,30.1026,1647,1383,-0.0220916,-0.00279217
1,0.09604,2795,3340,-0.0482467,-0.0026209
1,30.1217,1647,1159,-0.0220916,-0.00279217
1,0.021952,128,74,-0.0136699,0.00385105
1,0.058733,171,171,-0.0460901,0.00375171
1,3.1e-05,105,66,-0.0461127,0.00375171
1,2.03946,6235,7097,-0.0578863,-0.00160498
1,0.027273,108,291,-0.0236653,0.00198533
1,0.547949,2010,4365,-0.0236534,-0.00214706
1,0.165536,4816,5970,-0.0478905,-0.00262116
1,0.095043,279,180,-0.0307011,0.00358045
1,0.111608,2247,2854,-0.0482467,-0.0026209
1,27.7094,46053,54950,-0.0521567,-0.00123341
1,9.9203,13953,11564,-0.0202493,-0.002372
1,59.0159,342,276,0.00342612,0.00220476
1,30.0962,1647,1351,-0.0220708,-0.00279242
1,0.112297,2372,2789,-0.0482467,-0.0026209
1,118.017,723,315,0.00652364,0.00147933
1,0.015536,261,126,-0.0209446,0.00358045
1,8.56627,2856,5516,-0.0468707,-0.00160473
1,0.331899,4647,6376,-0.0478905,-0.00262116
1,3.74092,2094,4771,-0.0474735,-0.00160473
1,0.016167,171,105,-0.019083,0.00381466
1,9.18747,2688,4004,-0.0454076,-0.0026209
1,0.069001,171,171,-0.0460901,0.00375171
1,59.0159,342,276,0.00342612,0.00220476
1,0.015635,171,105,-0.019083,0.00381466
1,1.25819,5292,6690,-0.0474511,-0.0026209
1,4.1059,498,353,-0.052416,0.00375171
1,118.026,513,381,0.00652364,0.00147933
1,4.3143,498,353,-0.052416,0.00375171
1,30.1125,3833,6230,-0.0452024,-0.0026209
1,0.508069,2010,4419,-0.0233023,-0.00177599
1,2.6e-05,105,66,-0.0461127,0.00375171
1,0.97681,5292,6751,-0.0568021,-0.0026209
1,0.125529,2379,2788,-0.0482467,-0.0026209
1,110.86,131806,136917,-0.00820067,0.00393724
1,0.86285,4386,5381,-0.0478905,-0.00262116
1,177.002,618,381,0.0564681,0.00147933
1,63.1273,669,458,-0.0100036,-0.000260976
1,4.08075,353,327,-0.0526211,0.00375171
1,59.016,342,276,0.00342612,0.00220476
1,0.210436,2644,2179,-0.0482467,-0.0026209
1,4.31996,498,353,-0.052416,0.00375171
1,177.001,618,315,0.0564681,0.00147933
1,0.518361,3381,5709,-0.0214306,-0.0178331
1,4.39236,564,353,-0.0302345,0.00358045
1,30.089,1659,4591,-0.0439703,-0.00371778
1,59.0162,342,276,0.00342612,0.00220476
1,4.28616,353,393,-0.0304397,0.00358045
1,30.0883,1701,1291,-0.0235339,-0.00177625
1,3.3e-05,105,66,-0.0461127,0.00375171
1,0.01558,171,105,-0.019083,0.00381466
1,1.23767,5292,6697,-0.0474511,-0.0026209
1,118.016,513,381,0.00652364,0.00147933
1,0.059153,171,171,-0.0460901,0.00375171
1,59.0159,342,276,0.00342612,0.00220476
1,177.001,618,381,0.0564681,0.00147933
1,4.28344,353,393,-0.0304397,0.00358045
1,3.1e-05,105,66,-0.0461127,0.00375171
1,4.09611,498,353,-0.052416,0.00375171
1,4.22088,353,393,-0.0304397,0.00358045
1,0.124441,2239,2772,-0.0482467,-0.0026209
1,4.22827,498,353,-0.052416,0.00375171
1,0.025362,327,126,-0.0209446,0.00358045
1,4.04525,498,353,-0.052416,0.00375171
1,19.1641,41766,25408,-0.0506936,-0.00227173
1,0.02531,171,105,-0.019083,0.00381466
1,0.025235,55,66,-0.0234218,0.00223106
1,177.001,618,381,0.0564681,0.00147933
1,0.49933,2064,4418,-0.024385,-0.00177599
1,30.0998,1713,4671,-0.0474735,-0.00160473
1,177.001,618,381,0.0564681,0.00147933
1,1.41051,15377,22588,-0.0510699,-0.00227769
1,0.015543,171,105,-0.019083,0.00381466
1,0.543048,8441,17918,-0.050933,-0.0026209
1,4.23753,498,353,-0.052416,0.00375171
1,47.0002,77336,46807,-0.0127166,-0.000552036
1,0.021678,171,105,-0.019083,0.00381466
1,0.110797,2313,2788,-0.0482467,-0.0026209
1,59.0178,342,276,0.00342612,0.00220476
1,177.002,315,618,0.0564681,0.00147933
1,0.01556,171,105,-0.019083,0.00381466
1,30.1085,1755,4573,-0.0456201,-0.00371778
1,1.29093,12577,18092,-0.0510676,-0.0022846
1,70.4827,202631,120855,-0.0136505,0.0107788
1,14.884,163,296,-0.0323005,0.00198533
1,4.37953,432,353,-0.0438606,0.00375171
1,4.05057,498,353,-0.052416,0.00375171
1,8.77322,2094,4748,-0.0474735,-0.00160473
1,0.385988,4476,5980,-0.0482467,-0.0026209
1,6.66368,5864,8378,-0.0453867,-0.00262116
1,4.23473,432,353,-0.0438606,0.00375171
1,118.016,513,315,0.00652364,0.00147933
1,0.05624,171,171,-0.0460901,0.00375171
1,4.0587,498,353,-0.052416,0.00375171
1,20.8015,426,213,-0.0323005,0.00198533
1,4.09851,498,353,-0.052416,0.00375171
1,122.077,513,437,0.0568712,0.0014793
1,0.297681,4581,6419,-0.0478905,-0.00262116
1,0.015194,55,66,-0.0234444,0.00223106
1,30.0968,1647,1351,-0.0220708,-0.00279242
1,0.535616,2212,7729,-0.0214306,-0.0178331
1,0.269999,4114,5404,-0.0478905,-0.00262116
1,29.8495,44501,33302,-0.0506936,-0.00225239
1,59.0257,342,276,0.00342612,0.00220476
1,0.025305,327,126,-0.0209446,0.00358045
1,0.021673,128,74,-0.0136699,0.00385105
1,4.07261,498,353,-0.052416,0.00375171
1,0.082285,2285,4473,-0.0399681,-0.010623
1,0.059187,171,171,-0.0460901,0.00375171
1,8.15192,2952,5472,-0.0485569,-0.00160473
1,4.39062,666,353,-0.0181136,0.00381466
1,59.0159,342,276,0.00342612,0.00220476
1,41.9069,21837,17908,-0.0168935,-0.000575558
1,0.015113,55,66,-0.0234444,0.00223106
1,0.276739,2328,4687,-0.0365395,-0.010623
1,0.117515,2313,2854,-0.0482467,-0.0026209
1,118.026,513,381,0.00652364,0.00147933
1,0.122517,2306,2774,-0.0482467,-0.0026209
1,0.55696,2315,4622,-0.0227678,-0.00379801
1,0.342425,4581,6353,-0.0478905,-0.00262116
1,63.0339,458,603,0.00417456,0.00147933
1,0.025082,171,105,-0.019083,0.00381466
1,0.278638,4142,5499,-0.0478905,-0.00262116
1,63.1956,603,458,0.00382918,0.00147933
1,0.0155,171,105,-0.019083,0.00381466
1,1.18593,7433,10555,-0.0478905,-0.00262116
1,29.97,59902,61627,-0.050712,-0.00225416
1,0.015151,55,66,-0.0234444,0.00223106
1,1.52497,1053,6121,-0.0170354,0.0042144
1,0.01559,171,105,-0.019083,0.00381466
1,0.015587,171,105,-0.019083,0.00381466
1,0.303915,4259,5639,-0.0478905,-0.00262116
1,4.07275,432,353,-0.0438606,0.00375171
1,16.5721,31594,35419,-0.0506936,-0.00227547
1,0.485432,5231,5179,-0.0482467,-0.0026209
1,0.070157,1119,6187,-0.0276917,0.0042144
1,1.9e-05,105,66,-0.0461127,0.00375171
1,177.001,618,315,0.0564681,0.00147933
1,4.4877,576,353,-0.052416,0.00375171
1,104.523,140878,225087,-0.0131823,0.00393724
1,0.015573,171,105,-0.019083,0.00381466
1,59.0257,342,276,0.00342612,0.00220476
1,0.0663,171,171,-0.0460901,0.00375171
1,0.49182,2527,4365,-0.0330761,-0.00527843
1,0.021917,128,74,-0.0136699,0.00385105
1,19.9831,4476,6767,-0.0468707,-0.00160473
1,5.1319,3272,5854,-0.0470938,-0.0026209
1,177.001,618,381,0.0564681,0.00147933
1,122.103,513,437,0.0568712,0.0014793
1,0.015594,171,105,-0.019083,0.00381466
1,4.35066,432,353,-0.0438606,0.00375171
1,0.065895,171,171,-0.0460901,0.00375171
1,59.0256,342,276,0.00342612,0.00220476
1,4.07483,353,327,-0.0526211,0.00375171
1,4.08922,353,327,-0.0526211,0.00375171
1,4.18881,353,393,-0.0304397,0.00358045
1,4.3953,498,353,-0.052416,0.00375171
1,0.021918,128,74,-0.0136699,0.00385105
1,2.13558,475,66,-0.0435966,0.00215659
1,177.001,618,381,0.0564681,0.00147933
1,3.3e-05,93,54,-0.0234444,0.00198533
1,0.065579,171,171,-0.0460901,0.00375171
1,7.1e-05,105,66,-0.0461127,0.00375171
1,2.34277,3735,4878,-0.0396102,-0.010623
1,118.016,513,381,0.00652364,0.00147933
1,0.015429,171,105,-0.019083,0.00381466
1,1.14653,7433,10261,-0.0478905,-0.00262116
1,0.096518,2353,2760,-0.0482467,-0.0026209
1,4.27474,353,327,-0.0526211,0.00375171
1,9.52648,3176,3577,-0.0485562,-0.00160473
1,59.0256,342,276,0.00342612,0.00220476
1,0.015567,171,105,-0.019083,0.00381466
1,0.152879,1809,4552,-0.0563122,-0.00371778
1,96.3103,171701,282207,-0.0131823,0.00393724
1,15.2782,3877,4818,-0.0454076,-0.0026209
1,4.28911,353,327,-0.0526211,0.00375171
1,1.52264,1061,6055,-0.0273349,0.0042144
1,0.015381,55,66,-0.0234444,0.00223106
1,9.21838,6308,7842,-0.0478888,-0.0026209
1,11.1583,8184,12079,-0.0478679,-0.00262116
1,177.002,315,618,0.0564681,0.00147933
1,0.021905,128,74,-0.0136699,0.00385105
1,0.25091,4581,6244,-0.0478905,-0.00262116
1,0.015434,171,105,-0.019083,0.00381466
1,0.210778,4469,6088,-0.0478905,-0.00262116
1,6.79694,28458,17112,-0.0507161,-0.00227547
1,14.4244,31567,42833,-0.0506936,-0.00227547
1,0.137588,2247,2542,-0.0482467,-0.0026209
1,14.8755,163,296,-0.0325214,0.00198533
1,0.015225,55,66,-0.0234444,0.00223106
1,4.27133,353,393,-0.0304397,0.00358045
1,1.52203,987,6055,-0.0170354,0.0042144
1,120.264,194142,97624,0.44587,0.0107765
1,0.215574,4122,5443,-0.0478905,-0.00262116
1,0.021666,128,74,-0.0136699,0.00385105
1,0.096591,2419,2795,-0.0482467,-0.0026209
1,4.36459,498,353,-0.052416,0.00375171
1,0.382619,4247,5736,-0.0478905,-0.00262116
1,4.58726,1095,4000,-0.0161657,0.00748346
1,63.5911,669,458,-0.0100036,-0.000260976
1,0.055992,171,171,-0.0460901,0.00375171
1,0.025087,171,105,-0.019083,0.00381466
1,59.0258,342,276,0.00342612,0.00220476
1,0.095516,2703,3352,-0.0482467,-0.0026209
1,0.253122,4266,5564,-0.0478905,-0.00262116
1,1.34583,5670,7083,-0.0470948,-0.00262116
1,63.3029,774,602,0.00439884,-0.000260976
1,3.1e-05,105,66,-0.0461127,0.00375171
1,0.349038,4141,5365,-0.0478905,-0.00262116
1,0.105701,1544,1795,-0.0582651,-0.00160473
1,0.09979,2535,3352,-0.0482467,-0.0026209
1,4.24575,353,393,-0.0304397,0.00358045
1,63.343,669,458,-0.0100036,-0.000260976
1,0.130848,2306,2840,-0.0482467,-0.0026209
1,0.057082,171,171,-0.0460901,0.00375171
1,2e-05,93,54,-0.0234444,0.00198533
1,4.40452,498,353,-0.052416,0.00375171
1,4.09725,432,353,-0.0438606,0.00375171
1,8.25037,11006,12453,-0.0454076,-0.0022846
1,111.676,80202,161029,-0.00816224,0.00393502
1,0.150303,4363,5730,-0.0482467,-0.0026209
1,124.542,30778,31898,0.200768,0.00435665
1,63.1222,669,458,-0.0100036,-0.000260976
1,0.225594,4122,5420,-0.0478905,-0.00262116
1,14.5163,16001,15686,-0.050712,-0.00227769
1,0.025271,55,66,-0.0234218,0.00223106
1,177.001,279,534,0.0553925,0.00147933
1,2.9e-05,93,54,-0.0234444,0.00198533
1,177.001,618,381,0.0564681,0.00147933
1,0.015521,171,105,-0.019083,0.00381466
1,177.001,618,381,0.0564681,0.00147933
1,118.016,513,381,0.00652364,0.00147933
1,4.11064,353,327,-0.0526211,0.00375171
1,82.5723,154906,267158,-0.0136505,0.00393724
1,30.0833,1755,4591,-0.0456201,-0.00371778
1,177.001,618,381,0.0564681,0.00147933
1,0.015582,171,105,-0.019083,0.00381466
1,10.0016,3333,5933,-0.0468707,-0.00160473
1,3.29807,3653,6027,-0.0470938,-0.0026209
1,15.6122,29525,46693,-0.0482124,-0.00227547
1,0.093551,2304,1560,-0.0482467,-0.0026209
1,0.015516,171,105,-0.019083,0.00381466
1,0.021635,128,74,-0.0136699,0.00385105
1,118.016,513,381,0.00652364,0.00147933
1,0.02501,171,105,-0.019083,0.00381466
1,4.25879,353,393,-0.0304397,0.00358045
1,0.065347,171,171,-0.0460901,0.00375171
1,4.16995,498,353,-0.052416,0.00375171
1,15.0919,910,1231,-0.0526211,0.00375171
1,118.017,513,381,0.00652364,0.00147933
1,177.001,618,381,0.0564681,0.00147933
1,4.13558,353,327,-0.0526211,0.00375171
1,0.114766,3123,5163,-0.0482467,-0.0026209
1,61.2901,41838,44875,-0.0111875,-0.000803211
1,4.06159,498,353,-0.052416,0.00375171
1,13.3413,2475,4972,-0.0468707,-0.00160473
1,30.0859,1647,1291,-0.0220916,-0.00279217
1,118.238,618,381,0.00652364,0.00147933
1,0.015668,171,105,-0.019083,0.00381466
1,0.506171,1956,4305,-0.0236277,-0.00214706
1,0.02526,171,171,-0.0554637,0.00375171
1,31.1701,2754,3875,-0.0454076,-0.0026209
1,4.21135,353,393,-0.0304397,0.00358045
1,0.065189,1049,522,-0.0312908,0.0035807
1,1.22385,5629,4603,-0.0478905,-0.00262116
1,2.1179,1809,4384,-0.0456558,-0.00371778
1,4.28486,353,393,-0.0304397,0.00358045
1,59.0158,342,276,0.00342612,0.00220476
1,4.09009,498,353,-0.052416,0.00375171
1,4.28147,353,393,-0.0304397,0.00358045
1,4.29617,353,327,-0.0526211,0.00375171
1,5.7864,1809,4390,-0.0456558,-0.00371778
1,4.20384,498,353,-0.052416,0.00375171
1,0.225732,3878,5169,-0.0478905,-0.00262116
1,25.1441,5274,6872,-0.0453867,-0.00262116
1,0.068166,171,171,-0.0460901,0.00375171
1,21.2704,1191,4001,-0.0161657,0.00748346
1,0.097355,2876,3109,-0.0201289,-0.00255426
1,41.4097,92747,156110,-0.0127166,-0.000552036
1,4.14125,498,353,-0.052416,0.00375171
1,177.002,723,459,0.0564681,0.00147933
1,104.03,144274,194921,-0.0173592,-0.00122636
1,0.126945,907,3298,-0.0267962,0.00743515
1,177.001,618,381,0.0564681,0.00147933
1,4.19975,353,393,-0.0304397,0.00358045
1,0.173477,3951,5447,-0.0478905,-0.00262116
1,4.3119,432,353,-0.0438606,0.00375171
1,15.9512,5168,7064,-0.0453867,-0.00262116
1,0.069339,1053,6121,-0.0276917,0.0042144
1,177.001,618,381,0.0564681,0.00147933
1,108.817,78892,59225,-0.00820067,0.00393724
1,0.583614,2410,7597,-0.0166143,-0.0180043
1,0.015618,261,126,-0.0209446,0.00358045
1,98.6931,254171,426121,-0.0131823,0.0107788
1,0.17006,2418,2730,-0.0482467,-0.0026209
1,0.015548,171,105,-0.019083,0.00381466
1,6.72376,21872,17093,-0.0207853,-0.002372
1,0.31949,4083,5117,-0.0478905,-0.00262116
1,30.1308,3569,2914,-0.0423616,-0.00262116
1,177.001,618,381,0.0564681,0.00147933
1,0.149136,2174,2789,-0.0482467,-0.0026209
1,0.268043,4574,6061,-0.0478905,-0.00262116
1,4.21528,353,393,-0.0304397,0.00358045
1,4.36386,498,353,-0.052416,0.00375171
1,0.021668,128,74,-0.0136699,0.00385105
1,4.33523,498,353,-0.052416,0.00375171
1,63.2633,669,458,-0.0100036,-0.000260976
1,58.8391,90278,124616,-0.0172954,-0.000903139
1,10.3034,4928,6392,-0.0454076,-0.0026209
1,177.001,618,381,0.0564681,0.00147933
1,4.3102,353,393,-0.0304397,0.00358045
1,2.28623,2952,5591,-0.0468707,-0.00160473
1,4.2e-05,93,54,-0.0234444,0.00198533
1,30.3771,4517,7139,-0.0452024,-0.0026209
1,4.30575,353,393,-0.0304397,0.00358045
1,4.07515,353,393,-0.0304397,0.00358045
1,94.246,213355,357551,-0.0131823,0.0159424
1,1.52224,987,6055,-0.0170354,0.0042144
1,0.102007,2310,2899,-0.0482467,-0.0026209
1,177.016,618,381,0.0564681,0.00147933
1,6.94042,8510,9609,-0.0485353,-0.00160498
1,120.017,125996,103110,0.441276,0.00393724
1,4.365,353,327,-0.0526211,0.00375171
1,0.025241,171,105,-0.019083,0.00381466
1,0.215123,2313,2788,-0.0482467,-0.0026209
1,0.400424,4142,5367,-0.0478905,-0.00262116
1,4.20549,353,432,-0.0468858,0.00375171
1,177.002,279,534,0.0553925,0.00147933
1,4.29637,432,353,-0.0438606,0.00375171
1,0.015638,171,105,-0.019083,0.00381466
1,0.325976,128,74,-0.00971728,0.00385105
1,0.065323,171,171,-0.0460901,0.00375171
1,122.041,513,437,0.0568712,0.0014793
1,30.092,1755,4535,-0.0456558,-0.00371778
1,0.244252,4639,6068,-0.0478905,-0.00262116
1,0.256492,2355,4485,-0.0239946,-0.0107942
1,0.025014,171,105,-0.019083,0.00381466
1,93.4502,115417,90209,-0.0131823,0.00393724
1,1.44515,12993,18705,-0.0510676,-0.0022846
1,3.4e-05,105,66,-0.0461127,0.00375171
1,1.52183,1053,6121,-0.0170354,0.0042144
1,118.016,513,315,0.00652364,0.00147933
1,59.0159,342,276,0.00342612,0.00220476
1,0.01519,55,66,-0.0234444,0.00223106
1,0.186672,4410,6182,-0.0482467,-0.0026209
1,4.08161,353,393,-0.0304397,0.00358045
1,1.16457,5292,6689,-0.0474511,-0.0026209
1,4.0993,498,353,-0.052416,0.00375171
1,1.52215,1053,6121,-0.0170354,0.0042144
1,0.420806,4675,5261,-0.0478905,-0.00262116
1,48.099,42912,38773,-0.0127166,-0.000567092
1,0.015511,171,105,-0.019083,0.00381466
1,63.3212,669,458,-0.0100036,-0.000260976
1,0.015532,171,105,-0.019083,0.00381466
1,4.87355,1809,4420,-0.0456558,-0.00371778
1,0.025262,171,105,-0.019083,0.00381466
1,0.264615,4542,5984,-0.0482467,-0.0026209
1,173.639,10280,15968,0.164903,0.00390434
1,0.526398,2010,4365,-0.0236534,-0.00214706
1,122.356,618,581,0.0561227,0.00147933
1,104.669,30409,30718,-0.0112488,0.00435665
1,4.18591,353,393,-0.0304397,0.00358045
1,7.93863,1767,4507,-0.0456558,-0.00371778
1,0.095712,2419,2795,-0.0482467,-0.0026209
1,177.001,315,618,0.0564681,0.00147933
1,4.11742,498,353,-0.052416,0.00375171
1,9.76395,49428,54958,-0.0510699,-0.00225416
1,1.21063,5629,8051,-0.0481121,-0.0026209
1,0.025377,171,105,-0.019083,0.00381466
1,4.09194,353,393,-0.0304397,0.00358045
1,0.015573,171,105,-0.019083,0.00381466
1,0.025004,171,105,-0.019083,0.00381466
1,7.08847,16404,16404,-0.050712,-0.00227769
1,0.24589,3944,5265,-0.0478905,-0.00262116
1,59.0258,342,276,0.00342612,0.00220476
1,0.136677,4785,5778,-0.0482467,-0.0026209
1,1.2383,12445,17782,-0.0510676,-0.0022846
1,0.015697,120,279,-0.0234444,0.00198533
1,0.287545,4647,6155,-0.0478905,-0.00262116
1,30.1001,1713,4514,-0.0456201,-0.00371778
1,4.26317,498,353,-0.052416,0.00375171
1,0.015633,171,105,-0.019083,0.00381466
1,0.104206,2432,2789,-0.0482467,-0.0026209
1,121.333,53598,59634,0.458403,0.00438017
1,177.001,3189,2504,0.135646,-0.00115264
1,59.0159,342,276,0.00342612,0.00220476
1,0.519998,2542,7729,-0.0166143,-0.0180043
1,15.358,28004,36035,-0.060712,-0.0012593
1,4.161,353,327,-0.0526211,0.00375171
1,0.027049,55,66,-0.0236428,0.00223106
1,0.537935,2249,4541,-0.0227678,-0.00379801
1,103.144,94833,119047,-0.0107193,0.00438017
1,177.001,618,381,0.0564681,0.00147933
1,1.50819,1025,4123,-0.0162167,0.00743515
1,6.92572,9813,10786,-0.0478888,-0.0026209
1,0.015565,171,105,-0.019083,0.00381466
1,177.001,618,381,0.0564681,0.00147933
1,0.016125,171,105,-0.019083,0.00381466
1,0.095377,2419,2795,-0.0482467,-0.0026209
1,22.6673,13875,22494,-0.0513794,-0.00126151
1,4.65565,12673,12858,-0.0482285,-0.0022846
1,0.015522,171,105,-0.019083,0.00381466
1,59.0252,342,276,0.00342612,0.00220476
1,0.305927,4706,6193,-0.0478905,-0.00262116
1,4.24236,432,353,-0.0438606,0.00375171
1,177.002,618,381,0.0564681,0.00147933
1,9.75493,12318,12870,-0.0507097,-0.0022846
1,4.43429,537,431,-0.0176691,0.00381466
1,59.0254,342,276,0.00342612,0.00220476
1,30.1016,1755,4534,-0.0456558,-0.00371778
1,0.528908,2315,4754,-0.0227935,-0.00379801
1,1.2229,1755,1302,-0.0240271,-0.00177599
1,4.1132,353,393,-0.0304397,0.00358045
1,0.066237,171,171,-0.0460901,0.00375171
1,1.25744,5292,6685,-0.0474511,-0.0026209
1,4.21392,432,353,-0.0438606,0.00375171
1,0.025387,171,105,-0.019083,0.00381466
1,0.120615,2240,2774,-0.0482467,-0.0026209
1,0.015513,171,105,-0.019083,0.00381466
1,0.02612,171,105,-0.0188362,0.00381466
1,0.277088,4161,5525,-0.0478905,-0.00262116
1,4.13047,708,353,-0.0181136,0.00381466
1,0.523421,2381,4666,-0.0218395,-0.00279217
1,4.20608,432,353,-0.0438606,0.00375171
1,11.6369,3118,4066,-0.0454076,-0.0026209
1,118.016,513,315,0.00652364,0.00147933
1,1.52207,1053,6121,-0.0170354,0.0042144
1,71.4306,23487,25435,-0.011717,-0.00080695
1,0.33668,4581,6155,-0.0478905,-0.00262116
1,118.016,513,381,0.00652364,0.00147933
1,0.055894,171,171,-0.0460901,0.00375171
1,0.171992,4815,5972,-0.0478905,-0.00262116
1,0.069994,1053,6121,-0.0276917,0.0042144
1,0.463336,2229,4880,-0.0330761,-0.00527843
1,4.1183,353,471,-0.0302731,0.00358045
1,0.241194,4371,5742,-0.0482467,-0.0026209
1,0.342719,4254,5354,-0.0478905,-0.00262116
1,0.069654,987,6055,-0.0276917,0.0042144
1,0.024972,171,105,-0.019083,0.00381466
1,94.9909,60560,66541,-0.0112488,-0.000783428
1,9.8741,3749,5828,-0.0485562,-0.00160473
1,40.6934,2595,3836,-0.0120145,-0.00163223
1,0.015133,55,66,-0.0234444,0.00223106
1,59.0253,342,276,0.00342612,0.00220476
1,4.05615,432,353,-0.0438606,0.00375171
1,63.2412,669,458,-0.0100036,-0.000260976
1,124.447,63853,70319,0.194836,0.00438017
1,4.19209,353,393,-0.0304397,0.00358045
1,14.2295,27710,41989,-0.0482308,-0.00227769
1,59.0159,342,210,0.00342612,0.00220476
1,5.13338,1767,4606,-0.0474735,-0.00160473
1,0.015485,171,105,-0.019083,0.00381466
1,0.015644,171,105,-0.019083,0.00381466
1,0.112299,2726,3390,-0.0482467,-0.0026209
1,62.0535,25620,21310,-0.0136505,0.00391371
1,0.513708,2146,7663,-0.0214306,-0.0178331
1,29.8563,35136,32542,-0.0207364,-0.00237112
1,177.001,279,534,0.0553925,0.00147933
1,118.026,513,381,0.00652364,0.00147933
1,0.027463,55,66,-0.0236428,0.00223106
1,177.001,618,381,0.0564681,0.00147933
1,1.06977,4931,5198,-0.0474511,-0.0026209
1,4.1261,498,353,-0.052416,0.00375171
1,0.25483,4161,5657,-0.0478905,-0.00262116
1,6.15954,2992,2066,-0.0578863,-0.00160498
1,47.0928,20465,23609,-0.0176407,-0.000926662
1,95.6432,104303,164589,0.00665366,0.000241563
1,0.119342,2388,5805,-0.0248592,-0.0178331
1,2.1e-05,93,54,-0.0234444,0.00198533
1,0.02494,171,105,-0.019083,0.00381466
1,0.021778,128,74,-0.0136699,0.00385105
1,0.095926,987,6055,-0.0276917,0.0042144
1,177.001,315,618,0.0564681,0.00147933
1,0.015533,171,105,-0.019083,0.00381466
1,177.001,618,381,0.0564681,0.00147933
1,1.42163,12861,18614,-0.0510676,-0.0022846
1,4.24303,576,353,-0.052416,0.00375171
1,4.09479,353,327,-0.0526211,0.00375171
1,4.27686,353,327,-0.0526211,0.00375171
1,177.001,618,381,0.0564681,0.00147933
1,120.291,3368,4486,0.390818,-0.00159557
1,0.021729,128,74,-0.0136699,0.00385105
1,0.021777,128,74,-0.0136699,0.00385105
1,3.1e-05,105,66,-0.0461127,0.00375171
1,1.24648,13359,19145,-0.0510676,-0.0022846
1,0.027029,55,66,-0.0236428,0.00223106
1,0.025447,171,105,-0.019083,0.00381466
1,101.256,40625,34475,-0.0131823,-0.00124614
1,0.118882,2110,1835,-0.032273,-0.00279217
1,4.52168,432,353,-0.0438606,0.00375171
1,3.52861,14705,27764,-0.0485887,-0.00227769
1,56.7614,99263,149213,-0.0131184,-0.000903139
1,21.0729,426,213,-0.0323005,0.00198533
1,0.195781,4640,5967,-0.0478905,-0.00262116
1,30.0951,1755,4671,-0.0474735,-0.00160473
1,46.8912,51782,48266,-0.0168935,-0.000552036
1,0.015543,171,105,-0.019083,0.00381466
1,0.068921,1053,6121,-0.0276917,0.0042144
1,0.069275,171,171,-0.0559111,0.00375171
1,4.20503,498,353,-0.052416,0.00375171
1,2e-05,105,66,-0.0461127,0.00375171
1,1.14484,5695,4640,-0.0478905,-0.00262116
1,59.2434,447,354,0.00342612,0.00147933
1,0.279821,3622,9637,-0.0248592,-0.0178331
1,0.021766,128,74,-0.0136699,0.00385105
1,0.319887,1053,6121,-0.0170354,0.0042144
1,4.13284,353,393,-0.0304397,0.00358045
1,91.1592,60053,56341,-0.0178274,-0.00122636
1,177.001,618,381,0.0564681,0.00147933
1,123.001,3848,2637,0.133219,-0.00159532
1,76.7495,66564,68275,-0.0178274,-0.00122636
1,63.2938,669,458,-0.0100036,-0.000260976
1,4.23804,498,353,-0.052416,0.00375171
1,4.31982,432,353,-0.0438606,0.00375171
1,0.015116,55,66,-0.0234444,0.00223106
1,0.069393,987,6055,-0.0276917,0.0042144
1,177.001,279,534,0.0553925,0.00147933
1,177.002,618,381,0.0564681,0.00147933
1,118.425,64056,70134,-0.00626716,0.00438017
1,0.056149,171,171,-0.0460901,0.00375171
1,96.55,116727,195017,-0.0131823,0.00393724
1,0.510006,2094,4922,-0.0461459,-0.00160473
1,0.238505,4227,5657,-0.0478905,-0.00262116
1,0.207416,4542,5918,-0.0482467,-0.0026209
1,0.234121,4476,5918,-0.0482467,-0.0026209
1,4.04906,498,353,-0.052416,0.00375171
1,4.22752,432,353,-0.0438606,0.00375171
1,4.13496,432,353,-0.0438606,0.00375171
1,0.025163,230,108,-0.0234444,0.00198533
1,4.15484,432,353,-0.0438606,0.00375171
1,0.215346,1053,6121,-0.0173933,0.0042144
1,30.0979,1755,4727,-0.0474735,-0.00160473
1,0.316142,4266,5630,-0.0478905,-0.00262116
1,0.537482,2315,4599,-0.0218395,-0.00279217
1,0.025424,171,105,-0.019083,0.00381466
1,0.015131,55,66,-0.0234444,0.00223106
1,0.281133,4476,5984,-0.0482467,-0.0026209
1,0.531515,2315,4608,-0.0218395,-0.00279217
1,3.19325,5554,10173,-0.0485569,-0.00160473
1,0.025274,171,105,-0.019083,0.00381466
1,4.30915,498,353,-0.052416,0.00375171
1,4.10442,353,327,-0.0526211,0.00375171
1,59.0161,342,276,0.00342612,0.00220476
1,42.7954,127889,174534,-0.0168935,-0.000552036
1,0.184017,4371,5813,-0.0482467,-0.0026209
1,59.0161,342,276,0.00342612,0.00220476
1,0.021731,128,74,-0.0136699,0.00385105
1,0.10511,2251,2861,-0.0482467,-0.0026209
1,37.0668,35292,28298,-0.0168935,-0.000575558
1,97.2544,41640,43937,-0.0131823,-0.00124614
1,7.83983,1755,1101,-0.0240062,-0.00177625
1,0.024947,171,171,-0.0554637,0.00375171
1,0.058587,171,171,-0.0460901,0.00375171
1,0.34782,4332,5579,-0.0478905,-0.00262116
1,106.55,79194,91963,-0.00820067,-0.00122636
1,1.83753,1029,624,-0.0329449,0.00198558
1,0.101526,2594,3456,-0.0482467,-0.0026209
1,118.016,513,381,0.00652364,0.00147933
1,59.4602,2276,5098,-0.00980956,-0.00115239
1,34.183,1652,1727,0.0154674,-0.00136056
1,177.001,618,381,0.0564681,0.00147933
1,95.4411,45859,39658,-0.0131823,-0.001224
1,7.00791,2517,5156,-0.0485562,-0.00160473
1,4.14104,498,353,-0.052416,0.00375171
1,9.7936,2517,1809,-0.0225432,-0.00279242
1,1.41756,12795,18548,-0.0510676,-0.0022846
1,84.5726,94793,97370,-0.0178274,-0.00122636
1,4.25335,353,393,-0.0304397,0.00358045
1,0.06559,171,171,-0.0460901,0.00375171
1,9.97258,5076,7593,-0.0454076,-0.0026209
1,4.3013,432,353,-0.0438606,0.00375171
1,52.5581,70406,104301,0.00556694,-0.000643054
1,177.001,618,381,0.0564681,0.00147933
1,177.013,828,381,0.0564681,0.00147933
1,177.001,618,381,0.0564681,0.00147933
1,30.124,1647,1235,-0.0218656,-0.00279242
1,7.9068,1863,4607,-0.0229444,-0.00177599
1,0.015501,171,105,-0.019083,0.00381466
1,4.28423,353,393,-0.0304397,0.00358045
1,1.3055,12247,17852,-0.0510676,-0.0022846
1,0.069969,1119,6187,-0.0276917,0.0042144
1,30.2379,2603,5157,-0.0428952,-0.0178331
1,0.025335,327,126,-0.0209446,0.00358045
1,0.015548,171,105,-0.019083,0.00381466
1,0.026132,171,105,-0.0188362,0.00381466
1,5.2e-05,105,66,-0.0461127,0.00375171
1,30.1065,1755,4671,-0.0474735,-0.00160473
1,59.0259,342,276,0.00342612,0.00220476
1,56.9934,72455,113007,-0.0172954,-0.000903139
1,45.0619,67887,65480,-0.0127166,-0.000552036
1,177.001,618,381,0.0564681,0.00147933
1,0.532844,2344,7795,-0.0224132,-0.0178331
1,4.24763,353,327,-0.0526211,0.00375171
1,0.015624,171,105,-0.019083,0.00381466
1,30.0946,1701,4536,-0.0439703,-0.00371778
1,10.9909,3157,4451,-0.0454076,-0.0026209
1,4.04859,498,353,-0.052416,0.00375171
1,0.108448,2313,2854,-0.0482467,-0.0026209
1,30.0937,1713,4612,-0.0474735,-0.00160473
1,30.0918,1755,4668,-0.0456558,-0.00371778
1,128.332,182854,249258,0.192412,0.00690109
1,0.156447,3951,5330,-0.0478905,-0.00262116
1,28.2428,23733,34281,-0.0482308,-0.00227769
1,0.515924,2010,4365,-0.0236534,-0.00214706
1,0.10063,2029,2231,-0.0482467,-0.0026209
1,177.001,618,315,0.0564681,0.00147933
1,4.18141,353,327,-0.0526211,0.00375171
1,0.094328,2305,1629,-0.0568021,-0.0026209
1,0.016379,279,120,-0.0234444,0.00198533
1,0.264853,3944,5235,-0.0478905,-0.00262116
1,109.377,73759,65069,-0.00573767,0.00438017
1,30.1012,1755,4536,-0.0456201,-0.00371778
1,2.9e-05,93,54,-0.0234444,0.00198533
1,0.287207,4686,6326,-0.0478905,-0.00262116
1,177.001,279,534,0.0553925,0.00147933
1,59.016,342,276,0.00342612,0.00220476
1,177.001,618,381,0.0564681,0.00147933
1,0.015605,171,105,-0.019083,0.00381466
1,9.14529,240,93,-0.0178742,0.00381466
1,20.5666,1846,2422,-0.0485562,-0.00160473
1,177.001,315,618,0.0564681,0.00147933
1,63.0885,669,458,-0.0100036,-0.000260976
1,5.37516,27385,39603,-0.0507161,-0.00227547
1,0.287338,3654,4800,-0.0482467,-0.0026209
1,9.22204,4095,6592,-0.0468707,-0.00160473
1,0.231551,2254,4214,-0.0485234,-0.010623
1,4.28887,353,393,-0.0304397,0.00358045
1,177.001,618,381,0.0564681,0.00147933
1,7.80704,8105,10009,-0.0478888,-0.0026209
1,2.4e-05,105,66,-0.0461127,0.00375171
1,4.7982,1767,4397,-0.0456558,-0.00371778
1,177.001,618,381,0.0564681,0.00147933
1,4.04567,353,393,-0.0304397,0.00358045
1,63.5228,603,458,0.00382918,0.00147933
1,120.046,145383,119961,0.450009,0.00393724
1,0.245366,3990,5486,-0.0478905,-0.00262116
1,3.7e-05,105,66,-0.0461127,0.00375171
1,0.015495,171,105,-0.019083,0.00381466
1,9.98581,4838,6624,-0.0454083,-0.0026209
1,0.015662,171,105,-0.019083,0.00381466
1,177.001,315,618,0.0564681,0.00147933
1,4.2458,432,353,-0.0438606,0.00375171
1,0.135364,1963,2165,-0.0482467,-0.0026209
1,4.37253,498,353,-0.052416,0.00375171
1,177.002,723,525,0.0572165,0.00147933
1,177.001,906,1111,0.0562194,0.00220518
1,92.5279,128502,227135,-0.0131823,-0.00122636
1,26.6052,52108,86080,-0.0506936,-0.00225195
1,0.056376,171,171,-0.0460901,0.00375171
1,63.3967,669,458,-0.0100036,-0.000260976
1,118.017,513,381,0.00652364,0.00147933
1,0.116888,2351,4407,-0.0553099,-0.0178331
1,118.016,513,381,0.00652364,0.00147933
1,0.025387,171,105,-0.019083,0.00381466
1,98.5526,78615,81323,-0.0107193,0.00438017
1,0.520581,2278,7707,-0.0166143,-0.0180043
1,4.10191,498,353,-0.052416,0.00375171
1,0.311894,2623,3907,-0.0478905,-0.00262116
1,4.20665,353,393,-0.0304397,0.00358045
1,177.001,618,381,0.0564681,0.00147933
1,0.217618,4403,5956,-0.0482467,-0.0026209
1,0.510359,2010,4366,-0.0236534,-0.00214706
1,0.138231,4785,5712,-0.0482467,-0.0026209
1,4.2751,432,353,-0.0438606,0.00375171
1,0.015526,261,126,-0.0209446,0.00358045
1,92.5446,95781,99907,-0.0131823,-0.00122636
1,0.094306,2419,2795,-0.0482467,-0.0026209
1,4.10375,498,353,-0.052416,0.00375171
2,90.1633,94734,184900,0.0360387,-0.00131959
2,0.424054,1141,4634,-0.0189464,0.0276471
2,122.659,11786,21348,0.074925,-0.00122082
2,33.7625,1807,4759,0.036036,-0.00156558
2,34.0549,7445,10051,0.0381013,-0.00502378
2,33.8695,12508,14389,0.0410892,-0.00164273
2,105.743,448,496,0.0285178,0.00137021
2,34.0632,1807,4828,0.0417897,-0.00161609
2,18.357,9278,37928,-0.032942,-0.0178211
2,34.0734,1807,4828,0.0417897,-0.00161609
2,120.658,78049,46307,0.178801,0.000241563
2,83.0177,35943,124701,0.0268968,-0.00343085
2,97.8814,584,733,0.0263183,0.00137021
2,120.775,45341,85213,0.177242,0.000243925
2,120.345,234806,39999,0.221104,0.0124819
2,0.125634,964,3567,-0.01926,0.0276471
2,33.5487,1876,4964,0.0419692,-0.00161609
2,28.8808,46565,86798,-0.0389421,-0.00234282
2,34.0777,1739,4759,0.0434077,-0.00198318
2,33.5192,4631,7214,0.0357802,-0.00156558
2,82.6895,671,584,0.0190779,0.00137021
2,19.0428,1647,4618,-0.0297092,-0.0105563
2,90.2649,25713,40213,0.0360387,-0.00134312
2,33.1609,1807,4828,0.0417897,-0.00161609
2,33.3874,1875,4896,0.0417897,-0.00161609
2,11.0947,562,672,-0.0368488,0.00381836
2,4.10146,1443,4483,-0.032115,-0.0177664
2,94.2246,493066,922000,0.0365064,0.00614965
2,120.63,42974,103282,0.115746,-0.00186344
2,107.367,18357,73301,-0.00769642,-0.00333983
2,111.861,47417,199287,0.0474499,-0.00327112
2,2.17597,985,3872,-0.017833,0.0276292
2,63.9094,16787,24745,0.000751898,-0.00124988
2,1.12432,1153,4168,-0.0180125,0.0163292
2,120.418,315699,193829,0.177242,0.00614965
2,35.505,10989,18637,0.0354238,-0.00138694
2,120.001,136111,37129,0.172828,0.000239345
2,0.460788,917,3803,-0.0178334,0.0276292
2,12.7346,825,3424,-0.0177413,0.0276471
2,120.003,389272,198959,0.172978,0.00614743
2,34.1667,1807,4828,0.0417897,-0.00161609
2,105.728,544,476,0.0363278,0.00195326
2,52.6834,547,360,0.0189455,0.00129372
2,33.9716,1806,4895,0.0417897,-0.00161609
2,33.6874,1807,4895,0.0417897,-0.00161609
2,0.152701,1032,3635,-0.01926,0.0276471
2,95.4989,802785,496088,0.0365064,0.00614965
2,100.377,222981,415321,0.0364684,0.00614965
2,1.08367,985,3873,-0.017833,0.0276292
2,34.0825,1739,4760,0.0434077,-0.00198318
2,33.405,1807,4896,0.0417897,-0.00161609
2,125.194,7164,12512,0.0907567,-0.00225435
2,34.0669,1807,4828,0.0417897,-0.00161609
2,90.2387,24764,38403,0.0360387,-0.00134312
2,118.397,747998,352652,0.0388762,0.00614965
2,34.2397,1883,4827,0.0417897,-0.00161609
2,121.315,30611,129572,0.146473,-0.00485595
2,33.8598,1807,4828,0.0417897,-0.00161609
2,7.25774,1017,3963,-0.0189021,0.0276471
2,33.2276,4598,7524,0.0359598,-0.00156558
2,120.046,403450,161936,0.465052,0.0159401
2,0.497458,1085,4032,-0.0189464,0.0276471
2,33.9067,5538,9127,0.0359596,-0.00156558
2,120.003,197799,385061,0.171621,0.00614743
2,0.746807,1017,3964,-0.0178145,0.0276471
2,34.0834,2098,4829,0.0417897,-0.00161609
2,120.329,35551,103199,0.115698,-0.00187191
2,120.998,41240,29089,0.464411,0.00391745
2,33.8768,1874,4897,0.0417897,-0.00161609
2,0.639913,1085,4031,-0.0189464,0.0276471
2,33.7179,1807,4829,0.0417897,-0.00161609
2,107.199,20515,97105,0.0482897,-0.00333983
2,1.07954,985,3873,-0.017833,0.0276292
2,34.0726,1875,4963,0.0419692,-0.00161609
2,33.7409,1874,4963,0.0419692,-0.00161609
2,34.0679,1807,4828,0.0417897,-0.00161609
2,120.146,48249,99666,0.164671,-0.00184603
2,34.0723,1807,4896,0.0417897,-0.00161609
2,120.329,29783,50707,0.169638,0.000215823
2,120.29,44604,80860,0.178075,0.000238906
2,0.612466,1085,4032,-0.0178589,0.0276471
2,33.8385,1807,4895,0.0417897,-0.00161609
2,34.0676,1875,4963,0.0419692,-0.00161609
2,120.04,44432,27107,0.460777,0.0039368
2,33.1704,1807,4895,0.0417897,-0.00161609
2,2.89374,1017,3964,-0.0178145,0.0276471
2,134.152,7687,14428,0.191075,-0.00159532
2,3.24937,1511,4551,-0.0254058,-0.0105563
2,33.6237,1874,4964,0.0419692,-0.00161609
2,33.2757,1807,4827,0.0417897,-0.00161609
2,38.2157,11906,17967,0.0354238,-0.00138694
2,33.8928,1875,4964,0.0419692,-0.00161609
2,107.138,23883,41637,0.0404355,-0.00134312
2,120.817,496,448,0.138688,0.00137021
2,34.064,1807,4827,0.0417897,-0.00161609
2,123.838,2375,7111,0.0613941,-0.00176658
2,120.044,314774,486492,0.177242,0.00614965
2,74.3201,669,568,0.0342336,0.00195368
2,34.1079,1806,4829,0.0417897,-0.00161609
2,33.6795,1807,4895,0.0417897,-0.00161609
2,1.2815,1085,4033,-0.0178589,0.0276471
2,120.413,32232,40237,0.464411,0.00391371
2,1.17872,1053,3940,-0.0178589,0.0276471
2,121.521,13906,17058,0.449663,0.00391371
2,2.04129,1085,4033,-0.0178589,0.0276471
2,105.728,544,476,0.0363278,0.00195326
2,114.068,251572,151595,0.0388382,0.00614965
2,33.9488,1807,4895,0.0417897,-0.00161609
2,33.5915,1875,4963,0.0419692,-0.00161609
2,102.231,29097,24080,0.0364684,0.00021804
2,36.3002,32743,41922,0.0357839,-0.00101768
2,4.56783,1085,4099,-0.0178145,0.0276471
2,34.088,1807,4828,0.0417897,-0.00161609
2,90.6395,476,476,0.0409367,0.00195326
2,34.0569,4839,8155,0.0359598,-0.00156558
2,34.0702,12444,14390,0.0410892,-0.00164273
2,7.98781,1165,4177,-0.0191,0.0163292
2,34.0843,1806,4829,0.0434077,-0.00198318
2,98.9681,497999,915637,0.0365064,0.00614965
2,105.728,544,476,0.0363278,0.00195326
2,120.023,29216,50004,0.455678,0.00391371
2,34.0738,1807,4827,0.0417897,-0.00161609
2,3.47679,1053,3941,-0.017868,0.0276471
2,34.0568,1875,4964,0.0419692,-0.00161609
2,0.127985,1020,3635,-0.01926,0.0276471
2,34.0841,1807,4829,0.0417897,-0.00161609
2,33.8144,1739,4761,0.0434077,-0.00198318
2,33.4799,9004,11145,0.0381026,-0.00502378
2,7.21789,1053,3939,-0.0178589,0.0276471
2,120.753,45028,25990,0.464066,0.0039396
2,120.648,83202,48722,0.178801,0.000241563
2,19.1703,1646,4619,-0.0297092,-0.0105563
2,34.0751,1738,4829,0.0434077,-0.00198318
2,34.0861,4682,7596,0.0359598,-0.00156558
2,0.124021,1100,3703,-0.0180265,0.0163292
2,33.9239,1807,4896,0.0417897,-0.00161609
2,120.393,443551,284854,0.17728,0.00614965
2,120.131,402445,219659,0.17728,0.00614965
2,34.0836,1739,4761,0.0434077,-0.00198318
2,105.743,448,496,0.0285178,0.00137021
2,121.021,27491,133587,0.145387,-0.0015989
2,43.8218,364,458,0.041124,0.00208146
2,120.048,748402,357477,0.17728,0.00614965
2,34.083,1739,4760,0.0434077,-0.00198318
2,120.394,44866,91320,0.164547,-0.00184603
2,19.1835,1511,4550,-0.0254058,-0.0105563
2,33.5356,1807,4827,0.0417897,-0.00161609
2,33.4436,1875,4964,0.0419692,-0.00161609
2,33.7282,1807,4827,0.0434077,-0.00198318
2,38.1003,19339,29859,0.0357839,-0.00101768
2,96.7363,866187,514413,0.0365064,0.00614965
2,120.034,181472,354173,0.175662,0.00169945
2,1.69023,1209,4702,-0.016581,0.0163292
2,29.149,11179,16045,-0.0389189,-0.00237587
2,120.051,319676,490629,0.177242,0.00614965
2,1.2554,1153,4168,-0.0180125,0.0163292
2,119.607,873,772,0.0360792,0.00195368
2,74.1499,669,568,0.0342336,0.00195368
2,97.8971,733,528,0.0195459,0.00137021
2,34.085,1807,4828,0.0417897,-0.00161609
2,34.0834,7350,9900,0.0381013,-0.00502378
2,74.4676,116111,250687,0.0360002,-0.00131738
2,34.057,7170,9871,0.0381013,-0.00502378
2,47.5785,10343,7983,0.0367241,-0.00142677
2,34.0552,1807,4896,0.0417897,-0.00161609
2,33.7677,1808,4896,0.0417897,-0.00161609
2,120.028,581294,282571,0.172977,0.00614965
2,43.7639,364,458,0.041124,0.00208146
2,34.0716,1807,4896,0.0417897,-0.00161609
2,120.399,50607,159178,0.115698,-0.00184839
2,97.9987,733,528,0.0195459,0.00137021
2,34.0876,1807,4828,0.0434077,-0.00198318
2,34.0601,1807,4829,0.0417897,-0.00161609
2,49.5571,129177,172688,0.0165929,0.0089527
2,33.9209,1875,4895,0.0417897,-0.00161609
2,120.037,389825,193401,0.175662,0.00614743
2,35.695,3499,6305,0.0359596,-0.00156558
2,120.507,29576,47658,0.464411,0.00391371
2,34.0945,1807,4895,0.0417897,-0.00161609
2,120.927,73761,42003,0.176897,0.000241563
2,34.1601,1807,4828,0.0417897,-0.00161609
2,33.2732,3920,7079,0.0359598,-0.00156558
2,34.0129,1806,4759,0.036036,-0.00156558
2,33.7832,1807,4897,0.0417897,-0.00161609
2,120.614,156640,377840,0.177242,-0.00131738
2,3.95237,1511,4550,-0.0254058,-0.0105563
2,120.002,696777,335408,0.171621,0.00614965
2,33.2759,1875,4965,0.0419692,-0.00161609
2,33.8411,2030,4761,0.0396583,-0.00507429
2,34.0833,1807,4896,0.0417897,-0.00161609
2,90.0715,73148,129158,0.0360387,-0.00131959
2,120.545,54690,124343,0.178075,-0.00131959
2,126.331,8510,15551,0.073046,-0.00157918
2,105.728,544,476,0.0363278,0.00195326
2,19.2027,1579,4618,-0.0297092,-0.0105563
2,33.2102,1875,4965,0.0419692,-0.00161609
2,120.053,762698,361113,0.17728,0.00614965
2,33.7916,1807,4828,0.0417897,-0.00161609
2,33.2709,1807,4897,0.0417897,-0.00161609
2,33.3568,1739,4760,0.0434077,-0.00198318
2,120.919,34861,124709,0.134908,-0.00348548
2,34.0517,1875,4896,0.0417897,-0.00161609
2,34.1688,4867,8226,0.0359596,-0.00156558
2,1.91663,1029,3965,-0.0178589,0.0276471
2,0.595565,1153,4099,-0.016581,0.0163292
2,33.3518,1807,4828,0.0417897,-0.00161609
2,0.283794,1097,4099,-0.016939,0.0163292
2,34.0702,1807,4895,0.0417897,-0.00161609
2,0.075048,991,5497,-0.00456823,0.0274114
2,90.6015,476,408,0.0342293,0.00195326
2,34.085,1807,4897,0.0417897,-0.00161609
2,34.0717,1807,4895,0.0417897,-0.00161609
2,0.215436,1053,4008,-0.0193044,0.0276471
2,0.858759,1053,3940,-0.0178589,0.0276471
2,120.285,48039,109249,0.115746,-0.00184603
2,38.3177,23167,31451,0.0357839,-0.00101768
2,120.415,32486,27555,0.177242,0.00021804
2,34.0585,1875,4963,0.0419692,-0.00161609
2,120.722,32912,49978,0.464411,0.00391371
2,4.10676,1511,4551,-0.0254058,-0.0105563
2,33.674,1807,4897,0.0417897,-0.00161609
2,36.1054,12284,17850,0.0354238,-0.00138694
2,33.6027,1740,4761,0.0429005,-0.00198318
2,38.1645,15159,21616,0.0357839,-0.00101768
2,34.075,1807,4829,0.0417897,-0.00161609
2,120.011,710481,350118,0.172977,0.00614965
2,34.6844,1991,4896,0.0363814,-0.00156558
2,120.439,26026,47612,0.464411,0.00391371
2,74.1434,669,568,0.0342336,0.00195368
2,34.0558,1806,4828,0.0417897,-0.00161609
2,105.743,448,496,0.0285178,0.00137021
2,118.793,492970,179636,0.00684277,0.0159401
2,126.492,9844,15483,0.0732227,-0.00157918
2,33.8846,1875,4829,0.036036,-0.00156558
2,33.735,1808,4828,0.0417897,-0.00161609
2,120.022,177356,312458,0.172939,0.000241563
2,34.1803,1807,4827,0.0417897,-0.00161609
2,120.01,324050,621189,0.159269,0.0040597
2,34.064,1808,4827,0.0417897,-0.00161609
2,120.014,200968,390790,0.172978,0.00614743
2,126.432,8647,15619,0.0731836,-0.00157918
2,120.04,483771,313476,0.175661,0.00614965
2,121.435,12872,21984,0.111473,-0.00122082
2,100.2,845352,496076,0.0365064,0.00614965
2,34.0429,1807,4829,0.0417897,-0.00161609
2,36.4653,1807,4896,0.0417897,-0.00161609
2,120.05,194218,40610,0.1167,0.0040597
2,33.7787,1738,4827,0.0434077,-0.00198318
2,3.57963,1511,4482,-0.0254058,-0.0105563
2,105.728,496,392,0.022,0.00136979
2,33.8844,1806,4828,0.0417897,-0.00161609
2,34.2111,2166,4895,0.0417897,-0.00161609
2,120.264,232625,42627,0.128265,0.00268924
2,40.2777,36642,47834,0.0361857,-0.000666576
2,33.4626,1807,4827,0.0417897,-0.00161609
2,1.26318,1153,4101,-0.016581,0.0163292
2,1.67082,1085,4032,-0.0189021,0.0276471
2,107.378,22420,86794,-0.00746865,-0.00333983
2,3.11514,1153,4169,-0.0180125,0.0163292
2,105.728,544,476,0.0363278,0.00195326
2,34.1207,1807,4827,0.0417897,-0.00161609
2,6.50383,985,3871,-0.017833,0.0276292
2,2.53315,1053,3940,-0.0178589,0.0276471
2,0.139996,1032,3635,-0.01926,0.0276471
2,94.5074,491214,877140,0.0365064,0.00614965
2,119.53,873,772,0.0360792,0.00195368
2,120.056,198154,383521,0.17728,0.00614743
2,120.013,297226,591447,0.159269,0.0040597
2,33.7436,1807,4827,0.0417897,-0.00161609
2,34.0584,1807,4897,0.0417897,-0.00161609
2,34.0704,1874,4963,0.0419692,-0.00161609
2,120.062,559384,281375,0.17728,0.00614965
2,33.9779,4702,7508,0.0359598,-0.00156558
2,33.3288,1875,4895,0.0417897,-0.00161609
2,33.1414,1807,4896,0.0417897,-0.00161609
2,5.55183,1129,3940,-0.0189464,0.0276471
2,0.09239,964,3567,-0.01926,0.0276471
2,46.6082,83625,15679,0.0219776,-0.00436133
2,59.891,22985,26889,-0.0136505,-0.00124988
2,34.0595,8081,10913,0.0357802,-0.00156558
2,120.199,21375,21744,0.450009,0.00391371
2,34.0393,1807,4828,0.0417897,-0.00161609
2,0.15989,964,3567,-0.01926,0.0276471
2,97.8468,640,733,0.0263183,0.00137021
2,33.3352,1807,4827,0.0417897,-0.00161609
2,0.441235,1053,3940,-0.0178589,0.0276471
2,0.199442,1085,4032,-0.0193044,0.0276471
2,2.9509,1085,4032,-0.0178589,0.0276471
2,0.248455,1053,3941,-0.0193044,0.0276471
2,0.109826,1032,3635,-0.01926,0.0276471
2,33.8173,2213,4897,0.0363814,-0.00156558
2,120.348,29290,21322,0.177242,0.00021804
2,120.543,53380,125736,0.178075,-0.00131959
2,1.21018,1085,4099,-0.0178589,0.0276471
2,35.0607,1883,4829,0.0417897,-0.00161609
2,0.056506,1057,5497,-0.00456823,0.0274114
2,3.69455,1870,4482,-0.032115,-0.0177664
2,0.255196,1153,4167,-0.019458,0.0163292
2,4.9627,1744,2330,-0.038327,-0.00255426
2,18.3839,1646,4618,-0.0297092,-0.0105563
2,105.743,448,496,0.0285178,0.00137021
2,34.0557,1807,4895,0.0417897,-0.00161609
2,33.1941,1807,4828,0.0417897,-0.00161609
2,0.284886,1085,4032,-0.0193044,0.0276471
2,33.7567,1806,4827,0.0417897,-0.00161609
2,0.126108,964,3567,-0.01926,0.0276471
2,90.624,392,372,0.0258501,0.00137021
2,34.0484,1874,5088,0.0417897,-0.00161609
2,0.43256,1085,4100,-0.0178589,0.0276471
2,33.967,1807,4895,0.0417897,-0.00161609
2,34.0521,1875,4896,0.0417897,-0.00161609
2,36.1006,15498,23636,0.0357839,-0.00101768
2,5.31699,1053,3939,-0.0178589,0.0276471
2,35.663,13413,18319,0.0354238,-0.00138694
2,120.713,155191,372481,0.177242,-0.00131738
2,33.4822,1807,4896,0.0434077,-0.00198318
2,120.959,50557,111938,0.178075,-0.00131959
2,34.073,4447,7343,0.0359598,-0.00156558
2,33.3478,1806,4828,0.0417897,-0.00161609
2,75.5202,408,340,0.0342293,0.00195326
2,124.607,19801,29711,0.101198,0.00021804
2,34.069,1807,4896,0.0417897,-0.00161609
2,2.41347,1153,4101,-0.016581,0.0163292
2,1.98889,985,3873,-0.017833,0.0276292
2,90.2343,26409,37863,0.0360387,-0.00134312
2,33.6484,1875,4963,0.0419692,-0.00161609
2,33.5225,1874,4896,0.0417897,-0.00161609
2,19.2785,1579,4549,-0.0254058,-0.0105563
2,119.543,873,772,0.0360792,0.00195368
2,34.2737,1967,4976,0.0363814,-0.00156558
2,36.4234,17221,19817,0.0357836,-0.00101768
2,33.6527,1807,4896,0.0417897,-0.00161609
2,120.788,266394,164750,0.177242,0.00614965
2,0.522059,1153,4100,-0.016581,0.0163292
2,33.2898,1807,4828,0.0417897,-0.00161609
2,34.0809,1806,4896,0.0417897,-0.00161609
2,33.426,1806,4828,0.0417897,-0.00161609
2,33.7259,1807,4828,0.0417897,-0.00161609
2,120.651,78781,45627,0.178801,0.000241563
2,33.8164,5839,8351,0.0359596,-0.00156558
2,120.032,195934,379892,0.175662,0.00614743
2,33.9607,5541,8202,0.0220713,-0.00365332
2,29.8077,50413,97896,-0.0340887,-0.00221598
2,99.1559,294916,629226,0.0364684,0.00614965
2,120.01,182245,476997,0.455716,0.00690109
2,120.566,322480,199769,0.177242,0.00614965
2,34.0879,1807,4828,0.0417897,-0.00161609
2,33.4314,1807,4896,0.0417897,-0.00161609
2,34.0537,1807,4897,0.0417897,-0.00161609
2,34.635,1951,4963,0.0419692,-0.00161609
2,33.6203,1807,4896,0.0417897,-0.00161609
2,33.8039,1807,4829,0.0417897,-0.00161609
2,120.522,29953,38652,0.177242,0.00021804
2,34.0822,1807,4896,0.0417897,-0.00161609
2,120.044,465170,859949,0.17728,0.00614965
2,36.1478,23418,32831,0.0357839,-0.00101768
2,120.177,32334,27389,0.177242,0.00021804
2,33.9974,1807,4896,0.0417897,-0.00161609
2,33.2771,1807,4896,0.0417897,-0.00161609
2,34.6708,182365,355251,0.0369721,0.000817048
2,120.275,199710,58585,0.13448,0.0240742
2,3.37926,1579,4551,-0.0254058,-0.0105563
2,2.38187,1153,4100,-0.016581,0.0163292
2,93.2676,252508,588680,0.0274247,0.0040597
2,107.617,286323,629119,0.03605,0.0040597
2,36.0039,113727,59644,0.0438603,-0.00086495
2,120.611,25278,46045,0.464411,0.00391371
2,0.640052,1153,4169,-0.0180125,0.0163292
2,3.88504,1579,5997,-0.0322759,-0.0177664
2,34.0899,1875,4964,0.0419692,-0.00161609
2,2.10685,1053,3941,-0.017868,0.0276471
2,0.338383,1085,4033,-0.0178589,0.0276471
2,6.09584,1693,1456,-0.031689,-0.00279242
2,19.0598,1578,4618,-0.0297092,-0.0105563
2,21.6788,893,3500,-0.0171579,0.0276471
2,33.1996,1875,4963,0.0419692,-0.00161609
2,120.046,395320,664298,0.177242,0.00614965
2,120.764,55039,125798,0.178075,-0.00131959
2,33.3131,1806,4895,0.0417897,-0.00161609
2,119.797,805,772,0.0360792,0.00195368
2,126.466,8997,15368,0.073046,-0.00157918
2,33.3579,1875,4963,0.0419692,-0.00161609
2,120.613,232416,383906,0.177242,0.00459071
2,34.0328,2965,6090,0.0359596,-0.00156558
2,123.596,18397,33903,0.206814,-0.0012521
2,34.0115,1806,4827,0.0417897,-0.00161609
2,36.0881,20011,28413,0.0357839,-0.00101768
2,34.066,1807,4895,0.0417897,-0.00161609
2,90.1746,151767,240457,0.0360002,-0.00131738
2,33.8739,1739,4760,0.0434077,-0.00198318
2,34.0556,1739,4827,0.0434077,-0.00198318
2,1.04862,1085,4032,-0.0178589,0.0276471
2,120.027,320953,587388,0.172978,0.00614743
2,120.894,29966,38431,0.177242,0.00021804
2,2.40872,1085,4032,-0.0178236,0.0276471
2,121.524,13965,17064,0.449663,0.00391371
2,0.089682,1020,3635,-0.01926,0.0276471
2,33.6351,4091,6956,0.0359598,-0.00156558
2,0.87761,1085,4033,-0.0178589,0.0276471
2,120.036,294051,574513,0.161953,0.0040597
2,120.739,213234,127441,0.177242,0.00614965
2,120.197,21375,21706,0.450009,0.00391371
2,3.24063,1511,4550,-0.0254058,-0.0105563
2,120.102,20684,26965,0.17814,0.00021804
2,33.8234,1899,4829,0.0363814,-0.00156558
2,33.8423,4066,7147,0.0359598,-0.00156558
2,97.8847,733,528,0.0195459,0.00137021
2,33.4997,1807,4897,0.0417897,-0.00161609
2,120.428,25669,19433,0.177242,0.00021804
2,120.668,32350,27901,0.177242,0.00021804
2,120.018,497260,182737,0.456319,0.0159401
2,0.107114,1020,3635,-0.01926,0.0276471
2,97.1761,465027,256983,0.0371095,0.00614743
2,105.526,291090,572547,0.0388382,0.00459071
2,120.656,79656,46526,0.178801,0.000241563
2,0.122933,1032,3635,-0.01926,0.0276471
2,0.332553,1153,4099,-0.0180265,0.0163292
2,34.0619,1807,4829,0.0417897,-0.00161609
2,120.921,80272,48555,0.464411,0.00393724
2,33.704,1807,4827,0.0417897,-0.00161609
2,33.8708,1807,4896,0.0417897,-0.00161609
2,0.687717,1153,4100,-0.016581,0.0163292
2,26.7071,1573,7623,-0.0300525,-0.0178169
2,34.0678,1806,4896,0.0417897,-0.00161609
2,120.364,43984,121582,0.115746,-0.00184883
2,33.892,1807,4827,0.0417897,-0.00161609
2,120.407,45841,78685,0.178801,0.000243925
2,19.1287,1579,4617,-0.0297092,-0.0105563
2,120.016,204359,395620,0.172939,0.00614965
2,75.5072,408,340,0.0342293,0.00209776
2,33.557,1904,4979,0.0357802,-0.00156558
2,34.0557,1807,4897,0.0417897,-0.00161609
2,120.025,744399,352785,0.172977,0.00614965
2,34.0753,5215,8105,0.0220713,-0.00365332
2,120.108,43518,150954,0.134859,-0.00190947
2,34.122,1739,4827,0.0417897,-0.00161609
2,33.4611,1739,4828,0.0417897,-0.00161609
2,89.4167,15642,21449,0.0433666,-0.00121391
2,34.0667,1807,4829,0.0417897,-0.00161609
2,33.6704,1807,4829,0.0417897,-0.00161609
2,0.112767,1032,3635,-0.01926,0.0276471
2,34.1572,7199,10355,0.0357802,-0.00156558
2,120.01,200016,390541,0.172978,0.00614743
2,90.624,476,408,0.0342293,0.00195326
2,120.655,54236,128032,0.178075,-0.00131959
2,33.5218,1807,4829,0.0417897,-0.00161609
2,120.141,205386,40543,0.209539,0.0138524
2,0.132815,1153,4101,-0.0180265,0.0163292
2,18.5716,1579,4618,-0.0297092,-0.0105563
2,121.704,21782,68516,0.206814,-0.0012521
2,90.1344,100981,200319,0.0360387,-0.00131959
2,34.0849,1807,4828,0.0434077,-0.00198318
2,120.013,200425,378834,0.172978,0.00614743
2,33.8445,6111,8971,0.0381013,-0.00502378
2,34.2074,1875,4964,0.0419692,-0.00161609
2,34.0954,1874,4964,0.0419692,-0.00161609
2,33.2897,1739,4760,0.0434077,-0.00198318
2,123.017,42735,76541,0.101858,0.000226506
2,0.129272,1100,3703,-0.0180265,0.0163292
2,120.008,256999,135808,0.172978,0.00614743
2,120.04,743748,350552,0.175661,0.00614965
2,0.749154,1153,4100,-0.0176685,0.0163292
2,33.8213,1739,4760,0.0434077,-0.00198318
2,120.386,55571,236458,0.146424,-0.00327349
2,120.163,85428,36586,0.163572,-0.00184839
2,120.681,76668,43380,0.176897,0.000241563
2,33.7119,1807,4829,0.0417897,-0.00161609
2,1.26622,1085,4100,-0.0189464,0.0276471
2,33.9062,1807,4896,0.0417897,-0.00161609
2,0.13503,1100,3703,-0.0180265,0.0163292
2,99.8574,496936,845349,0.0365064,0.00614965
2,33.5086,1807,4896,0.0417897,-0.00161609
2,0.741236,1053,3940,-0.0178589,0.0276471
2,33.7667,1807,4829,0.0417897,-0.00161609
2,21.8605,4618,3472,-0.0338969,-0.00260501
2,34.0807,1807,4828,0.0417897,-0.00161609
2,120.015,244340,460641,0.172978,0.00614743
2,34.0743,1875,4895,0.0417897,-0.00161609
2,34.0762,1807,4828,0.0417897,-0.00161609
2,0.109661,1100,3703,-0.0180265,0.0163292
2,34.0548,1943,5157,0.0419692,-0.00161609
2,1.87972,1141,4634,-0.017868,0.0276471
2,120.075,49770,104158,0.464449,0.00393502
2,1.93112,985,3872,-0.0178421,0.0276292
2,120.068,104540,110586,0.44587,-0.00122858
2,119.433,873,704,0.0360792,0.00195368
2,34.0368,1807,4828,0.0417897,-0.00161609
2,55.6585,294590,142301,0.0234261,0.0028262
2,34.0778,1875,4897,0.0417897,-0.00161609
2,34.0733,1806,4896,0.0417897,-0.00161609
2,34.0828,1876,4965,0.0419692,-0.00161609
2,90.4954,282227,557414,0.0360002,0.00459071
2,34.0608,1808,4829,0.0417897,-0.00161609
2,33.8183,1739,4759,0.0434077,-0.00198318
2,34.0829,1806,4827,0.0417897,-0.00161609
2,1.99482,1153,4101,-0.016581,0.0163292
2,120.727,36509,131502,0.464222,0.0039115
2,0.169928,1153,4168,-0.019458,0.0163292
2,96.1505,973918,496938,0.0371095,0.00614743
2,33.2313,1807,4897,0.0434077,-0.00198318
2,0.762473,1097,4101,-0.016581,0.0163292
2,34.059,1808,4828,0.0417897,-0.00161609
2,120.853,294829,167682,0.177242,0.00614965
2,45.871,8924,6695,0.0436848,-0.00165592
2,33.8125,1807,4829,0.0417897,-0.00161609
2,33.413,1739,4759,0.0434077,-0.00198318
2,34.0029,1806,4895,0.0417897,-0.00161609
2,32.0645,52905,102798,-0.0389421,-0.00234518
2,33.7091,1807,4828,0.0417897,-0.00161609
2,121.107,5895,9294,0.145545,-0.00226841
2,34.1456,7716,10051,0.0379391,-0.00502378
2,0.807375,1053,4056,-0.0189556,0.0276471
2,120.605,390818,243902,0.177242,0.00614965
2,33.3286,1807,4827,0.0417897,-0.00161609
2,120.26,43680,34369,0.464411,0.0039368
2,33.6294,1740,4829,0.0434077,-0.00198318
2,33.9233,1806,4827,0.0417897,-0.00161609
2,33.2569,4671,7523,0.0359598,-0.00156558
2,120.156,65332,256894,0.14973,-1.64382e-05
2,120.478,284757,537544,0.177242,0.00459071
2,59.9145,26166,23901,-0.0136505,-0.00124988
2,105.703,152626,365847,0.0388382,-0.00131738
2,34.0737,1807,4895,0.0417897,-0.00161609
2,34.0448,5237,8492,0.0359596,-0.00156558
2,34.0963,1875,4963,0.0419692,-0.00161609
2,33.4647,1807,4827,0.0417897,-0.00161609
2,120.082,210076,42654,0.221104,0.0124819
2,34.0949,1806,4897,0.0417897,-0.00161609
2,0.777139,1153,4099,-0.016581,0.0163292
2,0.153005,1032,3635,-0.01926,0.0276471
2,54.0389,465048,268533,0.0369721,0.00526503
2,34.0755,1875,4964,0.0419692,-0.00161609
2,120.058,529563,258918,0.17728,0.00614965
2,26.2029,70851,127018,-0.0389421,-0.00234518
2,120.057,52754,35161,0.177242,0.000241563
2,4.02959,1579,4619,-0.0297092,-0.0105563
2,58.6579,432,526,0.041124,-0.000555902
2,120.058,215240,453190,0.163572,0.0040597
2,33.2588,1874,4964,0.0419692,-0.00161609
2,34.0502,1807,4829,0.0417897,-0.00161609
2,89.2438,15710,21556,0.0360387,-0.00134312
2,34.0764,1807,4829,0.0417897,-0.00161609
2,33.461,1807,4828,0.0417897,-0.00161609
2,120.686,424804,265106,0.17728,0.00614965
2,34.0711,1876,4896,0.0417897,-0.00161609
2,112.583,146544,216265,0.0388382,0.000241563
2,120.013,325419,151166,0.455678,0.0159424
2,33.9045,1807,4896,0.0417897,-0.00161609
2,34.1081,1875,4964,0.0419692,-0.00161609
2,123.637,23591,70558,0.206833,0.0039115
2,0.372384,1029,4032,-0.0178589,0.0276471
2,120.02,167353,45051,0.110967,-0.00184839
2,1.6968,1053,3940,-0.0178589,0.0276471
2,101.349,499418,813741,0.0365064,0.00614965
2,1.59811,1153,4100,-0.016581,0.0163292
2,105.732,544,476,0.0363278,0.00195326
2,120.675,481329,253812,0.17728,0.00614965
2,34.0118,1739,4828,0.0434077,-0.00198318
2,0.374676,1053,3941,-0.0178589,0.0276471
2,34.0747,7009,10046,0.0373861,-0.00193267
2,34.0901,4249,7041,0.0359598,-0.00156558
2,34.056,1807,4897,0.0417897,-0.00161609
2,105.635,296622,629594,0.0388766,0.00458849
2,33.2429,1806,4896,0.0417897,-0.00161609
2,33.3623,1807,4897,0.0417897,-0.00161609
2,33.5729,1807,4828,0.0417897,-0.00161609
2,34.0725,1807,4828,0.0417897,-0.00161609
2,120.117,26087,19376,0.177242,0.00021804
2,0.078372,1123,5497,-0.00451722,0.0274597
2,120.008,711654,332378,0.172977,0.00614965
2,33.9179,1739,4827,0.0434077,-0.00198318
2,33.4581,1807,4895,0.0417897,-0.00161609
2,99.6084,858566,499927,0.0365064,0.00614965
2,34.0755,1806,4828,0.0417897,-0.00161609
2,120.615,262097,390705,0.177242,0.00614965
2,90.1486,100728,197931,0.0433666,-0.00119039
2,120.619,95997,238190,0.464449,-0.00122858
2,33.6213,1807,4828,0.0417897,-0.00161609
2,33.8165,1875,4896,0.0417897,-0.00161609
2,33.2577,1739,4827,0.0434077,-0.00198318
2,104.199,265272,151904,0.0364684,0.00614965
2,34.1408,1875,4963,0.0419692,-0.00161609
2,33.1502,1807,4829,0.0417897,-0.00161609
2,1.7008,1053,3939,-0.0178589,0.0276471
2,36.9664,5586,8451,0.0381013,-0.00502378
2,34.0555,1739,4828,0.0434077,-0.00198318
2,33.4257,7573,10051,0.0381013,-0.00502378
2,33.5235,1807,4895,0.0417897,-0.00161609
2,85.299,144396,29615,0.0283381,-0.00340733
2,0.17156,1153,4168,-0.019458,0.0163292
2,0.254661,1085,4032,-0.0193044,0.0276471
2,90.1207,155048,372566,0.0269565,-0.00340733
2,120.817,544,544,0.0993172,0.00195326
2,33.9445,1875,4964,0.0419692,-0.00161609
2,34.4348,5080,7787,0.0357804,-0.00156558
2,34.0601,1875,4965,0.0419692,-0.00161609
2,33.1814,1739,4760,0.0417897,-0.00161609
2,34.0568,1806,4828,0.0417897,-0.00161609
2,34.0864,1876,4965,0.0419692,-0.00161609
2,33.8562,1807,4896,0.0417897,-0.00161609
2,34.0875,1807,4896,0.0417897,-0.00161609
2,30.2081,186,112,-0.02594,0.00382576
2,34.0613,1807,4895,0.0434077,-0.00198318
2,119.532,873,772,0.0360792,0.00195368
2,33.4966,1807,4896,0.0417897,-0.00161609
2,34.072,1875,4965,0.0419692,-0.00161609
2,120.021,382716,637509,0.172939,0.00614965
2,98.088,795,708,0.0195461,0.00137021
2,45.2128,449209,234720,0.0369721,0.00526503
2,33.0724,961,3569,-0.0177864,0.0276471
2,90.1105,102367,208909,0.0433666,-0.00119039
2,33.4089,4727,7689,0.0357804,-0.00156558
2,105.743,448,496,0.0285178,0.00137021
2,121.583,30147,104574,0.109653,-0.00343085
2,33.2713,1807,4829,0.0414444,-0.00161609
2,34.0887,1807,4896,0.0417897,-0.00161609
2,33.8447,1807,4828,0.0417897,-0.00161609
2,34.0728,1739,4828,0.0434077,-0.00198318
2,0.084119,1443,4357,-0.0262863,-0.0105563
2,120.745,45518,85231,0.177242,0.000243925
2,105.743,448,434,0.0285178,0.00137021
2,120.062,102120,106396,0.44587,-0.00122858
2,120.832,504,496,0.144376,0.00137021
2,94.5272,920219,495634,0.0365064,0.00614965
2,32.1022,893,3501,-0.0177417,0.0276471
2,2.12611,1053,3941,-0.0178589,0.0276471
2,74.371,669,568,0.0342336,0.00195368
2,2.54318,1209,4701,-0.0176685,0.0163292
2,34.0693,1807,4897,0.0417897,-0.00161609
2,90.1487,145829,254099,0.0360387,-0.00131959
2,34.0677,1808,4828,0.0417897,-0.00161609
2,30.2081,136,136,-0.0281817,0.00385105
2,98.0478,733,528,0.0195459,0.00137021
2,94.0306,828978,487734,0.0365064,0.00614965
2,120.551,106808,170200,0.177242,-0.00131738
2,120.037,314380,153907,0.461123,0.0159424
2,34.0892,1807,4828,0.0417897,-0.00161609
2,0.138421,1085,4101,-0.0193044,0.0276471
2,90.2364,160316,276180,0.0360387,-0.00131959
2,33.8702,1807,4827,0.0417897,-0.00161609
2,58.6631,458,364,0.0341014,-0.000555902
2,34.1025,1806,4895,0.0417897,-0.00161609
2,33.5212,1808,4895,0.0417897,-0.00161609
2,34.1194,1874,4964,0.0419692,-0.00161609
2,34.6473,2525,4963,0.0417898,-0.00161609
2,34.0914,1806,4829,0.0417897,-0.00161609
2,120.267,110852,228952,0.464411,0.00393724
2,41.7764,66572,45205,0.0369342,-0.000643054
2,43.6094,1121,4149,0.0206096,0.00754972
2,120.769,46410,33433,0.464411,0.0039396
2,120.136,23807,28764,0.17814,0.00021804
2,34.0997,1807,4828,0.0417897,-0.00161609
2,34.0849,1807,4829,0.0417897,-0.00161609
2,0.097967,1032,3635,-0.01926,0.0276471
2,33.3169,1807,4896,0.0417897,-0.00161609
2,24.4987,893,3500,-0.0177861,0.0276471
2,0.185178,1100,3703,-0.0180265,0.0163292
2,34.0874,1807,4827,0.0417897,-0.00161609
2,34.0579,1874,4964,0.0419692,-0.00161609
2,82.8604,671,472,0.0190776,0.00137021
2,134.926,22537,44824,0.100344,-0.00134312
2,33.2516,1875,4965,0.0419692,-0.00161609
2,1.28235,985,3873,-0.017833,0.0276292
2,34.0388,1807,4896,0.0417897,-0.00161609
2,0.143312,1032,3635,-0.0192692,0.0276471
2,0.864506,1017,4032,-0.0189021,0.0276471
2,48.379,81880,130944,0.0369342,-0.000643054
2,92.0768,910505,488079,0.0365064,0.00614965
2,120.002,485595,254667,0.171621,0.00614965
2,33.2501,1807,4829,0.0417897,-0.00161609
2,34.0705,1807,4829,0.0417897,-0.00161609
2,33.858,1807,4897,0.0417897,-0.00161609
2,0.55309,1141,4635,-0.0178589,0.0276471
2,33.7434,1807,4828,0.0417897,-0.00161609
2,34.0311,1875,4896,0.0417897,-0.00161609
2,1.00954,1153,4167,-0.0191,0.0163292
2,33.5148,1875,5021,0.0417897,-0.00161609
2,33.7331,1808,4897,0.0417897,-0.00161609
2,121.494,6021,9776,0.167699,-0.00225435
2,60.91,11484,11361,-0.0108248,-0.00125926
2,33.3066,1807,4828,0.0434077,-0.00198318
2,34.127,1875,4964,0.0419692,-0.00161609
2,34.0649,7507,9982,0.0381013,-0.00502378
2,33.7293,1807,4828,0.0417897,-0.00161609
2,6.4328,1229,4108,-0.0191,0.0163292
2,105.713,476,476,0.0363278,0.00195326
2,120.035,321123,588256,0.175662,0.00614743
2,95.0229,861267,493220,0.0365064,0.00614965
2,134.757,23043,45187,0.1003,-0.0013409
2,94.2242,857261,493337,0.0365064,0.00614965
2,93.8681,132748,239099,0.0365069,0.000239345
2,119.472,805,772,0.0360792,0.00195368
2,15.1193,136,136,-0.0311022,0.00385105
2,120,128897,84812,0.108039,0.00447949
2,0.177157,920,3499,-0.0192789,0.0276292
2,120.044,709897,332238,0.17728,0.00614965
2,34.0636,1807,4828,0.0417897,-0.00161609
2,120.011,384763,191007,0.172978,0.00614743
2,120.832,612,544,0.105638,0.00195326
2,0.278241,1020,3635,-0.01926,0.0276471
2,120.7,78737,46267,0.178801,0.000241563
2,58.8039,432,526,0.041124,-0.000555902
2,34.0636,1738,4760,0.0434077,-0.00198318
2,120.751,24685,18802,0.177242,0.00021804
2,2.55966,985,3872,-0.017833,0.0276292
2,55.1313,145686,258226,0.0365323,-0.000994157
2,120.028,488231,255436,0.172977,0.00614965
2,0.791271,1153,4100,-0.016581,0.0163292
2,120.008,471478,182158,0.456319,0.0159401
2,52.5811,547,416,0.0189457,0.00129372
2,2.01894,1085,4100,-0.0178145,0.0276471
2,0.17917,988,3567,-0.0192597,0.0276471
2,120.003,200810,404346,0.171621,0.00614743
2,50.8564,139732,65129,0.00168584,-0.000552036
2,0.43022,985,3872,-0.017833,0.0276292
2,33.3859,1807,4827,0.0417897,-0.00161609
2,120.023,343589,155846,0.455678,0.0159424
2,34.0655,1875,4964,0.0419692,-0.00161609
2,120.262,175018,49642,0.13448,-0.00190302
2,33.5572,1807,4827,0.0417897,-0.00161609
2,43.8982,401876,232941,0.0369721,0.00526503
2,33.3751,1806,4829,0.0417897,-0.00161609
2,75.4226,622033,860277,0.0360382,0.00459071
2,123.5,19731,29721,0.0933999,0.00021804
2,0.899485,985,3873,-0.017833,0.0276292
2,6.58995,3059,4386,-0.038327,-0.00255426
2,0.348381,1153,4100,-0.016581,0.0163292
2,33.2216,6622,9235,0.0381013,-0.00502378
2,33.4878,1807,4895,0.0417897,-0.00161609
2,34.0579,1875,4896,0.0417897,-0.00161609
2,33.8154,4022,7025,0.0359598,-0.00156558
2,105.597,283211,562989,0.0388382,0.00459071
2,105.743,448,496,0.0285178,0.00137021
2,33.7534,1738,4829,0.0434077,-0.00198318
2,33.4181,1807,4828,0.0417897,-0.00161609
2,119.464,873,772,0.0360792,0.00195368
2,3.15613,1053,3940,-0.0178589,0.0276471
2,120.945,210233,41361,0.1167,0.0040597
2,33.3449,1875,4896,0.0417897,-0.00161609
2,34.0887,1806,4896,0.0417897,-0.00161609
2,34.0733,1739,4828,0.0434077,-0.00198318
2,34.398,1951,4973,0.0417897,-0.00161609
2,120.697,16202,27595,0.111471,-0.00121391
2,34.056,1807,4828,0.0417897,-0.00161609
2,1.5619,1141,4633,-0.0178589,0.0276471
2,3.4191,1153,4032,-0.016581,0.0163292
2,0.218968,964,3567,-0.01926,0.0276471
2,62.3298,18330,14965,0.0360002,-0.0013409
2,90.6382,392,434,0.0258501,0.00137021
2,34.054,1807,4828,0.0434077,-0.00198318
2,34.0972,5002,7854,0.0357804,-0.00156558
2,90.6239,476,408,0.0342293,0.00195326
2,119.702,873,772,0.0360792,0.00195368
2,33.7118,1807,4828,0.0434077,-0.00198318
2,64.83,78356,27866,0.0269565,-0.00340733
2,120.961,33543,48829,0.17814,0.00021804
2,120,53973,48219,0.438523,0.00393724
2,33.7722,1875,4964,0.0419692,-0.00161609
2,34.0735,1807,4828,0.0417897,-0.00161609
2,54.8467,2318,136,0.00918511,-0.00274322
2,1.01852,1085,4101,-0.0178145,0.0276471
2,120.402,41849,28793,0.464411,0.00391745
2,120.047,453773,184570,0.465052,0.0159401
2,120.839,31374,71571,0.464449,0.0039115
2,120.142,32444,27399,0.177242,0.00021804
2,120,54171,48440,0.438523,0.00393724
2,120.073,643243,319403,0.164174,0.0040597
2,33.7122,1807,4895,0.0417897,-0.00161609
2,33.9229,1738,4828,0.0417897,-0.00161609
2,33.3652,1806,4896,0.0417897,-0.00161609
2,120.622,144615,326265,0.177242,-0.00131738
2,33.8036,1807,4896,0.0417897,-0.00161609
2,90.1471,152810,325412,0.0223298,-0.00340733
2,120.596,29155,41125,0.464411,0.00391371
2,34.0577,1806,4827,0.0417897,-0.00161609
2,34.0678,1875,4964,0.0419692,-0.00161609
2,0.212725,1153,4167,-0.019458,0.0163292
2,34.0585,1807,4896,0.0417897,-0.00161609
2,0.666589,1153,4100,-0.016581,0.0163292
2,30.2079,204,136,-0.0281817,0.00385105
2,36.0389,19243,25696,0.0357839,-0.00101768
2,120.01,753547,361048,0.172977,0.00614965
2,92.6734,877821,490917,0.0365064,0.00614965
2,16.7819,45474,77665,-0.0389237,-0.0023406
2,0.13296,1085,4033,-0.0193044,0.0276471
2,33.9273,1807,4896,0.0417897,-0.00161609
2,33.7239,1807,4827,0.0417897,-0.00161609
2,93.0522,864405,494452,0.0365064,0.00614965
2,120.4,32165,27623,0.177242,0.00021804
2,33.3629,1875,4896,0.0417897,-0.00161609
2,33.6293,1807,4896,0.0417897,-0.00161609
2,105.743,448,496,0.0285178,0.00137021
2,1.87182,1153,4099,-0.016581,0.0163292
2,33.6653,1808,4897,0.0434077,-0.00198318
2,0.671061,985,3873,-0.017833,0.0276292
2,120.043,82306,185752,0.461123,0.00393724
2,33.1527,2010,4760,0.0374146,-0.00193267
2,33.5496,1875,4965,0.0419692,-0.00161609
2,34.0601,1875,4895,0.0417897,-0.00161609
2,33.3748,1874,4897,0.0417897,-0.00161609
2,120.223,23390,37886,0.178082,0.000215823
2,0.10921,1032,3635,-0.01926,0.0276471
2,69.9588,117537,228793,0.0360387,-0.00131959
2,33.5264,1807,4897,0.0417897,-0.00161609
2,121.548,43217,78938,0.167966,0.000224289
2,120.03,470485,179353,0.456319,0.0159401
2,75.5207,408,340,0.0342293,0.00195326
2,32.3035,99522,54470,-0.0340887,-0.00221598
2,34.6957,5653,8421,0.0220713,-0.00365332
2,34.0797,1808,4896,0.0417897,-0.00161609
2,34.0938,1807,4828,0.0417897,-0.00161609
2,33.3961,6243,8904,0.0336367,-0.00502378
2,33.6932,1806,4896,0.0434077,-0.00198318
2,33.8894,1807,4829,0.0417897,-0.00161609
2,120.002,705804,340244,0.171621,0.00614965
2,34.0887,1739,4759,0.0434077,-0.00198318
2,120.22,30291,38316,0.177242,0.00021804
2,43.3845,126025,169030,0.0165929,0.0089527
2,75.3276,82404,145605,0.0360387,-0.00131959
2,0.217461,1032,3635,-0.01926,0.0276471
2,120.594,279720,570430,0.17728,0.00458849
2,121.528,13900,17064,0.449663,0.00391371
2,120.805,148974,250463,0.177242,0.000241563
2,0.050724,1123,5497,-0.00451722,0.0274597
2,121.006,13411,23375,0.170108,-0.00135003
2,33.4248,1808,4896,0.0417897,-0.00161609
2,33.872,1875,4964,0.0419692,-0.00161609
2,77.7013,208522,428071,0.0360002,0.00459071
2,0.115357,964,3567,-0.01926,0.0276471
2,120.049,410690,203011,0.177883,0.00614743
2,120.547,154189,366743,0.177242,-0.00131738
2,34.0567,1875,4896,0.0417897,-0.00161609
2,120.012,706197,335439,0.172977,0.00614965
2,0.130576,1032,3635,-0.01926,0.0276471
2,90.1277,161726,311919,0.0223298,-0.00340733
2,34.0457,1806,4828,0.0417897,-0.00161609
2,120.5,53525,124486,0.178075,-0.00131959
2,120.057,201657,407552,0.17728,0.00614743
2,120.023,478955,256621,0.172977,0.00614965
2,33.3185,1807,4896,0.0417897,-0.00161609
2,59.0562,568,601,0.0414606,0.000744084
2,126.403,8577,15619,0.0732254,-0.00157918
2,33.5022,1806,4895,0.0417897,-0.00161609
2,122.607,43011,75635,0.206776,0.00392218
2,33.5299,1807,4827,0.0417897,-0.00161609
2,34.0715,1807,4897,0.0417897,-0.00161609
2,33.8228,1807,4828,0.0417897,-0.00161609
2,34.8626,5746,8572,0.0336367,-0.00502378
2,120.711,34056,28177,0.177242,0.00021804
2,2.32571,1085,4032,-0.0178589,0.0276471
2,34.0878,1875,4896,0.0417897,-0.00161609
2,105.743,544,544,0.0430352,0.00195326
2,33.7325,1807,4829,0.0417897,-0.00161609
2,18.5057,825,3431,-0.0177417,0.0276471
2,120.544,26081,48020,0.176865,0.000215823
2,122.206,25737,45961,0.101897,-0.00134312
2,2.67509,1085,4041,-0.0189021,0.0276471
2,120.75,81320,44508,0.176897,0.000241563
2,1.31783,1053,3941,-0.0178589,0.0276471
2,120.84,45166,155999,0.115698,-0.00184603
2,120.532,153895,364133,0.177242,-0.00131738
2,34.081,1807,4828,0.0417897,-0.00161609
2,33.5595,5748,8367,0.0336367,-0.00502378
2,34.0815,1740,4759,0.0434077,-0.00198318
2,35.1012,1814,4829,0.0434077,-0.00198318
2,34.0827,1875,4896,0.0417897,-0.00161609
2,121.387,8716,14192,0.177397,-0.00152892
2,120.004,359539,198697,0.172978,0.00614743
2,34.0594,1808,4828,0.0417897,-0.00161609
2,97.8961,733,584,0.0195461,0.00137021
2,120.503,20312,35552,0.170855,-0.00134312
2,33.2081,1806,4897,0.0417897,-0.00161609
2,120.703,78519,45249,0.178801,0.000241563
2,2.92726,1017,3963,-0.0189021,0.0276471
2,105.38,94523,248654,0.00624016,-0.00122858
2,120.151,25983,20202,0.177242,0.00021804
2,19.178,1579,4618,-0.0297092,-0.0105563
2,33.8295,1806,4896,0.0417897,-0.00161609
2,1.19924,1153,4101,-0.016581,0.0163292
2,34.055,6448,9306,0.0359596,-0.00156558
2,106.113,61845,102177,0.0380898,-0.00131738
2,1.55699,1085,4032,-0.0178589,0.0276471
2,33.9425,1875,4965,0.0419692,-0.00161609
2,0.149407,896,3567,-0.0192789,0.0276292
2,36.0419,4898,7189,0.0359596,-0.00156558
2,58.6518,526,364,0.0341014,-0.000555902
2,33.6067,1807,4897,0.0417897,-0.00161609
2,34.0757,1807,4896,0.0417897,-0.00161609
2,34.0557,1807,4896,0.0417897,-0.00161609
2,33.2854,1875,4965,0.0419692,-0.00161609
2,34.0693,1807,4828,0.0417897,-0.00161609
2,4.11929,1511,4482,-0.0254058,-0.0105563
2,120.737,26295,48081,0.464411,0.00391371
2,120.001,748089,357621,0.171621,0.00614965
2,33.6489,1875,4964,0.0419692,-0.00161609
2,105.743,448,496,0.0285178,0.00137021
2,75.3771,144348,341926,0.0360002,-0.00131738
2,2.26471,1314,3939,-0.0178589,0.0276471
2,93.388,937700,492311,0.0365064,0.00614965
2,0.12553,964,3567,-0.01926,0.0276471
2,1.76243,1153,4168,-0.0180125,0.0163292
2,33.5432,4151,6957,0.0359598,-0.00156558
2,33.401,1876,4964,0.0419692,-0.00161609
2,33.6856,6524,9020,0.0373861,-0.00193267
2,33.9233,1807,4895,0.0434077,-0.00198318
2,15.5763,917,3356,-0.0177417,0.0276471
2,120.209,21375,21690,0.450009,0.00391371
2,33.6114,1740,4827,0.0434077,-0.00198318
2,34.0729,1874,4964,0.0419692,-0.00161609
2,33.4468,1899,4896,0.0417897,-0.00161609
2,120.817,496,448,0.138688,0.00137021
2,120.209,41561,214845,0.221227,0.00045704
2,91.3899,883136,491477,0.0360382,0.00614965
2,105.743,448,496,0.0285178,0.00137021
2,34.0791,1807,4895,0.0417897,-0.00161609
2,0.349717,1153,4100,-0.016581,0.0163292
2,33.6876,5610,8406,0.0373861,-0.00193267
2,0.488116,1085,4031,-0.0189464,0.0276471
2,120.065,107287,109554,0.44587,-0.00122858
2,134.667,25405,43449,0.100344,-0.00134312
2,106.949,645121,315756,0.0388762,0.00614965
2,119.114,302608,690064,0.03605,0.0040597
2,1.70672,1085,4032,-0.0178589,0.0276471
2,120.509,79992,43449,0.176897,0.000241563
2,120.014,165204,270849,0.172939,0.000241563
2,33.8983,1807,4897,0.0417897,-0.00161609
2,73.8737,594,432,0.0342336,-0.000479408
2,120.013,400087,202090,0.172939,0.00614965
2,90.1176,99587,186809,0.0360387,-0.00131959
2,1.70187,1085,4032,-0.0178589,0.0276471
2,120.189,58940,250322,0.134908,-0.00190302
2,91.4044,490014,909741,0.0360382,0.00614965
2,120.958,48690,88607,0.177242,0.000241563
2,33.1721,2010,4897,0.0417897,-0.00161609
2,38.9363,2191,5192,0.0419692,-0.00161609
2,119.526,873,772,0.0360792,0.00195368
2,95.8345,864049,493553,0.0365064,0.00614965
2,33.1791,1875,4895,0.0417897,-0.00161609
2,107.37,23956,43405,0.0404355,-0.00134312
2,33.7407,1875,4964,0.0419692,-0.00161609
2,120.762,19220,36446,0.176865,-0.00134312
2,1.86438,1085,4101,-0.0178589,0.0276471
2,120.007,462871,256406,0.172977,0.00614965
2,122.202,5782,10078,0.0907567,-0.00225435
2,34.0824,1807,4897,0.0417897,-0.00161609
2,0.41923,1257,4033,-0.0178589,0.0276471
2,34.0929,1875,4964,0.0419692,-0.00161609
2,15.0774,68,68,-0.0271721,0.00385105
2,120.037,346608,711875,0.175623,0.00614965
2,0.108082,1245,6979,-0.0192785,0.0276292
2,106.892,669516,315874,0.0388762,0.00614965
2,13.3921,296,322,-0.0321075,0.00376785
2,120.688,467757,294190,0.17728,0.00614965
2,34.0874,1807,4827,0.0417897,-0.00161609
2,34.1258,1807,4828,0.0417897,-0.00161609
2,120.832,504,496,0.144376,0.00137021
2,33.2789,1807,4827,0.0417897,-0.00161609
2,33.3575,1739,4829,0.0417897,-0.00161609
2,120.226,23735,28130,0.450047,0.0039115
2,127.868,8438,15287,0.0995982,-0.00152867
2,0.161764,964,3567,-0.01926,0.0276471
2,0.450197,1085,4032,-0.0189464,0.0276471
2,120.744,46050,85143,0.177242,0.000243925
2,33.931,1875,4965,0.0419692,-0.00161609
2,34.0649,1807,4896,0.0417897,-0.00161609
2,74.3691,669,568,0.0342336,0.00195368
2,4.08572,1580,4618,-0.0297092,-0.0105563
2,74.2616,669,568,0.0342336,0.00195368
2,33.868,1807,4896,0.0417897,-0.00161609
2,93.9596,907505,492184,0.0365064,0.00614965
2,33.3156,1807,4896,0.0417897,-0.00161609
2,33.2178,1875,4963,0.0419692,-0.00161609
2,34.0729,1807,4828,0.0417897,-0.00161609
2,0.693068,1085,4100,-0.0178589,0.0276471
2,34.0641,1807,4827,0.0417897,-0.00161609
2,34.0877,1807,4828,0.0417897,-0.00161609
2,120.025,745940,357091,0.172977,0.00614965
2,120.613,31685,41538,0.464411,0.00391371
2,60.4313,340,340,0.0409367,0.00224115
2,49.6154,134166,223835,0.0369342,-0.000643054
2,33.3589,1807,4897,0.0417897,-0.00161609
2,2.01743,1153,4100,-0.016581,0.0163292
2,120.88,40289,221771,0.128388,-0.00323863
2,22.7251,985,3432,-0.0171135,0.0276471
2,75.5201,408,340,0.0342293,0.00195326
2,120.73,288474,512387,0.177242,0.00459071
2,33.4568,1807,4895,0.0417897,-0.00161609
2,33.2387,157353,263890,0.0369721,-0.000643054
2,72.0006,444383,213377,0.0360382,0.00459071
2,92.8531,894271,492659,0.0365064,0.00614965
2,0.720257,1053,3939,-0.017868,0.0276471
2,34.0577,1806,4827,0.0417897,-0.00161609
2,120.668,27525,112160,0.14973,-0.0015989
2,127.523,44209,102777,0.0995959,-0.00132003
2,42.3633,1893,3088,0.0366139,-0.00160541
2,0.261567,964,3567,-0.01926,0.0276471
2,74.189,669,568,0.0342336,0.00195368
2,0.62364,1053,3939,-0.0189556,0.0276471
2,34.0392,1807,4896,0.0417897,-0.00161609
2,34.0655,1874,4896,0.0417897,-0.00161609
2,33.3534,4348,7357,0.0359598,-0.00156558
2,34.0932,1807,4758,0.036036,-0.00156558
2,34.0884,1739,4828,0.0434077,-0.00198318
2,34.074,1807,4896,0.0417897,-0.00161609
2,33.7562,1807,4828,0.0417897,-0.00161609
2,120.666,79425,46590,0.178801,0.000241563
2,33.738,1807,4896,0.0417897,-0.00161609
2,33.6411,6074,8618,0.0381013,-0.00502378
2,120.637,82318,158208,0.177242,0.000241563
2,75.535,336,372,0.0258501,0.00221629
2,52.5381,265041,138468,0.0234261,0.0028262
2,34.0605,1807,4895,0.0417897,-0.00161609
2,33.8965,1807,4828,0.0417897,-0.00161609
2,33.7815,1875,4964,0.0419692,-0.00161609
2,120.576,44190,33494,0.464411,0.0039368
2,120.76,75334,43555,0.176897,0.000241563
2,0.100148,964,3567,-0.01926,0.0276471
2,4.10928,2276,4415,-0.0254058,-0.0105563
2,119.48,873,772,0.0360792,0.00195368
2,33.5319,1807,4827,0.0417897,-0.00161609
2,15.104,136,68,-0.0281817,0.00385105
2,34.0195,1807,4827,0.0417897,-0.00161609
2,0.167031,920,3499,-0.0192789,0.0276292
2,40.1922,13384,20876,0.0354238,-0.00138694
2,34.0258,1807,4897,0.0417897,-0.00161609
2,33.4878,1807,4829,0.0417897,-0.00161609
2,0.644843,1085,4099,-0.0178589,0.0276471
2,34.0828,1739,4760,0.0434077,-0.00198318
2,60.4312,340,340,0.0409367,0.00224115
2,33.4668,1739,4828,0.0434077,-0.00198318
2,0.744897,1153,4100,-0.0176685,0.0163292
2,34.0845,13390,14578,0.0378308,-0.00489977
2,76.5508,21176,105855,0.0100411,-0.00333983
2,36.3555,12463,20336,0.0354238,-0.00138694
2,33.9028,1807,4896,0.0417897,-0.00161609
2,5.37905,20613,11620,-0.0384102,-0.00236649
2,120.018,311618,561761,0.172978,0.00614743
2,4.1625,1511,4551,-0.0254058,-0.0105563
2,34.0863,1807,4895,0.0417897,-0.00161609
2,124.02,12261,18536,0.101203,-0.00135028
2,119.703,14555,28222,0.00625901,-0.0012521
2,34.0868,1807,4828,0.0434077,-0.00198318
2,120.018,483153,260830,0.172977,0.00614965
2,105.743,448,496,0.0285178,0.00137021
2,120.192,22017,32473,0.178016,0.00021804
2,120.372,34351,53368,0.177951,0.000215823
2,33.7258,1876,4965,0.0419692,-0.00161609
2,1.66351,1153,4099,-0.016581,0.0163292
2,120.542,77446,43810,0.176897,0.000241563
2,120.005,258779,136472,0.172978,0.00614743
2,0.073586,1057,5497,-0.00456823,0.0274114
2,120.035,198360,384815,0.175662,0.00614743
2,0.091519,1511,4425,-0.0262863,-0.0105563
2,34.0732,1807,4897,0.0417897,-0.00161609
2,1.75544,1085,4033,-0.0178589,0.0276471
2,120.148,298741,520932,0.17728,0.00614743
2,98.2712,20866,46771,0.0357582,-0.00134312
2,98.3753,958437,495562,0.0371095,0.00614743
2,120.353,439909,280223,0.17728,0.00614965
2,105.728,544,476,0.0363278,0.00195326
2,33.6675,1875,4896,0.0417897,-0.00161609
2,0.13165,1032,3635,-0.01926,0.0276471
2,33.5684,1807,4827,0.0434077,-0.00198318
2,120.069,317075,610001,0.163572,0.0040597
2,33.9696,1807,4828,0.0417897,-0.00161609
2,33.1964,1808,4895,0.0417897,-0.00161609
2,33.8564,1807,4829,0.0417897,-0.00161609
2,120.549,284885,581766,0.177242,0.00459071
2,33.8171,1807,4828,0.0417897,-0.00161609
2,1.36145,985,3803,-0.0178334,0.0276292
2,33.9086,1807,4828,0.0417897,-0.00161609
2,33.9977,1807,4897,0.0417897,-0.00161609
2,12.5639,677,282,-0.0273486,0.00376785
2,126.591,8581,15619,0.0732254,-0.00157918
2,34.5312,2215,5058,0.0419692,-0.00161609
2,120.817,496,448,0.138688,0.00137021
2,33.9313,1807,4828,0.0417897,-0.00161609
2,34.7395,1943,6411,0.028081,-0.00370382
2,120.007,54039,49109,0.441276,0.00393724
2,120.804,178969,38485,0.209539,0.00184729
2,120.045,172979,289411,0.177242,0.000241563
2,1.80025,1085,4100,-0.0189464,0.0276471
2,33.4651,1807,4896,0.0417897,-0.00161609
2,0.390838,1085,4031,-0.0178589,0.0276471
2,120.067,171249,291793,0.177242,0.000241563
2,33.8281,1806,4896,0.0417897,-0.00161609
2,120.451,378964,231433,0.177242,0.00614965
2,120.571,28379,20962,0.177242,0.00021804
2,21.664,19246,11696,-0.0383005,-0.00236649
2,0.345515,1153,4100,-0.016581,0.0163292
2,3.24768,1085,4033,-0.0177953,0.0276471
2,33.2032,2933,5870,0.0359596,-0.00156558
2,33.4784,1807,4896,0.0417897,-0.00161609
2,38.3104,16525,24505,0.0357839,-0.00101768
2,120.358,62065,287029,0.142081,-0.00327349
2,19.597,677,282,-0.0273486,0.00376785
2,33.6567,1807,4827,0.0417897,-0.00161609
2,34.2624,1899,4896,0.0417897,-0.00161609
2,34.0814,1875,4964,0.0419692,-0.00161609
2,33.4518,1807,4896,0.0417897,-0.00161609
2,120.683,79228,45581,0.178801,0.000241563
2,34.0916,1808,4897,0.0417897,-0.00161609
2,34.074,1738,4760,0.0414444,-0.00161609
2,33.533,1807,4896,0.0417897,-0.00161609
2,58.8258,432,526,0.041124,-0.000555902
2,120.058,585522,282747,0.17728,0.00614965
2,120.614,43197,31866,0.464411,0.00392218
2,103.41,841679,496684,0.0365064,0.00614965
2,120.049,227700,159078,0.177242,0.00614965
2,120.758,25501,21788,0.177242,0.00021804
2,1.63698,1017,3964,-0.0178145,0.0276471
2,34.0198,1807,4895,0.0417897,-0.00161609
2,0.146433,1032,3635,-0.01926,0.0276471
2,27.8356,1121,3491,-0.0186062,0.0276471
2,5.82088,1053,3940,-0.0178589,0.0276471
2,120.047,323149,539335,0.177242,0.00614965
2,34.0609,1875,4896,0.0417897,-0.00161609
2,0.162968,1032,3635,-0.01926,0.0276471
2,4.96759,1085,4031,-0.0178589,0.0276471
2,34.0814,1807,4827,0.0417897,-0.00161609
2,120.817,496,448,0.138688,0.00137021
2,97.9143,733,528,0.0195459,0.00137021
2,0.11074,1088,3703,-0.0193048,0.0276471
2,34.0747,1740,4760,0.0417897,-0.00161609
2,90.6394,476,476,0.0409367,0.00195326
2,105.678,544,476,0.0363278,0.00195326
2,34.0884,6527,9084,0.0381013,-0.00502378
2,34.0859,1874,4964,0.0419692,-0.00161609
2,33.7176,1807,4828,0.0417897,-0.00161609
2,90.153,102646,209329,0.0433666,-0.00119039
2,120.596,40242,64932,0.177242,-0.00133716
2,33.8883,6732,9251,0.0381013,-0.00502378
2,2.24267,1385,4032,-0.0232268,-0.0106068
2,17.2759,985,3432,-0.018201,0.0276471
2,34.0936,1807,4897,0.0417897,-0.00161609
2,90.3471,15977,20078,0.0360384,-0.00134312
2,120.101,49345,98043,0.115746,-0.00184839
2,90.0405,67796,126186,0.0360387,-0.00131959
2,120.209,17380,22576,0.17814,0.00021804
2,0.640162,985,3871,-0.017833,0.0276292
2,120.255,49542,221999,0.14973,-1.64382e-05
2,120.017,456999,182602,0.456319,0.0159401
2,18.6931,1647,4618,-0.0297092,-0.0105563
2,0.084714,1511,4426,-0.0262863,-0.0105563
2,19.2473,1578,4549,-0.0254058,-0.0105563
2,2.63116,1053,3940,-0.0178589,0.0276471
2,33.682,1875,4896,0.0417897,-0.00161609
2,33.2742,1808,4896,0.0417897,-0.00161609
2,2.98973,1085,4099,-0.0178589,0.0276471
2,1.61247,1085,4032,-0.0178589,0.0276471
2,3.69171,1511,4482,-0.0254058,-0.0105563
2,2.91036,985,3872,-0.017833,0.0276292
2,34.0227,12298,14255,0.0410878,-0.00164273
2,34.093,1806,4896,0.0417897,-0.00161609
2,34.0629,1807,4828,0.0417897,-0.00161609
2,90.6393,476,476,0.0409367,0.00195326
2,120.817,544,544,0.0993172,0.00195326
2,120.713,46966,85512,0.177242,0.000243925
2,2.62809,985,3873,-0.017833,0.0276292
2,36.1189,9405,15629,0.0354238,-0.00156558
2,0.425619,1053,3941,-0.0178589,0.0276471
2,34.055,1739,4828,0.0434077,-0.00198318
2,33.1819,1738,4760,0.0434077,-0.00198318
2,33.4602,1807,4827,0.0417897,-0.00161609
2,34.0751,1807,4896,0.0417897,-0.00161609
2,3.35997,1511,4549,-0.0254058,-0.0105563
2,119.768,24304,45349,0.0388446,-0.0013409
2,90.2695,90250,176755,0.0360387,-0.00131959
2,21.6727,757,3356,-0.0177606,0.0276292
2,0.205561,1085,4100,-0.0193044,0.0276471
2,34.0636,1807,4828,0.0417897,-0.00161609
2,2.16335,1017,3964,-0.0178145,0.0276471
2,56.5773,261555,544703,0.0371349,0.00491393
2,34.1682,1807,4897,0.0417897,-0.00161609
2,33.976,1875,4964,0.0419692,-0.00161609
2,34.0611,1807,4828,0.0417897,-0.00161609
2,105.743,448,496,0.0285178,0.00137021
2,33.8868,1806,4828,0.0417897,-0.00161609
2,120.31,32602,27660,0.177242,0.00021804
2,34.0856,5023,7840,0.0357802,-0.00156558
2,71.1834,117785,228711,0.0360387,-0.00131959
2,0.371075,1053,3940,-0.0178589,0.0276471
2,105.743,448,496,0.0285178,0.00137021
2,34.1203,1807,4897,0.0417897,-0.00161609
2,120.817,496,448,0.138688,0.00137021
2,120.009,135445,282508,0.172939,0.000241563
2,33.6803,1807,4829,0.0417897,-0.00161609
2,120.027,13491,16450,0.440935,0.00390434
2,120.654,20370,26320,0.17814,0.00021804
2,34.0844,1807,4827,0.0417897,-0.00161609
2,0.24492,1053,3940,-0.0182168,0.0276471
2,120.684,153979,241879,0.177242,0.000241563
2,33.5048,1807,4827,0.0414444,-0.00161609
2,107.792,111378,34897,0.00589478,0.00393502
2,33.8481,1807,4896,0.0417897,-0.00161609
2,2.31059,1153,4167,-0.0180125,0.0163292
2,120.024,492507,238741,0.172977,0.00614965
2,34.3744,8919,11268,0.0381013,-0.00502378
2,119.613,873,772,0.0360792,0.00195368
2,120.033,51266,181923,0.114127,-0.00184839
2,120.201,21370,21585,0.450009,0.00391371
2,120.033,250590,159050,0.175623,0.00614965
2,120.578,150068,34012,0.116736,-0.00184839
2,119.53,873,772,0.0360792,0.00195368
2,34.0824,1807,4828,0.0417897,-0.00161609
2,120.267,44687,32313,0.464411,0.0039368
2,34.0872,2138,5082,0.0370692,-0.00193267
2,34.0786,1807,4895,0.0417897,-0.00161609
2,34.0763,2077,4964,0.0419692,-0.00161609
2,97.1309,584,733,0.0263183,0.00137021
2,120.786,476,544,0.0993172,0.00195326
2,35.4698,1951,4896,0.0419692,-0.00161609
2,42.4189,225467,386667,0.0369721,0.00526503
2,33.7726,1807,4895,0.0434077,-0.00198318
2,1.27322,1053,3940,-0.0178589,0.0276471
2,120.052,30292,38609,0.177242,0.00021804
2,0.361784,1153,4100,-0.0176685,0.0163292
2,33.441,5843,8587,0.0336367,-0.00502378
2,105.743,448,496,0.0285178,0.00137021
2,34.0721,1807,4828,0.0434077,-0.00198318
2,34.0573,1805,4828,0.0417897,-0.00161609
2,33.6586,1807,4896,0.0417897,-0.00161609
2,34.061,1808,4897,0.0417897,-0.00161609
2,33.9534,1739,4829,0.0434077,-0.00198318
2,120.024,222372,126471,0.172939,0.00614965
2,33.3105,1808,4896,0.0417897,-0.00161609
2,120.053,39744,70053,0.17728,0.000219562
2,34.0729,1807,4827,0.0417897,-0.00161609
2,2.68707,1277,4888,-0.0180124,0.0163292
2,122.11,5377,9362,0.0907567,-0.00225435
2,97.2768,640,733,0.0263183,0.00137021
2,34.0599,2204,5265,0.0365608,-0.00156558
2,2.12425,985,3872,-0.017833,0.0276292
2,58.7568,432,526,0.041124,-0.000555902
2,120.009,163021,41369,0.160699,-0.00184839
2,120.008,81879,157843,0.172939,0.000241563
2,34.0575,1739,4760,0.0417897,-0.00161609
2,33.1599,1807,4895,0.0417897,-0.00161609
2,1.63744,1085,4032,-0.0178145,0.0276471
2,33.6271,1807,4896,0.0417897,-0.00161609
2,0.282396,1032,3635,-0.01926,0.0276471
2,21.6722,12932,7509,-0.0393053,-0.00237587
2,121.709,21114,84665,0.193105,-0.00333983
2,0.326124,985,3873,-0.017833,0.0276292
2,0.02648,187,68,-0.0369491,0.00381836
2,58.883,432,526,0.041124,-0.000555902
2,34.0701,1807,4896,0.0417897,-0.00161609
2,120.04,342233,730069,0.175623,0.00614965
2,0.119591,1153,4101,-0.0180265,0.0163292
2,120.101,22876,44681,0.177287,-0.00134312
2,34.0517,1807,4897,0.0417897,-0.00161609
2,120.281,238118,163904,0.177242,0.00614965
2,120.054,164200,254594,0.177242,0.000241563
2,97.9581,733,528,0.0195459,0.00137021
2,33.2288,1807,4828,0.0417897,-0.00161609
2,0.853055,1153,4100,-0.016581,0.0163292
2,34.0601,1875,4963,0.0419692,-0.00161609
2,19.5318,917,3355,-0.0177417,0.0276471
2,1.77609,1053,3940,-0.0178589,0.0276471
2,91.1698,149493,319307,0.0269565,-0.00340733
2,130.406,8591,20209,0.191093,-0.00159532
2,120.226,26652,20842,0.177242,0.00021804
2,34.0495,7850,10148,0.0381013,-0.00502378
2,34.0662,1807,4828,0.0417897,-0.00161609
2,1.07991,1153,4100,-0.0176777,0.0163292
2,34.0551,1806,4829,0.0417897,-0.00161609
2,33.4084,1806,4897,0.0417897,-0.00161609
2,50.6015,133441,268754,0.0228235,-0.00308189
2,33.3339,1875,4897,0.0417897,-0.00161609
2,33.8798,1739,4828,0.0434077,-0.00198318
2,0.121202,1100,3703,-0.0180265,0.0163292
2,93.7753,492200,970615,0.0371095,0.00614743
2,37.1207,1807,4829,0.0417897,-0.00161609
2,15.104,124,56,-0.02594,0.00382576
2,34.0115,1807,4828,0.0417897,-0.00161609
2,120.817,496,448,0.138688,0.00137021
2,34.0717,1739,4759,0.0434077,-0.00198318
2,120.918,41705,31490,0.464411,0.00391745
2,2.86098,1153,4100,-0.0165152,0.0163292
2,120.832,504,496,0.144376,0.00137021
2,117.65,25844,43159,0.038883,-0.00134312
2,120.632,78973,46612,0.178801,0.000241563
2,33.6058,1875,4896,0.0417897,-0.00161609
2,34.0607,1807,4829,0.0417897,-0.00161609
2,33.9988,4725,7757,0.0357804,-0.00156558
2,120.008,358929,766523,0.172939,0.00614965
2,120.049,396144,202722,0.17728,0.00614743
2,34.1102,1807,4897,0.0417897,-0.00161609
2,33.7568,1806,4895,0.0417897,-0.00161609
2,33.2774,1807,4896,0.0417897,-0.00161609
2,120.595,26294,19782,0.177242,0.00021804
2,0.125685,1032,3635,-0.01926,0.0276471
2,105.342,144037,345787,0.0388382,-0.00131738
2,94.4391,890525,490058,0.0365064,0.00614965
2,0.130916,1100,3703,-0.0180265,0.0163292
2,63.5862,22037,83573,-0.0129185,-0.00333983
2,33.553,1807,4896,0.0417897,-0.00161609
2,120.107,200858,404550,0.17728,0.00614743
2,33.744,1807,4828,0.0417897,-0.00161609
2,34.1774,1875,4896,0.0417897,-0.00161609
2,33.5023,1807,4896,0.0417897,-0.00161609
2,33.4335,1875,4895,0.0417897,-0.00161609
2,95.1529,884993,496655,0.0365064,0.00614965
2,125.508,10846,16393,0.101203,0.000208661
2,120.817,434,448,0.138688,0.00137021
2,90.639,392,434,0.0258501,0.00137021
2,34.3264,1967,4965,0.0419692,-0.00161609
2,33.9313,1807,4827,0.0417897,-0.00161609
2,120.014,592360,320737,0.17358,0.00614743
2,0.13021,1032,3635,-0.01926,0.0276471
2,120.011,672783,331957,0.172977,0.00614965
2,107.418,485385,804675,0.0388762,0.00614965
2,34.2917,1738,4761,0.0357802,-0.00156558
2,34.1325,1807,4828,0.0417897,-0.00161609
2,34.1163,2234,4897,0.0365611,-0.00156558
2,3.43427,917,3805,-0.0178334,0.0276292
2,33.8294,3033,6156,0.0359596,-0.00156558
2,34.0859,1739,4761,0.0434077,-0.00198318
2,34.0655,1875,4963,0.0419692,-0.00161609
2,34.0382,1739,4827,0.0417897,-0.00161609
2,120.708,77761,46385,0.178801,0.000241563
2,120.075,317267,497117,0.177242,0.00614965
2,37.7561,18692,27148,0.0357839,-0.00101768
2,33.2972,3037,6088,0.0359596,-0.00156558
2,120.203,54349,183494,0.115746,-0.00184839
2,0.287977,1153,4169,-0.019458,0.0163292
2,120.001,224463,521599,0.109659,0.0040597
2,120.817,496,448,0.138688,0.00137021
2,33.7112,1875,4897,0.0417897,-0.00161609
2,34.0639,1875,4896,0.0417897,-0.00161609
2,33.9341,1739,4828,0.0434077,-0.00198318
2,1.55516,1017,4032,-0.0189021,0.0276471
2,91.3303,487312,918949,0.0360382,0.00614965
2,120.72,41241,31368,0.464411,0.00391745
2,34.1664,1875,4964,0.0419692,-0.00161609
2,3.88439,1579,4549,-0.0254058,-0.0105563
2,33.2597,2213,4827,0.0357802,-0.00156558
2,43.7999,364,458,0.041124,0.00208146
2,119.539,873,772,0.0360792,0.00195368
2,35.1046,1883,4828,0.0417897,-0.00161609
2,37.4638,485,304,0.0189455,0.00201932
2,33.3919,1807,4828,0.0417897,-0.00161609
2,33.2495,1739,4828,0.0434077,-0.00198318
2,33.8793,1807,4896,0.0417897,-0.00161609
2,33.7195,1875,4896,0.0417897,-0.00161609
2,15.104,136,68,-0.0281817,0.00385105
2,1.12137,1153,4101,-0.016581,0.0163292
2,18.6517,1579,4619,-0.0297092,-0.0105563
2,108.29,172967,48543,0.0360018,-0.00184839
2,120.012,582297,284934,0.172977,0.00614965
2,0.72435,1053,3940,-0.0178589,0.0276471
2,119.657,873,772,0.0360792,0.00195368
2,1.00836,1085,4033,-0.0178589,0.0276471
2,104.853,508887,813883,0.0365064,0.00614965
2,120.08,322135,499157,0.177242,0.00614965
2,33.2305,7850,10936,0.0357802,-0.00156558
2,59.0899,592,718,0.040941,-0.000479408
2,33.7092,1807,4897,0.0417897,-0.00161609
2,33.7136,1806,4895,0.0417897,-0.00161609
2,33.4022,1807,4896,0.0417897,-0.00161609
2,34.3242,6541,8979,0.0381013,-0.00502378
2,0.611428,1153,4100,-0.016581,0.0163292
2,44.8431,16317,12080,0.00450673,-0.000575558
2,105.743,544,544,0.0430352,0.00195326
2,2.90023,1153,4169,-0.0180125,0.0163292
2,33.2186,1876,4964,0.0419692,-0.00161609
2,47.5889,224347,126727,0.0371349,0.00491393
2,34.0873,1807,4827,0.0417897,-0.00161609
2,33.3671,1807,4895,0.0417897,-0.00161609
2,105.743,448,496,0.0285178,0.00137021
2,0.711786,1053,3939,-0.017868,0.0276471
2,120.208,33127,52081,0.464411,0.00391371
2,34.1514,1807,4896,0.0417897,-0.00161609
2,120.269,243032,57763,0.146045,0.0227037
2,2.67671,1153,4176,-0.0191,0.0163292
2,0.345011,1085,4101,-0.0189464,0.0276471
2,33.6536,1807,4897,0.0417897,-0.00161609
2,33.1937,1807,4829,0.0417897,-0.00161609
2,120.042,243731,101902,0.461161,0.0159401
2,33.8273,1807,4895,0.0417897,-0.00161609
2,0.120546,1085,4031,-0.0193044,0.0276471
2,120.695,35691,98484,0.464449,0.0039115
2,33.6037,1875,4964,0.0419692,-0.00161609
2,33.649,1807,4895,0.0417897,-0.00161609
2,35.0122,17424,18756,0.0356042,-0.00101768
2,34.3122,1739,4828,0.0363814,-0.00156558
2,70.5556,32606,113597,0.0268486,-0.00343085
2,120.034,130843,306813,0.461161,0.00393502
2,34.0502,1807,4896,0.0412825,-0.00161609
2,3.24633,1510,4483,-0.0254058,-0.0105563
2,5.49108,1053,3949,-0.0178589,0.0276471
2,33.8701,1875,4964,0.0419692,-0.00161609
2,33.3276,1738,4760,0.0434077,-0.00198318
2,33.2613,1875,4896,0.0417897,-0.00161609
2,130.479,24131,15026,0.20643,-0.00124988
2,74.3077,669,568,0.0342336,0.00195368
2,33.5929,1807,4895,0.0417897,-0.00161609
2,18.6637,985,3432,-0.0177417,0.0276471
2,120.553,23846,38289,0.178075,0.000215823
2,33.782,1874,4895,0.0417897,-0.00161609
2,2.2707,1085,4098,-0.0189021,0.0276471
2,120.041,573379,282673,0.175661,0.00614965
2,33.3103,1807,4827,0.0417897,-0.00161609
2,19.1709,1578,4619,-0.0297092,-0.0105563
2,34.0739,1806,4827,0.0417897,-0.00161609
2,91.065,885511,489940,0.0360382,0.00614965
2,120.01,392178,200686,0.172978,0.00614743
2,120.361,48303,86092,0.177242,0.000243925
2,120.677,46373,32540,0.464411,0.0039396
2,34.0632,1874,4964,0.0419692,-0.00161609
2,33.5437,1875,4897,0.0417897,-0.00161609
2,120.25,298985,601758,0.163572,0.0040597
2,120.373,181613,54233,0.11527,-0.000388285
2,34.0558,1807,4896,0.0417897,-0.00161609
2,122.356,35427,55200,0.0926955,0.000215823
2,34.0711,1739,4829,0.0434077,-0.00198318
2,119.607,873,772,0.0360792,0.00195368
2,15.4917,677,282,-0.0273486,0.00376785
2,33.3645,1807,4896,0.0417897,-0.00161609
2,34.0737,1806,4829,0.0417897,-0.00161609
2,33.8946,1807,4896,0.0417897,-0.00161609
2,33.6276,1806,4897,0.0417897,-0.00161609
2,0.595021,1482,4237,-0.0257457,-0.0106068
2,0.055648,1117,5850,-0.00451722,0.0274597
2,34.0958,1806,4828,0.0417897,-0.00161609
2,5.53671,985,3879,-0.0178425,0.0276292
2,6.75152,917,3803,-0.0178425,0.0276292
2,34.0621,1738,4827,0.0434077,-0.00198318
2,34.083,1807,4897,0.0417897,-0.00161609
2,120.007,897361,727227,0.17358,0.00614743
2,12.8491,825,3431,-0.0177417,0.0276471
2,34.0881,1807,4897,0.0417897,-0.00161609
2,34.0887,1875,4896,0.0417897,-0.00161609
2,120.173,199456,358854,0.177242,0.00614965
2,33.9296,1807,4828,0.0417897,-0.00161609
2,33.5561,3593,6677,0.0359596,-0.00156558
2,120.807,544,544,0.0993172,0.00195326
2,120.091,102466,106656,0.44587,-0.00122858
2,120.421,34668,79380,0.464449,0.0039115
2,33.9962,1807,4827,0.0417897,-0.00161609
2,0.110849,964,3567,-0.01926,0.0276471
2,34.0705,1806,4828,0.0417897,-0.00161609
2,0.050831,1057,5497,-0.00456823,0.0274114
2,59.9316,25598,23393,-0.0136505,-0.00124988
2,105.728,544,476,0.0363278,0.00195326
2,33.418,1876,4964,0.0419692,-0.00161609
2,120.025,13687,16747,0.44093,0.00391371
2,33.151,1875,4965,0.0419692,-0.00161609
2,83.3505,15474,15430,-0.0136505,-0.00124988
2,120.817,544,544,0.0993172,0.00195326
2,120.042,386110,198880,0.175662,0.00614743
2,34.0926,1807,4828,0.0417897,-0.00161609
2,120.637,277997,517964,0.177242,0.00459071
2,34.0582,1807,4828,0.0417897,-0.00161609
2,34.0824,6625,9209,0.0359596,-0.00156558
2,17.9143,917,3356,-0.0171135,0.0276471
2,120.853,23215,43183,0.176935,-0.00134312
2,43.7112,458,296,0.0341014,0.00208146
2,2.53919,1017,4031,-0.0178145,0.0276471
2,33.4819,1807,4828,0.0417897,-0.00161609
2,34.0581,1807,4896,0.0417897,-0.00161609
2,120.062,239075,386176,0.177242,0.00614965
2,119.607,873,772,0.0360792,0.00195368
2,75.7382,33494,117313,0.0267909,-0.00348548
2,126.499,8581,15619,0.0731863,-0.00157918
2,0.104566,920,3567,-0.0192789,0.0276292
2,98.3695,799712,495377,0.0365064,0.00614965
2,120.87,31606,38765,0.177242,0.00021804
2,28.1592,18643,11607,-0.0383877,-0.00236649
2,0.09433,1100,3703,-0.0180265,0.0163292
2,0.54372,1153,4167,-0.0180125,0.0163292
2,119.621,873,772,0.0360792,0.00195368
2,95.0212,804555,499700,0.0365064,0.00614965
2,90.1771,27479,48973,0.0360387,-0.00134312
2,120.007,737462,347610,0.172977,0.00614965
2,34.2734,4451,7342,0.0359598,-0.00156558
2,120.816,544,544,0.0993172,0.00195326
2,33.4713,1807,4896,0.0417897,-0.00161609
2,33.4525,4191,7413,0.0359596,-0.00156558
2,34.071,1808,4829,0.0417897,-0.00161609
2,12.6896,1053,3493,-0.0177864,0.0276471
2,34.9916,5385,8187,0.0220713,-0.00365332
2,34.0582,1808,4828,0.0417897,-0.00161609
2,0.149692,1144,3771,-0.0207359,0.0276471
2,34.0608,1807,4897,0.0417897,-0.00161609
2,33.4949,5028,7841,0.0357804,-0.00156558
2,34.0557,1807,4829,0.0417897,-0.00161609
2,26.0581,9298,6402,-0.0318942,-0.00279242
2,51.5696,139008,282766,0.0228235,-0.00308189
2,34.0888,1943,6480,0.028081,-0.00370382
2,6.46212,5791,3557,-0.0393053,-0.00255451
2,120.058,320071,525679,0.177242,0.00614965
2,34.0858,1807,4896,0.0417897,-0.00161609
2,120.655,41363,30633,0.156319,0.034987
2,126.627,8501,15415,0.073046,-0.00157918
2,121.527,55863,113379,0.179628,-0.00131959
2,33.8873,1806,4897,0.0417897,-0.00161609
2,48.6267,67027,108828,0.0369342,-0.000643054
2,0.170725,964,3567,-0.01926,0.0276471
2,33.1698,1807,4827,0.0417897,-0.00161609
2,33.732,1807,4895,0.0417897,-0.00161609
2,4.0912,1511,4550,-0.0254058,-0.0105563
2,120.841,25901,106362,0.146473,-0.00485595
2,33.7094,1807,4897,0.0417897,-0.00161609
2,24.7432,14444,57678,-0.0329443,-0.0176355
2,97.951,584,733,0.0263183,0.00137021
2,33.2053,1875,4964,0.0419692,-0.00161609
2,33.9947,1876,4963,0.0419692,-0.00161609
2,90.1398,160954,270501,0.0360387,-0.00131959
2,33.6439,1807,4828,0.0417897,-0.00161609
2,34.134,1807,4897,0.0417897,-0.00161609
2,120.817,496,448,0.138688,0.00137021
2,34.0709,1807,4896,0.0417897,-0.00161609
2,105.729,544,476,0.0363278,0.00195326
2,2.83683,1053,3941,-0.0178589,0.0276471
2,34.0799,1875,4963,0.0419692,-0.00161609
2,34.0629,1808,4895,0.0417897,-0.00161609
2,33.2071,1875,4895,0.0417897,-0.00161609
2,34.1643,1739,4827,0.0434077,-0.00198318
2,120.329,118961,36663,0.464104,0.00393502
2,19.1245,1647,4686,-0.0297092,-0.0105563
2,0.108156,1032,3635,-0.01926,0.0276471
2,120.059,106133,201731,0.17728,0.000239345
2,34.063,1806,4829,0.0417897,-0.00161609
2,35.1668,1883,4896,0.0417897,-0.00161609
2,0.262102,1020,3635,-0.0192692,0.0276471
2,120.825,41106,28895,0.464411,0.00391745
2,94.8456,2.54616e+06,4.56506e+06,0.0365064,0.00614965
2,119.534,873,772,0.0360792,0.00195368
2,64.4349,93879,20393,0.00991854,-0.00331631
2,0.929545,1053,3941,-0.0189464,0.0276471
2,1.15386,1153,4100,-0.016581,0.0163292
2,2.45054,1209,4702,-0.016581,0.0163292
2,33.2089,1875,4895,0.0417897,-0.00161609
2,110.49,85040,181607,0.0381282,-0.00131959
2,38.3281,23715,33804,0.0357839,-0.00101768
2,34.0874,1806,4896,0.0417897,-0.00161609
2,120.693,40698,28866,0.464411,0.00391745
2,33.8269,1806,4828,0.0417897,-0.00161609
2,33.6879,1807,4828,0.0417897,-0.00161609
2,115.081,308563,639664,0.0251678,0.0040597
2,120.507,23367,37390,0.178075,0.000215823
2,30.8867,81495,146480,-0.0389421,-0.00234518
2,64.5042,25152,50808,0.0222013,-0.00343085
2,1.74939,1085,4099,-0.0178589,0.0276471
2,1.81059,1141,4634,-0.0178589,0.0276471
2,34.0586,2213,4896,0.0363814,-0.00156558
2,33.3958,1875,4965,0.0419692,-0.00161609
2,120.515,55314,111062,0.111468,-0.00119039
2,120.127,170731,107005,0.177242,0.000241563
2,120.599,43156,39524,0.450047,0.00391996
2,34.0221,1807,4829,0.0417897,-0.00161609
2,34.0613,1807,4827,0.0417897,-0.00161609
2,90.3601,60737,104387,0.0360387,-0.00131959
2,33.8844,1739,4760,0.0434077,-0.00198318
2,120.656,43642,31452,0.464411,0.0039368
2,2.61109,1053,3941,-0.0189464,0.0276471
2,0.523194,1017,4032,-0.0189021,0.0276471
2,13.4264,228,322,-0.0321075,0.00376785
2,105.743,448,496,0.0285178,0.00137021
2,120.58,29014,48530,0.464411,0.00391371
2,37.5507,14152,21723,0.0357839,-0.00101768
2,33.1519,1807,4895,0.0417897,-0.00161609
2,105.752,544,544,0.0430352,0.00195326
2,120.026,13669,16741,0.44093,0.00391371
2,1.54889,985,3872,-0.0189206,0.0276292
2,120.013,310134,667045,0.111015,0.0040597
2,33.7579,1807,4828,0.0417897,-0.00161609
2,0.15693,1017,4031,-0.0193044,0.0276471
2,98.5323,291831,613569,0.0364684,0.00614965
2,34.093,1875,4964,0.0419692,-0.00161609
2,120.718,85141,50011,0.178801,0.000241563
2,38.0725,7671,11548,0.0359598,-0.00156558
2,31.9108,248241,148170,-0.0389462,0.00356512
2,120.012,324764,582982,0.172978,0.00614743
2,120.01,166726,299211,0.172939,0.000241563
2,34.1443,1875,4897,0.0417897,-0.00161609
2,33.7797,1807,4895,0.0417897,-0.00161609
2,34.0904,1875,4964,0.0419692,-0.00161609
2,120.024,232698,460627,0.159269,0.0040597
2,0.908286,1085,4033,-0.0189464,0.0276471
2,34.1336,1807,4896,0.0417897,-0.00161609
2,33.5675,1807,4827,0.0417897,-0.00161609
2,33.2168,1807,4827,0.0417897,-0.00161609
2,33.6727,1807,4897,0.0417897,-0.00161609
2,33.6861,1807,4897,0.0417897,-0.00161609
2,30.208,186,112,-0.02594,0.00382576
2,120.807,46595,32246,0.464411,0.0039396
2,108.204,13815,25871,0.00624016,-0.0012521
2,119.666,805,772,0.0360792,0.00195368
2,6.50491,1053,3948,-0.0188736,0.0276471
2,120.634,78435,45443,0.178801,0.000241563
2,2.42645,1153,4099,-0.016581,0.0163292
2,74.2941,601,568,0.0342336,0.000744084
2,34.1155,1875,4895,0.0417897,-0.00161609
2,105.743,35688,62909,0.0388382,-0.0013409
2,122.944,34129,50178,0.0999542,0.00021804
2,33.67,1740,4759,0.0434077,-0.00198318
2,33.2571,1806,4896,0.0417897,-0.00161609
2,120.056,427950,690126,0.17728,0.00614965
2,35.0809,12685,17899,0.0354238,-0.00138694
2,0.623633,1153,4101,-0.016581,0.0163292
2,33.4289,1807,4827,0.0417897,-0.00161609
2,120.03,288985,526377,0.174513,0.00614743
2,77.13,117397,224303,0.0360387,-0.00131959
2,134.525,15913,28298,0.206833,-0.0012521
2,34.0934,1808,4827,0.0417897,-0.00161609
2,33.5295,1807,4828,0.0417897,-0.00161609
2,2.44975,1153,4100,-0.016581,0.0163292
2,33.8944,1807,4896,0.0417897,-0.00161609
2,121.287,15621,22858,0.177392,-0.0013409
2,0.094971,1032,3635,-0.01926,0.0276471
2,86.4554,18118,14074,0.0360002,-0.0013409
2,120.072,290736,543508,0.163572,0.0040597
2,120.505,33841,55981,0.176865,0.000215823
2,33.1931,1739,4828,0.0434077,-0.00198318
2,34.018,1875,5021,0.0417897,-0.00161609
2,106.436,279965,622761,0.0388766,0.00458849
2,36.2888,314462,172385,0.0369721,0.00526503
2,34.0645,1874,4964,0.0419692,-0.00161609
2,92.9654,490415,896110,0.0365064,0.00614965
2,18.8532,1579,4550,-0.0254058,-0.0105563
2,0.097046,1088,3703,-0.0193048,0.0276471
2,34.0513,1807,4828,0.0417897,-0.00161609
2,34.1385,1806,4829,0.0417897,-0.00161609
2,33.6763,1807,4896,0.0417897,-0.00161609
2,120.488,352001,219669,0.177242,0.00614965
2,120.836,45661,85006,0.177242,0.000243925
2,119.577,873,772,0.0360792,0.00195368
2,34.0682,1807,4827,0.0417897,-0.00161609
2,0.203176,1085,4100,-0.0193044,0.0276471
2,33.3624,5859,8654,0.0336367,-0.00502378
2,19.7591,5422,4529,-0.0338969,-0.00260501
2,90.0813,99361,200187,0.0360387,-0.00131959
2,34.0957,1875,4895,0.0417897,-0.00161609
2,33.1409,1875,4896,0.0417897,-0.00161609
2,122.05,30616,99401,0.0921406,-0.00348548
2,33.4753,1876,4964,0.0419692,-0.00161609
2,33.9893,1874,4964,0.0419692,-0.00161609
2,120.009,200731,390953,0.172978,0.00614743
2,30.223,168,186,-0.0204497,0.00382618
2,120.002,578728,287508,0.171621,0.00614965
2,119.583,805,772,0.0360792,0.00195368
2,34.0808,1807,4896,0.0434077,-0.00198318
2,120.189,26440,19979,0.177242,0.00021804
2,33.2255,1807,4828,0.0417897,-0.00161609
2,33.6337,1807,4828,0.0417897,-0.00161609
2,0.366536,1017,4100,-0.0178589,0.0276471
2,59.9263,25532,23346,-0.0136505,-0.00124988
2,120.025,27368,19973,0.172594,0.00021804
2,120.776,46295,85106,0.177242,0.000243925
2,33.8169,1875,4896,0.0417897,-0.00161609
2,33.4886,1807,4896,0.0417897,-0.00161609
2,33.9407,1874,4895,0.0417897,-0.00161609
2,33.6068,1807,4897,0.0417897,-0.00161609
2,120.051,314939,578433,0.17728,0.00614743
2,67.055,33865,113836,0.0268486,-0.00343085
2,120.766,79201,47601,0.464411,0.00393724
2,119.934,23644,41451,0.038883,-0.00134312
2,120.633,46044,33026,0.156319,0.0350091
2,33.1925,1807,4897,0.0417897,-0.00161609
2,34.1291,1807,4827,0.0417897,-0.00161609
2,120.291,32444,27360,0.177242,0.00021804
2,34.1127,1807,4896,0.0434077,-0.00198318
2,33.2253,1943,4895,0.0419692,-0.00161609
2,34.0786,1807,4896,0.0417897,-0.00161609
2,93.9486,905853,494621,0.0365064,0.00614965
2,120.045,557342,280394,0.17728,0.00614965
2,112.805,493317,852571,0.0388762,0.00614965
2,76.3975,20859,121250,0.0216065,-0.00471029
2,33.5188,5195,7811,0.0357804,-0.00156558
2,33.3792,1875,4964,0.0419692,-0.00161609
2,33.8861,1875,4963,0.0419692,-0.00161609
2,33.4003,1807,4897,0.0417897,-0.00161609
2,79.117,36416,156722,0.0383563,-0.00485595
2,0.093293,1100,3703,-0.0180265,0.0163292
2,120.649,78882,45890,0.178801,0.000241563
2,120.511,345641,228972,0.177242,0.00614965
2,19.0078,1579,4550,-0.0254058,-0.0105563
2,100.452,504824,873282,0.0365064,0.00614965
2,10.8307,757,3356,-0.0171324,0.0276292
2,126.568,8650,15687,0.0732227,-0.00157918
2,1.44546,985,3871,-0.017833,0.0276292
2,34.0695,1808,4897,0.0417897,-0.00161609
2,33.4579,1807,4896,0.0417897,-0.00161609
2,34.0793,1739,4760,0.0434077,-0.00198318
2,34.08,1807,4829,0.0434077,-0.00198318
2,34.0707,1807,4895,0.0417897,-0.00161609
2,105.733,476,476,0.0363278,0.00195326
2,90.1326,159148,302241,0.0360387,-0.00131959
2,120.029,13455,16438,0.440935,0.00390434
2,120.784,27932,117741,0.145387,-0.0015989
2,0.815461,1085,4032,-0.0178589,0.0276471
2,33.7095,1807,4827,0.0417897,-0.00161609
2,34.0891,1806,4895,0.0417897,-0.00161609
2,0.643725,1085,4032,-0.0178589,0.0276471
2,82.4488,512547,243991,0.0360382,0.00459071
2,34.0574,1807,4897,0.0417897,-0.00161609
2,1.34218,1085,4032,-0.0189464,0.0276471
2,33.2431,1807,4828,0.0417897,-0.00161609
2,33.2489,1875,4965,0.0419692,-0.00161609
2,33.9014,1807,4895,0.0417897,-0.00161609
2,0.426597,1053,3940,-0.0178589,0.0276471
2,0.096146,964,3567,-0.01926,0.0276471
2,120.712,79049,46040,0.178801,0.000241563
2,33.3992,1806,4897,0.0417897,-0.00161609
2,34.0925,1807,4896,0.0417897,-0.00161609
2,0.015252,68,68,-0.0312931,0.00385105
2,0.777059,985,3872,-0.017833,0.0276292
2,90.3995,157752,379384,0.0360002,-0.00131738
2,1.90271,1085,4032,-0.0178589,0.0276471
2,2.8618,1141,4633,-0.0178589,0.0276471
2,120.479,53105,263677,0.14973,-1.64382e-05
2,45.1877,121307,243185,0.0228235,-0.00308189
2,114.589,36336,59667,0.0384559,0.000215823
2,15.104,124,56,-0.02594,0.00382576
2,120.024,318203,567282,0.172978,0.00614743
2,120.208,30946,27560,0.177242,0.00021804
2,3.56958,1153,4100,-0.016581,0.0163292
2,34.1517,5217,8104,0.0220713,-0.00365332
2,34.0846,1806,4897,0.0417897,-0.00161609
2,74.2907,669,568,0.0342336,0.00195368
2,120.104,28560,52085,0.464411,0.00391371
2,33.7646,1738,4760,0.0434077,-0.00198318
2,38.1316,14266,20395,0.0357839,-0.00101768
2,34.0885,5945,8670,0.0336367,-0.00502378
2,58.6897,526,432,0.0341014,-0.000555902
2,1.98952,1161,4099,-0.0189468,0.0276471
2,120.054,691829,323222,0.17728,0.00614965
2,0.416531,1032,3635,-0.0178145,0.0276471
2,33.5143,1807,4895,0.0417897,-0.00161609
2,34.063,1807,4827,0.0417897,-0.00161609
2,120.625,78787,46199,0.178801,0.000241563
2,33.7851,3899,6996,0.0359596,-0.00156558
2,120.667,28674,45553,0.464411,0.00391371
2,0.499627,985,3873,-0.017833,0.0276292
2,33.2487,1806,4895,0.0417897,-0.00161609
2,0.114477,1032,3635,-0.01926,0.0276471
2,33.596,1807,4896,0.0417897,-0.00161609
2,120.502,95347,249453,0.464449,-0.00122858
2,120.81,74935,43185,0.176897,0.000241563
2,34.0592,1875,4895,0.0412825,-0.00161609
2,120.85,32460,27833,0.177242,0.00021804
2,120.821,496,448,0.138688,0.00137021
2,33.1725,1807,4828,0.0417897,-0.00161609
2,100.261,418843,152892,0.00186116,0.0159401
2,0.080503,1443,4288,-0.0331564,-0.0177664
2,120.706,79060,47606,0.464411,0.00393724
2,120.101,29843,38569,0.177242,0.00021804
2,120.006,29786,38299,0.172939,0.00021804
2,34.0611,1807,4896,0.0417897,-0.00161609
2,34.064,1807,4896,0.0417897,-0.00161609
2,69.9232,106180,195132,0.0360387,-0.00131959
2,34.0801,1807,4897,0.0417897,-0.00161609
2,1.56323,1141,4635,-0.0189464,0.0276471
2,0.173251,1053,3939,-0.0182168,0.0276471
2,34.0705,1807,4896,0.0417897,-0.00161609
2,0.727689,1085,4031,-0.0178145,0.0276471
2,34.0534,1739,4827,0.0429005,-0.00198318
2,33.9817,1875,4895,0.0417897,-0.00161609
2,34.0622,1739,4760,0.0434077,-0.00198318
2,33.447,1807,4896,0.0417897,-0.00161609
2,2.49098,1053,3941,-0.0178589,0.0276471
2,120.003,257599,157995,0.172939,0.00614965
2,34.0641,1807,4828,0.0417897,-0.00161609
2,120.044,172415,431702,0.464449,0.00393502
2,0.260564,1153,4099,-0.016939,0.0163292
2,89.3738,15643,21447,0.0433666,-0.00121391
2,0.110258,964,3635,-0.0192597,0.0276471
2,36.5222,23988,33285,0.0357839,-0.00101768
2,33.3181,1807,4896,0.0417897,-0.00161609
2,33.8599,1807,4896,0.0417897,-0.00161609
2,66.4004,90600,24687,0.0237597,-0.00340733
2,120.434,54698,128589,0.178075,-0.00131959
2,34.0597,6856,9418,0.0381013,-0.00502378
2,33.3844,1875,4964,0.0419692,-0.00161609
2,34.0638,1807,4827,0.0417897,-0.00161609
2,120.042,31096,38220,0.175623,0.00021804
2,37.301,15904,25221,0.0357839,-0.00101768
2,120.204,65474,40254,0.17728,0.000239345
2,33.4751,1807,4897,0.0417897,-0.00161609
2,4.08738,1579,4618,-0.0297092,-0.0105563
2,33.29,1875,4964,0.0419692,-0.00161609
2,23.4093,43389,7857,-0.0339687,-0.0174728
2,2.61273,1017,4099,-0.0178589,0.0276471
2,5.14016,1017,3963,-0.0178145,0.0276471
2,0.834869,1085,4099,-0.0189021,0.0276471
2,34.0848,1807,4827,0.0417897,-0.00161609
2,105.583,846799,1.72013e+06,0.0388762,0.00459071
2,120.026,13738,16698,0.44093,0.00391371
2,120.005,372939,157462,0.455716,0.0159401
2,33.8041,1807,4897,0.0417897,-0.00161609
2,34.0875,1875,4964,0.0419692,-0.00161609
2,33.8428,6912,9197,0.0381013,-0.00502378
2,57.3211,276988,377529,0.0169788,0.0148608
2,33.7167,1806,4827,0.0417897,-0.00161609
2,95.1732,498049,885989,0.0365064,0.00614965
2,33.233,1807,4897,0.0417897,-0.00161609
2,34.055,1739,4759,0.0434077,-0.00198318
2,33.4882,1807,4895,0.0417897,-0.00161609
2,33.9894,6792,9553,0.0379391,-0.00502378
2,120.675,23412,38179,0.178075,0.000215823
2,33.8836,5499,8172,0.0357802,-0.00156558
2,33.9398,10540,13483,0.0378884,-0.00484514
2,98.8641,944998,519114,0.0365064,0.00614965
2,120.45,39621,69901,0.178801,0.000221779
2,34.0456,4092,7094,0.0359598,-0.00156558
2,34.075,1807,4827,0.0417897,-0.00161609
2,120.014,199420,402730,0.172978,0.00614743
2,2.55493,1141,4702,-0.0165901,0.0163292
2,33.9251,1807,4897,0.0417897,-0.00161609
2,1.75143,1053,3940,-0.0178589,0.0276471
2,19.1047,1647,4618,-0.0297092,-0.0105563
2,125.731,6903,11710,0.0907567,-0.00225435
2,1.95498,1065,3735,-0.0203272,0.027643
2,90.1099,99837,193492,0.0360387,-0.00131959
2,121.001,327562,204148,0.177242,0.00459071
2,73.8553,500,594,0.0409409,-0.000479408
2,33.173,1875,4964,0.0419692,-0.00161609
2,58.7822,432,458,0.041124,-0.000555902
2,33.4709,1807,4895,0.0417897,-0.00161609
2,40.1661,24151,36160,0.0357839,-0.00101768
2,33.9153,1740,4828,0.0417897,-0.00161609
2,0.129314,964,3567,-0.01926,0.0276471
2,2.5254,1053,3940,-0.0178589,0.0276471
2,119.5,349079,747297,0.0388382,0.00614965
2,120.701,146223,354976,0.177242,-0.00131738
2,108.299,22068,97501,0.0482897,-0.00333983
2,33.8911,1807,4829,0.0417897,-0.00161609
2,33.9394,1806,4896,0.0417897,-0.00161609
2,5.37363,985,3872,-0.017833,0.0276292
2,0.117861,1032,3635,-0.01926,0.0276471
2,33.8974,1807,4895,0.0417897,-0.00161609
2,34.0911,1739,4828,0.0434077,-0.00198318
2,33.9697,1807,4829,0.0417897,-0.00161609
2,124.787,6647,11538,0.0907567,-0.00225435
2,33.9899,1875,4895,0.0417897,-0.00161609
2,33.2808,1808,4829,0.0417897,-0.00161609
2,34.091,1807,4829,0.0417897,-0.00161609
2,2.95735,1085,4032,-0.0178589,0.0276471
2,120.01,200773,391789,0.172978,0.00614743
2,33.2664,1807,4897,0.0417897,-0.00161609
2,34.0537,1738,4760,0.0417897,-0.00161609
2,0.111861,964,3567,-0.01926,0.0276471
2,122.059,5207,9060,0.0907567,-0.00225435
2,34.082,1807,4895,0.0417897,-0.00161609
2,120.007,674709,321093,0.172977,0.00614965
2,0.416653,1017,4033,-0.0189021,0.0276471
2,120.633,165906,41251,0.165001,-0.00184839
2,33.5002,1807,4827,0.0417897,-0.00161609
2,3.32985,1085,3965,-0.0178236,0.0276471
2,33.4168,5289,8103,0.0220713,-0.00365332
2,75.535,336,372,0.0258501,0.00221629
2,2.13259,1085,4032,-0.0178589,0.0276471
2,34.5588,1806,4828,0.0417897,-0.00161609
2,120.21,21375,21615,0.450009,0.00391371
2,0.150607,920,3499,-0.0192789,0.0276292
2,120.071,28067,21095,0.177242,0.00021804
2,118.199,347193,764500,0.0388766,0.00458849
2,2.45237,1153,4100,-0.016581,0.0163292
2,1.01417,1153,4100,-0.016581,0.0163292
2,34.0665,5803,8572,0.0336367,-0.00502378
2,34.0814,5756,8487,0.0357802,-0.00156558
2,34.0903,1807,4828,0.0417897,-0.00161609
2,34.0846,1807,4828,0.0417897,-0.00161609
2,34.1188,1807,4896,0.0417897,-0.00161609
2,33.8553,1807,4896,0.0417897,-0.00161609
2,33.7073,1808,4828,0.0417897,-0.00161609
2,0.117972,1088,3703,-0.01926,0.0276471
2,126.424,8578,15655,0.0732254,-0.00157918
2,1.76258,1153,4100,-0.016581,0.0163292
2,90.4511,157262,379007,0.0360002,-0.00131738
2,34.0687,1875,4964,0.0419692,-0.00161609
2,120.684,534416,270426,0.17728,0.00614965
2,34.0449,1943,5090,0.0419692,-0.00161609
2,34.0729,1807,4829,0.0417897,-0.00161609
2,37.7886,23750,30690,0.0361857,-0.000666576
2,33.4034,1807,4896,0.0417897,-0.00161609
2,0.184795,1088,3703,-0.0193048,0.0276471
2,33.8903,1807,4829,0.0417897,-0.00161609
2,34.1284,1738,4829,0.0434077,-0.00198318
2,122.967,54074,90543,0.100338,0.000239345
2,33.8622,1807,4827,0.0434077,-0.00198318
2,0.162037,1088,3703,-0.0193048,0.0276471
2,120.021,166595,287157,0.172939,0.000241563
2,120.07,100810,108374,0.44587,-0.00122858
2,120.03,555898,314782,0.17358,0.00614743
2,111.748,659813,317049,0.0388762,0.00614965
2,59.8975,24071,25968,-0.0136505,-0.00124988
2,119.624,873,772,0.0360792,0.00195368
2,33.8866,1739,4827,0.0434077,-0.00198318
2,34.0132,1807,4828,0.0414444,-0.00161609
2,57.5586,145234,351539,0.0274501,-0.00308189
2,33.3494,1807,4829,0.0417897,-0.00161609
2,34.0623,1808,4896,0.0417897,-0.00161609
2,124.836,10998,16182,0.0931028,-0.00135028
2,37.5052,485,304,0.0189455,0.00201932
2,33.9648,1807,4897,0.0417897,-0.00161609
2,34.0642,1807,4827,0.0417897,-0.00161609
2,2.97149,1053,3939,-0.0178589,0.0276471
2,33.9033,1806,4829,0.0417897,-0.00161609
2,120.038,285680,479859,0.175623,0.00614965
2,120.054,324208,649939,0.177242,0.00614965
2,90.1455,154237,370856,0.0269565,-0.00340733
2,33.3513,1807,4829,0.0417897,-0.00161609
2,19.1349,1579,4617,-0.0297092,-0.0105563
2,120.399,43161,39567,0.44587,-0.00124363
2,134.734,23399,44951,0.100344,-0.00134312
2,4.11006,1443,4483,-0.032115,-0.0177664
2,33.7177,1807,4896,0.0417897,-0.00161609
2,57.5114,171207,110260,0.0369342,-0.000643054
2,58.8299,432,526,0.041124,-0.000555902
2,33.2341,1807,4828,0.0417897,-0.00161609
2,43.8089,364,458,0.041124,0.00208146
2,33.6351,1807,4897,0.0417897,-0.00161609
2,52.6316,547,416,0.0189457,0.00129372
2,33.1684,1875,4965,0.0419692,-0.00161609
2,34.0002,1807,4895,0.0417897,-0.00161609
2,33.6651,4630,7425,0.0357802,-0.00156558
2,1.19959,1153,4100,-0.016581,0.0163292
2,0.051032,1123,5497,-0.00451722,0.0274597
2,33.9483,5933,8754,0.0379391,-0.00502378
2,33.9059,5614,8331,0.0359596,-0.00156558
2,33.6438,1806,4897,0.0417897,-0.00161609
2,0.176681,1088,3703,-0.0193048,0.0276471
2,120.008,466323,180120,0.456319,0.0159401
2,0.026854,329,296,-0.0312887,0.00376785
2,33.6247,1739,4759,0.0434077,-0.00198318
2,34.1267,1739,4761,0.0434077,-0.00198318
2,120.033,319144,122135,0.461161,0.0159401
2,34.078,1806,4897,0.0417897,-0.00161609
2,0.89952,1085,4032,-0.0178589,0.0276471
2,120.021,163212,43840,0.441885,0.00184729
2,34.0881,1738,4759,0.0434077,-0.00198318
2,0.828628,1085,4031,-0.0178589,0.0276471
2,34.0714,1807,4895,0.0417897,-0.00161609
2,100.714,967549,530592,0.0365064,0.00614965
2,90.1154,99278,199908,0.0360387,-0.00131959
2,2.98377,985,3873,-0.0178334,0.0276292
2,0.117186,1032,3635,-0.01926,0.0276471
2,0.647603,1085,4101,-0.0178589,0.0276471
2,33.6489,4161,7025,0.0359598,-0.00156558
2,33.5154,1739,4759,0.0434077,-0.00198318
2,3.10604,655,494,-0.0460901,0.00375171
2,0.602515,1085,4032,-0.0178589,0.0276471
2,34.0786,1807,4828,0.0417897,-0.00161609
2,120.461,370426,238099,0.177242,0.00614965
2,33.8994,1807,4827,0.0417897,-0.00161609
2,90.4432,151341,250212,0.0360387,-0.00131959
2,40.6544,10848,14685,0.027817,-0.000911754
2,121.514,13250,19503,0.177397,-0.00135028
2,2.88813,1085,4031,-0.0178589,0.0276471
2,33.7918,1807,4828,0.0417897,-0.00161609
2,2.01234,1085,4032,-0.0178589,0.0276471
2,13.2998,677,282,-0.0273486,0.00376785
2,120.338,16316,27696,0.111471,-0.00121391
2,48.7307,130023,69730,0.0365323,-0.000994157
2,120.934,43757,28779,0.464066,0.0039368
2,74.2727,669,568,0.0342336,0.00195368
2,33.8769,4235,7024,0.0359598,-0.00156558
2,33.5951,1806,4828,0.0434077,-0.00198318
2,33.8023,1807,4896,0.0417897,-0.00161609
2,120.817,496,448,0.138688,0.00137021
2,1.00119,124,168,-0.0265886,0.00358045
2,120.06,474480,186858,0.465052,0.0159401
2,34.0894,1740,4759,0.0434077,-0.00198318
2,34.006,1806,4828,0.0417897,-0.00161609
2,74.1873,669,568,0.0342336,0.00195368
2,120.015,97975,159063,0.172939,0.000241563
2,33.5121,1807,4896,0.0417897,-0.00161609
2,77.8571,468613,230626,0.0360382,0.00459071
2,33.5938,1807,4828,0.0417897,-0.00161609
2,134.695,23863,44722,0.100306,-0.0013409
2,34.9712,1951,4964,0.0419692,-0.00161609
2,69.0138,208294,114063,0.0360387,0.00458849
2,120.013,320169,544105,0.172939,0.00614965
2,0.154094,964,3567,-0.01926,0.0276471
2,106.892,560570,278394,0.0257705,0.0040597
2,120.039,493799,943837,0.176264,0.00614743
2,34.0736,1875,4897,0.0417897,-0.00161609
2,34.1261,4398,7161,0.0357802,-0.00156558
2,120.664,76473,45896,0.178801,0.000241563
2,0.901874,1085,4033,-0.0178589,0.0276471
2,34.2222,1807,4897,0.0417897,-0.00161609
2,120.817,496,448,0.138688,0.00137021
2,0.295395,1085,4033,-0.0182168,0.0276471
2,55.6786,143191,217824,0.0369342,-0.000643054
2,33.8885,1807,4828,0.0417897,-0.00161609
2,90.6242,408,408,0.0342293,0.00195326
2,120.028,677572,336291,0.172977,0.00614965
2,33.1545,1807,4895,0.0417897,-0.00161609
2,105.743,544,544,0.0430352,0.00195326
2,34.0865,1807,4896,0.0417897,-0.00161609
2,33.4391,1807,4896,0.0417897,-0.00161609
2,13.3195,228,322,-0.0321075,0.00376785
2,4.09607,1511,4482,-0.0254058,-0.0105563
2,120.351,171533,266956,0.177242,0.000241563
2,2.70196,1053,3940,-0.0177931,0.0276471
2,120.069,22955,45458,0.177287,-0.00134312
2,120.012,478216,257525,0.172977,0.00614965
