label,Duration,FlowBytesSent,FlowBytesReceived,shap_Duration,shap_FlowBytesSent
0,0.268802,178,112,-0.0156736,-0.00109387
0,0.024983,55,66,-0.0118934,-0.00295434
0,0.132729,171,171,-0.0215766,-0.00408359
0,0.272363,1379,28969,-0.0244112,-0.00490213
0,0.038965,162,138,-0.0134495,-0.00413187
0,0.166321,108,305,-0.0128722,-0.00327355
0,0.025227,55,66,-0.0118934,-0.00295434
0,0.028397,55,66,-0.00960004,-0.00265755
0,0.03426,55,60,-0.00855958,0.00025116
0,2.19127,4631,84427,-0.0236908,-0.00420702
0,0.437243,2023,7918,-0.0151862,-0.00941849
0,40.6084,271,271,0.0120814,-0.00782371
0,0.214074,2024,7062,-0.0169099,-0.00703762
0,0.02972,55,66,-0.00955148,-0.00240482
0,0.099157,55,66,-0.0126645,-0.00343105
0,100.601,13748,1372,0.0127335,0.00187607
0,0.015296,55,66,-0.0120719,-0.00407914
0,0.241113,55,66,-0.012766,-0.00354156
0,0.218389,55,60,-0.012298,-0.00253875
0,0.393691,1436,3369,-0.0140392,-0.0122245
0,2.70621,572,598,-0.0133232,-0.00521987
0,0.033643,55,66,-0.00947669,-0.00252039
0,0.364534,327,192,-0.014467,-0.00111729
0,75.0387,218,318,0.013942,-0.321779
0,6.1497,1523,969,-0.0148482,-0.00426568
0,0.163548,1149,5474,-0.0109047,3.91347e-05
0,6.93439,498,231,-0.0127152,-0.00211354
0,10.2993,4161,11309,-0.0142892,-0.00533853
0,0.072174,1711,4088,-0.0148633,-0.00473276
0,1.19736,2456,27186,-0.0202153,-0.00842162
0,0.224816,1788,6263,-0.0146538,-0.0107318
0,1.51931,19836,232481,-0.0266145,0.00435513
0,1.67283,3707,3579,-0.0250904,-0.00471624
0,0.025043,423,403,-0.021465,-0.00126304
0,0.02094,55,66,-0.012415,-0.00337389
0,0.12837,1552,5678,-0.0171897,-0.0089664
0,0.143242,1502,3978,-0.0136952,-0.0107291
0,6.47279,2376,4560,-0.0129864,-0.0127057
0,7.24066,2075,3849,-0.028737,-0.00684564
0,9.72686,4108,6720,-0.0160211,-0.0100515
0,1.00071,1482,8075,-0.0139178,-0.0046843
0,0.025417,55,60,-0.0117772,-0.00239456
0,2.09423,4625,8686,-0.0143013,-0.0222018
0,0.130735,178,112,-0.0157041,-0.00105863
0,14.8963,163,296,-0.0126697,-0.00362796
0,36.8153,1263,1174,0.00592918,-0.00224859
0,0.02782,55,66,-0.00960007,-0.00268171
0,0.287268,2939,73522,-0.0256602,-0.00637432
0,0.89959,1689,5631,-0.0133685,-0.0150712
0,7.41433,1836,4838,-0.0158505,-0.00773121
0,10.3145,2297,7118,-0.0141108,-0.00858304
0,0.086813,220,108,-0.0121538,-0.0146945
0,3.07243,8983,8420,-0.0141546,-0.0185706
0,42.0006,9543,245144,0.0109685,0.000731264
0,14.6502,163,296,-0.0126764,-0.00363729
0,0.138871,216,231,-0.0130473,-0.00520113
0,56.9829,1944,13408,0.0126809,-0.00435001
0,60.6856,2875,4606,0.0130091,-0.00857666
0,1.55595,519,376,-0.0145495,-0.000858847
0,13.0929,2215,1240,-0.0318024,-0.00412875
0,0.071486,178,178,-0.018748,-0.00269479
0,0.10507,1775,5114,-0.0141768,-0.0093357
0,80.7943,4343,8981,0.0118475,-0.00152756
0,0.025218,55,66,-0.0118934,-0.00295434
0,0.044225,55,66,-0.0125168,-0.00324941
0,0.149005,2430,3883,-0.0146406,-0.00859447
0,0.11924,1632,5338,-0.0143151,-0.00991327
0,14.8722,163,303,-0.0126578,-0.00367197
0,0.015268,55,66,-0.0120719,-0.00407909
0,0.192023,1436,3773,-0.0140465,-0.0156393
0,0.01518,55,66,-0.0120718,-0.00407909
0,0.025246,55,66,-0.0118934,-0.00295434
0,8.49923,5684,4679,-0.0192823,-0.0114258
0,22.195,36571,2916,-0.0131938,0.00742309
0,0.344071,2047,6619,-0.0156949,-0.00408608
0,113.74,6271,52869,0.0213166,-0.000676345
0,0.176766,1658,6133,-0.0185677,-0.00522692
0,6.56313,1841,4754,-0.0133726,-0.0122712
0,0.029598,55,66,-0.00955266,-0.00240618
0,2.1422,1676,3842,-0.0139323,-0.0134358
0,0.015223,55,66,-0.0120718,-0.00407909
0,0.01492,55,66,-0.0125082,-0.00430374
0,12.8729,519,310,-0.0124559,0.000361369
0,0.01492,55,66,-0.0125082,-0.00430374
0,0.023843,213,108,-0.012167,-0.0141046
0,61.5846,11796,704707,0.0173625,0.000627338
0,0.028205,305,108,-0.0122864,-0.0129815
0,0.024746,55,66,-0.0118934,-0.00295434
0,22.5268,2554,1312,-0.0141891,-0.00530624
0,0.043897,112,66,-0.0186912,-0.00164324
0,0.019513,55,66,-0.0117017,-0.00316761
0,7.04575,9668,429156,-0.017982,0.00146664
0,10.7164,2076,4850,-0.0206004,-0.00423017
0,0.115903,2189,43502,-0.0204824,-0.00577491
0,9.07549,2198,30365,-0.0179538,-0.00310633
0,0.16618,1404,3905,-0.0171468,-0.00574271
0,0.02739,237,108,-0.0121422,-0.01335
0,0.08229,527,703,-0.0147622,-0.00763525
0,0.026991,171,105,-0.0135684,-0.00231194
0,0.811644,5931,7875,-0.0140421,-0.00667161
0,0.774314,2230,6362,-0.015864,-0.00779478
0,0.118435,2359,99384,-0.020586,-0.00604274
0,0.24817,1625,1073,-0.0245622,-0.00481747
0,0.627369,1526,4780,-0.0142081,-0.00954341
0,1.35143,458,132,-0.0141864,-0.000788353
0,36.5794,2641,21090,0.00810096,-0.00457198
0,0.015262,55,66,-0.0120719,-0.00407909
0,0.024865,55,60,-0.0117808,-0.0023953
0,0.258205,1731,5687,-0.0152106,-0.0121677
0,0.402891,1436,3370,-0.0140322,-0.012343
0,0.134314,1569,6450,-0.0152869,-0.00975146
0,0.271206,55,66,-0.0127693,-0.00327529
0,0.421673,987,3372,-0.0111349,0.00695878
0,0.102868,1368,4473,-0.0131022,-0.00736018
0,0.100633,55,66,-0.0126645,-0.00343105
0,0.499908,2201,15203,-0.0164319,-0.00463622
0,0.297223,279,240,-0.0150373,-0.00328437
0,0.26563,1141,3990,-0.0110876,0.00267119
0,97.8158,2302,7678,0.0130302,-0.0082808
0,0.392626,1436,3369,-0.0140555,-0.0120408
0,20.3883,498,303,-0.0126001,-0.000393223
0,0.597576,2980,47493,-0.0164148,-0.00694811
0,13.264,1054,6026,-0.0126704,-0.000260946
0,59.8937,272,437,0.0125526,-0.0207673
0,39.9331,46888,2.46869e+06,0.010978,0.00861994
0,0.078424,1867,5681,-0.0148476,-0.0112822
0,0.118864,1638,6215,-0.0142263,-0.0101434
0,2.40667,12238,719355,-0.0189834,0.00116131
0,0.034281,55,60,-0.00855958,0.00025116
0,0.283943,3048,6989,-0.0190886,-0.00438766
0,0.0204,55,66,-0.0116985,-0.00335808
0,0.019148,55,66,-0.0117045,-0.00326967
0,0.026981,55,66,-0.0095992,-0.00325695
0,14.8872,163,371,-0.0114511,-0.00349542
0,0.09793,108,305,-0.0128526,-0.00355754
0,11.1681,3187,9525,-0.0335922,-0.00596755
0,0.199201,1436,4278,-0.0141917,-0.0136701
0,0.015329,108,60,-0.0125205,-0.00587179
0,1.17118,3655,167343,-0.0201054,-0.00527746
0,0.164928,1436,3369,-0.01402,-0.0156413
0,10.1732,3453,4751,-0.0144058,-0.00803328
0,0.015135,55,66,-0.0121601,-0.00406741
0,0.028518,162,138,-0.0198637,-0.0154502
0,2.70186,2182,12254,-0.0181541,-0.00532819
0,10.3348,2035,512,-0.0134607,-0.00359826
0,45.0373,110,132,0.0107004,-0.00661448
0,3.4904,6688,102084,-0.0233241,-0.00254215
0,8.50086,2875,20684,-0.0161624,-0.00150942
0,0.025275,317,108,-0.012144,-0.0122365
0,73.7698,32755,1.01013e+06,0.0145747,0.0079017
0,0.194528,1490,3839,-0.0139609,-0.0154352
0,0.015237,55,66,-0.0120718,-0.00407909
0,0.306979,1643,948,-0.0150655,-0.00556903
0,25.3485,163,271,-0.0124469,-0.00438595
0,4.04615,7850,6457,-0.015045,-0.00656082
0,0.11167,327,264,-0.0142867,-0.00112801
0,0.100434,1394,3799,-0.0140002,-0.0107759
0,0.024835,55,66,-0.0118934,-0.00295434
0,10.9018,1752,8067,-0.0130782,-0.00493933
0,0.015332,55,66,-0.0120719,-0.00407914
0,0.025084,55,66,-0.0118934,-0.00295434
0,2.5011,2084,4592,-0.0187374,-0.00613423
0,0.015143,55,66,-0.0120755,-0.00403841
0,0.015303,55,66,-0.0120719,-0.00407914
0,0.165891,1394,3369,-0.0149107,-0.0109542
0,7.2e-05,145,108,-0.011979,-0.0150487
0,0.453553,1587,2692,-0.0167672,-0.00555813
0,10.674,1249,4313,-0.0110543,0.00143099
0,0.236458,1629,6943,-0.0151514,-0.0056467
0,10.1722,958,513,-0.0126774,0.000559095
0,7.76315,1804,6810,-0.0142646,-0.00651087
0,0.015282,55,66,-0.0120719,-0.00407914
0,19.267,27933,1.21974e+06,-0.0242164,0.00720724
0,0.020538,178,112,-0.0153428,-0.00112153
0,3.18069,2771,3763,-0.0304497,-0.00723954
0,0.078468,55,66,-0.0126679,-0.00341858
0,0.015182,55,66,-0.0120718,-0.00407909
0,0.139264,55,66,-0.0127703,-0.00350406
0,3.72146,24341,1.58278e+06,-0.0183065,0.00507218
0,1.66612,1948,10111,-0.0185084,-0.00699364
0,5.17463,4563,5190,-0.0138056,-0.00273197
0,0.085771,55,66,-0.0126679,-0.0034344
0,36.6656,5036,70934,0.00747413,-0.00481101
0,12.8421,163,126,-0.0117659,-0.00464855
0,0.959571,1825,23837,-0.0201564,-0.00464071
0,0.028734,305,162,-0.0120127,-0.0120802
0,0.027794,327,132,-0.0135537,-0.000901006
0,7.13924,10886,354794,-0.0240375,-0.000747324
0,0.015289,55,66,-0.0120719,-0.00407914
0,0.015128,55,66,-0.0121601,-0.00406741
0,0.086127,55,66,-0.0126679,-0.0034344
0,0.04474,55,66,-0.0125168,-0.00324941
0,71.8805,110,132,0.0123441,-0.00781502
0,116.035,5022,73816,0.0182573,-0.000397374
0,1.07335,128,66,-0.0137866,-0.00559891
0,0.028323,55,66,-0.00960004,-0.00265755
0,9.92682,4609,59380,-0.0163446,-0.00166826
0,64.823,7874,72405,0.00933484,-0.00075877
0,0.073844,1249,6052,-0.011025,0.00278612
0,0.015273,147,93,-0.0129953,-0.00515594
0,12.4265,1195,7045,-0.0127609,-0.000596539
0,0.020898,55,66,-0.012415,-0.00337389
0,4.78366,4651,13841,-0.0233785,-0.00985328
0,78.2747,697,356,0.00902751,-0.0043092
0,16.0742,163,126,-0.0116758,-0.0039756
0,11.5562,1782,962,-0.0125579,-0.00323788
0,0.015181,55,66,-0.0120718,-0.00407909
0,20.531,5196,417567,-0.0250063,-0.00348355
0,0.085052,1602,4912,-0.0137988,-0.0115143
0,0.727329,1644,4228,-0.0135215,-0.0128193
0,0.026799,55,66,-0.00959917,-0.00325777
0,16.3829,2709,5517,-0.0135937,-0.0124214
0,15.8282,5990,135541,-0.0235199,-0.00104006
0,0.78947,85,162,-0.0130408,-0.00354201
0,0.020384,55,60,-0.0117248,-0.00237049
0,0.057942,1108,6938,-0.0132758,-0.00088277
0,0.360847,2813,24522,-0.0178758,-0.0058664
0,0.130893,1328,3707,-0.0144957,-0.00902616
0,0.028531,55,66,-0.00960004,-0.00265738
0,3.7228,2115,3413,-0.0259804,-0.00573025
0,0.193617,341,198,-0.0146835,-0.000850841
0,0.218637,1460,7574,-0.0178392,-0.0097983
0,0.086481,1566,3707,-0.0143397,-0.0117778
0,0.019515,55,60,-0.0117277,-0.00218119
0,0.025198,171,171,-0.0211292,-0.00311569
0,0.024832,55,66,-0.0118934,-0.00295434
0,5.1412,35065,856772,-0.0190524,0.00623012
0,43.7612,6107,4521,-0.0023152,-0.000717812
0,0.061392,279,180,-0.0158921,-0.00425873
0,91.9908,2129,7696,0.0120438,-0.0156794
0,0.024838,55,66,-0.0118934,-0.00295434
0,0.024379,327,192,-0.0167264,-0.00132442
0,0.17412,1436,3369,-0.0140164,-0.0157325
0,116.413,3244,8704,0.0145429,-0.00667883
0,0.020954,55,66,-0.012415,-0.00337389
0,0.029964,198,108,-0.0120876,-0.0131732
0,2.13558,163,126,-0.0123924,-0.00404578
0,0.135659,171,171,-0.0215773,-0.00408379
0,0.787762,5271,12360,-0.0168391,-0.00351358
0,37.7203,738,4437,0.00696003,-0.00388762
0,1.58147,2255,5641,-0.0150054,-0.0199778
0,9.3946,5829,357417,-0.0181971,0.000265059
0,0.01487,55,66,-0.0125105,-0.00426143
0,92.0067,2283,5133,0.00307264,-0.0045113
0,6.25445,1955,7323,-0.0122083,-0.0110839
0,2.2357,1804,8400,-0.0175237,-0.00474524
0,3.85685,1793,4718,-0.0118936,-0.0109213
0,0.026891,387,291,-0.0137046,-0.00980685
0,0.014932,55,66,-0.0125085,-0.0043039
0,0.015143,55,66,-0.0120755,-0.00403841
0,1.66273,1590,4094,-0.0141519,-0.00883394
0,0.10733,341,198,-0.0147677,-0.00111085
0,38.532,2968,21645,0.012368,-0.00424824
0,0.015161,55,66,-0.0120718,-0.00407909
0,10.8969,2030,8087,-0.0143292,-0.00435298
0,0.118922,1394,3663,-0.0159356,-0.0145649
0,0.891675,2285,4567,-0.0141189,-0.0123093
0,102.607,3457,9204,0.0136924,-0.0152616
0,20.0299,163,273,-0.0125934,-0.00805082
0,0.147964,1550,1211,-0.0172726,-0.00542724
0,14.3734,1281,520,-0.0151434,-0.00100127
0,40.1386,2537,37667,0.00947544,-0.005112
0,0.015238,55,66,-0.0120718,-0.00407909
0,0.203932,1556,4409,-0.0141771,-0.0157067
0,0.179371,2170,8374,-0.0178481,-0.00543583
0,0.089394,1195,4687,-0.0110087,-0.00197372
0,20.9249,271,271,-0.0127329,-0.00221097
0,0.026796,55,66,-0.00959917,-0.00325777
0,0.086127,55,66,-0.0126679,-0.0034344
0,0.026734,55,66,-0.00932739,-0.00289591
0,0.894273,7124,231495,-0.0195195,0.00194778
0,0.028055,55,60,-0.00848883,-0.00170916
0,26.1126,22623,4075,-0.0184102,0.0139832
0,0.019568,55,66,-0.0117017,-0.00316761
0,22.6256,1952,6185,-0.0129235,-0.00498446
0,0.329773,19697,6594,-0.019822,0.00315971
0,0.026921,55,66,-0.0095992,-0.00325695
0,0.392254,1526,4132,-0.0143293,-0.0118922
0,0.171634,1710,7429,-0.0144957,-0.0106147
0,0.145304,1809,1634,-0.0204801,-0.00427801
0,34.9569,2660,7458,0.00942928,-0.00529857
0,0.015217,147,93,-0.0130214,-0.00515594
0,0.197411,1690,4226,-0.0125698,-0.00918126
0,0.015174,55,66,-0.0120718,-0.00407909
0,17.0577,163,126,-0.0112981,-0.00878752
0,0.015947,178,178,-0.0186072,-0.00333909
0,0.015261,55,66,-0.0120719,-0.00407909
0,0.024926,178,112,-0.0153883,-0.000976753
0,0.027287,55,66,-0.00960361,-0.0032569
0,6.20767,2096,7969,-0.0139316,-0.00826069
0,6.29586,2313,5938,-0.0129416,-0.00836703
0,40.1768,1708,4456,0.0117569,-0.00542855
0,48.1296,6523,281164,0.00800715,0.000159953
0,6.34808,1590,6370,-0.0138513,-0.0109452
0,1.10536,2083,12248,-0.021791,-0.00487368
0,60.1231,2129,5617,0.0114218,-0.00823498
0,0.015163,55,66,-0.0120718,-0.00407909
0,15.622,519,376,-0.0204951,-0.0081657
0,6.73339,163,126,-0.012203,-0.00429607
0,7.65422,2669,6969,-0.012412,-0.00714914
0,32.1236,2746,4036,-0.0112631,-0.00916677
0,0.015163,55,66,-0.0120718,-0.00407909
0,18.3967,163,126,-0.01129,-0.00878757
0,4.27102,2485,40636,-0.0167849,-0.00419893
0,0.067069,1599,6961,-0.0154576,-0.00688395
0,1.33905,320,260,-0.0133717,-0.00744712
0,0.033481,55,66,-0.00947669,-0.00252039
0,0.072202,178,112,-0.0156633,-0.000818914
0,27.8619,470,6531,-0.0142857,-0.0016884
0,2.19813,23198,879774,-0.0192625,0.00441654
0,14.8598,163,296,-0.0123518,-0.0036646
0,2.88846,1945,3134,-0.0120547,-0.00683347
0,59.0685,356,290,0.0112895,-0.00127153
0,8.80913,2085,6806,-0.0132944,-0.00843144
0,0.083031,55,66,-0.0126679,-0.00341858
0,9.07879,3658,52947,-0.015026,-0.0183375
0,6.58934,1173,473,-0.0134926,-0.000709065
0,0.083514,55,66,-0.0126679,-0.0034344
0,0.611512,1705,5764,-0.0177148,-0.00802246
0,0.758382,1712,4834,-0.0109903,-0.0103244
0,1.46836,3677,189569,-0.0197483,-0.00539575
0,0.100727,327,198,-0.0142695,-0.00141253
0,0.114807,1584,5210,-0.0140209,-0.015831
0,0.019619,178,178,-0.0186651,-0.00303983
0,68.0211,6267,5864,0.0109603,-0.00538758
0,8.81925,217,211,-0.0183953,-0.0187803
0,2.06784,3617,37619,-0.0158518,-0.00754176
0,49.8251,1974,3325,0.0132839,-0.00488334
0,0.028022,305,108,-0.0121586,-0.0119799
0,30.0195,2124,8994,-0.0130962,-0.0135793
0,3.23093,1874,7164,-0.0141071,-0.0149579
0,0.149367,2206,32682,-0.0209893,-0.00503916
0,0.025283,55,66,-0.0118934,-0.00295434
0,0.015113,55,66,-0.0123618,-0.00408574
0,0.025188,55,66,-0.0118934,-0.00295434
0,0.074788,1776,5795,-0.0131195,-0.01401
0,0.020962,305,108,-0.0122972,-0.0131563
0,6.49646,1322,3830,-0.0129798,-0.00837973
0,0.179003,1526,3502,-0.0130964,-0.0149683
0,0.137864,4818,1435,-0.0142937,-0.0064408
0,0.023712,55,66,-0.0118936,-0.0029544
0,0.09615,341,198,-0.0142902,-0.00101404
0,61.0604,2091,4392,0.00928477,-0.00907734
0,0.091989,55,66,-0.0126657,-0.00343097
0,0.083593,178,112,-0.0156883,-0.00104409
0,41.8936,15966,1.03859e+06,0.0142259,0.00102407
0,18.8753,2054,3883,-0.0190822,-0.00328292
0,0.422245,1752,5084,-0.0121126,-0.00989687
0,0.258254,120,66,-0.0132741,-0.00436986
0,3.26605,519,442,-0.014008,-0.00543148
0,31.5151,2947,7452,-0.0126109,-0.0181279
0,0.018857,55,66,-0.0117232,-0.00343942
0,9.7673,3412,41512,-0.0126883,-0.00377455
0,0.015232,154,100,-0.0132375,-0.00581605
0,0.069528,1774,5725,-0.0122967,-0.0119017
0,0.015792,55,66,-0.0120814,-0.00403495
0,0.024695,325,229,-0.0144016,-0.0113177
0,0.095339,1610,4961,-0.0142352,-0.0122839
0,0.252648,1449,6041,-0.0140161,-0.00511446
0,0.015245,55,66,-0.0120718,-0.00407909
0,0.015249,55,66,-0.0120718,-0.00407909
0,0.590431,3138,5695,-0.0190785,-0.00446586
0,0.056647,171,171,-0.0214118,-0.0057639
0,0.825746,3174,38846,-0.0180036,-0.00388888
0,0.020732,55,66,-0.0116986,-0.00335765
0,29.3765,3579,7587,-0.0141098,-0.0209292
0,0.789318,2171,64143,-0.0162202,-0.00495302
0,2.80734,32221,1.74176e+06,-0.019395,0.00537992
0,0.025254,171,105,-0.0133556,-0.00239545
0,0.141305,1653,7740,-0.0158697,-0.005922
0,34.5152,1717,692,0.0119577,-0.00377949
0,18.7309,2330,8251,-0.0146036,-0.00482423
0,0.015121,55,66,-0.0123095,-0.00408575
0,0.039728,55,60,-0.00932704,0.000291061
0,0.147712,1903,9733,-0.0161477,-0.0104262
0,16.4066,7378,11075,-0.0163679,-0.00324398
0,24.9643,911,593,-0.00956491,-0.000642225
0,45.0543,110,132,0.0115074,-0.00386412
0,13.8081,2733,5606,-0.0155119,-0.00478692
0,0.025652,55,60,-0.0117773,-0.00239227
0,0.015259,55,66,-0.0120719,-0.00407909
0,0.029045,369,222,-0.0231207,-0.00200386
0,4.72356,10141,36250,-0.0157468,-0.00147643
0,0.15562,55,66,-0.0127838,-0.0035059
0,4.08754,559,15273,-0.014481,-0.000328035
0,0.688509,1791,1342,-0.0155866,-0.00591831
0,2.16327,5418,8487,-0.0150235,-0.00148149
0,0.172006,369,288,-0.015113,-0.000269042
0,0.037391,55,66,-0.00966248,-0.00232078
0,0.116186,4474,271364,-0.0195735,-0.00128848
0,0.044324,1123,7924,-0.014386,-0.00199906
0,0.084742,154,100,-0.0135811,-0.00448869
0,0.105391,1492,4765,-0.0156974,-0.0211179
0,0.171555,2489,3365,-0.0154655,-0.0166229
0,3.15916,3825,41899,-0.0181034,-0.00699673
0,0.108122,1545,3508,-0.0139916,-0.0117702
0,0.180966,1460,4278,-0.0138944,-0.0090006
0,0.097731,55,66,-0.0126646,-0.00343105
0,0.933548,2079,43043,-0.0175538,-0.00414841
0,5.39728,1715,6207,-0.0122834,-0.00689986
0,0.170127,1612,6718,-0.0179014,-0.00906789
0,0.266414,290,190,-0.0160889,-3.97485e-05
0,0.123339,2189,13734,-0.0272575,-0.00268579
0,0.021322,55,66,-0.0124195,-0.00337362
0,0.025239,55,66,-0.0118934,-0.00295434
0,7.51966,1165,473,-0.0134874,-0.000399129
0,0.027866,55,66,-0.00960007,-0.00268171
0,1.21608,1664,1106,-0.0149273,-0.00451686
0,0.027983,55,66,-0.00960027,-0.00268171
0,1.28422,1866,5158,-0.0171107,-0.00664048
0,0.084826,154,100,-0.0135811,-0.00448869
0,0.279413,276,105,-0.0140167,-0.00335727
0,104.701,11906,13955,0.00709477,0.000692625
0,1.05467,2057,9106,-0.018577,-0.0108609
0,0.022841,55,66,-0.0119237,-0.00295872
0,0.091229,1530,5336,-0.0144889,-0.0106317
0,1.03778,1025,3995,-0.0100897,0.000744308
0,0.750691,1877,1971,-0.03089,-0.00766913
0,66.1085,3280,9042,0.0130885,-0.0189724
0,18.9209,2214,4925,-0.0254987,-0.0105025
0,0.015255,55,66,-0.0120719,-0.00407909
0,0.284477,1025,4052,-0.011209,0.00482017
0,9.85683,7255,133025,-0.0193671,-0.00141592
0,41.3958,12707,7243,0.0141043,0.00174966
0,0.058165,971,2101,-0.0115828,-0.00020322
0,0.41876,2176,6877,-0.0144698,-0.0104438
0,11.7001,1530,5559,-0.0123188,-0.0120972
0,0.986023,1638,5771,-0.0140681,-0.00918471
0,0.015234,55,66,-0.0120718,-0.00407909
0,61.3517,3035,7221,0.0128571,-0.0133244
0,0.196617,2010,7080,-0.0166851,-0.0060761
0,22.7504,217,204,-0.0121777,-0.00637183
0,1.86837,2488,6531,-0.0138504,-0.0124675
0,1.03906,128,74,-0.00973534,-0.00607828
0,0.090225,1615,7132,-0.0206566,-0.00314126
0,0.026944,55,66,-0.0095992,-0.00325695
0,8.10963,2328,65880,-0.0188043,-0.00624344
0,0.024805,171,105,-0.0133551,-0.00239545
0,0.065517,171,171,-0.0212399,-0.00351118
0,0.086381,1486,700,-0.0165716,-0.00512584
0,0.020773,55,66,-0.012415,-0.00337389
0,0.057734,1195,5774,-0.0112476,0.00290453
0,3.87763,21820,901446,-0.0188731,0.00433018
0,93.0754,2805,33483,0.0155014,-0.00872365
0,14.012,1666,5031,-0.0143616,-0.027562
0,30.1361,217,211,-0.0130952,-0.00625611
0,41.4457,2890,7669,0.0111863,-0.0167869
0,0.015175,55,66,-0.0120718,-0.00407909
0,92.2012,2266,8543,0.0143549,-0.0154258
0,0.030553,341,132,-0.0129255,-0.00258713
0,30.4048,1956,5001,-0.0131423,-0.0129529
0,0.414169,3049,17984,-0.0209865,-0.00555557
0,0.306132,3798,9584,-0.0151537,-0.00901251
0,0.022366,162,138,-0.0198744,-0.0148939
0,81.6046,6093,140619,0.0122559,0.000541236
0,0.200445,55,66,-0.0127651,-0.00353655
0,1.87106,1985,8807,-0.0145768,-0.0055025
0,0.079154,1653,6405,-0.0146096,-0.0111637
0,0.053412,1162,7620,-0.0133397,-0.0021666
0,0.032326,55,60,-0.00837059,-0.00126198
0,0.743589,1568,6015,-0.0134115,-0.00828533
0,0.839931,4953,132426,-0.0274436,-0.000558684
0,0.042366,163,375,-0.0130906,-0.00499168
0,1.6182,4806,93063,-0.0200403,-0.00316195
0,0.087571,55,66,-0.0126679,-0.00343443
0,0.015228,55,66,-0.0120718,-0.00407909
0,59.368,3083,63547,0.013904,-0.00334404
0,1.39736,6153,313845,-0.0199254,-0.00155428
0,5.5534,3898,31059,-0.0160017,-0.00525305
0,0.025188,171,105,-0.0133551,-0.00239545
0,0.014744,55,66,-0.0124917,-0.00426138
0,0.020403,55,66,-0.0116985,-0.00335808
0,1.27001,194,180,-0.0156226,-0.00836189
0,0.358678,7806,308337,-0.0259013,-0.00323117
0,0.027872,55,66,-0.00960007,-0.00268171
0,0.129587,1530,6798,-0.0148233,-0.00859737
0,0.063725,171,105,-0.0132532,-0.00247236
0,5.89419,2146,7255,-0.0122811,-0.00681019
0,0.210762,341,264,-0.0148116,-0.000414715
0,5.43155,14589,213819,-0.0192672,0.00302604
0,0.301319,3265,7223,-0.0293532,-0.00488691
0,92.0911,2186,6651,0.0120356,-0.00647814
0,1.93126,3644,13095,-0.0174269,-0.0043076
0,102.216,2308,7134,0.0118991,-0.00730226
0,0.373762,1978,7004,-0.0153665,-0.0120261
0,0.277972,1602,6698,-0.0154662,-0.00707854
0,14.8729,163,303,-0.0126512,-0.00367146
0,0.084344,55,66,-0.0126679,-0.0034344
0,16.5354,3210,8877,-0.0130981,-0.00877054
0,65.3781,2171,7763,0.0139936,-0.012703
0,0.07065,171,171,-0.0209279,-0.0030255
0,10.3826,498,369,-0.0130775,-0.00180919
0,0.014853,147,93,-0.0140818,-0.0054026
0,0.025721,55,60,-0.0117773,-0.00239227
0,0.090365,1100,3797,-0.0110612,0.0024005
0,0.134569,55,66,-0.0127553,-0.0035235
0,0.015213,55,66,-0.0120718,-0.00407909
0,33.4354,7121,98508,0.00980527,0.000861821
0,0.025043,171,105,-0.0133556,-0.00239545
0,4.49919,3200,7378,-0.0248947,-0.00411974
0,45.6055,271,265,0.0114079,-0.0026133
0,0.072161,1108,3898,-0.0111574,0.00123572
0,1.14045,2027,7322,-0.0155526,-0.00955985
0,22.066,1033,3854,-0.00979246,0.00167341
0,58.0487,342,210,0.0131229,-0.00254281
0,0.096253,1566,4507,-0.0142816,-0.010606
0,5.97261,67081,5.40618e+06,-0.018773,0.00596771
0,45.0494,110,132,0.0109537,-0.00450859
0,0.026004,341,264,-0.0143478,2.71603e-05
0,21.8361,1262,21579,-0.0150273,-0.00397926
0,0.015214,55,66,-0.0120718,-0.00407909
0,0.037815,305,108,-0.0121903,-0.0119661
0,1.12141,2448,4714,-0.0137603,-0.00690637
0,0.015441,178,112,-0.0146522,-0.00235389
0,14.9759,163,357,-0.011655,-0.00388866
0,40.1071,2241,60147,0.0179742,-0.00395649
0,6.39156,2689,5745,-0.012602,-0.00696156
0,0.015207,55,66,-0.0120718,-0.00407909
0,0.015201,55,66,-0.0120718,-0.00407909
0,0.132715,1524,6055,-0.0152091,-0.00632045
0,0.13645,171,105,-0.0135395,-0.00247134
0,0.314002,210,254,-0.0174828,-0.00779695
0,11.7804,971,513,-0.0127947,-0.00418477
0,0.025081,55,66,-0.0118934,-0.00295434
0,1.67096,253,211,-0.0132319,-0.00244903
0,0.553876,1559,2814,-0.0128405,-0.0110543
0,3.24258,2166,5557,-0.0123781,-0.0116526
0,7.78184,958,513,-0.0128187,-0.00137919
0,0.186579,2217,28733,-0.0161207,-0.0208082
0,0.015224,55,66,-0.0120718,-0.00407909
0,3.83749,1087,3744,-0.00986698,0.000910959
0,0.189198,1698,4200,-0.0142079,-0.0112926
0,28.2619,217,211,-0.0123714,-0.00976369
0,0.245174,55,66,-0.012766,-0.00354156
0,0.220437,55,60,-0.012298,-0.00253875
0,0.13797,2221,4082,-0.0161817,-0.0117789
0,36.7287,4338,4855,0.00880027,-0.00567677
0,33.2298,15788,10523,0.0112771,0.00221541
0,13.8046,1095,5054,-0.00985086,0.00469178
0,0.122066,55,66,-0.0127616,-0.00351045
0,40.8041,8405,205489,0.0123978,0.00074773
0,0.066582,171,105,-0.0132776,-0.00236656
0,0.726897,2224,6578,-0.0142148,-0.00351292
0,6.31688,5301,28733,-0.0189687,-0.00351009
0,0.209752,2159,9795,-0.0169054,-0.00817164
0,0.246947,154,160,-0.014302,-0.00469645
0,0.024945,55,66,-0.0118934,-0.00295434
0,30.2997,5332,15916,-0.0283561,-0.00389483
0,0.095547,55,60,-0.0122596,-0.00244937
0,115.147,2901,21978,0.0186836,-0.00464175
0,0.020245,341,132,-0.0137442,-0.000666742
0,0.026941,55,66,-0.0095992,-0.00325695
0,0.044508,55,66,-0.0125168,-0.00324941
0,0.02857,341,198,-0.0168062,-0.00186046
0,0.122965,1539,5437,-0.0171279,-0.0127526
0,0.120997,1394,3664,-0.0160243,-0.0145463
0,3.17571,337,229,-0.020949,-0.00430983
0,0.242421,55,60,-0.0122994,-0.00252566
0,0.061321,1195,6484,-0.0111081,0.0030107
0,0.294378,1328,4212,-0.0154879,-0.00438207
0,1.3373,13919,715494,-0.0254584,-0.00101528
0,0.019371,55,60,-0.01173,-0.00228273
0,0.02693,55,66,-0.0095992,-0.00325695
0,0.132994,171,171,-0.0215773,-0.00408317
0,14.8146,163,303,-0.0123314,-0.00375792
0,0.159676,55,66,-0.0127839,-0.00349118
0,0.015191,55,66,-0.0120718,-0.00407909
0,46.8111,2592,31754,0.011963,-0.00458052
0,10.5985,2992,12738,-0.0156337,-0.00725364
0,0.026831,55,66,-0.00959917,-0.00325777
0,0.038001,55,66,-0.0104615,-0.00235287
0,34.8372,2422,9469,-0.00411254,-0.0153965
0,0.293452,1025,4747,-0.0108852,0.00478459
0,19.6379,1883,3631,-0.0121024,-0.0121782
0,10.2329,2359,1891,-0.0135128,-0.00622374
0,0.166153,1490,3434,-0.0140043,-0.0156722
0,63.4088,2525,3022,0.0104293,-0.00496821
0,0.164848,1644,5682,-0.0143598,-0.00932916
0,0.25511,510,445,-0.0282156,-0.00326983
0,90.0385,165,198,0.011106,-0.00751726
0,0.133044,55,66,-0.0127556,-0.00352287
0,0.146435,1977,4176,-0.0152405,-0.0092281
0,0.270456,2641,113367,-0.0205513,-0.00468921
0,0.0281,55,60,-0.0084888,-0.00160801
0,0.220721,55,60,-0.012298,-0.00253875
0,28.8262,217,204,-0.0127122,-0.0107919
0,89.4114,2534,14320,0.00997619,-0.00599486
0,0.06794,1203,5424,-0.0112465,0.000591943
0,0.365408,2389,5744,-0.0164657,-0.00722942
0,60.7357,2941,4672,0.0132262,-0.00901614
0,0.025035,230,108,-0.0121393,-0.0144464
0,2.02723,4322,4080,-0.0141561,-0.00308829
0,0.082397,1406,3696,-0.0125517,-0.00995632
0,11.8307,2569,4262,-0.0108852,-0.0110186
0,0.575389,1492,3162,-0.014066,-0.00454868
0,0.256793,178,112,-0.0156755,-0.000569135
0,0.984323,22236,1.12078e+06,-0.0194331,0.00392714
0,62.6592,3284,6594,0.0129663,-0.0131257
0,5.27932,498,303,-0.0135224,-0.00184227
0,0.08376,55,66,-0.0126679,-0.0034344
0,0.174432,341,198,-0.014236,-0.000583296
0,1.17055,1899,4007,-0.0119204,-0.010019
0,0.015283,229,66,-0.0136971,-0.00438105
0,0.610256,484,210,-0.014186,-0.000297733
0,0.028114,178,112,-0.015765,-0.00087204
0,30.3022,2651,37271,-0.0169349,-0.00744489
0,4.34085,6294,15231,-0.0143477,0.00647796
0,0.074529,55,60,-0.0122609,-0.00243674
0,40.2704,8437,490311,0.0128878,0.000496258
0,16.2293,3123,25010,-0.0166909,-0.00630662
0,12.4484,1054,3425,-0.00998559,0.000831457
0,0.026012,327,198,-0.0165777,-0.00178958
0,26.3618,6667,7074,-0.0224008,-0.000992443
0,0.134593,178,112,-0.0157072,-0.00111088
0,14.8213,163,303,-0.0126578,-0.00367197
0,0.963813,1727,6568,-0.0141276,-0.00807656
0,0.195072,2096,4780,-0.0152901,-0.00857637
0,0.02695,55,66,-0.0095992,-0.00325695
0,0.579118,3134,159372,-0.0205686,-0.00537758
0,1.16884,1827,2080,-0.0145321,-0.00882757
0,0.124994,4324,221081,-0.0198393,-0.000947022
0,1.29095,337,229,-0.021063,-0.00290849
0,14.069,3692,4680,-0.0134322,-0.00834445
0,9.78318,1054,5609,-0.0127049,-0.000242675
0,0.108005,2619,78339,-0.0205599,-0.00604991
0,0.027686,55,66,-0.00960017,-0.00268565
0,0.026885,55,66,-0.00959911,-0.00325776
0,0.626577,6916,2028,-0.0161959,-0.00109472
0,3.05904,37375,18163,-0.0154096,0.00557679
0,0.086231,1108,7842,-0.0132971,-0.000888577
0,26.6115,2557,4997,-0.0140298,-0.00893253
0,112.464,27635,11888,0.0208143,0.0128466
0,0.280783,341,198,-0.0146476,-0.000381283
0,0.243747,1702,4402,-0.0153717,-0.00918211
0,0.151256,55,60,-0.0123161,-0.00250189
0,20.9913,3124,12595,-0.0140222,-0.0056878
0,0.021367,55,66,-0.0124196,-0.00337363
0,0.078621,55,66,-0.0126679,-0.00341858
0,1.69222,4068,2647,-0.0278922,-0.00585585
0,0.023735,171,171,-0.0211297,-0.00311601
0,0.071029,1483,693,-0.0181897,-0.00558503
0,37.6149,3973,64759,0.00926046,-0.00363773
0,5.95578,271,264,-0.0128626,-0.00242601
0,0.026757,55,66,-0.00942726,-0.00289616
0,0.878963,4098,138653,-0.0257272,-0.00529562
0,18.7733,6856,73199,-0.016331,-0.000821466
0,0.07474,55,66,-0.0126676,-0.00341855
0,14.7839,163,383,-0.0125839,-0.00805959
0,5.92341,2321,5537,-0.0125399,-0.00711171
0,0.133941,55,66,-0.0127556,-0.00352287
0,0.019505,55,60,-0.0117295,-0.00219543
0,2.32464,2493,64514,-0.0192304,-0.00521556
0,0.145399,1909,6275,-0.0143914,-0.00829153
0,4.76679,2212,19294,-0.0178904,-0.00637137
0,0.035923,178,112,-0.0157618,-0.000905796
0,10.5695,1087,3773,-0.0104113,-0.000514725
0,2.95101,205,216,-0.0118575,-0.0210037
0,0.176346,1490,4343,-0.0139725,-0.0155149
0,0.025016,55,60,-0.011777,-0.0023953
0,0.084091,55,66,-0.0126679,-0.0034344
0,1.04932,2298,28283,-0.0144329,-0.00854606
0,116.295,5659,70862,0.0178402,0.000314017
0,0.201184,5349,202703,-0.0193775,-0.000880189
0,0.015519,291,162,-0.0121726,-0.0118865
0,7.96515,2397,2885,-0.0240726,-0.00573578
0,39.3229,1012,1136,0.00328354,-0.00180288
0,0.034354,55,66,-0.00946468,-0.00229183
0,90.0539,165,198,0.0120136,-0.00792584
0,0.027755,162,145,-0.0197646,-0.0138395
0,1.27646,14161,1.13216e+06,-0.024647,-0.00181021
0,0.058276,178,178,-0.0196365,-0.0052344
0,0.086352,1436,3731,-0.0122095,-0.0114414
0,0.015137,55,66,-0.0121013,-0.00403841
0,59.7077,218,437,0.0136807,-0.0349271
0,1.26272,1679,14072,-0.0151614,-0.00700238
0,1.3893,2943,38302,-0.0186921,-0.00440111
0,0.111853,1677,9884,-0.0165045,-0.00689196
0,0.014869,55,66,-0.0125105,-0.00426143
0,5.88972,17282,681963,-0.0174029,0.00216155
0,20.9182,217,371,-0.00911121,-0.00313253
0,0.089863,1602,6071,-0.019024,-0.0113339
0,0.049533,369,901,-0.0181927,0.00433578
0,0.111874,1394,3663,-0.0160007,-0.0145449
0,0.037216,55,66,-0.0096625,-0.00232078
0,0.146166,1692,6249,-0.0140703,-0.0109408
0,6.4853,1814,5780,-0.0122376,-0.00747301
0,0.025131,55,66,-0.0118934,-0.00295434
0,0.392079,1602,4962,-0.0142923,-0.00952467
0,5.22272,7741,795856,-0.0178128,-0.00236419
0,0.028192,55,60,-0.0084888,-0.00149026
0,118.371,13860,319798,0.0234725,0.0010647
0,0.791631,2254,6846,-0.016032,-0.00453893
0,0.024868,55,66,-0.0118934,-0.00295434
0,2.98173,1734,1029,-0.0228011,-0.00596138
0,61.4737,3093,5685,0.0134286,-0.0118401
0,0.066372,171,171,-0.0212377,-0.00351529
0,0.317444,1746,6347,-0.0141595,-0.0138529
0,2.1119,7527,613336,-0.018394,-0.00247405
0,0.031865,55,66,-0.00947678,-0.00252133
0,9.25644,3391,4680,-0.0233285,-0.00317885
0,0.036291,341,132,-0.0127433,-0.00164556
0,19.267,2036,5847,-0.0144584,-0.0120606
0,0.022702,341,132,-0.0137427,-0.000454814
0,0.166733,1460,3597,-0.0140247,-0.0155633
0,0.035873,341,126,-0.0140486,-0.000953413
0,0.015299,55,66,-0.0120719,-0.00407914
0,8.74571,4943,5875,-0.023098,-0.0083603
0,0.930956,1550,3506,-0.017073,-0.00891797
0,0.258567,1015,4668,-0.010993,0.00431108
0,61.7939,2924,6950,0.0129566,-0.00864944
0,35.8937,2624,7805,0.01187,-0.0127009
0,15.4328,4669,32396,-0.0170689,-0.00327398
0,0.185816,1436,4276,-0.0141665,-0.0137713
0,0.027266,275,223,-0.0200484,-0.0177651
0,40.9121,1976,2676,0.0127136,-0.00393914
0,2.37728,3084,46015,-0.0192715,-0.00351968
0,0.015212,55,66,-0.0120718,-0.00407909
0,0.015315,55,66,-0.0120719,-0.00407914
0,0.072622,971,2946,-0.0107497,0.00150645
0,0.019735,55,66,-0.0116977,-0.00308412
0,0.332304,1069,6600,-0.0134331,-0.000797132
0,5.42387,8215,650462,-0.0177547,0.000621668
0,0.030833,55,60,-0.00837104,-0.00142992
0,0.023381,171,105,-0.0134162,-0.00239563
0,0.015126,55,66,-0.0121979,-0.00407411
0,0.014819,55,66,-0.0124917,-0.00426138
0,23.9283,2612,15668,-0.0151453,-0.00502452
0,0.066888,171,105,-0.013235,-0.00238622
0,0.015258,55,66,-0.0120719,-0.00407909
0,0.145403,1533,4541,-0.0140049,-0.0119386
0,0.015232,55,66,-0.0120718,-0.00407909
0,6.63542,217,204,-0.0182678,-0.0187997
0,2.83744,7377,243059,-0.0262455,-0.000853792
0,13.7513,2261,89174,-0.0188149,-0.00504244
0,10.4165,2196,7361,-0.0129818,-0.00330929
0,0.377179,216,205,-0.0129782,-0.00546113
0,0.052835,1162,7514,-0.0136375,-0.00322783
0,0.015161,55,66,-0.0120718,-0.00407909
0,2.22885,3243,55681,-0.0171789,-0.00422887
0,0.015383,178,112,-0.0146518,-0.00235394
0,0.019528,55,60,-0.0117277,-0.00218119
0,0.478245,861,4420,-0.0133932,0.000315233
0,1.01577,1602,4172,-0.0137493,-0.0140441
0,0.177978,1460,3368,-0.0137431,-0.0110022
0,10.5343,5925,113452,-0.0182562,0.00152338
0,1.0439,1395,4539,-0.0129814,-0.0105411
0,0.033514,55,66,-0.00947669,-0.00252039
0,20.1086,217,151,-0.012356,-0.00435176
0,0.201769,1782,6425,-0.0154958,-0.0123643
0,0.027876,55,60,-0.00848883,-0.00170916
0,0.026808,55,66,-0.00959917,-0.00325777
0,13.2791,1025,2926,-0.00933286,-0.00314365
0,0.139701,1486,5493,-0.0186384,-0.00454757
0,10.2492,1333,5856,-0.0118238,-0.00611318
0,1.03056,2982,5886,-0.0174575,-0.00733715
0,0.095477,171,171,-0.0214729,-0.00366816
0,0.068599,1195,6458,-0.0113466,0.00181943
0,66.4305,3214,8655,0.012812,-0.0211696
0,0.019905,55,66,-0.0116977,-0.00308412
0,0.144294,1550,1211,-0.0172093,-0.00983469
0,0.154793,1644,5943,-0.0142721,-0.00971435
0,0.628281,2723,20804,-0.0176169,-0.0051741
0,1.90996,5197,17012,-0.0170684,-0.00744159
0,0.165789,2291,41201,-0.0208195,-0.00493293
0,0.405768,1536,6728,-0.0143277,-0.00491513
0,0.014888,55,66,-0.012509,-0.00429549
0,2.32651,2648,6311,-0.0142939,-0.0265121
0,65.9812,4609,8439,0.0117207,-0.0200766
0,0.014977,55,66,-0.0125055,-0.00417038
0,4.94895,1779,6658,-0.0132616,-0.00912333
0,17.973,217,145,-0.0126895,-0.00440009
0,6.25837,1177,622,-0.0144061,0.000168465
0,103.488,2466,16876,0.0137425,-0.00456784
0,0.97327,7573,161699,-0.0186699,-0.00248058
0,0.029646,108,60,-0.012143,-0.00124459
0,0.102803,1644,6005,-0.0142419,-0.0098986
0,5.4892,2878,4176,-0.0123719,-0.00867264
0,17.8758,5885,7056,-0.0196189,-0.00555162
0,3.39407,5811,42639,-0.0166973,-0.00246391
0,1.18498,2005,4419,-0.0131517,-0.00698887
0,0.023299,55,66,-0.0119101,-0.00295398
0,5.72411,2275,7089,-0.01411,-0.00279866
0,0.905149,10064,101878,-0.019137,0.00145456
0,0.015166,55,66,-0.0120718,-0.00407909
0,0.11251,1874,18758,-0.0174303,-0.0058847
0,0.343551,2105,6515,-0.0150199,-0.0160534
0,0.021145,55,60,-0.0118613,-0.00244221
0,0.138146,55,60,-0.0123162,-0.00250125
0,0.217666,1473,3472,-0.0125639,-0.0105689
0,6.38153,2088,5244,-0.016501,-0.00475089
0,18.574,163,126,-0.0120922,-0.0027225
0,1.3995,1698,5273,-0.0140937,-0.0072597
0,0.131478,108,60,-0.0116141,-0.00295815
0,0.026807,55,66,-0.00959917,-0.00325777
0,0.735016,961,4122,-0.0106463,0.00435274
0,0.028311,178,112,-0.0157628,-0.000872016
0,0.135202,55,66,-0.0127562,-0.00351593
0,1.75591,2624,7488,-0.0148627,-0.00574868
0,0.286164,951,3209,-0.0110373,0.00633713
0,0.01894,55,66,-0.0117232,-0.00343924
0,9.73496,1873,5128,-0.0252168,-0.00636479
0,64.2059,5798,3423,0.0125353,-0.00114469
0,92.912,2237,7937,0.0139384,-0.0165524
0,0.019024,55,66,-0.0117232,-0.00343924
0,0.015207,55,66,-0.0120718,-0.00407909
0,0.462794,1195,5871,-0.0106659,0.000146219
0,8.30255,5040,1406,-0.0156673,-0.000907982
0,0.89651,24261,2.30997e+06,-0.0265726,0.00402899
0,0.015298,55,66,-0.0120719,-0.00407914
0,10.2653,2975,4556,-0.0118075,-0.0123514
0,0.065751,171,171,-0.0212377,-0.00351529
0,0.458626,1844,3193,-0.0151562,-0.00253379
0,2.07014,3147,3849,-0.02532,-0.00528615
0,25.1577,3061,10509,-0.013721,-0.00505176
0,0.490027,2001,4260,-0.0141531,-0.0129587
0,3.69046,1628,4431,-0.0121287,-0.0117074
0,7.58774,163,126,-0.0118038,-0.00946775
0,0.186728,1490,4846,-0.0140994,-0.0136878
0,0.23653,327,198,-0.0146181,-0.00133281
0,7.24674,1041,5350,-0.0111153,0.00427412
0,0.178974,1460,3821,-0.0140208,-0.0155606
0,0.644908,2133,4392,-0.0145366,-0.00883934
0,0.372718,1617,4643,-0.0152923,-0.010479
0,1.59446,2468,6878,-0.0112752,-0.013854
0,0.024208,55,66,-0.0118934,-0.00295435
0,0.024771,55,66,-0.0118934,-0.00295434
0,0.035176,327,198,-0.0145545,-0.00185842
0,14.1306,6575,4347,-0.0130957,-0.0019608
0,0.059061,1015,5661,-0.0141774,-0.00180664
0,2.81453,337,229,-0.0141136,-0.0046337
0,0.131334,55,60,-0.0122956,-0.00251179
0,0.026982,55,66,-0.0095992,-0.00325695
0,45.0575,110,132,0.0114842,-0.00386388
0,0.037647,55,66,-0.0104196,-0.00232078
0,0.028313,178,112,-0.015765,-0.000872016
0,0.0151,55,66,-0.0124437,-0.00408476
0,0.02046,178,112,-0.0153428,-0.00112154
0,0.015338,55,66,-0.0120719,-0.00407914
0,21.9649,271,227,-0.0126763,-0.00247697
0,14.8463,1728,870,-0.0141832,-0.00350242
0,2.89619,2753,2962,-0.0144776,-0.00324338
0,0.015187,55,66,-0.0120718,-0.00407909
0,0.05772,907,2109,-0.01266,-0.000508145
0,0.110649,1352,4529,-0.0134338,-0.00803688
0,0.015264,162,145,-0.0135413,-0.00651459
0,0.184077,1502,3434,-0.0143094,-0.016272
0,10.3186,5260,37543,-0.0163684,-0.00390523
0,0.084319,55,66,-0.0126679,-0.0034344
0,0.015198,55,66,-0.0120718,-0.00407909
0,2.21438,13083,960898,-0.0244118,-0.000817025
0,0.714596,1644,4228,-0.0135032,-0.0128965
0,31.7791,2167,4212,-0.0184121,-0.00554519
0,60.3649,2875,4672,0.0129634,-0.00847549
0,0.549632,3660,64687,-0.0176759,-0.00651648
0,0.056678,147,153,-0.0128516,-0.00461576
0,106.529,3595,9938,0.01611,-0.0143434
0,0.443022,1829,5897,-0.0200308,-0.00959163
0,0.132968,55,60,-0.0123095,-0.00251179
0,0.015125,55,66,-0.0121979,-0.00407411
0,3.31491,2979,8668,-0.0162224,-0.00561611
0,0.129018,2808,2021,-0.0121045,-0.00761903
0,0.038648,55,60,-0.00932704,0.000244213
0,0.015193,55,66,-0.0120718,-0.00407909
0,6.26484,8592,456602,-0.0233612,-0.000937359
0,0.133768,205,216,-0.0122644,-0.0165549
0,0.448918,4039,5148,-0.0149626,-0.0118627
0,0.027768,108,60,-0.0125239,-0.00162202
0,12.2593,904,734,-0.0131652,0.000316715
0,0.171152,1490,4343,-0.0140062,-0.0115597
0,0.055489,147,153,-0.0128517,-0.00461578
0,0.015404,55,66,-0.0120875,-0.00407917
0,0.015364,387,198,-0.0148373,-0.00309005
0,11.0052,1057,6876,-0.0143905,-0.000409542
0,115.211,3502,29334,0.0188524,-0.00377657
0,27.7047,2409,15660,-0.0184637,-0.00549578
0,0.019953,369,231,-0.014858,-0.0112551
0,0.018394,178,112,-0.0152258,-0.00206192
0,0.014927,55,66,-0.0125085,-0.0043039
0,0.433196,120,108,-0.011688,-0.0141368
0,1.40483,198,216,-0.0122839,-0.0221108
0,0.251347,1854,7244,-0.0154954,-0.00556692
0,6.51868,1954,6469,-0.0142437,-0.00537419
0,14.7951,217,371,-0.0124783,-0.00859847
0,14.7,163,383,-0.0118273,-0.0034842
0,0.023857,213,108,-0.0120258,-0.0130979
0,30.6057,7269,6628,-0.017287,-0.000330363
0,13.5083,301,180,-0.0129989,-0.000892395
0,0.440645,1119,3722,-0.0110309,0.000298479
0,0.198043,1610,6808,-0.0167059,-0.00991526
0,106.684,2444,4591,0.0145526,-0.00563338
0,0.023786,55,66,-0.0118935,-0.00295435
0,67.9089,3091,9746,0.0129229,-0.0192789
0,45.07,110,132,0.0114853,-0.00386387
0,0.093507,55,66,-0.0126654,-0.00343085
0,4.06392,4355,22334,-0.0177024,-0.00380481
0,10.1217,2143,37878,-0.0154133,-0.00593547
0,20.2298,2492,5418,-0.0126332,-0.010795
0,40.8349,12147,521899,0.0131035,0.000559907
0,0.220843,1490,3434,-0.014009,-0.0110895
0,0.13487,55,66,-0.0127562,-0.00351593
0,1.6853,50137,2.45972e+06,-0.0192534,0.005275
0,8.78008,5279,316830,-0.0183606,0.00140329
0,0.23132,1557,4446,-0.0139556,-0.0118515
0,1.8414,3233,51574,-0.0193271,-0.00633425
0,0.306802,205,216,-0.0123217,-0.0171536
0,0.015157,55,66,-0.0120676,-0.00403841
0,0.015252,55,66,-0.0120718,-0.00407909
0,0.097753,1902,9652,-0.0161373,-0.00681201
0,0.678841,2134,9115,-0.0161858,-0.00493283
0,0.014923,55,66,-0.0125082,-0.00430374
0,45.029,110,132,0.0107004,-0.00661448
0,0.020445,55,66,-0.0116985,-0.00335808
0,60.8734,4168,8210,0.0112463,-0.0157474
0,0.161791,2230,47161,-0.0277399,-0.00658174
0,0.029102,178,112,-0.0157628,-0.000871915
0,1.3953,7324,1007,-0.016609,0.00108794
0,0.044936,55,66,-0.0123836,-0.00325024
0,2.69038,2553,7608,-0.0126918,-0.0210837
0,0.085748,55,66,-0.0126679,-0.0034344
0,0.014895,55,66,-0.0125081,-0.00430396
0,0.694609,1678,7603,-0.0186068,-0.00578665
0,0.027305,55,66,-0.00960361,-0.0032569
0,5.31238,1169,532,-0.0141699,0.000288249
0,12.6239,10319,432686,-0.0182082,0.00238113
0,0.22786,11495,8105,-0.0161043,0.000491994
0,0.640172,1647,4512,-0.0128559,-0.00776124
0,0.028109,55,66,-0.00960035,-0.00267872
0,0.114944,1776,6714,-0.0152113,-0.0105888
0,7.05716,871,1175,-0.0150034,0.000187269
0,0.0204,55,66,-0.0116985,-0.00335808
0,0.530843,85,162,-0.0129768,-0.00352421
0,5.40245,8285,363857,-0.0188903,-0.000277846
0,0.015187,55,66,-0.0120718,-0.00407909
0,0.136174,55,66,-0.0127703,-0.00350406
0,0.09917,1572,4941,-0.0136689,-0.0117836
0,0.015222,55,66,-0.0120718,-0.00407909
0,0.025042,55,66,-0.0118934,-0.00295434
0,0.01519,55,66,-0.0120718,-0.00407909
0,0.027007,55,66,-0.00959934,-0.00325719
0,11.5626,24324,662721,-0.0179426,0.00485557
0,0.369737,1502,4344,-0.0142494,-0.0113829
0,0.015412,229,132,-0.0152317,-0.00366121
0,0.165612,1460,3368,-0.0137481,-0.0113571
0,0.014807,55,66,-0.0124917,-0.00426138
0,45.1689,132,110,0.010978,-0.00772594
0,0.125694,1815,7761,-0.0160495,-0.00981272
0,60.7282,2897,7520,0.0129738,-0.021254
0,0.147296,178,112,-0.015704,-0.00106695
0,0.150702,55,66,-0.0127842,-0.00350469
0,2.84187,1726,9500,-0.0134644,-0.00489291
0,0.247394,1578,4620,-0.0144602,-0.0119021
0,0.037629,55,66,-0.0104196,-0.00232078
0,0.072936,1368,6798,-0.0144481,-0.00558663
0,0.028441,55,66,-0.00960004,-0.00265755
0,0.043011,279,120,-0.013147,-0.00501714
0,1.90845,2571,6023,-0.0134051,-0.00386267
0,5.76201,17949,7870,-0.0136121,-0.00495023
0,1.68224,426,273,-0.0130148,-0.000798966
0,0.025358,55,66,-0.0118934,-0.00295434
0,33.9674,8760,2692,0.0116446,-0.00236217
0,0.053927,341,132,-0.013937,-0.000539487
0,0.015364,55,66,-0.0120719,-0.00407917
0,0.124861,1436,3734,-0.0139581,-0.011101
0,0.176681,178,178,-0.0188187,-0.00327487
0,0.015256,55,66,-0.0120719,-0.00407909
0,0.155564,1952,12903,-0.0179161,-0.00591586
0,0.132481,1025,3537,-0.0108612,0.00280044
0,5.89059,1255,7670,-0.012901,-0.0008078
0,0.027035,55,66,-0.00959934,-0.00325719
0,1.0051,2922,6326,-0.0293336,-0.00706466
0,0.185189,1460,4583,-0.0147676,-0.0108735
0,0.281018,5820,175343,-0.0196192,0.00077581
0,13.7877,271,371,-0.0127197,-0.00314367
0,22.5147,2069,6492,-0.0128009,-0.0134407
0,0.187271,1850,1033,-0.0155932,-0.00427284
0,0.028254,55,66,-0.00960004,-0.00265755
0,103.432,2747,11047,0.0125991,-0.00624961
0,0.015397,128,66,-0.0134126,-0.00484775
0,0.484151,2367,1236,-0.0161829,-0.00446983
0,0.111117,55,66,-0.0126669,-0.0034316
0,6.58047,2250,4868,-0.015613,-0.00361121
0,13.6039,349,295,-0.0134114,-0.00449648
0,0.091513,1599,7695,-0.0155485,-0.00688576
0,17.0706,868,29695,-0.0172521,-0.000347654
0,1.27617,576,1724,-0.0150578,-0.000966425
0,6.89458,2027,38129,-0.019221,-0.00486552
0,33.5484,2276,4908,0.00971316,-0.00621194
0,12.8069,1249,12513,-0.0135253,-0.00253061
0,0.015278,55,66,-0.0120719,-0.00407914
0,39.6415,217,357,0.0103267,-0.00588421
0,0.016074,55,66,-0.0120795,-0.00415123
0,0.023725,154,160,-0.0138942,-0.00414536
0,2.22418,217,211,-0.0125958,-0.0105096
0,1.15992,2956,47485,-0.0256873,-0.00409767
0,0.05455,971,2300,-0.0104,-0.000609488
0,3.5209,283,229,-0.0203281,-0.00390628
0,0.194909,4852,196035,-0.0197413,-0.00080974
0,0.01992,55,66,-0.0116977,-0.00308412
0,22.1858,2281,5167,-0.0134103,-0.0127903
0,0.190543,1479,5720,-0.0150993,-0.0054432
0,0.038702,55,60,-0.00932704,0.000291061
0,2.85816,4034,43927,-0.0148834,-0.00261552
0,0.015222,147,153,-0.0130111,-0.00453205
0,0.057208,1108,5185,-0.0107347,0.00472951
0,0.551543,1832,6163,-0.0133306,-0.00824302
0,44.184,15499,358471,0.0169058,0.000983165
0,0.137137,1394,3663,-0.0160028,-0.0145573
0,0.025595,289,108,-0.0119987,-0.0115474
0,0.023852,171,171,-0.0211296,-0.00311575
0,0.03456,162,145,-0.0127876,-0.0146871
0,0.049233,55,60,-0.0121193,-0.00245034
0,0.145486,1704,7288,-0.0144332,-0.00948318
0,1.11921,2835,3155,-0.0122863,-0.012483
0,0.015126,55,66,-0.0121979,-0.00407411
0,0.015297,55,66,-0.0120719,-0.00407914
0,0.015167,55,66,-0.0120718,-0.00407909
0,0.228058,55,60,-0.0122994,-0.00252252
0,30.5862,19375,284166,-0.0175525,0.00314578
0,1.23199,1883,4570,-0.0130247,-0.0136951
0,6.21987,1195,6527,-0.00998887,0.00375328
0,54.3458,498,231,0.00898595,-0.00630668
0,0.38649,2521,4645,-0.0121983,-0.00777786
0,2.67213,276,222,-0.0147533,-0.00370347
0,0.014873,171,105,-0.0140507,-0.00383373
0,0.02882,178,112,-0.015765,-0.000871957
0,18.6943,2426,12033,-0.0157619,-0.0119094
0,0.032539,128,66,-0.0130666,-0.00274683
0,0.097199,55,60,-0.0122596,-0.00244937
0,45.0614,110,132,0.0114814,-0.00386362
0,0.198349,1460,3367,-0.0137379,-0.0110001
0,0.790545,2019,3369,-0.0141847,-0.0127573
0,10.5778,1842,4570,-0.0109253,-0.0110651
0,24.3275,217,211,-0.0181717,-0.0197732
0,16.7583,217,151,-0.0126873,-0.00429729
0,1.39585,2287,999,-0.0152683,-0.00783978
0,93.291,338463,9389,0.0303979,0.0242531
0,0.025006,55,66,-0.0118934,-0.00295434
0,0.110681,1025,4223,-0.0107374,0.00531496
0,0.019718,55,66,-0.0116977,-0.00308412
0,0.159831,2806,32223,-0.0167628,-0.00543302
0,0.088536,55,66,-0.0126679,-0.00343443
0,0.023876,171,171,-0.0211295,-0.00311575
0,45.0393,110,132,0.0113179,-0.00629051
0,0.056977,1108,6938,-0.0133963,-0.00111749
0,0.087055,1603,36807,-0.0285005,-0.00557142
0,0.114849,1409,587,-0.0156077,-0.00570397
0,0.170886,1860,4959,-0.014972,-0.0116331
0,19.0279,217,211,-0.017161,-0.0174634
0,30.1006,2125,6447,-0.0132518,-0.00820031
0,7.08336,1583,2438,-0.0149499,-0.00561315
0,0.116898,1502,3800,-0.0143844,-0.0114141
0,31.1808,2339,19397,-0.0145467,-0.00652543
0,0.025242,55,66,-0.0118934,-0.00295434
0,40.1398,2669,72508,0.0180728,-0.0039634
0,115.837,5185,220375,0.0182501,-0.00179571
0,0.176023,1436,4278,-0.0141717,-0.0138241
0,1.51683,205,216,-0.0123318,-0.0218443
0,0.023047,55,66,-0.0119189,-0.00295398
0,0.015318,162,145,-0.0135413,-0.00651476
0,0.025172,55,66,-0.0118934,-0.00295434
0,0.473669,2627,8254,-0.0156904,-0.0054397
0,75.1368,1626,978,0.014421,-0.008165
0,0.152644,958,513,-0.013914,0.000145914
0,0.132534,1497,1474,-0.0249677,-0.00706629
0,0.166908,1436,3754,-0.014028,-0.0156516
0,0.058417,1054,7585,-0.015083,-0.00391292
0,92.1305,2700,37406,0.0153418,-0.00884357
0,14.6145,217,371,-0.0125652,-0.00440568
0,90.2861,1968,4977,0.0131789,-0.00447555
0,0.026916,55,66,-0.0095992,-0.00325695
0,0.228275,758,702,-0.0149504,0.00296893
0,34.0203,2097,12806,0.0118583,-0.00484619
0,1.97327,2890,2450,-0.0277049,-0.00393753
0,0.01836,55,66,-0.011735,-0.00378868
0,0.152465,2972,136286,-0.020627,-0.00538541
0,0.53454,1562,5102,-0.0151976,-0.0138298
0,0.194879,85,162,-0.013213,-0.00326721
0,65.2099,110,132,0.0124373,-0.00794229
0,8.95622,18929,13027,-0.0167103,-0.000485369
0,25.4758,1797,8109,-0.0144198,-0.00999444
0,0.096293,1079,3857,-0.0109842,0.00250524
0,0.136934,55,66,-0.0127703,-0.00350406
0,0.025021,55,66,-0.0118934,-0.00295434
0,0.024388,178,112,-0.0153871,-0.000979801
0,7.5754,1197,1099,-0.0135632,-0.000159825
0,0.020867,55,66,-0.012415,-0.00337389
0,0.28733,55,66,-0.0127692,-0.00327644
0,6.6393,559,1137,-0.0181746,-0.00276254
0,0.015263,55,66,-0.0120719,-0.00407909
0,0.019345,55,60,-0.01173,-0.00228273
0,0.132142,55,66,-0.0127556,-0.00352287
0,29.97,217,371,-0.0131927,-0.00359287
0,0.066308,171,171,-0.0212382,-0.00351339
0,13.5897,4418,79716,-0.0175019,-0.00482414
0,0.039769,55,60,-0.00932768,0.000291061
0,0.015306,55,66,-0.0120719,-0.00407914
0,0.054218,279,180,-0.0154867,-0.00326238
0,0.678508,2979,2814,-0.0224442,-0.00584954
0,15.3128,294018,1.57127e+07,-0.0177576,0.0247461
0,0.457635,1677,4948,-0.0144623,-0.0135652
0,0.015156,55,66,-0.0120676,-0.00403841
0,0.841897,2537,7747,-0.0142469,-0.0132781
0,1.10698,917,3077,-0.0143577,0.000346387
0,1.0823,1590,8348,-0.0140779,-0.00621749
0,20.1427,502,1278,-0.0130296,-0.00282451
0,0.200562,1394,3731,-0.0136907,-0.0106947
0,0.08235,108,60,-0.0128586,-0.00329557
0,0.027226,55,66,-0.00960361,-0.0032569
0,90.0784,165,198,0.0118737,-0.00550361
0,0.026827,55,66,-0.00959917,-0.00325777
0,18.7438,1045,11178,-0.0140111,-0.00187761
0,0.025517,327,132,-0.0136936,-0.000819073
0,0.163376,1955,8847,-0.0217143,-0.00359354
0,0.137432,1602,6104,-0.0141363,-0.0113753
0,0.078991,55,66,-0.0126679,-0.00341858
0,0.025018,55,66,-0.0118934,-0.00295434
0,3.53867,2222,6093,-0.0126395,-0.0114915
0,24.2202,9292,212321,-0.0177866,0.00375697
0,28.845,2641,4502,-0.0127939,-0.013336
0,0.140555,1394,3732,-0.0137415,-0.0108183
0,125.08,5055,111858,0.0777738,-0.0296187
0,0.015314,55,66,-0.0120719,-0.00407914
0,0.025212,55,66,-0.0118934,-0.00295434
0,0.026837,55,66,-0.00959917,-0.00325777
0,0.015299,55,66,-0.0120719,-0.00407914
0,102.901,2424,8466,0.011932,-0.0160134
0,0.2848,4502,47935,-0.0177745,-0.00587585
0,0.097879,1470,5580,-0.0171987,-0.00504337
0,0.019788,55,66,-0.0116977,-0.00308412
0,9.14039,2295,2833,-0.0151186,-0.0039577
0,0.016374,55,66,-0.012258,-0.00398746
0,0.01513,55,66,-0.0121601,-0.00406741
0,0.01523,55,66,-0.0120718,-0.00407909
0,20.843,36607,1.83577e+06,-0.0244841,0.00389027
0,0.067322,171,171,-0.0212382,-0.00350857
0,0.174571,2040,32075,-0.0205913,-0.00466973
0,0.015166,55,66,-0.0120718,-0.00407909
0,14.8114,163,371,-0.012357,-0.00329917
0,7.26427,163,120,-0.0120701,-0.00352413
0,0.066022,154,160,-0.0137801,-0.0042724
0,0.01518,55,66,-0.0120718,-0.00407909
0,0.015124,55,66,-0.0121979,-0.00407411
0,0.245323,1526,4845,-0.014675,-0.0144845
0,0.231089,1549,5238,-0.0186088,-0.0043908
0,0.028523,55,66,-0.00960004,-0.00265738
0,0.183935,1656,6279,-0.0170043,-0.010558
0,6.67486,2348,2834,-0.0274651,-0.00564096
0,60.1317,2055,5551,0.0116959,-0.00858008
0,0.026769,55,66,-0.00959917,-0.00325777
0,30.9998,2914,1437,-0.0135298,-0.00280638
0,14.9992,109,211,-0.0118597,-0.00374351
0,5.38215,981,632,-0.0130204,-0.000741166
0,0.069767,1633,7910,-0.0177576,-0.00977189
0,9.74897,15885,30845,-0.0169648,-0.00146383
0,1.17234,1093,3429,-0.00968109,-0.00133536
0,0.015087,162,145,-0.0204898,-0.00665919
0,0.116738,3089,83188,-0.0259156,-0.00784369
0,7.78036,9609,81970,-0.0175751,0.000982022
0,0.143578,1518,6721,-0.018117,-0.00556755
0,70.429,4715,18533,0.0145199,-0.00198078
0,0.517572,1885,7252,-0.0156009,-0.00996096
0,0.015179,55,66,-0.0120718,-0.00407909
0,0.125349,55,66,-0.0127616,-0.00351045
0,1.38189,3407,102322,-0.0250425,-0.0064187
0,10.9805,1720,20992,-0.0138783,-0.00408221
0,3.04148,1658,5951,-0.0130632,-0.0138963
0,0.090303,1108,6223,-0.0136545,-0.00477717
0,0.026928,55,66,-0.0095992,-0.00325695
0,5.30238,2197,5938,-0.0129783,-0.00818146
0,4.67816,1838,4731,-0.0110674,-0.00991629
0,0.054408,1162,7715,-0.013828,-0.00223602
0,0.798106,2434,6566,-0.0148486,-0.0115257
0,1.52794,2758,9340,-0.0135261,-0.00548721
0,0.198576,1382,3367,-0.0137312,-0.01118
0,1.45079,1933,4055,-0.0247328,-0.0154443
0,0.053712,108,60,-0.0128024,-0.00312119
0,0.027782,162,145,-0.0197653,-0.0144121
0,1.75304,1279,3448,-0.00964823,0.000756143
0,6.19554,8846,167172,-0.0187237,-0.00389045
0,48.1513,24929,65166,0.0119854,0.00737581
0,2.3497,1780,6915,-0.0147867,-0.00906146
0,0.071651,1644,4473,-0.0146351,-0.0115684
0,31.1042,14528,977003,-0.0229481,0.0014251
0,0.015182,55,66,-0.0120718,-0.00407909
0,0.082427,1195,7523,-0.0134634,-0.00329071
0,0.036836,74,60,-0.0104741,-0.00294759
0,1.31822,6610,32165,-0.026147,-0.00789395
0,0.028556,55,66,-0.00960004,-0.00265738
0,0.025876,55,60,-0.0117773,-0.00239227
0,0.024414,55,66,-0.0118934,-0.00295435
0,0.015219,55,66,-0.0120718,-0.00407909
0,0.425752,1825,4052,-0.0130451,-0.0114587
0,0.014855,55,66,-0.0125105,-0.00426143
0,7.28403,1249,6464,-0.0100817,0.00462115
0,0.431243,1436,3773,-0.0140634,-0.0129804
0,10.5307,1141,3870,-0.00987235,0.000636462
0,36.2995,2017,5811,0.0119218,-0.00934078
0,0.016066,55,66,-0.0120795,-0.00415123
0,0.027253,55,66,-0.00960361,-0.0032569
0,0.199098,1676,14615,-0.0191008,-0.00882832
0,1.2424,247,120,-0.0134939,-0.00232484
0,0.028326,55,66,-0.00960004,-0.00265755
0,3.15748,2264,19193,-0.0162212,-0.00466466
0,0.015815,55,66,-0.0120795,-0.00406015
0,0.015177,55,66,-0.0120718,-0.00407909
0,0.032132,1086,37419,-0.0193937,-0.000146311
0,0.752502,1498,1522,-0.0170595,-0.00555483
0,0.029781,178,207,-0.0169176,-0.00403601
0,0.015335,55,66,-0.0120719,-0.00407914
0,0.065318,171,171,-0.0212386,-0.00347861
0,104.503,2973,36678,0.0152188,-0.00885011
0,5.52805,4729,56904,-0.0191403,-0.00738974
0,10.9719,38869,864892,-0.0189357,0.00772794
0,0.272923,55,60,-0.0123012,-0.00227376
0,0.056458,1025,4168,-0.010909,0.00375569
0,0.380644,3266,115089,-0.0206989,-0.00465238
0,0.40846,1526,8441,-0.0154129,-0.00539826
0,0.344026,1755,7342,-0.0158005,-0.00543968
0,10.7466,1195,7816,-0.0125355,-0.00115806
0,1.14977,2475,872,-0.0147265,-0.00841369
0,0.176575,1460,3733,-0.013968,-0.0109736
0,4.65614,1989,4343,-0.0127639,-0.00747622
0,5.57318,2338,37507,-0.017183,-0.00427969
0,10.8607,1249,6264,-0.0100541,0.000560403
0,0.397151,951,3159,-0.0110357,0.00627734
0,0.13144,1644,5910,-0.0151069,-0.0111424
0,0.026908,55,66,-0.00959911,-0.00325776
0,15.3637,217,145,-0.0126958,-0.00438934
0,0.023395,55,66,-0.0119101,-0.00295398
0,0.074684,1195,5774,-0.011151,0.0028234
0,45.0937,110,132,0.0105424,-0.00702361
0,0.037718,55,66,-0.0104196,-0.00232078
0,0.078624,55,66,-0.0126679,-0.00341858
0,0.550172,1752,6245,-0.0131129,-0.0123487
0,41.623,5539,161680,0.0146597,0.000150461
0,0.015346,178,112,-0.0146524,-0.00235382
0,45.0509,110,132,0.0110379,-0.00442082
0,0.215358,1502,3368,-0.0139945,-0.0155474
0,33.8717,163,126,0.0110037,-0.00533043
0,0.806045,1624,9621,-0.0177783,-0.00578185
0,0.028059,178,112,-0.015765,-0.00087204
0,0.015167,55,66,-0.0120718,-0.00407909
0,0.044946,128,74,-0.00973107,-0.00520017
0,11.1003,3324,2646,-0.0116397,-0.0122786
0,0.582286,1502,992,-0.0322892,-0.00652995
0,0.109828,1828,6503,-0.0183665,-0.00418088
0,0.093978,327,198,-0.013715,-0.00124675
0,0.026412,341,132,-0.0137203,-0.000405023
0,6.24801,5137,7183,-0.0251284,-0.00543697
0,0.014822,55,66,-0.0124917,-0.00426138
0,0.027975,55,66,-0.00960027,-0.00268171
0,0.079509,1776,8314,-0.0156732,-0.00716286
0,0.016505,423,222,-0.0155843,-0.00336769
0,0.264442,1578,3705,-0.0140066,-0.011787
0,37.2544,36728,2.59536e+06,0.0133666,0.00792746
0,6.48934,20152,1.65876e+06,-0.0189392,0.00479913
0,1.08219,1935,5568,-0.0140858,-0.0119335
0,0.015255,55,66,-0.0120719,-0.00407909
0,0.443823,1532,5264,-0.0170227,-0.00708178
0,102.142,3929,8598,0.00709188,-0.00879287
0,0.153072,1602,6694,-0.0154248,-0.00599858
0,0.01557,309,108,-0.0124501,-0.0132317
0,0.137336,1566,4524,-0.0147443,-0.00968392
0,24.698,578,1622,-0.0103964,0.0044707
0,0.014837,55,66,-0.0125105,-0.00426143
0,14.8839,163,296,-0.0123518,-0.0036646
0,0.023695,55,66,-0.0119099,-0.0029539
0,8.666,7218,10885,-0.0262963,0.0157627
0,6.94775,5737,4401,-0.0310598,0.00324963
0,0.028309,120,66,-0.0126183,-0.00375359
0,0.315008,2411,4343,-0.0199627,-0.00830967
0,0.015245,55,66,-0.0120718,-0.00407909
0,0.065847,171,171,-0.0212382,-0.00351339
0,0.430273,1552,4878,-0.0181295,-0.00443153
0,0.608836,2417,14465,-0.0167452,-0.0052419
0,0.015068,309,108,-0.0124506,-0.0132317
0,0.126828,1195,6100,-0.0124419,0.00259908
0,0.015284,55,66,-0.0120719,-0.00407914
0,5.22914,2189,5726,-0.0144524,-0.00586408
0,9.67156,1165,3239,-0.013192,-0.00103797
0,0.199412,1503,3508,-0.0139783,-0.0111528
0,0.015219,55,66,-0.0120718,-0.00407909
0,0.172366,1436,4211,-0.0141697,-0.0139561
0,53.1337,6473,119466,0.0125301,-3.2816e-05
0,10.231,2004,4751,-0.0135122,-0.0111056
0,0.168559,2238,5369,-0.0148183,-0.011444
0,0.026934,55,66,-0.0095992,-0.00325695
0,0.079031,55,66,-0.0126679,-0.00341858
0,0.270496,55,66,-0.0127693,-0.00327529
0,0.019643,55,66,-0.0117031,-0.00311398
0,14.1947,2498,6679,-0.0140598,-0.0125095
0,0.170819,2415,3173,-0.0132225,-0.0105632
0,3.21888,271,227,-0.0130409,-0.00296458
0,0.149031,2021,4346,-0.0152033,-0.00881904
0,2.70946,11460,819820,-0.0186818,0.00130931
0,0.06897,55,60,-0.0122601,-0.0024324
0,45.0505,110,132,0.0110376,-0.00442088
0,0.172588,2123,3650,-0.0181038,-0.00399488
0,0.327493,1476,4378,-0.0151588,-0.0122514
0,0.027302,55,66,-0.00960361,-0.0032569
0,12.7309,403,649,-0.0118133,-0.00256281
0,4.4253,13915,398219,-0.0252917,-0.00181178
0,0.015334,55,66,-0.0120719,-0.00407914
0,0.05693,1623,17261,-0.0206223,-0.00495007
0,0.188216,327,198,-0.0144335,-0.00127451
0,13.0385,301,180,-0.0129755,-0.00294124
0,25.4471,4221,130186,-0.0174789,-0.000278403
0,13.135,2937,10937,-0.0132699,-0.00871928
0,37.7542,3612,9858,0.00295524,-0.0071527
0,0.102994,1776,6137,-0.0148022,-0.0143727
0,0.171353,1503,4084,-0.0138004,-0.0112521
0,0.154768,55,66,-0.0127838,-0.0035059
0,6.10548,9631,410106,-0.0185103,0.00123212
0,0.087426,341,198,-0.0145472,-0.00177741
0,9.48443,498,303,-0.0127393,-0.00156457
0,0.32247,1655,5079,-0.0156761,-0.00909616
0,0.037749,178,112,-0.0157806,-0.000905296
0,0.047075,611,369,-0.0134437,0.00154367
0,0.024743,171,105,-0.0133556,-0.00239545
0,0.817939,5005,22062,-0.0227182,-0.00500696
0,13.2337,8327,1870,-0.0123423,-0.00517081
0,23.0443,163,126,-0.0115248,-0.00497046
0,0.194361,1054,4534,-0.0112752,0.00474735
0,0.234227,2343,5182,-0.0148053,-0.011252
0,0.380883,3107,2413,-0.0134053,-0.00863157
0,0.157159,178,112,-0.0157016,-0.00107414
0,0.026829,55,66,-0.00959917,-0.00325777
0,0.023351,55,66,-0.0119101,-0.00295398
0,60.4309,2068,4914,0.0115448,-0.0105071
0,13.7685,2777,3904,-0.0122572,-0.00858091
0,4.93792,1827,1449,-0.0232264,-0.00455387
0,0.018881,55,66,-0.0117232,-0.00343942
0,0.42479,1880,8012,-0.0161411,-0.00475517
0,0.176831,1526,3821,-0.0144147,-0.0161859
0,0.015332,55,66,-0.0120719,-0.00407914
0,0.056118,147,93,-0.0131069,-0.00535967
0,0.015137,55,66,-0.0121013,-0.00403841
0,0.028231,178,112,-0.015765,-0.000872016
0,0.125047,327,60,-0.0141257,-0.00287107
0,30.6642,2669,7542,-0.0143358,-0.0209055
0,0.021358,171,105,-0.0133268,-0.00255628
0,0.245055,55,66,-0.012766,-0.00354156
0,30.9742,2130,4560,-0.0166195,-0.00441743
0,0.116544,1611,6483,-0.0152557,-0.00621818
0,115.995,2578,7552,0.0169336,-0.00472713
0,0.037423,55,66,-0.00966248,-0.00232078
0,0.055566,147,153,-0.0128517,-0.00461578
0,37.9406,4115,9370,0.0100179,-0.00490804
0,0.138892,1195,6143,-0.0114385,0.00311211
0,3.54874,1831,1054,-0.0148041,-0.00405973
0,2.09925,8539,392282,-0.0191427,0.00110886
0,30.2551,2335,38503,-0.0120998,-0.00526229
0,39.2663,3229,123998,0.0172273,-0.00306013
0,5.6012,163,126,-0.0123235,-0.00431388
0,0.019533,55,60,-0.0117277,-0.00218119
0,10.7413,2971,2916,-0.0233277,-0.0050909
0,0.020873,55,66,-0.012415,-0.00337389
0,1.53615,2965,6921,-0.0144155,-0.00815556
0,27.8535,163,180,-0.0145098,-0.00848259
0,15.686,2172,5766,-0.0122772,-0.00841588
0,61.2234,3058,5956,0.0135958,-0.00729692
0,0.015164,55,66,-0.0120718,-0.00407909
0,47.4525,40259,488246,0.00953415,0.0121875
0,0.063708,178,112,-0.0152356,-0.00104533
0,0.134726,55,66,-0.0127562,-0.00351593
0,14.7086,163,126,-0.0115273,-0.00901836
0,0.055385,973,4630,-0.0109862,0.00603345
0,13.5981,1195,4094,-0.00986386,8.31011e-05
0,0.523947,1658,8573,-0.0153871,-0.00607826
0,11.7448,426,213,-0.0123776,-0.0022133
0,1.49823,6815,94688,-0.0243638,-0.0042642
0,0.133173,1576,5958,-0.0184235,-0.0048057
0,0.025401,55,66,-0.0118934,-0.00295434
0,0.017382,293,120,-0.0131848,-0.00494353
0,0.834134,2000,1679,-0.0157018,-0.00407461
0,0.201637,55,60,-0.0122981,-0.00253881
0,0.015182,55,66,-0.0120718,-0.00407909
0,0.103132,55,66,-0.0126661,-0.00343083
0,0.03723,55,66,-0.0096625,-0.00232078
0,1.70373,1481,4899,-0.0153919,-0.00425171
0,0.700152,1195,5649,-0.0109014,0.00412867
0,0.015315,55,66,-0.0120719,-0.00407914
0,17.8105,9546,299973,-0.0167013,0.00211418
0,0.0151,55,66,-0.0124437,-0.00408476
0,0.015182,55,66,-0.0120718,-0.00407909
0,0.015251,55,66,-0.0120718,-0.00407909
0,0.110854,341,132,-0.0144906,-0.000490201
0,14.8828,1743,2112,-0.0264101,-0.00561507
0,0.182846,2018,6896,-0.016192,-0.00985575
0,0.02513,55,66,-0.0118934,-0.00295434
0,6.92929,1884,23547,-0.0153783,-0.00635927
0,0.027758,55,66,-0.00960002,-0.00268175
0,40.1457,1734,10893,0.0108974,-0.00563502
0,0.015302,55,66,-0.0120719,-0.00407914
0,2.54704,6916,133903,-0.0197569,-0.00441992
0,0.024118,178,112,-0.015391,-0.000975829
0,6.46704,1318,3448,-0.0127801,-0.0116794
0,24.9328,17683,590374,-0.0241684,-0.00112697
0,41.7739,8406,289423,0.0167116,-0.000328377
0,0.194608,1800,6717,-0.0151635,-0.0100978
0,0.162093,1486,700,-0.0163901,-0.00928089
0,3.1664,163,126,-0.0119538,-0.00903424
0,0.020051,55,66,-0.0116985,-0.00335808
0,0.026912,55,66,-0.0095992,-0.00325695
0,0.02499,55,66,-0.0118934,-0.00295434
0,0.065902,171,171,-0.0212377,-0.00351529
0,31.0464,10638,590269,-0.0175545,0.00142337
0,0.171567,1436,3368,-0.0140163,-0.0158203
0,1.12625,1449,4012,-0.0129013,-0.0105289
0,0.028996,341,132,-0.0128065,-0.00155934
0,0.015278,108,60,-0.0125149,-0.00587178
0,0.026963,55,66,-0.0095992,-0.00325695
0,0.027332,55,66,-0.00960361,-0.0032569
0,0.088535,128,74,-0.00888455,-0.00531037
0,0.022774,108,60,-0.0126249,-0.00354223
0,0.147704,1682,4029,-0.0167918,-0.0173836
0,10.5628,2466,2087,-0.0146979,-0.00463024
0,0.067152,1606,6313,-0.0211709,-0.00714416
0,0.188306,2234,21206,-0.0176585,-0.00457329
0,118.526,7538,59686,0.0193612,0.00023626
0,8.08892,4068,5562,-0.0113845,-0.00548282
0,0.4151,2189,9148,-0.0141988,-0.00817578
0,0.020503,55,60,-0.0117248,-0.00237049
0,0.258709,205,108,-0.0126376,-0.0151546
0,15.0516,3961,952,-0.014952,-0.00363586
0,23.6714,426,333,-0.0212475,-0.00857124
0,3.91985,10528,676348,-0.0184968,0.00215598
0,0.015208,55,66,-0.0120718,-0.00407909
0,24.188,21446,19483,-0.0134796,0.00455671
0,90.2902,1981,4977,0.0131895,-0.00444633
0,0.015865,55,66,-0.0120795,-0.00406015
0,34.8069,3396,50680,0.00991139,-0.00361716
0,0.16599,1526,3661,-0.014057,-0.0158474
0,0.027787,55,66,-0.00960002,-0.00268175
0,0.111848,1394,3732,-0.0138455,-0.0117135
0,14.6482,296,163,-0.0170555,-0.0180344
0,0.610742,3889,9723,-0.0171787,-0.00506449
0,0.358136,1951,9121,-0.0203084,-0.00403484
0,20.7781,7275,45610,-0.0168997,0.000833957
0,0.62705,1626,4602,-0.0158716,-0.0115276
0,0.02139,383,229,-0.0230441,-0.00200989
0,0.021444,261,216,-0.0203913,-0.00153127
0,96.6563,6502,11930,0.0109727,-0.013277
0,0.735396,1684,6790,-0.0127447,-0.0125033
0,0.07944,1195,4572,-0.00984858,-1.70363e-05
0,40.1386,2256,32908,0.0175465,-0.00312505
0,0.065497,171,171,-0.0212377,-0.00347861
0,0.02681,55,66,-0.00959917,-0.00325777
0,0.019614,55,66,-0.0117031,-0.00311398
0,19.4732,217,211,-0.0113148,-0.00867822
0,0.200548,55,66,-0.0127651,-0.00353655
0,39.8901,217,357,0.0102739,-0.011094
0,6.68445,6588,479624,-0.0185656,-0.00189431
0,12.3899,116666,5.70511e+06,-0.0189888,0.0186216
0,0.015207,55,66,-0.0120718,-0.00407909
0,16.086,217,204,-0.0121955,-0.0106013
0,0.019486,55,66,-0.0117049,-0.00326915
0,0.439338,2019,1417,-0.0149139,-0.0040348
0,45.0347,110,132,0.0107004,-0.00661448
0,0.168762,1856,39463,-0.0207138,-0.00531884
0,0.027648,55,66,-0.00960017,-0.00268565
0,0.027716,178,112,-0.0157628,-0.00087204
0,92.1977,2299,20040,0.0151251,-0.00453201
0,1.14704,2640,6878,-0.0142833,-0.00712685
0,1.58188,2836,2401,-0.015189,-0.00514727
0,0.026854,55,66,-0.00959911,-0.00325776
0,0.015206,55,66,-0.0120718,-0.00407909
0,0.097112,341,132,-0.0140191,-0.000496214
0,0.475208,3679,6316,-0.0185248,-0.00448118
0,0.129826,1650,5942,-0.0153757,-0.010581
0,0.291941,1476,6109,-0.0135057,-0.00755864
0,0.774593,2293,1346,-0.01505,-0.00419167
0,0.675145,1873,1042,-0.0154144,-0.00404099
0,3.3392,3881,18269,-0.0158309,-0.00566197
0,0.134476,341,132,-0.0141112,-0.000559077
0,2.61158,432,165,-0.0132085,-0.00110062
0,39.9017,163,291,0.0119221,-0.00557306
0,0.015235,55,66,-0.0120718,-0.00407909
0,0.043623,648,27431,-0.0198046,-0.00132281
0,0.028552,55,66,-0.00960004,-0.00265738
0,9.62513,3637,3611,-0.0294763,-0.00472326
0,0.022461,162,145,-0.0198003,-0.0140648
0,1.33751,2578,4514,-0.0127704,-0.0122102
0,0.243244,2564,7084,-0.0161652,-0.00462809
0,0.083795,55,66,-0.0126679,-0.0034344
0,0.135943,1604,1211,-0.0155072,-0.00719201
0,60.6414,2156,6137,0.0126796,-0.00883697
0,75.8219,2065,4030,0.0123402,-0.00426486
0,0.025113,55,66,-0.0118934,-0.00295434
0,0.016305,178,178,-0.018704,-0.00363297
0,0.029572,55,60,-0.00848849,-0.00136437
0,0.015539,55,66,-0.0120814,-0.00403495
0,0.01543,55,66,-0.0120875,-0.00407835
0,0.707211,5665,125568,-0.0187762,-0.00184854
0,0.015241,55,66,-0.0120718,-0.00407909
0,30.848,3824,4789,-0.0147287,-0.00632649
0,12.0238,4087,7697,-0.0239208,-0.00415537
0,39.8795,163,357,0.0105602,-0.00495923
0,0.025499,55,60,-0.0117773,-0.00239227
0,0.089,171,105,-0.013522,-0.00244829
0,0.151243,1852,6928,-0.0137654,-0.00453329
0,0.142027,405,297,-0.0145479,1.67465e-05
0,14.8728,755,1082,-0.0123079,-0.0049891
0,0.02752,237,108,-0.0120009,-0.0123429
0,0.016057,178,112,-0.0146508,-0.00236185
0,0.682702,1498,1522,-0.0171469,-0.00553902
0,0.015255,55,66,-0.0120719,-0.00407909
0,0.015267,55,66,-0.0120719,-0.00407909
0,1.57492,13867,1.13766e+06,-0.0193289,0.00272401
0,39.4749,3721,3155,0.00847974,-0.0096984
0,0.112433,2095,43853,-0.0204409,-0.00561569
0,0.3093,6802,242900,-0.0273673,0.00146547
0,0.199987,108,60,-0.0129343,-0.00338125
0,13.3862,1316,548,-0.0165022,-0.00465946
0,0.014902,55,66,-0.0125062,-0.00432062
0,61.2782,2529,26141,0.0149129,-0.00812299
0,0.862595,2894,7514,-0.014584,-0.0238523
0,0.325161,326,60,-0.0138457,-0.000674386
0,116.33,4216,9692,0.0172763,-0.0153624
0,6.39458,2684,5900,-0.0126214,-0.00691694
0,0.02181,55,60,-0.0119127,-0.00245628
0,0.027007,213,108,-0.0120349,-0.0129102
0,0.04512,55,66,-0.0123836,-0.00325024
0,10.6401,1054,4825,-0.0100301,0.00480569
0,0.498043,3225,76293,-0.0172296,-0.00637009
0,5.72298,4465,71752,-0.0188893,-0.00666245
0,1.22294,3344,79615,-0.0198977,-0.00520965
0,0.764168,4815,12140,-0.0208769,-0.00387955
0,13.2688,361,330,-0.0136922,-6.66566e-05
0,26.1891,9016,382046,-0.0237512,-0.000985683
0,0.525113,1871,6068,-0.0187944,-0.00448161
0,0.232769,293,120,-0.0131054,-0.00190878
0,0.812493,2835,3907,-0.0289942,-0.00566418
0,9.41559,3411,4489,-0.0123834,-0.00703542
0,0.260848,128,66,-0.0133311,-0.00326359
0,2.07621,2484,16663,-0.015691,-0.00404626
0,0.023349,171,171,-0.0211308,-0.0031162
0,0.015243,55,66,-0.0120718,-0.00407909
0,14.695,163,298,-0.0123516,-0.00366001
0,80.6385,21656,770929,0.0155308,0.00633344
0,3.46258,1823,4289,-0.0117795,-0.0108732
0,0.314721,961,3656,-0.0106611,0.00245272
0,0.066817,171,171,-0.0212377,-0.00351531
0,65.6487,6655,57495,0.0144978,0.00149195
0,43.9176,7340,32823,0.00751906,1.38119e-06
0,60.9196,2158,7235,0.0125812,-0.00832115
0,0.234913,55,66,-0.012766,-0.00354158
0,0.019255,162,145,-0.0197294,-0.0139612
0,0.432678,1633,5586,-0.0133541,-0.00801948
0,0.176881,341,198,-0.0142355,-0.000583277
0,0.247089,1748,5188,-0.0140047,-0.00854981
0,0.026865,55,66,-0.00959911,-0.00325776
0,3.11597,3563,5677,-0.0220256,-0.00464784
0,5.93985,904,432,-0.0131627,-0.00054792
0,0.022203,55,66,-0.011933,-0.00295967
0,0.026912,171,105,-0.0135706,-0.00231194
0,0.078535,55,66,-0.0126679,-0.00341858
0,0.226583,1556,3501,-0.014358,-0.0087107
0,16.9348,4459,50899,-0.0173844,-0.00572974
0,0.015364,55,66,-0.0120719,-0.00407917
0,0.061124,171,171,-0.0211346,-0.00378155
0,0.184045,1460,4845,-0.0141706,-0.0137776
0,11.756,1797,4616,-0.0125016,-0.0123781
0,0.025018,55,66,-0.0118934,-0.00295434
0,0.066594,341,198,-0.0144516,-0.00152083
0,1.03889,1908,5911,-0.0139506,-0.0142945
0,1.07614,128,74,-0.00984092,-0.00607416
0,1.99482,5557,88592,-0.0177546,-0.00323955
0,0.368788,3227,4971,-0.0150863,-0.00547457
0,24.3783,205,270,-0.00887108,-0.0247378
0,6.81968,1806,8001,-0.0131658,-0.004688
0,0.079079,275,126,-0.0143939,-0.00240534
0,10.7452,1087,2585,-0.00946199,-0.000960251
0,2.42961,3580,1654,-0.0294946,-0.00651084
0,0.156852,1925,6848,-0.0129928,-0.0091163
0,0.087886,178,178,-0.0188043,-0.00309993
0,0.015281,55,66,-0.0120719,-0.00407914
0,5.1583,16610,563055,-0.0188526,0.00267181
0,6.51434,1845,5704,-0.0126463,-0.0071292
0,0.015262,178,112,-0.0146521,-0.00235381
0,0.400772,1994,8578,-0.0145973,-0.0115417
0,0.015219,55,66,-0.0120718,-0.00407909
0,0.107418,1476,5088,-0.0152728,-0.00932018
0,0.092216,55,66,-0.0126657,-0.00343097
0,0.028672,341,223,-0.0162788,-0.000674283
0,0.028203,245,108,-0.01214,-0.012703
0,0.136738,55,60,-0.0123162,-0.00250125
0,0.020284,55,66,-0.0116985,-0.00335808
0,0.138668,178,112,-0.0157041,-0.00105863
0,0.024968,55,66,-0.0118934,-0.00295434
0,0.025214,55,66,-0.0118934,-0.00295434
0,12.0551,217,211,-0.0118972,-0.00957373
0,0.01483,55,66,-0.0124917,-0.00426143
0,0.205786,3312,6940,-0.0190942,-0.00469113
0,0.015172,55,66,-0.0120718,-0.00407909
0,0.024799,55,66,-0.0118934,-0.00295434
0,18.5057,2106,6455,-0.0132869,-0.00730357
0,0.049955,55,66,-0.012526,-0.00343213
0,0.470789,1685,847,-0.014358,-0.00398335
0,0.015367,55,66,-0.0120719,-0.00407917
0,0.095069,171,105,-0.0135218,-0.00244901
0,0.12896,1622,8240,-0.0137139,-0.00972214
0,7.31591,2702,152674,-0.0189287,-0.00506055
0,15.0027,163,126,-0.0121306,-0.00415111
0,7.01371,2882,7278,-0.0144252,-0.0126159
0,3.57852,217,211,-0.012597,-0.00662393
0,52.2848,3259,7356,0.010867,-0.00604486
0,0.14348,1563,4638,-0.0164982,-0.0135321
0,0.119543,1602,6134,-0.0153492,-0.00958941
0,37.0294,2701,6607,0.0112235,-0.00550658
0,0.03717,305,108,-0.0121784,-0.0119727
0,11.254,1054,3640,-0.0102687,0.00014387
0,14.3107,1683,4906,-0.0123285,-0.00742208
0,0.018563,55,66,-0.011718,-0.00347473
0,0.116528,1476,6109,-0.013535,-0.00774436
0,2.83231,217,211,-0.0129172,-0.0099583
0,0.083046,55,66,-0.0126679,-0.00341858
0,0.034722,128,74,-0.00964113,-0.00508184
0,0.027813,55,66,-0.00960007,-0.00268171
0,61.3125,697,488,0.0122628,-0.00586372
0,0.041362,85,108,-0.0132909,-0.00244654
0,40.1385,1813,16813,0.0139975,-0.00397538
0,1.91361,1663,6068,-0.0151459,-0.00981019
0,2.12093,1728,7152,-0.0171696,-0.00555225
0,45.0398,110,120,0.0112133,-0.00296464
0,14.8712,163,296,-0.0123518,-0.0036646
0,15.9823,217,211,-0.0185601,-0.00942907
0,0.154941,1436,3734,-0.0140776,-0.0112077
0,0.090604,1587,4121,-0.0181262,-0.00442982
0,12.9843,2405,6615,-0.0127438,-0.00634449
0,0.092633,1533,6150,-0.0153744,-0.00673766
0,0.041017,55,60,-0.0114862,0.000233317
0,4.85958,1794,4899,-0.0123927,-0.00772371
0,15.9309,4898,50963,-0.0175819,0.000138607
0,2.64161,965,563,-0.0135679,-0.000163794
0,0.187413,341,198,-0.0145606,-0.000868755
0,0.248944,154,100,-0.0136817,-0.00452548
0,0.191973,2877,38474,-0.0175843,-0.00671154
0,0.823729,217,204,-0.013464,-0.0069325
0,0.163284,3086,696,-0.0147055,-0.00868529
0,0.087175,3413,127407,-0.0203076,-0.00602717
0,23.116,2794,2982,-0.025185,-0.00345511
0,40.1945,2287,9866,0.0136425,-0.00449473
0,0.025021,55,66,-0.0118934,-0.00295434
0,0.015201,55,66,-0.0120718,-0.00407909
0,0.015518,55,66,-0.0120875,-0.00401931
0,5.1702,2448,7713,-0.0130885,-0.00756002
0,0.037107,55,66,-0.0096625,-0.00232078
0,0.025,55,66,-0.0118934,-0.00295434
0,2.79058,2761,5172,-0.0164474,-0.0107176
0,0.088458,55,66,-0.0126679,-0.00343443
0,0.026828,55,66,-0.00959917,-0.00325777
0,45.0425,110,132,0.0110379,-0.00442082
0,6.47887,1544,14558,-0.016187,-0.00432415
0,0.018981,55,60,-0.0117487,-0.00245231
0,0.174678,2058,10103,-0.0174867,-0.00377982
0,0.030355,128,74,-0.00965786,-0.00506598
0,75.7195,1872,8665,0.0157881,-0.00886232
0,0.026909,171,105,-0.0135684,-0.00231194
0,0.018607,55,66,-0.011718,-0.00347473
0,0.20025,1635,5934,-0.014701,-0.00999883
0,0.161705,1536,4557,-0.0141892,-0.0128952
0,0.182597,1734,6728,-0.0145584,-0.0104589
0,7.22005,1020,625,-0.0188129,-0.00612732
0,0.153979,3054,37237,-0.0215617,-0.0039552
0,0.066015,171,171,-0.0212377,-0.00351529
0,0.126347,154,100,-0.0136118,-0.00456069
0,1.69281,3761,5985,-0.0209234,-0.00508745
0,0.175806,1187,6935,-0.011874,0.00354002
0,71.8312,4542,192325,0.0172563,-0.000721665
0,0.015197,147,93,-0.0130214,-0.00515594
0,0.202741,1831,4626,-0.0143229,-0.00952724
0,0.01934,162,145,-0.0132221,-0.00466302
0,0.02676,55,66,-0.00959918,-0.00325778
0,78.6306,2779,26639,0.0152165,-0.00449187
0,14.5433,1785,9253,-0.0139728,-0.00989102
0,0.026835,154,160,-0.0143726,-0.00426411
0,0.015054,55,66,-0.0124416,-0.00417549
0,1.88538,2741,4175,-0.0124834,-0.00721245
0,0.015169,55,66,-0.0120718,-0.00407909
0,0.026818,55,66,-0.00959917,-0.00325777
0,63.1954,2247,38132,0.0102804,-0.00238432
0,41.686,11832,605156,0.0187615,5.00068e-05
0,0.079134,55,66,-0.0126679,-0.00341858
0,22.7568,2089,4506,-0.0255748,-0.00586507
0,0.241925,1460,1382,-0.0233206,-0.00879343
0,1.06759,8162,9939,-0.014929,-0.00368247
0,0.015202,55,66,-0.0120718,-0.00407909
0,1.42567,4371,114817,-0.0177305,-0.00438042
0,1.38596,2345,7941,-0.0319361,-0.0181994
0,0.015403,305,162,-0.0122307,-0.012018
0,0.133498,1503,3591,-0.0137497,-0.0113599
0,0.186722,1796,9276,-0.0165619,-0.00346456
0,0.913596,1666,8016,-0.0166727,-0.00860809
0,37.5753,14996,10017,0.00882792,-0.000699166
0,0.18007,1711,5875,-0.0151377,-0.00939578
0,0.45361,1502,3370,-0.0140466,-0.0129963
0,0.27802,1526,3436,-0.0144773,-0.016168
0,0.026775,55,66,-0.00959917,-0.00325777
0,4.55634,4001,49674,-0.0136044,-0.00706667
0,92.0844,3476,73380,0.0142666,-0.00163619
0,0.027008,178,112,-0.015765,-0.000820702
0,12.4496,1141,8281,-0.0136172,-0.00119905
0,4.7966,10676,424759,-0.0249129,-0.00335688
0,0.026432,341,198,-0.0167448,-0.00155379
0,18.5529,10435,22835,-0.0150704,-0.00666211
0,10.0969,2087,39651,-0.0174187,-0.00537835
0,10.7137,2097,10631,-0.0157548,-0.00639147
0,0.752722,961,5698,-0.0133581,-0.000875008
0,0.08277,1141,4499,-0.00999328,0.000124769
0,0.026911,108,60,-0.0125281,-0.00215763
0,0.094549,1203,5045,-0.0110178,0.00203814
0,0.075358,112,66,-0.0191777,-0.00267621
0,10.1662,2275,4782,-0.0135954,-0.010834
0,0.422664,1195,6506,-0.0111037,0.00438522
0,0.019484,55,66,-0.0117049,-0.00326915
0,0.075315,147,93,-0.0134603,-0.00432132
0,0.111522,1476,6109,-0.013514,-0.00774817
0,26.8516,418,3089,-0.0101009,0.000591192
0,0.198674,1015,4668,-0.01074,0.00439315
0,11.5747,2273,5459,-0.0131313,-0.00879102
0,92.1353,9168,6748,0.0148124,0.000669919
0,10.4679,1559,5258,-0.0121524,-0.00746749
0,0.165555,1476,4473,-0.0131312,-0.0134984
0,0.451479,1610,3864,-0.0136625,-0.00814598
0,0.509862,10553,462688,-0.0265632,-0.000964166
0,39.0496,4580,90847,0.00985255,-0.00249648
0,0.173326,8921,513239,-0.0196302,0.00118083
0,0.092043,55,60,-0.0122589,-0.00244936
0,2.51524,1766,7394,-0.0158596,-0.0120458
0,0.027779,55,60,-0.00848883,-0.00170916
0,91.4673,8020,316004,0.0177003,0.00169225
0,60.4945,2600,5787,0.0129294,-0.00879444
0,0.238093,293,186,-0.0130504,-0.00176531
0,52.0527,3086,33492,0.0135398,-0.00427528
0,14.6815,163,383,-0.0126415,-0.00328446
0,0.066371,171,171,-0.0212388,-0.0035111
0,6.84464,1984,6759,-0.0142289,-0.0049703
0,38.8996,7900,54147,0.0115884,-0.00129232
0,0.159634,2031,14534,-0.0246738,-0.00479109
0,0.018261,128,74,-0.01095,-0.0176152
0,0.080755,1523,9877,-0.0282526,-0.00425815
0,0.07728,171,105,-0.0135288,-0.00238217
0,0.02679,55,66,-0.00959917,-0.00325777
0,6.95904,1742,2952,-0.0143512,-0.00397474
0,0.167456,1436,3529,-0.014016,-0.0156475
0,0.020814,55,66,-0.012415,-0.00337389
0,0.070992,1352,4057,-0.0132861,-0.00791771
0,14.9323,3885,78334,-0.016808,-0.00514383
0,6.3928,1608,6632,-0.0141159,-0.00624013
0,8.80015,2483,5260,-0.0114901,-0.00777256
0,31.6047,498,231,-0.0133918,-0.00274354
0,43.5681,2627,71352,0.0180967,-0.00396239
0,0.015225,55,66,-0.0120718,-0.00407909
0,0.055521,1108,7636,-0.0129929,-0.000593068
0,2.94015,6972,10434,-0.0268087,-0.000661664
0,0.057071,1108,4449,-0.0106415,0.0021157
0,0.059516,2364,2043,-0.0161645,-0.00927023
0,2.79303,295,198,-0.0147114,-0.00282356
0,2.8713,1940,5002,-0.0128322,-0.0102757
0,6.18905,2335,7115,-0.0125636,-0.0103557
0,0.159873,2169,5886,-0.0186686,-0.00709641
0,15.8551,1483,1962,-0.0235935,-0.00543874
0,0.844364,10297,291792,-0.019674,0.00180536
0,6.81207,12801,469585,-0.0259892,0.00101929
0,5.41385,4894,6818,-0.0147924,-0.00746299
0,0.033652,55,66,-0.00947669,-0.00252039
0,45.0507,110,132,0.0112455,-0.00655063
0,24.9134,5863,38536,-0.0146897,-0.00302124
0,115.869,2861,6892,0.00402406,-0.00444512
0,42.1951,519,310,0.00972804,-0.00152237
0,0.190099,1734,8425,-0.0163414,-0.00683801
0,0.311603,1973,4122,-0.0138452,-0.01044
0,0.015172,55,66,-0.0120718,-0.00407909
0,1.32657,2448,6465,-0.0142742,-0.0134704
0,4.34127,7627,228338,-0.0184805,0.00132302
0,6.75436,3281,82694,-0.0189774,-0.00469989
0,0.057965,147,93,-0.0131068,-0.00535967
0,3.65741,2635,4708,-0.013824,-0.018519
0,45.2692,110,132,0.0114848,-0.00451658
0,0.583078,2494,20266,-0.0178302,-0.00519184
0,0.015252,55,66,-0.0120718,-0.00407909
0,50.1168,2469,5619,0.0108465,-0.00812786
0,18.2859,1691,7132,-0.0135153,-0.0079292
0,90.0545,165,180,0.0117562,-0.00420591
0,18.0125,1922,2222,-0.0205905,-0.0055785
0,4.41093,14613,15674,-0.0137774,-0.00379675
0,0.025138,55,66,-0.0118934,-0.00295434
0,11.4213,904,428,-0.0133123,-0.000176195
0,0.329728,1584,6680,-0.0143052,-0.00949558
0,0.01495,55,66,-0.012506,-0.00426623
0,0.014836,55,66,-0.0125105,-0.00426143
0,116.503,16743,583052,0.0262762,0.00178351
0,0.015102,55,66,-0.0124437,-0.00408476
0,13.8857,6291,2028,-0.0118928,-0.00344898
0,4.78124,3900,8055,-0.0164633,-0.00479971
0,11.9531,1981,7020,-0.0130814,-0.00447807
0,0.06897,154,100,-0.0135856,-0.00434855
0,0.037664,55,66,-0.0104196,-0.00232078
0,53.4088,519,244,0.0099206,-0.00594458
0,1.58141,3267,4926,-0.0206115,-0.00499512
0,0.019475,55,66,-0.0117049,-0.00326915
0,104.129,2425,11236,0.0131552,-0.0146869
0,2.60609,2411,6606,-0.0169446,-0.00756364
0,40.1808,1810,3267,0.0081737,-0.00577339
0,0.014925,55,66,-0.0125085,-0.00430374
0,0.135592,564,300,-0.0148287,-0.0054597
0,0.04473,55,66,-0.0125168,-0.00324941
0,0.057004,971,2290,-0.0105546,-0.000905245
0,1.64954,5934,61314,-0.0250266,-0.00110033
0,5.79941,1355,7283,-0.0138031,-0.00883001
0,30.2688,6557,5123,-0.0160134,-0.00198789
0,0.032191,205,108,-0.0121304,-0.0131764
0,0.022308,55,66,-0.011933,-0.00295967
0,0.02739,55,66,-0.00960361,-0.0032569
0,0.021654,108,120,-0.0123534,-0.0034802
0,0.242788,290,178,-0.0152034,-0.00165425
0,40.3173,2245,18545,0.0143634,-0.00226595
0,14.9198,271,297,-0.0123605,-0.00285871
0,0.316177,55,60,-0.0126652,-0.00283539
0,0.106341,327,264,-0.0142993,-0.00101717
0,0.025083,55,66,-0.0118934,-0.00295434
0,0.146722,2509,30123,-0.0173445,-0.00386486
0,3.7532,247,180,-0.0133058,-0.0022521
0,0.019753,55,66,-0.0116977,-0.00308412
0,10.0974,1652,6461,-0.0122693,-0.0126293
0,0.01524,108,60,-0.0128526,-0.00587178
0,27.4998,18975,1.31293e+06,-0.0171249,0.00133016
0,15.0993,271,271,-0.0124821,-0.00292284
0,25.8373,3420,96988,-0.0177368,-0.0057716
0,0.026909,178,112,-0.015765,-0.000820702
0,0.01513,55,66,-0.0121601,-0.00406741
0,0.08845,55,66,-0.0126679,-0.00343443
0,0.084062,1562,1698,-0.0345181,-0.0217642
0,11.1183,7922,117817,-0.0183876,0.00172844
0,15.4314,1087,6321,-0.0127233,-0.000186384
0,33.9824,163,180,0.0126727,-0.00955305
0,7.28795,1808,926,-0.0152343,-0.00439489
0,4.75672,34798,2.40673e+06,-0.020478,0.00558289
0,14.9501,217,371,-0.0181904,-0.0144796
0,0.020141,55,60,-0.0117248,-0.00237049
0,1.5024,3751,58120,-0.0281013,-0.00425167
0,15.4653,4423,881,-0.0151627,-0.00237423
0,92.0355,2532,7514,0.0135738,-0.0143797
0,0.297404,477,288,-0.0134499,-0.00194814
0,17.1144,163,126,-0.0112981,-0.00878753
0,0.179111,1460,3369,-0.0137548,-0.0113547
0,0.024968,55,66,-0.0118934,-0.00295434
0,21.0494,908,1715,-0.0126524,-0.00678849
0,0.074275,1195,4533,-0.0113448,0.00132505
0,44.118,2714,7017,0.0109446,-0.00888651
0,0.105315,860,995,-0.0149374,-0.0053811
0,58.806,294,246,0.0076848,-0.00893591
0,1.22001,615,407,-0.0144459,-0.00225086
0,0.015167,55,66,-0.0120718,-0.00407909
0,41.311,7609,144676,0.0152579,0.000666673
0,0.088917,55,66,-0.0126664,-0.00343368
0,113.929,2804,6722,0.0148979,-0.005999
0,0.037571,305,162,-0.0120374,-0.011888
0,90.3823,165,180,0.0126987,-0.00370078
0,32.3548,163,126,-0.0117806,-0.00870118
0,14.4851,420,474,-0.0209933,-0.00720894
0,0.04545,235,132,-0.0132127,-0.00534015
0,0.027303,178,112,-0.015765,-0.00087204
0,0.027771,55,66,-0.00960002,-0.00268175
0,0.015216,55,66,-0.0120718,-0.00407909
0,38.4713,3053,49216,0.0159975,-0.00254909
0,0.026805,55,66,-0.00959917,-0.00325777
0,30.7691,1688,7605,-0.0138021,-0.00973121
0,0.383452,1817,7030,-0.0152278,-0.0046405
0,0.138025,171,171,-0.0215773,-0.00408317
0,3.09975,2626,1999,-0.0193573,-0.00754571
0,0.025257,55,66,-0.0118934,-0.00295434
0,21.9922,3823,1620,-0.0143141,-0.00429818
0,12.94,349,295,-0.0200756,-0.00492107
0,15.081,163,126,-0.0115273,-0.00901835
0,5.23943,1141,5861,-0.00981758,0.00454576
0,0.021342,55,60,-0.0118658,-0.00244195
0,2.61083,10867,425371,-0.0193398,0.00197807
0,0.203489,1806,6803,-0.0149508,-0.0132245
0,0.17539,2280,3227,-0.0228981,-0.0047888
0,1.5711,2466,22529,-0.0179389,-0.00305952
0,0.112702,1643,1385,-0.0270093,-0.00525524
0,7.5881,4620,30167,-0.0188873,-0.00272896
0,0.029695,55,60,-0.00844111,-0.00114962
0,0.015358,108,60,-0.0123178,-0.00636034
0,0.025174,55,66,-0.0118934,-0.00295434
0,0.025095,55,66,-0.0118934,-0.00295434
0,6.06569,1316,927,-0.0156024,-0.0043531
0,0.036353,55,66,-0.0094619,-0.00230461
0,0.121342,1429,596,-0.0165033,-0.00513527
0,5.09316,1743,7337,-0.0173777,-0.00390552
0,1.30306,1395,4537,-0.012898,-0.0107715
0,0.01525,55,66,-0.0120718,-0.00407909
0,0.072586,1668,4609,-0.0142382,-0.0124474
0,40.1689,453,178,0.00761789,-0.00507344
0,10.7752,1108,5608,-0.0102409,0.00458556
0,7.72879,2719,4153,-0.0220768,-0.00499032
0,18.1926,4367,130663,-0.0230809,-0.00477256
0,10.6738,1149,7011,-0.0123065,0.00212937
0,4.78123,1856,7931,-0.0139421,-0.00613392
0,0.01632,178,178,-0.018704,-0.00363297
0,67.3597,3740,11581,0.0132597,-0.00580425
0,66.7871,5002,74101,0.0148578,-0.00320711
0,9.62951,5016,3415,-0.0133263,-0.00288885
0,5.13959,1224,629,-0.0142503,-0.000207196
0,0.385056,1502,3436,-0.0144756,-0.0118373
0,0.021436,162,145,-0.0197025,-0.0140595
0,17.3351,544,574,-0.0154159,-0.00104756
0,0.019877,55,66,-0.0116977,-0.00308412
0,0.179495,1368,4473,-0.0130751,-0.0113636
0,120.117,3.63528e+06,58584,0.11338,0.0313076
0,14.9864,163,271,-0.0126113,-0.00422599
0,0.165234,1526,4132,-0.0143364,-0.0161515
0,6.96805,1786,6372,-0.0138541,-0.00844185
0,6.54236,1630,5790,-0.0151107,-0.00961939
0,8.58136,1620,3133,-0.0128519,-0.00798954
0,0.015269,147,93,-0.0129953,-0.00515416
0,6.32644,2233,938,-0.0150912,-0.00829641
0,1.05669,1674,4145,-0.014944,-0.00941972
0,10.454,958,517,-0.0132381,0.00011285
0,10.3219,2211,4937,-0.0119933,-0.0126689
0,0.6044,2986,7737,-0.021017,-0.00577895
0,33.2096,2995,5823,0.0113726,-0.00916791
0,74.0395,110,132,0.0116126,-0.0049093
0,0.136274,1502,3799,-0.0143358,-0.01235
0,0.020782,55,66,-0.012415,-0.00337389
0,0.033584,178,112,-0.0157597,-0.000905916
0,0.264738,55,66,-0.0127693,-0.00327529
0,8.14071,163,126,-0.011805,-0.00940756
0,0.166374,2535,6265,-0.0154094,-0.00895452
0,0.593084,2873,6727,-0.0138392,-0.008339
0,8.96417,4136,7642,-0.0142724,-0.00896994
0,60.9731,2875,4606,0.0129697,-0.00847707
0,5.17861,2370,4320,-0.0129033,-0.0128861
0,1.42668,1644,8375,-0.0138758,-0.00490176
0,0.015244,55,66,-0.0120718,-0.00407909
0,0.025226,55,66,-0.0118934,-0.00295434
0,90.0479,165,198,0.0116806,-0.00714869
0,49.8071,164,277,0.0113189,-0.00827857
0,0.278449,1738,6177,-0.0133343,-0.0081896
0,0.375272,1761,6536,-0.0185955,-0.00466327
0,0.508513,1617,931,-0.0159783,-0.007427
0,0.027348,55,66,-0.00960361,-0.0032569
0,2.24012,6676,1748,-0.0169006,0.00185844
0,0.015196,55,66,-0.0120718,-0.00407909
0,0.168722,1436,3369,-0.0140168,-0.0158104
0,6.50122,20273,1.13095e+06,-0.0238464,0.0026196
0,59.6075,218,449,0.0138795,-0.0291694
0,10.8517,9518,181218,-0.0245437,-0.00127752
0,6.36988,1548,5894,-0.0132783,-0.0104773
0,8.98865,1191,901,-0.011263,-0.000161588
0,0.026885,55,66,-0.00959911,-0.00325776
0,0.015202,55,66,-0.0120718,-0.00407909
0,0.015259,55,66,-0.0120719,-0.00407909
0,7.83911,1759,6705,-0.0125554,-0.00829321
0,14.732,2677,3869,-0.0150398,-0.00682951
0,17.6584,163,120,-0.0119737,-0.00190766
0,0.025077,55,66,-0.0118934,-0.00295434
0,0.027343,55,66,-0.00960361,-0.0032569
0,0.023448,171,171,-0.0211308,-0.0031162
0,0.020781,55,66,-0.012415,-0.00337389
0,0.08886,55,66,-0.0126664,-0.00343358
0,5.41402,1891,6165,-0.0134869,-0.0112905
0,4.00629,3291,4100,-0.0321158,-0.020732
0,1.65071,2250,4601,-0.0133178,-0.0126036
0,6.18409,7060,223095,-0.0176424,0.00153176
0,0.119296,1352,3374,-0.0132574,-0.0102021
0,135.075,220,198,0.0566973,-0.00653185
0,6.28163,1610,3613,-0.0258521,-0.00767916
0,10.0905,11474,5953,-0.0379827,-0.0108404
0,0.015275,55,66,-0.0120719,-0.00407909
0,52.2869,64658,98050,-0.00756029,0.0195017
0,11.6629,1654,1227,-0.0148845,-0.00500672
0,30.3553,2551,5221,-0.0152751,-0.00722979
0,0.536477,3699,55193,-0.0173902,-0.006814
0,0.723634,1923,7885,-0.0185374,-0.00496339
0,0.037301,55,66,-0.0096625,-0.00232078
0,1.17841,1054,4825,-0.010154,0.00465937
0,10.5518,1087,4908,-0.0102355,-4.77575e-05
0,0.037681,55,66,-0.0104196,-0.00232078
0,0.025298,55,60,-0.011777,-0.00239456
0,0.015195,55,66,-0.0120718,-0.00407909
0,0.106577,951,3371,-0.0109501,0.00649678
0,0.2014,5097,910,-0.0153217,-0.00243984
0,1.44826,2253,7215,-0.0181796,-0.00385568
0,0.743711,2503,6409,-0.0153596,-0.00417022
0,2.7966,8963,249161,-0.018087,0.00182694
0,0.028529,55,66,-0.00960004,-0.00265738
0,20.71,2272,28050,-0.0157214,-0.00652576
0,23.8252,1769,5997,-0.011949,-0.0080271
0,0.165475,1502,3434,-0.0143358,-0.0161841
0,0.022175,315,2443,-0.0107559,0.00198596
0,0.067791,178,178,-0.0187471,-0.00271395
0,56.2545,498,369,0.010305,-0.00568581
0,0.015103,55,66,-0.0124437,-0.00408476
0,40.2083,2933,40216,0.0113424,-0.00754177
0,0.171637,1620,6709,-0.0179008,-0.00896124
0,0.027016,55,74,-0.0100634,-0.00267978
0,0.748082,1498,1522,-0.0170495,-0.00554518
1,59.0161,342,276,0.0125337,-0.00288649
1,177.001,618,381,0.0383134,-0.00440608
1,0.069492,1053,6121,-0.0143903,0.000557069
1,59.0256,342,276,0.0123271,-0.00161897
1,0.015299,108,60,-0.0125143,-0.00585301
1,177.002,618,381,0.0402264,-0.00370175
1,0.24986,276,183,-0.0140356,-0.00297455
1,63.3983,603,458,0.0116025,-0.00875752
1,4.2147,432,353,-0.0175426,-0.000517547
1,82.5918,188794,273312,-0.000457684,0.0775653
1,1.32053,2517,4915,-0.0225016,-0.00409349
1,31.1903,426,213,-0.0131007,-0.00661794
1,0.015585,171,105,-0.0132339,-0.00358723
1,98.4469,176496,264607,0.00563404,0.0779015
1,0.500725,2010,4418,-0.0158024,-0.00446282
1,28.3045,70461,100872,-0.0217601,0.006405
1,177.001,618,315,0.0381155,-0.00451986
1,50.8721,4363,7593,0.00252302,-0.00242
1,0.084484,2285,4539,-0.0207048,-0.00776646
1,0.015583,171,105,-0.01323,-0.00358722
1,0.31114,4259,5550,-0.0186689,-0.00174812
1,105.481,142616,141974,0.0221553,0.0785993
1,0.221935,4056,5354,-0.0202309,-0.00168979
1,0.527769,2447,4828,-0.0170001,-0.0124611
1,0.095528,2769,3352,-0.023171,-0.00484902
1,0.180676,4239,6026,-0.0229368,0.00258857
1,0.260648,2476,7729,-0.0153634,-0.00567946
1,33.2576,828,1006,0.00489697,-0.00370088
1,0.50906,2010,4424,-0.0156327,-0.00442157
1,35.3539,2397,3836,0.00272682,-0.00163853
1,0.517151,2146,7663,-0.014986,-0.0127162
1,110.6,153366,259249,0.0240759,0.0714529
1,0.534175,2146,7729,-0.0148612,-0.0135357
1,0.068418,171,171,-0.0212383,-0.00350777
1,4.17115,432,353,-0.0173882,-0.00213973
1,0.115567,1053,6121,-0.014481,0.000117155
1,0.294866,4122,5420,-0.0221539,-0.00371524
1,0.057023,171,171,-0.0214093,-0.00575303
1,0.017232,171,105,-0.0132561,-0.00362695
1,9.54917,2190,4839,-0.0317701,-0.00564257
1,1.89949,9786,11526,-0.0279882,0.000339883
1,4.20928,353,393,-0.0144406,-0.0027686
1,0.024929,171,105,-0.0133551,-0.00239545
1,0.306896,4247,5406,-0.0221769,-0.00279479
1,43.1721,64081,97778,0.000766716,0.0119038
1,135.186,279,556,0.0277445,-0.0141965
1,1.26783,6767,9864,-0.0197862,0.00474955
1,177.001,723,459,0.0395237,-0.00325412
1,59.6455,15539,16735,0.00663647,0.00295147
1,4.03714,353,393,-0.0150362,-0.00281384
1,177.001,618,381,0.0383225,-0.00440456
1,118.017,591,486,0.0179742,-0.00390116
1,4.20115,432,353,-0.0173934,-0.00214851
1,15.7902,6411,9063,-0.0305016,0.000863397
1,0.015557,171,105,-0.01323,-0.00358722
1,0.025242,55,66,-0.0118934,-0.00295434
1,98.2639,303604,506122,0.0158095,0.0889041
1,0.105986,2251,2861,-0.0230031,-0.00461663
1,1.43186,13059,18513,-0.0238622,0.0144764
1,0.265922,4056,5486,-0.0222646,-0.0033275
1,0.015689,171,105,-0.0132299,-0.00358722
1,0.067735,171,171,-0.0212383,-0.00350777
1,3.4e-05,105,66,-0.0209199,-0.00966463
1,15.5366,21699,38851,-0.019585,0.00569925
1,18.7719,5401,6936,-0.0203169,0.00328795
1,0.025398,261,126,-0.016439,-0.00173585
1,0.015529,171,105,-0.0132312,-0.00359194
1,59.0257,342,276,0.0123271,-0.00161897
1,0.015485,171,105,-0.0132352,-0.00358733
1,0.015459,171,105,-0.0132312,-0.00359296
1,0.215606,4161,5525,-0.0203238,0.00205507
1,0.135736,4785,5844,-0.0226448,0.00312941
1,100.247,134728,204583,0.00727844,0.0284532
1,0.015669,171,105,-0.0132299,-0.00358722
1,4.57535,2136,4770,-0.0231936,-0.00377161
1,9.37143,3999,6200,-0.0228636,-0.00298684
1,4.27803,353,393,-0.0144402,-0.00280234
1,0.53128,2080,7487,-0.0151052,-0.00909595
1,0.056248,171,171,-0.0213817,-0.00577899
1,16.138,910,1073,-0.0157581,-0.000272794
1,62.3762,17872,18902,0.00378831,0.00982432
1,0.113233,2313,2558,-0.0258134,-0.00375281
1,7.7755,1809,4402,-0.0290383,-0.0082651
1,0.068945,987,6055,-0.0145934,0.000254536
1,28.4138,25412,41177,-0.0163223,0.0101758
1,9.91668,1701,1150,-0.0138891,-0.0047494
1,0.434072,4359,5680,-0.0200591,-0.00236883
1,60.1378,31161,46600,0.00562973,0.00922832
1,1.34257,5596,7091,-0.0312872,0.005955
1,113.33,56691,65804,0.00645674,0.0210727
1,4.29649,353,393,-0.0144118,-0.0031012
1,1.23808,5563,4515,-0.0181717,0.000640587
1,4.90512,2340,3108,-0.0187347,-0.00414939
1,30.1217,1647,1295,-0.0124737,-0.00620895
1,0.294214,276,183,-0.0133124,-0.00163043
1,0.015577,171,105,-0.01323,-0.00358722
1,177.001,618,381,0.0383447,-0.00384061
1,1.48845,1767,4563,-0.0319935,-0.00610673
1,0.372847,3084,3658,-0.0277931,-0.00259839
1,0.025374,171,105,-0.0133522,-0.00239545
1,3.4e-05,105,66,-0.0209199,-0.00966463
1,59.0161,342,276,0.0125337,-0.00288649
1,0.198772,4476,6116,-0.0227651,0.00446256
1,63.7234,126693,74484,0.0101348,0.0748304
1,103.538,47310,35828,0.0120935,0.0134819
1,59.016,342,276,0.0125337,-0.00288649
1,48.9685,25225,42879,0.00185302,0.00472321
1,9.95154,7035,9201,-0.023466,0.00117171
1,0.021645,128,74,-0.0106125,-0.0175192
1,0.231435,4920,6247,-0.0230582,0.00254168
1,30.1046,1755,4671,-0.0298343,-0.00671076
1,77.8963,38776,33527,0.00607233,0.0126186
1,4.18662,353,393,-0.0144442,-0.00274218
1,4.30571,498,353,-0.018434,-0.00137528
1,1.40916,13059,18437,-0.023354,0.0139717
1,30.1078,1713,4672,-0.0307122,-0.00658971
1,53.3183,25072,41788,0.00841241,0.0124148
1,35.1906,2094,4813,-0.00837309,-0.00493351
1,4.08476,353,327,-0.0183299,-0.00643254
1,97.9338,146074,149494,0.0129112,0.0781823
1,0.135131,1963,2165,-0.0261982,-0.00431791
1,4.11096,353,393,-0.0144237,-0.00265281
1,118.016,513,381,0.0178491,-0.00352479
1,48.5864,55693,50180,0.00801134,0.0119914
1,59.0255,342,276,0.0123271,-0.00161897
1,30.7528,1647,1295,-0.0123252,-0.00623827
1,59.8512,110,132,0.0124432,-0.00791047
1,3.09363,6798,11180,-0.0333204,-0.00184737
1,0.519125,2212,7707,-0.0162978,-0.0276128
1,0.218332,3951,5183,-0.0224914,0.00187197
1,0.323775,4149,5183,-0.0201859,0.00192585
1,9.12677,15522,14208,-0.0186345,0.0036872
1,112.292,146340,220526,0.00745272,0.0280413
1,0.017147,171,105,-0.0132504,-0.00363737
1,0.521232,2315,4608,-0.0168837,-0.00440753
1,0.302326,4451,5564,-0.0222661,-0.000861707
1,9.45062,27494,24662,-0.0188315,0.00766378
1,5.34973,13680,10748,-0.0206483,0.00132102
1,0.021767,128,74,-0.0106121,-0.0175074
1,41.2575,80186,131061,0.00771185,0.0204743
1,122.204,513,437,0.0682131,-0.00851723
1,7.11695,4076,6577,-0.0354569,-0.00543014
1,30.1161,3701,6301,-0.0223833,-0.00446733
1,4.10693,353,393,-0.0144418,-0.00275361
1,0.021643,128,74,-0.0106125,-0.0175192
1,4.27789,353,393,-0.0144406,-0.00280743
1,63.2366,669,458,0.00765498,-0.00238541
1,118.016,513,381,0.0178215,-0.00408966
1,177.001,618,381,0.040297,-0.00357788
1,118.026,513,381,0.0172979,-0.0021353
1,0.215812,4581,6287,-0.0233621,0.00283589
1,0.015588,171,105,-0.01323,-0.00358722
1,0.056937,171,171,-0.0214118,-0.00575315
1,101.775,91060,105229,0.0216105,0.0162169
1,4.10685,498,353,-0.0183231,-0.00320048
1,1.9e-05,105,66,-0.0209101,-0.0096717
1,118.028,513,381,0.0168101,-0.00207638
1,0.501417,1956,4364,-0.0156228,-0.00585887
1,177.001,618,381,0.0402301,-0.00369852
1,63.0562,603,458,0.0115981,-0.00875492
1,4.23291,353,393,-0.0144404,-0.0027739
1,4.26215,537,431,-0.0135342,-0.00739863
1,0.109735,2379,2491,-0.0258142,-0.0038138
1,4.34,498,353,-0.0183282,-0.00318623
1,63.0918,603,458,0.0117499,-0.00985146
1,120.693,304080,153584,0.212182,0.0193184
1,118.017,513,381,0.0178214,-0.00408857
1,0.089543,2110,1776,-0.0181561,-0.00181329
1,0.053823,951,6055,-0.0141263,0.0016393
1,75.3571,17859,28262,0.0084351,0.000756094
1,0.015232,108,60,-0.0128585,-0.00569159
1,71.6464,52041,52200,0.00870493,0.0146685
1,0.290176,4254,5486,-0.0224413,0.00239577
1,177.002,279,534,0.0298261,-0.00768288
1,0.269817,3943,5101,-0.0224049,0.00160434
1,63.1038,669,458,0.00811701,-0.00314227
1,0.070531,1053,6121,-0.0139593,0.000910089
1,0.059289,171,171,-0.0214124,-0.00576274
1,177.001,618,381,0.0383277,-0.00440058
1,0.161106,4371,5762,-0.022901,0.00289282
1,0.371607,4464,5762,-0.0202895,0.00301454
1,0.025264,55,66,-0.0118934,-0.00295434
1,0.340229,2136,4824,-0.0311024,-0.00533052
1,4.08234,353,327,-0.0183058,-0.00635366
1,1.23654,1755,4555,-0.0309418,-0.00593928
1,6.25877,1809,4401,-0.0299613,-0.00840655
1,177.002,618,381,0.0383134,-0.00440821
1,5.60317,1809,4523,-0.0131932,-0.00688352
1,45.0947,110,132,0.010664,-0.00705909
1,39.7737,217,357,0.0102738,-0.011094
1,177.001,279,534,0.0295861,-0.00707212
1,30.0969,1755,4666,-0.038191,-0.00955673
1,0.021568,128,74,-0.0106021,-0.0175699
1,112.937,54316,60891,0.023075,0.00648074
1,0.059432,171,171,-0.021407,-0.0057445
1,0.096452,2733,3352,-0.0230985,-0.00491037
1,37.2532,59343,91681,0.00094727,0.00910873
1,0.069757,1053,6121,-0.0143894,0.000413742
1,177.001,723,459,0.0377637,-0.00431868
1,4.36176,353,393,-0.0144189,-0.00275001
1,177.001,618,315,0.0381355,-0.00395576
1,0.015616,171,105,-0.0132299,-0.00358722
1,0.024882,171,105,-0.0133551,-0.00239545
1,0.325568,4888,6101,-0.0227829,0.00290972
1,0.102885,2029,2231,-0.0231131,-0.00484295
1,0.025031,327,126,-0.0167581,-0.000845838
1,4.09782,353,327,-0.0183371,-0.00619133
1,113.018,131762,128464,0.0171353,0.0838536
1,30.1016,1713,4709,-0.0152309,-0.00525866
1,42.6316,106330,162167,-0.00185977,0.0638514
1,59.0159,342,210,0.0117256,-0.00358353
1,30.1022,1647,1295,-0.0153328,-0.00621634
1,31.1498,426,213,-0.013027,-0.00661794
1,8.94776,2296,4688,-0.0351331,-0.00678408
1,103.711,121293,232762,-0.000159155,0.0390853
1,0.325047,128,74,-0.00985304,-0.00538913
1,0.17285,4458,5781,-0.0230832,0.00271766
1,120.801,35930,29979,0.125859,0.0170212
1,0.194335,3951,5117,-0.0225201,0.00177273
1,118.026,513,381,0.0172968,-0.00213622
1,0.166861,4715,5959,-0.022549,-0.000496003
1,0.041111,93,54,-0.0133564,-0.00263004
1,177.002,618,381,0.0383134,-0.00440837
1,60.4166,115878,119812,0.00967144,0.0741938
1,0.024976,171,105,-0.0133551,-0.00239545
1,0.015563,171,105,-0.01323,-0.00358722
1,0.057821,171,171,-0.021412,-0.00575135
1,1.03727,5238,6697,-0.0366144,0.00356091
1,30.9057,96452,67753,-0.0209296,0.0432638
1,0.513961,2146,7597,-0.0147595,-0.0131941
1,0.069481,2133,3704,-0.0225294,-0.00285378
1,0.018407,625,1075,-0.0168137,-0.0918938
1,30.2317,3899,6430,-0.0251287,-0.00452677
1,0.015561,171,105,-0.01323,-0.00358722
1,39.9558,41964,83088,0.00230691,0.0231323
1,0.253462,4227,5459,-0.0202433,0.00286352
1,0.527657,4332,5237,-0.0223751,-0.00186655
1,30.0949,1713,4591,-0.0280013,-0.00805264
1,118.026,513,381,0.0167975,-0.00205006
1,23.051,1168,794,-0.00925632,-0.0789536
1,0.015502,171,105,-0.0132312,-0.00358733
1,0.069306,987,6055,-0.0145934,0.000254547
1,2.1e-05,93,54,-0.0137197,-0.015839
1,177.001,618,315,0.0381155,-0.0042146
1,10.2206,24029,47402,-0.0290132,0.00842283
1,2.08407,2190,4717,-0.0310065,-0.00526436
1,0.021718,128,74,-0.0106124,-0.0175192
1,177.001,279,534,0.0298387,-0.00764528
1,14.8922,21270,20328,-0.0202567,0.0120624
1,80.975,4784,7782,0.0106641,-0.00286308
1,30.9755,676,1297,-0.0206212,-0.00275284
1,0.015112,55,66,-0.0123618,-0.00408574
1,118.016,513,381,0.0178489,-0.00352495
1,0.115887,2133,3702,-0.0224923,-0.00287273
1,0.025332,171,105,-0.0133551,-0.00239545
1,33.4828,30776,45121,0.000293021,0.0188326
1,177.001,279,534,0.0298508,-0.00753461
1,4.31619,353,327,-0.0183369,-0.00639421
1,95.3694,42762,39599,0.0187422,0.0117195
1,14.3112,529,705,-0.0135911,-0.00226499
1,0.193069,3812,5316,-0.0224745,0.00148981
1,10.0323,7254,9223,-0.0247969,0.00821601
1,0.510644,2441,7807,-0.0151544,-0.0141754
1,118.016,513,381,0.0174151,-0.00400116
1,4.89548,3225,2378,-0.0205997,-0.00228594
1,1.79646,2183,4620,-0.0311306,-0.00554996
1,0.525286,2315,4760,-0.0167979,-0.0038245
1,0.530771,2249,4628,-0.0157331,-0.0050128
1,30.124,1755,4535,-0.0314296,-0.00723176
1,177.001,618,381,0.0400759,-0.00360511
1,118.016,513,381,0.0174477,-0.00398128
1,0.497744,2010,4365,-0.0157162,-0.00503135
1,0.024836,55,66,-0.0118934,-0.00295434
1,118.016,513,381,0.0178309,-0.0040847
1,0.133761,2058,3506,-0.0244241,-0.00946229
1,4.26378,432,353,-0.0173935,-0.00216131
1,177.001,618,381,0.0383225,-0.00440456
1,4.10297,353,393,-0.0144412,-0.00273074
1,30.1188,1659,4535,-0.0193569,-0.00693676
1,73.3874,24340,25288,0.00578969,0.0114981
1,4.02073,353,393,-0.015035,-0.00325426
1,82.4669,48434,53306,0.00758215,0.0106229
1,1.52209,1053,6121,-0.0153151,0.000636247
1,1.26199,4951,6055,-0.0321333,-0.00182972
1,29.3145,3616,3442,-0.0146568,0.0248815
1,104.643,72597,136836,0.00692641,0.0137851
1,30.1149,1659,4512,-0.0194048,-0.00674564
1,59.0161,342,276,0.0125337,-0.00288659
1,77.1185,169915,337338,0.00352429,0.0410364
1,4.25716,432,353,-0.0175374,-0.000517874
1,0.14079,2021,2281,-0.0263337,-0.00434344
1,0.192483,3885,5381,-0.0226506,0.00162964
1,4.16256,498,353,-0.0183283,-0.00319797
1,59.0688,1349,1800,0.0100382,-0.00481989
1,118.028,513,381,0.0168072,-0.00205438
1,1.9e-05,105,66,-0.0209101,-0.0096717
1,0.510049,2212,7663,-0.0152243,-0.0146798
1,0.025058,171,105,-0.0133551,-0.00239545
1,15.2372,13677,10207,-0.0178755,0.00277745
1,4.20858,353,393,-0.0144402,-0.00268652
1,95.6115,34335,36883,0.0147145,0.00758581
1,0.025387,171,105,-0.0133551,-0.00239545
1,25.3538,3933,4536,-0.0286864,-0.00191285
1,0.500945,2010,4304,-0.0156626,-0.00502095
1,0.2854,4049,5340,-0.0200502,-0.00292731
1,0.095648,2949,3449,-0.0232948,-0.00419347
1,0.015539,171,105,-0.0132312,-0.00358719
1,0.026936,55,66,-0.0095992,-0.00325695
1,0.021723,128,74,-0.0106129,-0.0175192
1,177.001,618,381,0.0400568,-0.00357618
1,177.001,618,315,0.038103,-0.00452315
1,177.001,618,381,0.0384651,-0.00418567
1,0.104062,2110,1836,-0.0198155,-0.00244494
1,0.026925,55,66,-0.0095992,-0.00325695
1,1.52206,1053,6121,-0.0244306,0.00198363
1,19.8334,4799,6734,-0.0185064,-0.00246422
1,0.216704,4056,5237,-0.0201143,-0.00336443
1,0.090393,2305,1585,-0.020926,-0.00309915
1,0.099584,2313,2854,-0.0223447,-0.00475365
1,30.2137,3965,6430,-0.0226368,-0.0047796
1,63.0863,669,458,0.00811294,-0.00314258
1,81.0295,64440,63541,-0.00754405,0.013602
1,63.2414,603,458,0.0115938,-0.00875752
1,93.0174,37025,57639,0.00989086,0.00664185
1,63.1422,669,458,0.00765498,-0.00238541
1,0.10226,2847,3515,-0.023355,-0.00418505
1,0.02498,171,105,-0.0133551,-0.00239545
1,0.021688,128,74,-0.0106125,-0.0175192
1,177.001,618,381,0.0383468,-0.00384061
1,0.015783,55,66,-0.0120814,-0.00403495
1,1.39149,12927,18860,-0.0237063,0.0138989
1,0.190676,4056,5377,-0.0202938,0.00197555
1,102.697,177378,277785,0.00808296,0.0291846
1,109.148,68967,80942,0.020936,0.0116923
1,118.016,513,381,0.0178305,-0.00408621
1,16.4471,5168,6820,-0.0200978,0.000221313
1,177.002,618,381,0.038314,-0.00441142
1,0.069409,1053,6121,-0.0143942,0.000616894
1,30.1551,1701,1291,-0.0139197,-0.00346602
1,4.2575,432,353,-0.0173935,-0.00216265
1,0.05745,171,171,-0.021412,-0.00576415
1,0.139133,2190,3572,-0.0225487,-0.00389569
1,30.3697,1701,1295,-0.0152991,-0.0054492
1,110.556,84601,102860,0.0216193,0.0072273
1,71.6556,94678,142097,0.00386495,0.0234373
1,26.0128,91721,137590,-0.0192428,0.0763955
1,118.026,513,381,0.0173254,-0.00157211
1,0.241162,3944,5235,-0.0224069,0.00176602
1,0.068964,171,171,-0.0212383,-0.00350777
1,63.1,603,458,0.0116953,-0.00984771
1,4.28222,353,393,-0.0144222,-0.00272657
1,0.015197,55,66,-0.0120718,-0.00407909
1,63.0606,458,669,0.0127933,-0.00346835
1,8.95003,8159,9028,-0.0184895,0.00620016
1,0.265746,4254,5354,-0.0222872,-0.00120588
1,4.24281,353,393,-0.0144406,-0.0027686
1,0.055997,171,171,-0.0213668,-0.00574738
1,177.001,618,381,0.0402217,-0.00370405
1,7.55335,1809,4506,-0.0289911,-0.0082573
1,35.9442,5868,8369,0.00563194,0.000862762
1,63.0802,458,669,0.0127889,-0.00332613
1,0.021774,128,74,-0.0106121,-0.0175074
1,118.016,513,381,0.0178188,-0.00409045
1,0.066119,171,171,-0.0212377,-0.00351529
1,30.2375,1701,1274,-0.0149363,-0.00349629
1,0.068497,987,6055,-0.0146166,0.000254652
1,4.26665,353,393,-0.0144146,-0.00283934
1,30.2949,744,515,-0.0155599,0.000212302
1,90.9534,50167,77282,0.00873785,0.0142869
1,0.244785,4227,5393,-0.0203118,0.00283819
1,0.157846,2095,2297,-0.0265111,-0.00453413
1,0.095043,2937,3352,-0.0149133,-0.00866983
1,63.0984,669,458,0.00796908,-0.00314661
1,0.256832,276,105,-0.0132611,-0.00159651
1,4.5e-05,105,66,-0.020729,-0.00959148
1,0.1182,2313,2788,-0.02257,-0.00451565
1,0.095772,2883,3138,-0.0152646,-0.008437
1,4.17778,498,353,-0.0184342,-0.00136627
1,0.103559,2247,2854,-0.022448,-0.00522957
1,8.775,12400,13769,-0.0158121,0.000768527
1,0.228932,4056,5237,-0.0201641,-0.00330383
1,4.27033,498,353,-0.0183282,-0.00318623
1,0.021859,128,74,-0.0106105,-0.0175072
1,0.343791,4114,5404,-0.020063,-0.00341164
1,63.1332,603,458,0.0115938,-0.00875752
1,0.020169,171,105,-0.0133229,-0.00255243
1,0.297145,3756,4537,-0.0252375,-0.00274791
1,0.10361,2244,2833,-0.0229917,-0.00516076
1,0.04773,171,105,-0.013688,-0.00235022
1,104.768,59420,61244,0.0168849,0.0230021
1,9.99899,3403,5249,-0.0308624,-0.00316218
1,4.11327,432,353,-0.0175112,-0.00216162
1,118.016,513,381,0.017614,-0.00198385
1,59.0161,342,276,0.012532,-0.00288654
1,0.558643,2542,7795,-0.0132303,-0.0219853
1,177.001,618,381,0.0383164,-0.00441173
1,0.015552,171,105,-0.0132312,-0.00358719
1,1.2459,5695,7919,-0.0230363,-0.00224899
1,0.168972,3951,5198,-0.0223873,0.00159138
1,41.9276,42550,31569,0.00653291,0.0151059
1,0.02578,171,105,-0.0133535,-0.00239374
1,4.30462,498,353,-0.018434,-0.00137491
1,4.32503,353,327,-0.0183586,-0.0064277
1,30.1192,1701,1235,-0.0141774,-0.00455474
1,0.027035,55,66,-0.00959934,-0.00325719
1,1.00869,2315,4599,-0.0157321,-0.00427844
1,28.3004,42919,66740,-0.0129948,0.00698014
1,63.1342,669,458,0.00796908,-0.00314658
1,4.07395,432,353,-0.0175164,-0.00217642
1,0.0156,171,105,-0.01323,-0.00358722
1,9.70115,1755,1119,-0.0137005,-0.00478928
1,0.056896,1807,402,-0.0258347,-0.0142781
1,42.708,21078,34640,0.00673019,0.00894035
1,4.21921,353,393,-0.0144415,-0.00275841
1,59.0163,342,276,0.0125337,-0.00288659
1,0.233092,2684,3892,-0.0222006,-0.0058042
1,0.131344,2379,2854,-0.026507,-0.0036714
1,0.295127,4149,5315,-0.0200527,-0.00364906
1,1.28786,3136,5025,-0.0293535,-0.00235273
1,4.09762,353,327,-0.0183264,-0.00647134
1,30.0949,1713,4534,-0.0280805,-0.00810503
1,0.015547,171,105,-0.0132312,-0.00358719
1,5.52768,1178,1563,-0.0216021,-0.00239971
1,4.21232,353,393,-0.0144197,-0.00269076
1,0.057429,171,171,-0.021412,-0.00576568
1,11.73,4760,6773,-0.0185536,-0.00207625
1,59.016,342,210,0.0117287,-0.00358373
1,0.025144,171,105,-0.0133551,-0.00239545
1,63.0981,458,603,0.0123385,-0.00986077
1,0.109999,2304,1560,-0.0215165,-0.00318252
1,0.24568,4808,6010,-0.0226247,0.00282115
1,2.1e-05,105,66,-0.0209098,-0.00967157
1,4.16648,432,353,-0.0176603,-0.00050909
1,4.11118,432,353,-0.0175112,-0.00216161
1,0.023853,128,74,-0.0105713,-0.0174868
1,177.001,618,381,0.0383163,-0.00441174
1,177.001,315,618,0.0316541,-0.00689172
1,1.51943,1053,6121,-0.0153146,0.000697932
1,177.001,723,459,0.0395316,-0.00371743
1,0.506043,2064,4478,-0.0165608,-0.00426464
1,6.09356,12258,17139,-0.0232111,0.000790046
1,0.518476,2146,7729,-0.0148586,-0.0133198
1,1.36944,12927,18548,-0.0265271,0.00520682
1,59.0159,342,276,0.0125368,-0.0028867
1,176.996,3236,4339,0.0573059,-0.00511006
1,59.0161,342,276,0.0125337,-0.00288659
1,67.4269,59032,72173,0.00698148,0.0046291
1,177.002,315,618,0.0318343,-0.00733108
1,0.151462,2306,2772,-0.025953,-0.00401417
1,118.026,513,381,0.0167907,-0.00203251
1,1.17271,12247,18041,-0.0236575,0.0138823
1,0.186103,4503,6011,-0.0233897,0.00445446
1,3e-05,105,66,-0.0209105,-0.00966023
1,59.0257,342,276,0.0123271,-0.00161897
1,0.236991,4347,5249,-0.022411,0.00444864
1,177.002,618,381,0.0402802,-0.00357789
1,0.501131,2010,4364,-0.0157217,-0.00493423
1,4.12022,353,393,-0.0144186,-0.00312751
1,0.025219,171,105,-0.0133551,-0.00239545
1,118.026,513,381,0.0173061,-0.00213316
1,0.288006,2476,4510,-0.0216361,-0.00462878
1,5.60729,2921,3997,-0.0182795,-0.00737289
1,2.2e-05,105,66,-0.0209098,-0.00967157
1,118.016,513,381,0.0178282,-0.00408496
1,2.93582,3987,6197,-0.0234468,-0.00370704
1,177.001,618,381,0.0402658,-0.00356396
1,118.026,513,381,0.0172976,-0.00213868
1,4.24087,353,327,-0.018311,-0.00640677
1,97.7116,79351,66578,0.0110582,0.0146434
1,4.09161,353,327,-0.0183026,-0.00644979
1,0.069432,987,6055,-0.0146233,0.000254822
1,0.021638,128,74,-0.0106129,-0.0175192
1,0.015171,55,66,-0.0120718,-0.00407909
1,8.95852,1742,2067,-0.0170431,-0.00366088
1,1.52197,987,6055,-0.0137824,-0.000253379
1,1.15531,5629,4565,-0.0197121,-0.000254792
1,118.017,513,381,0.0178287,-0.00408425
1,4.26346,353,393,-0.0144355,-0.00282409
1,3.6e-05,105,66,-0.0207331,-0.00965157
1,0.297989,4359,5474,-0.0201891,0.00310517
1,177.001,618,381,0.038314,-0.00441143
1,4.23458,498,353,-0.018434,-0.00137528
1,0.541416,5051,5603,-0.023148,0.00260888
1,0.021547,128,74,-0.0106021,-0.0175699
1,0.135716,2124,2309,-0.0266373,-0.00437274
1,9.40548,4301,5909,-0.0271577,-0.00350955
1,4.36581,353,393,-0.014419,-0.00275001
1,0.015585,171,105,-0.01323,-0.00358722
1,30.1034,1647,1351,-0.0124416,-0.00622282
1,4.80216,2814,4909,-0.0178315,-0.00236093
1,0.119197,2313,2788,-0.0259239,-0.00443499
1,177.001,618,381,0.0383468,-0.00384061
1,0.502087,2010,4365,-0.0156936,-0.00506507
1,177.001,618,381,0.0383265,-0.00440052
1,63.237,603,458,0.011705,-0.00984771
1,0.102753,2247,2788,-0.0226851,-0.00537797
1,1.52216,1053,6121,-0.0153164,0.000635971
1,23.7179,12685,19736,-0.00524978,0.00534431
1,0.069161,951,6055,-0.0142609,0.00121894
1,9.67138,12092,12929,-0.0170884,0.00247863
1,4.2732,498,353,-0.018434,-0.00137495
1,4.3551,432,353,-0.0175426,-0.000517874
1,32.3556,426,213,-0.012666,-0.00656041
1,20.0746,16254,18346,-0.018764,0.00375127
1,1.99304,8240,9841,-0.0196175,0.00125209
1,1.39557,12795,18931,-0.0237064,0.0121213
1,3.56512,1767,4418,-0.0291868,-0.00772476
1,6.83886,3237,5687,-0.0242585,-0.00394002
1,122.684,208235,411253,0.0486249,0.0370805
1,0.20619,4122,5288,-0.0223595,-0.00204029
1,0.015528,171,105,-0.0132312,-0.00358719
1,4.07114,432,353,-0.0176655,-0.000530982
1,0.115386,1053,6121,-0.0144814,0.000123248
1,118.026,513,381,0.0173059,-0.00213329
1,177.002,618,381,0.0400515,-0.00357604
1,0.027028,55,66,-0.00959934,-0.00325719
1,0.315228,4227,5459,-0.0201822,-0.0023374
1,0.071866,1053,6121,-0.0143938,0.000421489
1,0.0155,261,126,-0.0166046,-0.0015985
1,177.001,618,381,0.038475,-0.0041999
1,177.001,618,381,0.0383156,-0.00440639
1,120.005,59251,50899,0.0870832,0.0124078
1,4.14512,498,353,-0.018429,-0.00138695
1,177.001,618,381,0.0383143,-0.00440653
1,177.002,723,459,0.0379832,-0.00392637
1,4.11369,432,353,-0.0175112,-0.00216151
1,0.503945,2064,4359,-0.0158898,-0.00448152
1,122.271,513,437,0.0716209,-0.00787674
1,0.605857,2051,4533,-0.0148986,-0.0138619
1,17.0951,22719,21361,-0.0206659,0.0114314
1,0.286371,4679,6166,-0.0202753,0.0031689
1,8.97324,2157,3138,-0.0177577,-0.0042096
1,177.002,279,534,0.0296673,-0.00719533
1,0.237325,3885,5117,-0.0200055,-0.00281922
1,177.001,618,381,0.040052,-0.00359873
1,49.92,42915,35394,0.00466996,0.00966935
1,0.250169,4122,5552,-0.0223315,0.00164749
1,4.29406,432,353,-0.0173935,-0.0021478
1,176.996,3407,4525,0.0582115,-0.00647145
1,4.26607,353,393,-0.0144402,-0.00280234
1,4.19034,353,393,-0.0144187,-0.00270096
1,4.25839,353,327,-0.0183267,-0.00646123
1,0.187178,4983,6038,-0.0227475,0.0049181
1,3.4e-05,93,54,-0.0137247,-0.0158312
1,0.015557,171,105,-0.01323,-0.00358722
1,0.282546,4056,5552,-0.0223967,0.00158334
1,177.001,618,381,0.038189,-0.00421058
1,0.058309,171,171,-0.0214096,-0.00575144
1,0.056739,1847,2907,-0.0234013,-0.00561311
1,122.14,513,437,0.0682131,-0.00851723
1,177.002,618,381,0.0382165,-0.0042451
1,177.002,618,381,0.0383468,-0.00384061
1,0.015637,248,327,-0.0152173,-0.00160428
1,0.021671,128,74,-0.0106125,-0.0175192
1,63.2472,669,458,0.00765908,-0.00238505
1,59.0162,342,276,0.0125337,-0.00288649
1,1.22275,5292,6699,-0.0313425,0.00366244
1,80.6472,140297,138499,0.012627,0.076405
1,4.15996,432,353,-0.0175265,-0.00215941
1,0.104535,1956,2217,-0.0265251,-0.00499916
1,0.097251,2305,1585,-0.0209378,-0.00323211
1,0.071334,987,6055,-0.0145934,0.000254547
1,177.001,618,381,0.0402292,-0.00369852
1,4.1757,353,327,-0.0183145,-0.00626711
1,0.216193,4706,6208,-0.0233298,0.00450241
1,3.25945,4314,3343,-0.0197732,-0.00166998
1,25.4677,35517,27895,-0.0166247,0.0145529
1,108.997,123279,244752,0.0115233,0.024673
1,0.178819,2689,3958,-0.0221298,-0.00380133
1,59.0255,342,276,0.0123271,-0.00161897
1,0.190548,4815,6053,-0.022686,0.00441422
1,0.021591,222,132,-0.0153114,-0.00344666
1,177.001,618,381,0.0402198,-0.00370243
1,177.001,279,534,0.0298589,-0.00781049
1,0.397239,4425,5459,-0.0200118,-0.00224827
1,4.39903,498,353,-0.0184288,-0.00137525
1,0.015613,171,105,-0.01323,-0.00359197
1,4.14826,432,353,-0.0159517,6.17516e-05
1,0.015605,261,126,-0.0166054,-0.00159069
1,1.12704,5563,4833,-0.0197079,-0.0014084
1,83.8825,229650,333224,0.00178099,0.0806757
1,118.016,513,315,0.0177497,-0.00425022
1,4.11433,432,353,-0.0175112,-0.00216151
1,177.001,279,534,0.0298001,-0.00758615
1,0.021881,128,74,-0.0106105,-0.0175072
1,76.2497,195133,298547,0.00469503,0.0705372
1,4.15814,498,353,-0.0184342,-0.00138695
1,18.7375,12477,12603,-0.0171552,0.00730163
1,59.016,342,276,0.0130851,-0.00190005
1,0.095628,2512,2093,-0.0208409,-0.00306307
1,118.026,618,381,0.016812,-0.00204931
1,118.026,513,381,0.0173061,-0.00213329
1,4.6e-05,105,66,-0.020729,-0.00959148
1,0.025014,327,126,-0.01676,-0.000845838
1,177.001,618,381,0.0383447,-0.00384061
1,63.2399,669,458,0.00847133,-0.00314294
1,0.177174,4710,6134,-0.0230246,0.00288189
1,35.2657,49407,75367,-0.00187941,0.00883036
1,1.40182,2466,3887,-0.0219244,-0.00389996
1,30.0999,1647,1215,-0.0117379,-0.00627028
1,0.057761,171,171,-0.021412,-0.00576415
1,1.39378,15179,22056,-0.0236794,0.0145384
1,16.8878,3718,4596,-0.0236984,-0.00207938
1,1.48916,5833,4966,-0.0197428,0.000325763
1,4.0895,353,327,-0.018344,-0.00641511
1,0.025035,171,105,-0.0133551,-0.00239545
1,128.486,5373,3759,0.0162294,-0.0142577
1,59.016,342,276,0.0125337,-0.00288649
1,0.015177,55,66,-0.0120718,-0.00407909
1,4.13536,432,353,-0.0175112,-0.00217294
1,177.001,618,381,0.0383257,-0.0042334
1,1.33765,5516,7694,-0.0240148,-0.00202835
1,17.3802,4376,4642,-0.0282794,-0.00088755
1,95.4303,69478,68180,-0.00108362,0.0134097
1,0.179645,2029,2231,-0.0265067,-0.00448011
1,0.507566,2010,4364,-0.0157343,-0.00470599
1,0.780476,3415,4764,-0.0199838,-0.00407238
1,1.46168,13191,18576,-0.0237603,0.0143112
1,0.015545,171,105,-0.0132312,-0.00358719
1,177.001,618,381,0.0383261,-0.00440093
1,4.04982,432,353,-0.0175164,-0.00216158
1,0.070545,1053,6121,-0.0143946,0.000578115
1,9.79869,9868,15572,-0.0115176,0.0022885
1,4.21128,353,393,-0.0144249,-0.00303502
1,4.2371,353,393,-0.014426,-0.00266004
1,96.8256,167250,275844,0.0134433,0.0795486
1,0.015119,55,66,-0.0123095,-0.00408575
1,151.794,3026,3865,0.046604,-0.00309704
1,4.55392,3291,5925,-0.0284561,-0.00405864
1,0.069601,1053,6121,-0.0143993,0.000581371
1,0.025134,171,105,-0.0133551,-0.00239545
1,0.325186,128,74,-0.00985304,-0.00538913
1,4.70046,2136,4866,-0.0295571,-0.005138
1,0.025061,171,105,-0.0133551,-0.00239545
1,0.783937,3624,6569,-0.0344047,-0.00543535
1,1.8e-05,93,54,-0.0137197,-0.0158391
1,6.70805,1809,4475,-0.0293184,-0.0081912
1,0.017009,55,66,-0.0122659,-0.00398188
1,0.346298,4254,5486,-0.0200239,-0.00240209
1,0.025013,171,105,-0.0133551,-0.00239545
1,0.196803,4185,5081,-0.0202716,0.00207496
1,4.09887,353,327,-0.0183231,-0.00635574
1,30.083,1713,4590,-0.0280878,-0.00822296
1,1.52205,987,6055,-0.013783,-0.000292635
1,177.001,315,618,0.0317521,-0.007356
1,0.110924,1529,5132,-0.0150608,-0.0114048
1,177.001,618,315,0.0379838,-0.00432003
1,24.8018,3940,4596,-0.0283413,-0.00191289
1,0.024991,171,105,-0.0133551,-0.00239545
1,72.3055,64786,74725,-0.00783998,0.0253913
1,28.8993,9133,12112,-0.0231065,-2.58089e-05
1,14.9954,65703,112539,-0.0228686,0.0141136
1,0.951825,5292,6716,-0.0367405,0.00342556
1,9.9093,8724,10423,-0.0235373,0.00654005
1,177.001,618,381,0.0402301,-0.00369852
1,59.2422,342,276,0.0135404,-0.00168533
1,0.021852,128,74,-0.0106105,-0.0175072
1,0.500232,2010,4419,-0.0158858,-0.00448243
1,4.16319,498,353,-0.018429,-0.00138695
1,0.023189,279,120,-0.0132265,-0.00536326
1,0.066841,171,171,-0.0212377,-0.00351531
1,0.118838,2029,2231,-0.0264352,-0.00460379
1,4.40038,432,353,-0.0173935,-0.00216332
1,118.017,513,381,0.0172687,-0.00411703
1,1.9e-05,105,66,-0.0209101,-0.0096717
1,0.233773,4581,6353,-0.0193631,0.00316483
1,1.35523,5563,4523,-0.0193726,-0.00146891
1,4.23769,353,327,-0.0183297,-0.00643058
1,177.002,618,381,0.0402292,-0.0036987
1,59.0158,342,276,0.012538,-0.00289186
1,59.0254,342,276,0.0123271,-0.00161897
1,0.212681,4476,6116,-0.0228736,-0.000815039
1,0.094711,2769,3418,-0.0231064,-0.00484707
1,0.017352,474,758,-0.0189242,-0.00726722
1,177.001,618,381,0.0402294,-0.00369857
1,0.124551,2351,4474,-0.0227064,-0.00797074
1,0.276776,4141,5233,-0.0222688,0.00159008
1,22.5307,1637,4048,-0.0110604,-0.0118664
1,4.31988,498,353,-0.0166834,-0.000813343
1,0.025361,171,105,-0.0133551,-0.00239545
1,0.168461,4305,5894,-0.0230869,-0.00143781
1,0.143042,2313,2854,-0.0229047,-0.00414891
1,30.1069,1755,4590,-0.0280582,-0.00818449
1,177.001,315,618,0.0318754,-0.00679744
1,0.252917,249,276,-0.0134512,-0.00188752
1,124.372,186164,307454,0.0386157,0.0603918
1,177.001,618,381,0.038189,-0.00421042
1,177.001,618,381,0.0384273,-0.00422356
1,4.11035,353,327,-0.0183271,-0.00647178
1,1.36495,5903,8033,-0.0224956,0.000171928
1,0.021707,128,74,-0.0106125,-0.0175192
1,4.10324,498,353,-0.0183283,-0.00320048
1,4.20593,432,353,-0.0173883,-0.00216131
1,4.6458,3618,5925,-0.02416,-0.00296232
1,0.096778,2649,3383,-0.0231689,-0.00497305
1,27.3931,29449,45662,-0.0177672,0.0089823
1,13.8389,6353,9563,-0.024558,0.0111025
1,118.016,513,381,0.0178286,-0.00408456
1,177.001,618,381,0.0402301,-0.00369852
1,4.10473,498,353,-0.0183231,-0.00320049
1,0.015665,171,105,-0.0132299,-0.00359197
1,0.096134,2876,3109,-0.0152592,-0.00820231
1,4.08816,353,393,-0.0144681,-0.00276467
1,9.83035,7670,5198,-0.0193102,0.0180124
1,49.3491,77238,113589,0.00398441,0.0053119
1,1.27206,12313,17984,-0.0236069,0.0120513
1,90.16,71222,54488,0.0103856,0.0149787
1,129.187,1110,1072,0.0602536,-0.00669176
1,0.015478,171,171,-0.0211098,-0.00387791
1,13.2296,45988,37761,-0.0206697,0.00929888
1,0.118956,1963,2231,-0.0264874,-0.00494218
1,0.073134,2219,1221,-0.021485,-0.00255411
1,4.07627,353,393,-0.0144586,-0.00317371
1,39.6778,28377,25690,0.00544759,0.0155133
1,0.117058,2305,1651,-0.0215422,-0.00266957
1,0.24537,4017,5197,-0.0203693,0.00180805
1,18.1909,16965,19510,-0.0174402,0.000998751
1,92.5682,54005,61476,0.0121746,0.00678172
1,25.5332,2902,4304,-0.026922,-0.00338581
1,177.002,723,381,0.0383133,-0.00385557
1,118.016,513,381,0.0172709,-0.00411736
1,30.0973,1755,4591,-0.0280585,-0.00818449
1,177.001,618,381,0.038328,-0.0042339
1,0.070466,1053,6121,-0.0143898,0.000400758
1,49.2518,27783,26292,0.00261336,0.0124847
1,0.307926,4254,5420,-0.0223783,-0.00105174
1,30.1985,1647,1159,-0.0155629,-0.00517273
1,1.97571,1263,6187,-0.0137725,-0.000306222
1,63.3031,669,458,0.0076694,-0.00238529
1,0.094739,2942,3421,-0.0232414,-0.00417347
1,177.001,618,381,0.0383225,-0.00440456
1,0.112856,2110,1774,-0.0194645,-0.00210759
1,0.337769,4161,5497,-0.0200404,-0.00299851
1,0.015582,171,105,-0.01323,-0.00358722
1,0.066656,171,171,-0.0212382,-0.00351341
1,0.372764,3162,3686,-0.0274152,-0.00263411
1,0.298421,4647,6170,-0.0223647,0.00290087
1,0.095503,2909,3371,-0.0151197,-0.00898673
1,0.025449,327,126,-0.0167488,-0.000852192
1,58.6906,113300,166440,0.000445115,0.0722557
1,1.52209,1053,6121,-0.0153157,0.000637636
1,25.5645,3111,4134,-0.0196951,-0.00354615
1,4.09011,353,393,-0.0144412,-0.00280647
1,0.025383,261,126,-0.0164371,-0.00173585
1,4.02106,458,405,-0.0220146,-0.00458668
1,4.22003,353,393,-0.0144263,-0.00276001
1,0.354498,4359,5657,-0.0222531,-0.000843525
1,118.026,513,381,0.0172976,-0.00213867
1,6.3478,7647,9657,-0.0186108,0.00271269
1,3e-05,105,66,-0.0209105,-0.00966023
1,4.10888,353,393,-0.014419,-0.0027019
1,63.0929,669,458,0.00796913,-0.00314728
1,0.057221,171,171,-0.0214118,-0.00575315
1,4.36473,432,353,-0.0173935,-0.00216075
1,0.025421,171,105,-0.0133551,-0.00239545
1,118.026,513,381,0.0173252,-0.00157211
1,0.513324,1956,4366,-0.0157038,-0.00583411
1,0.187258,4056,5486,-0.0226048,0.00160402
1,4.18358,522,353,-0.0165104,-0.000201022
1,0.065646,171,171,-0.0212377,-0.00347861
1,0.142951,2372,2774,-0.0226155,-0.0041956
1,0.058182,171,171,-0.021411,-0.00588074
1,138.677,1454,1505,0.0473934,-0.0141323
1,0.070065,951,6055,-0.0142464,0.00133465
1,42.1844,17170,27054,0.00622022,0.00218003
1,4.10595,353,327,-0.0183302,-0.00643273
1,30.0939,1755,4590,-0.0314674,-0.00725073
1,81.3529,62469,61793,-0.00382204,0.0132621
1,25.8299,47406,57694,-0.0163452,0.0205676
1,0.51754,2621,5741,-0.0253548,-0.00858054
1,15.1097,7955,10986,-0.0223865,0.0029531
1,0.015429,128,66,-0.0134081,-0.00484754
1,0.015505,171,105,-0.0132312,-0.00358733
1,4.10882,353,327,-0.0183058,-0.00642075
1,4.239,353,393,-0.0144202,-0.0027203
1,177.001,279,534,0.0297964,-0.00768757
1,0.1711,3951,5264,-0.0224847,-0.00227773
1,122.048,513,437,0.0682135,-0.00870745
1,4.20354,432,353,-0.0175426,-0.000517507
1,0.53551,2278,7487,-0.0166972,-0.0267346
1,122.038,513,437,0.0682131,-0.00870684
1,0.024981,171,105,-0.0133551,-0.00239545
1,29.8105,4515,6453,-0.0187379,-0.00238994
1,118.218,55853,61515,0.021749,0.00980052
1,4.17729,498,353,-0.0184342,-0.00136627
1,43.6953,21672,24483,0.00295201,0.0109551
1,4.21334,498,353,-0.0183281,-0.00318633
1,1.14469,5497,4604,-0.019695,0.000141342
1,31.2533,2986,4199,-0.0203505,-0.00363354
1,1.41046,12794,18076,-0.023641,0.0129152
1,177.001,618,381,0.0383225,-0.00440456
1,5.59424,4314,3361,-0.0190467,0.000801658
1,0.021946,128,74,-0.0105836,-0.0175227
1,9.84054,5457,3916,-0.0177745,0.000336016
1,0.015262,147,93,-0.013021,-0.00515594
1,2.87636,1809,4582,-0.0307183,-0.0195897
1,59.016,342,276,0.0125337,-0.00288649
1,53.3307,71580,70566,0.00539409,0.0139407
1,30.3578,1137,3999,-0.0117877,-0.000397005
1,9.64371,5184,7531,-0.0234249,-0.00108278
1,0.163227,1963,2231,-0.0265554,-0.00445813
1,0.099825,2535,3418,-0.0229909,-0.00517074
1,177.001,279,534,0.0294218,-0.00777604
1,30.1145,1755,4612,-0.036896,-0.00884675
1,0.01552,171,105,-0.0132312,-0.00358733
1,4.13194,353,393,-0.0144405,-0.00293833
1,0.027318,108,291,-0.012141,-0.00249699
1,0.059022,171,171,-0.0214095,-0.00575144
1,59.0257,342,276,0.0123271,-0.00161897
1,29.742,529,852,-0.0247039,-0.00259957
1,0.080338,2110,1776,-0.019664,-0.00211026
1,29.9008,529,832,-0.0151336,-0.00233185
1,1.39861,12927,18954,-0.0233364,0.0140407
1,0.025368,171,105,-0.0133551,-0.00239545
1,177.002,618,315,0.0400197,-0.00381345
1,0.316071,4386,5303,-0.0222858,0.00361592
1,1.7e-05,105,66,-0.0209101,-0.0096717
1,177.001,5676,3666,0.0244127,-0.0131976
1,177.001,618,381,0.0402801,-0.00357788
1,4.20806,353,393,-0.0144178,-0.00277787
1,0.025032,171,105,-0.0133551,-0.00239545
1,118.016,513,381,0.0178194,-0.0040958
1,4.36454,498,353,-0.018434,-0.00137528
1,55.9017,165804,244240,-0.00321951,0.0771462
1,177.001,3275,4510,0.0577567,-0.00522354
1,1.64629,8465,10845,-0.0207723,0.0140187
1,0.336564,1807,7420,-0.014587,-0.0127815
1,0.024842,171,105,-0.0133556,-0.00239545
1,47.2957,17917,16998,0.00767645,0.00758673
1,0.021648,128,74,-0.0106125,-0.0175192
1,0.066373,171,171,-0.0212377,-0.00351529
1,0.294616,276,183,-0.0133124,-0.00163043
1,0.015989,171,105,-0.0132265,-0.00358849
1,0.015592,171,105,-0.01323,-0.00359197
1,15.0664,696,474,-0.00206175,-0.000160851
1,0.178725,4437,5945,-0.0224438,0.00309536
1,9.50932,3714,6196,-0.0451808,-0.00728701
1,22.2864,34236,49592,-0.0214971,0.0114061
1,177.001,618,381,0.0383253,-0.00440027
1,0.623571,637,612,-0.0142142,-0.00174118
1,0.153298,1664,7447,-0.0176029,-0.00834782
1,59.0259,342,276,0.0122394,-0.00162028
1,63.0442,458,669,0.0127934,-0.00348672
1,0.024922,171,105,-0.0133551,-0.00239545
1,63.1087,669,458,0.00811706,-0.00314294
1,9.25709,14974,29014,-0.0252646,0.0116959
1,64.9849,113957,220487,0.00167416,0.0344812
1,14.8769,529,824,-0.0226923,-0.00237634
1,30.0894,1647,1215,-0.0117444,-0.00618937
1,0.025385,171,105,-0.0133551,-0.00239545
1,1.52211,987,6055,-0.013782,-0.00024872
1,0.015159,55,66,-0.0120676,-0.00403841
1,0.095327,2365,2760,-0.0225268,-0.00506489
1,0.056781,171,171,-0.0213951,-0.00573551
1,24.2632,3943,4532,-0.0257551,-0.00956536
1,0.015522,171,105,-0.0132312,-0.00358719
1,4.16219,498,353,-0.0183231,-0.00321253
1,0.09816,2412,2767,-0.0256092,-0.00602493
1,0.02523,171,105,-0.0133551,-0.00239545
1,105.172,66541,57118,0.0277377,0.0138315
1,63.0971,458,669,0.0127939,-0.00349924
1,12.5951,7428,13407,-0.0293558,-0.00173456
1,0.565834,2212,7663,-0.0148899,-0.0127677
1,0.520582,2010,4425,-0.015692,-0.00480764
1,30.0866,1755,4591,-0.0281268,-0.0080718
1,16.2863,13404,21316,-0.0186248,0.00110882
1,0.015686,171,105,-0.0132299,-0.00358722
1,0.187167,3983,5406,-0.0226203,0.00160517
1,4.19335,498,353,-0.0183229,-0.00318633
1,0.056235,171,171,-0.0213796,-0.00577837
1,0.021718,128,74,-0.0105819,-0.0175179
1,30.0874,1647,1351,-0.0124852,-0.00621962
1,30.1138,1647,1235,-0.0152699,-0.00418743
1,3.5496,2844,1931,-0.0206661,-0.00217962
1,59.0159,342,276,0.0125368,-0.0028867
1,30.0986,1647,1159,-0.0116957,-0.0062508
1,4.25401,498,353,-0.0183282,-0.00318623
1,59.0258,342,276,0.0123271,-0.00161897
1,3.1e-05,105,66,-0.0209105,-0.00966023
1,0.091851,2304,1648,-0.0213679,-0.0030957
1,0.066975,171,171,-0.0212382,-0.00350822
1,30.1913,1755,4590,-0.0315015,-0.0072633
1,30.116,1755,4612,-0.0384258,-0.00946244
1,0.068504,171,171,-0.0212383,-0.00350777
1,0.056398,171,171,-0.0213976,-0.00578325
1,4.36685,353,393,-0.0144149,-0.00283395
1,4.2522,498,353,-0.0183282,-0.00318623
1,0.514406,2278,7619,-0.0134119,-0.0128479
1,2.99212,4102,2855,-0.0219848,-0.0151873
1,0.063962,621,1225,-0.0204401,-5.3839e-05
1,4.04593,353,393,-0.0146696,-0.00288721
1,0.02499,171,105,-0.0133551,-0.00239545
1,0.118805,2247,2854,-0.0257977,-0.00444336
1,0.111131,2379,2788,-0.0260534,-0.00402342
1,0.539962,2315,4608,-0.016266,-0.00503717
1,118.016,513,381,0.0178245,-0.0040886
1,4.17289,353,393,-0.0144211,-0.00268139
1,177.001,618,381,0.0383163,-0.00441156
1,0.56922,2212,7795,-0.015265,-0.0137437
1,7.1478,16311,15976,-0.0211182,0.00483515
1,0.02173,128,74,-0.0106124,-0.0175192
1,4.13687,353,393,-0.0144199,-0.00274854
1,4.21355,432,353,-0.0173717,-0.00216073
1,0.069411,1053,6121,-0.0143912,0.000619574
1,177.001,279,534,0.0298481,-0.00764476
1,177.001,618,381,0.040052,-0.00358009
1,3.6e-05,93,54,-0.0136245,-0.0158036
1,2.90558,2136,4730,-0.029205,-0.00564266
1,122.073,513,437,0.0682546,-0.00870852
1,25.2839,12089,18095,-0.0308798,0.00161768
1,118.016,513,381,0.0178269,-0.00408891
1,59.0159,342,210,0.0117256,-0.00358353
1,0.596047,4643,6963,-0.0271479,-0.00237659
1,27.8689,3111,4134,-0.0205231,-0.00393685
1,4.1689,353,393,-0.014424,-0.00267382
1,4.16853,432,353,-0.0175314,-0.00206648
1,0.318494,4149,5249,-0.0223384,0.00173055
1,0.075129,2110,1836,-0.0203316,-0.0013063
1,4.36397,419,393,-0.0200506,-0.00908894
1,1.67799,2910,5466,-0.0328504,-0.00615267
1,4.50536,353,327,-0.0183497,-0.0066621
1,4.24431,432,353,-0.0178813,-0.00207587
1,4.20792,498,353,-0.0184372,-0.00137501
1,24.4802,14836,14728,-0.0182968,0.0048994
1,0.015563,171,105,-0.01323,-0.00359197
1,4.27708,432,353,-0.0175374,-0.000517874
1,0.219348,4581,6155,-0.0226889,0.00278864
1,59.0161,342,276,0.0125337,-0.00288649
1,89.3339,83792,83603,-0.00384202,0.0123014
1,1.40531,3986,935,-0.0231202,-0.00633722
1,37.7541,56000,62483,0.00608919,0.0145164
1,59.0257,342,210,0.0116642,-0.00216989
1,4.24684,498,353,-0.0183282,-0.00318623
1,0.056279,171,171,-0.0213796,-0.00577837
1,4.36687,419,393,-0.0200504,-0.00908948
1,109.383,40685,43715,0.0240456,0.0134661
1,13.2975,163,126,-0.0116212,-0.00904183
1,27.3285,25896,54865,-0.028067,0.0158115
1,0.015562,171,105,-0.01323,-0.00358722
1,31.1787,426,273,-0.0139998,-0.00979671
1,23.5077,11578,15323,-0.020209,0.0102999
1,2e-05,105,66,-0.0209098,-0.00967168
1,177.001,618,381,0.0402189,-0.00370224
1,79.671,19091,17265,0.00503598,0.00293386
1,6.8e-05,93,54,-0.0136456,-0.0158337
1,0.213148,4049,5340,-0.0224428,-0.00168461
1,3.14633,1018,957,-0.0134227,-0.000512122
1,0.510104,2212,7575,-0.0161441,-0.0205733
1,0.024898,171,105,-0.0133551,-0.00239545
1,91.7642,141071,236762,0.0156894,0.0854893
1,3.26858,5253,7582,-0.0237048,-0.0019517
1,94.844,105997,213662,0.00217439,0.0335078
1,119.191,119306,116317,0.0140284,0.075764
1,0.525797,2212,7729,-0.0153177,-0.0146506
1,120.925,2664,3169,0.0773587,-0.012685
1,0.197031,4827,6201,-0.0232356,0.00447535
1,0.015539,171,105,-0.0132312,-0.00358719
1,63.4955,93934,76363,0.012508,0.0219635
1,4.13839,432,353,-0.0174946,-0.00217237
1,0.27992,4634,5837,-0.022868,0.00439631
1,0.015774,254,108,-0.012297,-0.0133694
1,4.30725,432,353,-0.0175373,-0.000516966
1,177.001,618,381,0.0402294,-0.0036987
1,3.2e-05,105,66,-0.0209105,-0.00966023
1,0.015465,171,105,-0.0132352,-0.00358887
1,4.11511,432,353,-0.0175164,-0.00217442
1,113.437,94736,189498,-0.0254159,0.0399899
1,6.36162,5600,7500,-0.0311722,-0.00065782
1,118.016,513,381,0.0174208,-0.00399532
1,0.061352,1049,522,-0.0162927,-0.000493783
1,4.24127,432,353,-0.0173882,-0.00216125
1,59.0253,447,276,0.0123224,-0.00169321
1,1.22689,12379,17168,-0.0239403,0.0105167
1,177.002,315,618,0.0318039,-0.00754345
1,0.278466,4056,5377,-0.020051,-0.00328731
1,0.331237,4254,5552,-0.0201091,-0.00150276
1,3.3e-05,93,54,-0.0137205,-0.0158313
1,4.18347,353,393,-0.0144187,-0.00276752
1,0.015156,55,66,-0.0120676,-0.00403841
1,3.3e-05,93,54,-0.0137205,-0.0158313
1,0.015535,171,105,-0.0132312,-0.00359194
1,0.021926,128,74,-0.0106109,-0.0175072
1,6.56005,5546,7223,-0.0180816,0.00141584
1,70.616,44173,42469,0.00867778,0.0138431
1,59.0159,342,276,0.0125412,-0.00289206
1,0.235867,4149,5330,-0.0225447,0.00162902
1,63.1537,458,669,0.0127908,-0.00332354
1,74.2644,1057,1095,0.0127197,-0.00122374
1,4.18625,353,393,-0.0144418,-0.00273096
1,4.20891,432,353,-0.0173883,-0.00214841
1,0.191313,4056,5222,-0.0223712,-0.00199983
1,0.093072,2305,1629,-0.0266321,-0.00454999
1,4.19503,576,353,-0.0175951,-0.00264894
1,1.17856,5238,6689,-0.0291243,0.00422743
1,30.1041,1755,4671,-0.0296633,-0.00667716
1,59.0259,342,276,0.0123271,-0.001619
1,4.27083,353,327,-0.0183267,-0.00646123
1,43.2013,13527,21453,0.00918969,0.00261402
1,177.001,618,381,0.0402203,-0.00370135
1,0.302545,4503,5747,-0.0228416,0.00454989
1,0.534639,2249,4599,-0.0157293,-0.00503972
1,4.3566,353,393,-0.0144397,-0.00280765
1,177.002,279,534,0.0298657,-0.00764456
1,120.019,76203,90976,0.121639,-0.00394638
1,0.503895,1956,4365,-0.0156599,-0.00585877
1,27.1309,1292,621,-0.0184125,-0.00619866
1,133.537,6498,4176,0.052421,0.00115526
1,0.125461,1963,2231,-0.0266307,-0.00507981
1,0.021889,128,74,-0.0106105,-0.0175072
1,13.1554,2886,4205,-0.0243771,-0.00347784
1,0.241831,4371,5945,-0.0230479,0.00284566
1,0.22248,4371,5879,-0.0228856,0.00287457
1,30.1063,1755,4727,-0.0327956,-0.00527292
1,0.015511,171,105,-0.0132312,-0.00358733
1,59.0161,342,276,0.0125368,-0.0028867
1,177.001,618,381,0.0383448,-0.00384061
1,177.002,618,381,0.0383111,-0.00440808
1,96.4384,65607,54508,0.0110269,0.00898119
1,4.34689,498,353,-0.0184288,-0.00137528
1,0.096889,2365,2826,-0.0229875,-0.00498393
1,4.10471,353,393,-0.0144448,-0.00273254
1,7.44316,2212,3316,-0.0285578,-0.00447762
1,68.3978,143649,200762,-0.00347203,0.0746435
1,0.015441,171,105,-0.0132352,-0.00358821
1,107.949,87330,99923,0.00816045,0.0087809
1,4.23468,1767,4529,-0.0317598,-0.00623057
1,0.015204,55,66,-0.0120718,-0.00407909
1,0.508074,1956,4365,-0.0156986,-0.00585799
1,177.001,618,381,0.0383253,-0.00440028
1,0.026075,171,105,-0.0131148,-0.00239029
1,0.059409,171,171,-0.0214045,-0.00574459
1,100.655,166693,162120,0.012739,0.0771844
1,177.001,618,381,0.0383248,-0.00440487
1,177.001,618,381,0.0383163,-0.00441157
1,4.25253,353,432,-0.0209817,-0.00242804
1,118.239,618,381,0.0177471,-0.00428957
1,4.14651,498,353,-0.018322,-0.00319784
1,24.8985,948,1158,-0.0147178,-0.00361904
1,177.001,618,381,0.0402217,-0.00370405
1,19.4812,37803,61610,-0.0180463,0.0198907
1,115.978,51620,58605,0.019599,0.00756035
1,0.01554,171,105,-0.0132312,-0.00358719
1,0.025254,171,105,-0.0133551,-0.00239545
1,118.881,155865,311300,0.0178383,0.0429854
1,0.52397,2212,7575,-0.0160506,-0.0205723
1,3.4e-05,105,66,-0.0209199,-0.00966463
1,9.8693,4695,6875,-0.0238456,-0.00239022
1,0.015542,171,105,-0.0132312,-0.00358719
1,0.015506,171,105,-0.0132312,-0.00358733
1,103.509,98524,201364,0.00748876,0.025672
1,54.0894,21069,18775,0.00610277,0.0112444
1,1.36967,6299,8396,-0.0236396,0.00268868
1,101.812,100714,117695,0.020285,0.0176894
1,4.27096,353,327,-0.0183271,-0.00639528
1,177.001,618,381,0.0383188,-0.00440069
1,0.055712,171,171,-0.0213669,-0.00574762
1,177.001,618,381,0.0383146,-0.00440638
1,0.015531,171,105,-0.0132312,-0.00358719
1,69.0667,178162,105740,0.0057308,0.0743834
1,0.15452,4890,5832,-0.0229155,0.00282088
1,118.016,513,381,0.0178307,-0.00408581
1,0.244152,4542,6182,-0.0223251,0.00088653
1,177.001,618,381,0.0402294,-0.0036987
1,177.001,618,381,0.0383406,-0.00441378
1,4.32132,353,327,-0.0183236,-0.00650123
1,106.317,66586,50567,0.0289834,0.0138532
1,0.015486,171,105,-0.0132312,-0.00358733
1,0.015554,171,105,-0.0132285,-0.00359898
1,0.492408,2010,4366,-0.0156949,-0.00505184
1,4.19679,432,353,-0.0173883,-0.00214851
1,59.0221,210,276,0.0100917,-0.00584384
1,0.105625,2305,1585,-0.0210324,-0.0032255
1,4.4e-05,93,54,-0.0136287,-0.0158384
1,1.55121,5969,8267,-0.0237258,0.00335849
1,4.15519,432,353,-0.0176655,-0.000529509
1,105.143,175258,248839,-0.00243994,0.08038
1,9.971,19725,18587,-0.0185958,0.00884599
1,35.6178,57015,92512,0.00650673,0.0101734
1,0.521835,2146,7597,-0.0147473,-0.0131851
1,81.474,146531,238029,0.0139628,0.084614
1,59.0256,342,210,0.0116642,-0.00216989
1,0.015687,171,105,-0.0132299,-0.00359197
1,0.265265,4286,5445,-0.0203036,0.00292071
1,35.5484,1652,1855,0.0151491,-0.00572837
1,0.090396,2305,1651,-0.0213669,-0.00319311
1,1.15379,4647,5639,-0.0322319,-0.00178827
1,59.0256,342,276,0.0122394,-0.00162028
1,59.0161,342,276,0.012532,-0.0028865
1,63.2255,603,458,0.0116953,-0.00984744
1,0.32166,4056,5486,-0.0201652,-0.00319287
1,23.829,32466,48116,-0.0181117,0.0242967
1,4.10051,353,393,-0.0144273,-0.00257953
1,1.50983,12313,18161,-0.0186262,0.013031
1,177.001,933,381,0.0401049,-0.00307166
1,103.876,50036,54946,0.014363,0.0110303
1,0.090877,2305,1563,-0.0213375,-0.00309433
1,0.067216,171,171,-0.0212382,-0.00350857
1,4.18318,432,353,-0.0175428,-0.00050909
1,0.261049,4156,5525,-0.0223572,0.00161541
1,17.7725,784,1350,-0.0144764,-0.000647673
1,0.027317,291,108,-0.0121057,-0.0119796
1,59.016,342,276,0.0125368,-0.00288693
1,0.178682,4476,5984,-0.0230943,0.00287385
1,4.8e-05,93,54,-0.0136284,-0.0158337
1,0.096863,2419,2795,-0.0255868,-0.00602306
1,7.96914,1792,2424,-0.0277634,-0.00651316
1,0.06576,171,171,-0.0212377,-0.00351529
1,0.042298,105,66,-0.0208278,-0.00210378
1,0.169188,4469,5839,-0.0230564,0.00280791
1,128.08,87717,71445,0.0679932,0.0161861
1,63.2612,669,458,0.00765908,-0.00238508
1,0.015547,171,105,-0.0132312,-0.00358719
1,3.91208,1755,1179,-0.0146352,-0.00477352
1,0.18298,2313,2788,-0.0259377,-0.00381945
1,4.2371,353,393,-0.0144251,-0.00267024
1,0.34813,4227,5474,-0.0181534,-0.00175691
1,0.192594,3944,5118,-0.0201237,0.00208649
1,0.021619,128,74,-0.0106016,-0.0175699
1,1.40648,12927,18883,-0.0236271,0.0139995
1,177.001,279,534,0.0290809,-0.00735635
1,0.055636,171,171,-0.0213669,-0.00574738
1,26.1229,2688,3941,-0.0261176,-0.00152745
1,0.25391,4395,5393,-0.0202982,0.00302635
1,14.8798,20092,38930,-0.0247066,0.0178651
1,30.086,1701,1295,-0.0119685,-0.00503078
1,0.394687,4476,6116,-0.0225885,-0.000629471
1,0.268578,3990,5699,-0.0199135,-0.00327691
1,9.89639,52396,103432,-0.0178144,0.0120559
1,0.015512,171,171,-0.0211098,-0.00387594
1,0.066255,171,171,-0.0212377,-0.00351529
1,0.099904,2110,1836,-0.0198273,-0.00191267
1,177.001,618,381,0.0383278,-0.00440041
1,4.31697,498,353,-0.018434,-0.00137495
1,0.18537,4017,5183,-0.0225112,0.00177966
1,0.224508,1701,1020,-0.015708,-0.00616276
1,14.3768,3223,4320,-0.0195803,-0.00353937
1,9.87835,2148,4988,-0.0312657,-0.00510346
1,0.056499,171,171,-0.0213792,-0.0057438
1,101.347,53228,56399,0.0136956,0.0136904
1,0.069155,951,6055,-0.014263,0.00128808
1,0.01578,171,105,-0.0132299,-0.00359197
1,0.253635,4115,5076,-0.0201049,-0.00319267
1,4.23593,498,353,-0.0183282,-0.00320082
1,177.001,618,315,0.0382584,-0.00429928
1,30.1685,1767,4649,-0.015187,-0.00521558
1,63.237,669,458,0.00811706,-0.00314294
1,30.1812,1647,1295,-0.0153139,-0.00612888
1,1.16077,7316,10140,-0.0226845,0.0118784
1,177.001,618,315,0.0381172,-0.00451567
1,111.199,230130,382360,0.0228358,0.0863016
1,177.001,279,534,0.029843,-0.00715269
1,0.260015,4542,5984,-0.0225966,-0.00069661
1,3.12107,1767,4603,-0.0291339,-0.00787979
1,0.201348,4119,5117,-0.022916,-0.00204935
1,98.9521,197742,288182,0.000220746,0.0820585
1,100.339,60059,64680,0.0128759,0.0067636
1,11.8246,15102,14737,-0.0161307,0.00372085
1,4.15938,498,353,-0.0183231,-0.00319796
1,4.14085,498,353,-0.018429,-0.0013884
1,6.91955,1767,4612,-0.0317124,-0.00653396
1,4.17181,432,353,-0.0175428,-0.00050909
1,8.90352,11721,11355,-0.017802,0.00392143
1,4.07179,498,353,-0.0184289,-0.0013888
1,0.327879,4227,5591,-0.0200685,-0.00245897
1,0.171475,4476,5867,-0.0230929,0.00311299
1,0.190519,4653,5831,-0.0231282,0.00344823
1,1.474,13191,18774,-0.0236269,0.0149303
1,0.293657,4227,5393,-0.0200679,-0.0024549
1,118.026,618,381,0.017317,-0.00213771
1,93.4726,89866,107962,0.0128276,0.0415143
1,4.14282,432,353,-0.0175164,-0.00217294
1,0.10014,2110,1835,-0.0180728,-0.00176907
1,4.09705,353,327,-0.0183323,-0.00641969
1,7.25425,1701,1188,-0.0141096,-0.00477308
1,2.5e-05,93,54,-0.0137197,-0.0158387
1,0.235872,3944,5169,-0.0203325,0.00170529
1,118.017,513,381,0.0178226,-0.00408476
1,0.509805,2010,4365,-0.0157552,-0.00505497
1,177.001,618,381,0.0383163,-0.00441157
1,177.001,723,381,0.0384417,-0.00421315
1,0.825178,1792,2423,-0.0281402,-0.0064795
1,4.10687,432,353,-0.0175164,-0.00216158
1,177.001,618,381,0.0402189,-0.00370223
1,20.3812,5172,7122,-0.0202594,0.000320068
1,9.65769,5830,10390,-0.0324691,-0.00306661
1,30.1286,1713,4671,-0.0306444,-0.0066655
1,177.001,618,381,0.0389149,-0.00322606
1,1.31807,12313,17606,-0.0234561,0.0136929
1,4.29314,353,327,-0.01833,-0.00637027
1,4.23544,353,393,-0.0144467,-0.00273678
1,177.001,618,315,0.0381132,-0.00451972
1,19.8975,8791,16464,-0.025467,-0.000850472
1,63.1961,669,458,0.00765498,-0.00238541
1,0.069721,987,6055,-0.0145934,0.000254536
1,30.1931,2332,4718,-0.0231457,-0.00835997
1,59.0162,342,276,0.0125337,-0.00288649
1,0.504751,2010,4365,-0.0157146,-0.00505631
1,0.025012,171,105,-0.0133551,-0.00239545
1,30.0933,1701,1235,-0.0133979,-0.00457411
1,0.23278,4476,5918,-0.0228658,-0.000747119
1,1.17005,7316,10139,-0.0224298,0.0136212
1,0.015685,171,105,-0.0132299,-0.00358722
1,118.016,513,381,0.0178245,-0.0040886
1,0.059442,171,171,-0.021407,-0.00574473
1,109.845,95255,114874,0.023579,0.0151891
1,0.12156,2313,2920,-0.0231921,-0.00411714
1,0.016427,171,105,-0.0132389,-0.0036645
1,29.0722,3830,4482,-0.0307852,-0.00192241
1,0.015506,171,105,-0.0132285,-0.00359912
1,0.070645,1119,6187,-0.0134482,0.00329829
1,30.104,1701,4534,-0.0193178,-0.0069276
1,26.0948,163,126,-0.0116271,-0.00406378
1,0.290178,4049,5406,-0.0201612,-0.00321416
1,4.0385,353,393,-0.0150571,-0.00289253
1,56.9569,43806,34478,0.0063105,0.0127263
1,59.0159,342,276,0.0125368,-0.0028867
1,0.058404,171,171,-0.021412,-0.00575158
1,4.14931,353,393,-0.014396,-0.00278684
1,45.7398,23200,25867,0.00374674,0.0109842
1,0.021769,128,74,-0.0106121,-0.0175074
1,0.302986,4313,5165,-0.0224204,0.00247615
1,0.025063,171,105,-0.0133551,-0.00239545
1,30.1442,1755,4649,-0.0383109,-0.00950814
1,7.64591,2281,3259,-0.0210501,-0.00570901
1,0.198642,4773,5762,-0.0230371,0.00346089
1,0.262992,4049,5340,-0.020112,-0.00313372
1,11.3542,18749,31779,-0.0186196,0.0142995
1,60.6868,53723,80531,0.00202055,0.00876616
1,4.12137,432,353,-0.0176126,-0.000585968
1,0.10731,1963,2231,-0.023246,-0.00547445
1,1.52208,987,6055,-0.0137753,-0.000306947
1,4.33363,498,353,-0.018323,-0.00318622
1,4.37469,432,353,-0.0175426,-0.000517874
1,9.71578,10431,12027,-0.019902,0.00476992
1,4.21402,498,353,-0.0183282,-0.00318633
1,177.001,618,381,0.0383277,-0.00440041
1,0.367401,2709,2854,-0.0230465,-0.00373602
1,4.17696,432,353,-0.0173883,-0.00215161
1,1.20058,5479,7828,-0.0237157,0.00308519
1,63.0785,458,603,0.0123504,-0.00987365
1,0.025587,171,105,-0.013353,-0.00239374
1,0.027004,55,66,-0.00959934,-0.00325719
1,4.18113,498,353,-0.0184027,-0.00156165
1,0.015794,171,105,-0.0132314,-0.00358722
1,2.10161,3618,5912,-0.0239244,-0.00305443
1,0.068212,171,171,-0.0212383,-0.00350777
1,0.057029,171,171,-0.0214093,-0.00575303
1,42.4843,60280,86813,-0.00585267,0.013907
1,0.02496,171,105,-0.0133551,-0.00239545
1,1.9e-05,105,66,-0.0209101,-0.0096717
1,90.3082,36159,44065,0.00305039,0.00778604
1,12.6891,3355,4254,-0.0239572,-0.00312496
1,0.024904,171,105,-0.0133551,-0.00239545
1,55.8522,32922,64139,-0.0196518,0.026156
1,66.2712,112984,191186,0.0116608,0.0833065
1,59.0159,342,276,0.0125412,-0.0028923
1,0.2052,4017,5249,-0.0226162,0.00160644
1,0.065495,171,105,-0.013235,-0.00238624
1,3.92377,432,431,-0.0206025,-0.000821551
1,0.135318,4856,5816,-0.0233173,-0.00241977
1,0.372046,3422,4250,-0.0278537,-0.00269106
1,4.64032,2952,5493,-0.0457121,-0.00572114
1,4.04131,353,432,-0.0209572,-0.00257918
1,4.10435,537,353,-0.0131229,-0.00851122
1,0.01519,55,66,-0.0120718,-0.00407909
1,1.7e-05,105,66,-0.0209101,-0.0096717
1,3.35536,2350,4682,-0.0333191,-0.00532466
1,0.024892,171,105,-0.0133551,-0.00239545
1,3.89476,2856,5293,-0.0285878,-0.00413747
1,1.14398,2030,2151,-0.0259511,-0.00487123
1,0.105599,1956,2217,-0.0232268,-0.00552355
1,0.103053,2022,2217,-0.0231217,-0.00484252
1,0.027133,55,66,-0.00960208,-0.00325672
1,0.015505,171,105,-0.0132312,-0.00359208
1,177.001,279,534,0.0290869,-0.00732978
1,0.015462,171,105,-0.0132312,-0.00358821
1,0.252009,4581,6023,-0.0228511,0.00288735
1,0.041892,105,66,-0.0208278,-0.00212291
1,122.083,513,437,0.0682131,-0.00870684
1,0.34293,4158,5090,-0.0202223,0.0017754
1,0.056746,171,171,-0.0213792,-0.0057438
1,0.095344,2365,2826,-0.0229953,-0.00497858
1,30.1944,24440,40821,-0.029254,0.00500169
1,0.015584,171,105,-0.0132272,-0.00359902
1,0.066785,171,171,-0.0212377,-0.00351531
1,1.8e-05,105,66,-0.0209101,-0.0096717
1,98.4121,100007,123079,0.0236248,0.0111846
1,3.2e-05,105,66,-0.0209105,-0.00966023
1,0.095744,2708,3355,-0.0231632,-0.00496521
1,0.021539,128,74,-0.0106021,-0.0175699
1,0.015497,171,105,-0.0132285,-0.00359912
1,1.16174,5761,8038,-0.0229988,7.47582e-05
1,0.55548,2010,4365,-0.0155103,-0.00504669
1,0.065954,171,171,-0.0212377,-0.00351529
1,0.500734,2010,4420,-0.0158815,-0.00448237
1,4.30454,432,353,-0.0175374,-0.000517868
1,3.34211,5885,10631,-0.0270007,-0.00248564
1,177.001,618,381,0.0383134,-0.00440515
1,1.28905,2910,5621,-0.0321351,-0.00531836
1,150.067,2259,3161,0.0577258,-0.00561938
1,122.078,513,437,0.0682131,-0.00870684
1,177.001,618,381,0.038182,-0.0042326
1,45.4975,71377,40897,0.001949,0.00678129
1,4.0752,498,353,-0.0184342,-0.00138818
1,2.80167,3735,9377,-0.0209935,-0.00495088
1,30.1026,1647,1383,-0.0124826,-0.00627559
1,0.09604,2795,3340,-0.0230614,-0.00480165
1,30.1217,1647,1159,-0.0121691,-0.0060538
1,0.021952,128,74,-0.0105835,-0.0175223
1,0.058733,171,171,-0.0214096,-0.00575144
1,3.1e-05,105,66,-0.0209105,-0.00966023
1,2.03946,6235,7097,-0.0302884,0.00263169
1,0.027273,108,291,-0.012141,-0.00249711
1,0.547949,2010,4365,-0.0156826,-0.00496882
1,0.165536,4816,5970,-0.0225124,0.00280059
1,0.095043,279,180,-0.0161331,-0.00258467
1,0.111608,2247,2854,-0.0256319,-0.00398775
1,27.7094,46053,54950,-0.0176719,0.017668
1,9.9203,13953,11564,-0.0143807,0.00534788
1,59.0159,342,276,0.012532,-0.00289186
1,30.0962,1647,1351,-0.0119834,-0.00640529
1,0.112297,2372,2789,-0.0258914,-0.00399033
1,118.017,723,315,0.0178368,-0.00408551
1,0.015536,261,126,-0.0166045,-0.00159835
1,8.56627,2856,5516,-0.0217665,-0.00387836
1,0.331899,4647,6376,-0.0230189,-0.000747768
1,3.74092,2094,4771,-0.0318486,-0.00584994
1,0.016167,171,105,-0.0132319,-0.00362427
1,9.18747,2688,4004,-0.02441,-0.00316877
1,0.069001,171,171,-0.0212383,-0.00350773
1,59.0159,342,276,0.012538,-0.00289186
1,0.015635,171,105,-0.0132299,-0.00358722
1,1.25819,5292,6690,-0.0290883,0.00423697
1,4.1059,498,353,-0.0183284,-0.00319892
1,118.026,513,381,0.0167467,-0.00216533
1,4.3143,498,353,-0.018434,-0.00137495
1,30.1125,3833,6230,-0.0251059,-0.0044513
1,0.508069,2010,4419,-0.0158815,-0.00448624
1,2.6e-05,105,66,-0.0209098,-0.00967114
1,0.97681,5292,6751,-0.0367098,0.00326189
1,0.125529,2379,2788,-0.0226365,-0.00432203
1,110.86,131806,136917,0.0024991,0.0674915
1,0.86285,4386,5381,-0.0220764,-0.000555701
1,177.002,618,381,0.0402659,-0.00356387
1,63.1273,669,458,0.00765908,-0.00238508
1,4.08075,353,327,-0.0183072,-0.00641643
1,59.016,342,276,0.0125368,-0.0028867
1,0.210436,2644,2179,-0.0208464,-0.00237804
1,4.31996,498,353,-0.018434,-0.00137528
1,177.001,618,315,0.0381355,-0.00395576
1,0.518361,3381,5709,-0.0152989,-0.0135836
1,4.39236,564,353,-0.0128112,-9.71038e-05
1,30.089,1659,4591,-0.019324,-0.00693771
1,59.0162,342,276,0.012532,-0.00288654
1,4.28616,353,393,-0.0144201,-0.00284429
1,30.0883,1701,1291,-0.0134409,-0.0045564
1,3.3e-05,105,66,-0.0209103,-0.00966463
1,0.01558,171,105,-0.0132272,-0.00359902
1,1.23767,5292,6697,-0.0314949,-0.00115535
1,118.016,513,381,0.0178284,-0.00408456
1,0.059153,171,171,-0.021412,-0.00576413
1,59.0159,342,276,0.0125368,-0.0028867
1,177.001,618,381,0.0383265,-0.00440035
1,4.28344,353,393,-0.0144379,-0.00275452
1,3.1e-05,105,66,-0.0209105,-0.00966023
1,4.09611,498,353,-0.0183119,-0.00321658
1,4.22088,353,393,-0.0144236,-0.00268454
1,0.124441,2239,2772,-0.0261769,-0.00427056
1,4.22827,498,353,-0.0184288,-0.00137528
1,0.025362,327,126,-0.016747,-0.000850753
1,4.04525,498,353,-0.0183231,-0.00321519
1,19.1641,41766,25408,-0.0190323,0.0105734
1,0.02531,171,105,-0.0133551,-0.00239545
1,0.025235,55,66,-0.0118934,-0.00295434
1,177.001,618,381,0.0402264,-0.00339605
1,0.49933,2064,4418,-0.0162905,-0.00411288
1,30.0998,1713,4671,-0.0297405,-0.0062049
1,177.001,618,381,0.040052,-0.00359873
1,1.41051,15377,22588,-0.0235759,0.0143105
1,0.015543,171,105,-0.0132339,-0.00358723
1,0.543048,8441,17918,-0.0223135,0.000458345
1,4.23753,498,353,-0.0183383,-0.00318553
1,47.0002,77336,46807,0.00621638,0.00660302
1,0.021678,171,105,-0.013335,-0.00252769
1,0.110797,2313,2788,-0.0223158,-0.00449043
1,59.0178,342,276,0.0125372,-0.00288871
1,177.002,315,618,0.0318537,-0.00733832
1,0.01556,171,105,-0.01323,-0.00358722
1,30.1085,1755,4573,-0.0303543,-0.00795164
1,1.29093,12577,18092,-0.0211396,0.00201395
1,70.4827,202631,120855,0.00834103,0.0776656
1,14.884,163,296,-0.0123518,-0.0036646
1,4.37953,432,353,-0.0175426,-0.000517547
1,4.05057,498,353,-0.0183284,-0.00319886
1,8.77322,2094,4748,-0.0304726,-0.00604478
1,0.385988,4476,5980,-0.022876,0.00454909
1,6.66368,5864,8378,-0.0180569,-0.000187312
1,4.23473,432,353,-0.017377,-0.00216007
1,118.016,513,315,0.0177397,-0.00426172
1,0.05624,171,171,-0.0213817,-0.00577899
1,4.0587,498,353,-0.0183283,-0.00320043
1,20.8015,426,213,-0.0111877,-0.00558205
1,4.09851,498,353,-0.0183283,-0.00320049
1,122.077,513,437,0.0682131,-0.00870684
1,0.297681,4581,6419,-0.0233155,0.00289369
1,0.015194,55,66,-0.0120718,-0.00407909
1,30.0968,1647,1351,-0.0124343,-0.00645965
1,0.535616,2212,7729,-0.0153222,-0.0140706
1,0.269999,4114,5404,-0.0202111,0.00199029
1,29.8495,44501,33302,-0.0179886,0.0179308
1,59.0257,342,276,0.0123271,-0.00161897
1,0.025305,327,126,-0.0167489,-0.000850867
1,0.021673,128,74,-0.0106125,-0.0175192
1,4.07261,498,353,-0.0183231,-0.00320045
1,0.082285,2285,4473,-0.0205971,-0.00827386
1,0.059187,171,171,-0.02141,-0.00575003
1,8.15192,2952,5472,-0.0344686,-0.00480543
1,4.39062,666,353,-0.0132974,-0.00757675
1,59.0159,342,276,0.0125412,-0.0028923
1,41.9069,21837,17908,0.00689237,0.0118646
1,0.015113,55,66,-0.0123618,-0.00408574
1,0.276739,2328,4687,-0.020895,-0.00776869
1,0.117515,2313,2854,-0.0228509,-0.00403545
1,118.026,513,381,0.0173252,-0.00157211
1,0.122517,2306,2774,-0.0259443,-0.00444242
1,0.55696,2315,4622,-0.0157307,-0.0050356
1,0.342425,4581,6353,-0.023028,-0.000706434
1,63.0339,458,603,0.0123396,-0.00987196
1,0.025082,171,105,-0.0133551,-0.00239545
1,0.278638,4142,5499,-0.0200526,-0.0036152
1,63.1956,603,458,0.0117499,-0.00984703
1,0.0155,171,105,-0.0132312,-0.00358733
1,1.18593,7433,10555,-0.022519,0.00856706
1,29.97,59902,61627,-0.017812,0.0121849
1,0.015151,55,66,-0.0120676,-0.00403841
1,1.52497,1053,6121,-0.0153157,0.000635646
1,0.01559,171,105,-0.01323,-0.00358722
1,0.015587,171,105,-0.0132272,-0.00359902
1,0.303915,4259,5639,-0.020092,-0.00193372
1,4.07275,432,353,-0.0176603,-0.000530923
1,16.5721,31594,35419,-0.0171956,0.00929357
1,0.485432,5231,5179,-0.0233228,0.00278377
1,0.070157,1119,6187,-0.0134478,0.00329798
1,1.9e-05,105,66,-0.0209101,-0.0096717
1,177.001,618,315,0.0404157,-0.00383529
1,4.4877,576,353,-0.0175948,-0.00263418
1,104.523,140878,225087,0.000674669,0.0783245
1,0.015573,171,105,-0.01323,-0.00358722
1,59.0257,342,276,0.0123271,-0.00161897
1,0.0663,171,171,-0.0212382,-0.00351339
1,0.49182,2527,4365,-0.0158835,-0.0078582
1,0.021917,128,74,-0.0106105,-0.0175072
1,19.9831,4476,6767,-0.0287658,-0.000273907
1,5.1319,3272,5854,-0.0373057,-0.00627782
1,177.001,618,381,0.0383126,-0.0044128
1,122.103,513,437,0.0682131,-0.00870684
1,0.015594,171,105,-0.01323,-0.00358722
1,4.35066,432,353,-0.0173935,-0.00214784
1,0.065895,171,171,-0.0212377,-0.00351529
1,59.0256,342,276,0.0123271,-0.00161897
1,4.07483,353,327,-0.0183034,-0.00645307
1,4.08922,353,327,-0.0183232,-0.0063509
1,4.18881,353,393,-0.0144186,-0.00276403
1,4.3953,498,353,-0.018434,-0.00137528
1,0.021918,128,74,-0.0106109,-0.0175072
1,2.13558,475,66,-0.0166363,-0.00151508
1,177.001,618,381,0.0402264,-0.00370175
1,3.3e-05,93,54,-0.0137205,-0.0158313
1,0.065579,171,171,-0.0212377,-0.00347861
1,7.1e-05,105,66,-0.0207306,-0.00962852
1,2.34277,3735,4878,-0.0205076,-0.00693672
1,118.016,513,381,0.0174477,-0.00398152
1,0.015429,171,105,-0.0132312,-0.00358829
1,1.14653,7433,10261,-0.0226561,0.0135951
1,0.096518,2353,2760,-0.0256995,-0.00600945
1,4.27474,353,327,-0.0183295,-0.00650048
1,9.52648,3176,3577,-0.0254674,-0.00336673
1,59.0256,342,276,0.0123271,-0.00161897
1,0.015567,171,105,-0.0132272,-0.00359902
1,0.152879,1809,4552,-0.0308719,-0.0080697
1,96.3103,171701,282207,0.0132925,0.0804749
1,15.2782,3877,4818,-0.0290281,-0.00165655
1,4.28911,353,327,-0.0183295,-0.00645807
1,1.52264,1061,6055,-0.0145762,4.92981e-06
1,0.015381,55,66,-0.0120719,-0.00407917
1,9.21838,6308,7842,-0.0226684,0.00762883
1,11.1583,8184,12079,-0.0183276,0.00246812
1,177.002,315,618,0.031813,-0.00735308
1,0.021905,128,74,-0.0106109,-0.0175072
1,0.25091,4581,6244,-0.0231733,0.00289232
1,0.015434,171,105,-0.0132312,-0.00358829
1,0.210778,4469,6088,-0.0225315,0.00339225
1,6.79694,28458,17112,-0.018849,0.00904027
1,14.4244,31567,42833,-0.0224353,0.00942553
1,0.137588,2247,2542,-0.025719,-0.0035066
1,14.8755,163,296,-0.0126595,-0.0035853
1,0.015225,55,66,-0.0120718,-0.00407909
1,4.27133,353,393,-0.0144221,-0.00282374
1,1.52203,987,6055,-0.0137897,-0.000292635
1,120.264,194142,97624,0.231263,0.0229274
1,0.215574,4122,5443,-0.0223721,0.00171352
1,0.021666,128,74,-0.0106125,-0.0175192
1,0.096591,2419,2795,-0.0255869,-0.00599608
1,4.36459,498,353,-0.0184288,-0.00137527
1,0.382619,4247,5736,-0.0201761,-0.0011493
1,4.58726,1095,4000,-0.00952218,-0.00148192
1,63.5911,669,458,0.00767052,-0.00238526
1,0.055992,171,171,-0.0213817,-0.00574395
1,0.025087,171,105,-0.0133551,-0.00239545
1,59.0258,342,276,0.0123271,-0.00161897
1,0.095516,2703,3352,-0.0232002,-0.0049699
1,0.253122,4266,5564,-0.0201828,-0.00194332
1,1.34583,5670,7083,-0.0309748,0.00573577
1,63.3029,774,602,0.0101573,-0.00607679
1,3.1e-05,105,66,-0.0209105,-0.00966023
1,0.349038,4141,5365,-0.0201966,0.00177681
1,0.105701,1544,1795,-0.0283382,-0.0165475
1,0.09979,2535,3352,-0.0230066,-0.00517981
1,4.24575,353,393,-0.014442,-0.00312751
1,63.343,669,458,0.00846335,-0.00296501
1,0.130848,2306,2840,-0.0229155,-0.00412704
1,0.057082,171,171,-0.0214118,-0.00575315
1,2e-05,93,54,-0.0137197,-0.0158391
1,4.40452,498,353,-0.018434,-0.00137528
1,4.09725,432,353,-0.0175112,-0.00216161
1,8.25037,11006,12453,-0.0151912,0.00250384
1,111.676,80202,161029,-0.0303238,0.00934738
1,0.150303,4363,5730,-0.02304,0.00285534
1,124.542,30778,31898,0.0595631,0.0110603
1,63.1222,669,458,0.00765911,-0.00238541
1,0.225594,4122,5420,-0.0226036,0.00324256
1,14.5163,16001,15686,-0.0191054,0.0084716
1,0.025271,55,66,-0.0118934,-0.00295434
1,177.001,279,534,0.0209028,-0.00759697
1,2.9e-05,93,54,-0.0137209,-0.0158219
1,177.001,618,381,0.0402189,-0.00370223
1,0.015521,171,105,-0.0132312,-0.00358733
1,177.001,618,381,0.0383134,-0.00440832
1,118.016,513,381,0.0178706,-0.00391552
1,4.11064,353,327,-0.018336,-0.00623534
1,82.5723,154906,267158,0.0147097,0.0794288
1,30.0833,1755,4591,-0.0314924,-0.00722158
1,177.001,618,381,0.0383467,-0.00384061
1,0.015582,171,105,-0.01323,-0.00359197
1,10.0016,3333,5933,-0.0298344,-0.00310341
1,3.29807,3653,6027,-0.047823,-0.00746296
1,15.6122,29525,46693,-0.0171742,0.0200982
1,0.093551,2304,1560,-0.0213374,-0.00308934
1,0.015516,171,105,-0.0132285,-0.00359912
1,0.021635,128,74,-0.0106125,-0.0175192
1,118.016,513,381,0.0178851,-0.00390277
1,0.02501,171,105,-0.0133551,-0.00239545
1,4.25879,353,393,-0.014427,-0.00268356
1,0.065347,171,171,-0.0212386,-0.00347861
1,4.16995,498,353,-0.0183284,-0.00317684
1,15.0919,910,1231,-0.0213513,-0.0056405
1,118.017,513,381,0.017295,-0.00412442
1,177.001,618,381,0.0383225,-0.00440456
1,4.13558,353,327,-0.0216553,-0.00628791
1,0.114766,3123,5163,-0.0226696,-0.00690166
1,61.2901,41838,44875,0.0091659,0.00637772
1,4.06159,498,353,-0.0184341,-0.00138882
1,13.3413,2475,4972,-0.0279598,-0.00374413
1,30.0859,1647,1291,-0.0125511,-0.00617286
1,118.238,618,381,0.0174999,-0.00418357
1,0.015668,171,105,-0.0132338,-0.00358722
1,0.506171,1956,4305,-0.0156622,-0.00541063
1,0.02526,171,171,-0.0211292,-0.00311569
1,31.1701,2754,3875,-0.0209009,-0.00142201
1,4.21135,353,393,-0.0144187,-0.00276752
1,0.065189,1049,522,-0.0162712,-5.23712e-05
1,1.22385,5629,4603,-0.0198766,-0.000782777
1,2.1179,1809,4384,-0.0301731,-0.00810124
1,4.28486,353,393,-0.0144211,-0.00274206
1,59.0158,342,276,0.0125412,-0.0028923
1,4.09009,498,353,-0.0183384,-0.00319888
1,4.28147,353,393,-0.0144188,-0.0027501
1,4.29617,353,327,-0.018323,-0.00654249
1,5.7864,1809,4390,-0.0286027,-0.00845098
1,4.20384,498,353,-0.0183282,-0.00318633
1,0.225732,3878,5169,-0.0202285,-0.00304379
1,25.1441,5274,6872,-0.0203057,0.00114717
1,0.068166,171,171,-0.0212383,-0.00350777
1,21.2704,1191,4001,-0.00956838,-0.000241564
1,0.097355,2876,3109,-0.0152605,-0.00820231
1,41.4097,92747,156110,0.011618,0.0746201
1,4.14125,498,353,-0.0183232,-0.00321245
1,177.002,723,459,0.0387995,-0.00377192
1,104.03,144274,194921,0.00165501,0.0707955
1,0.126945,907,3298,-0.010773,0.00494749
1,177.001,618,381,0.0383253,-0.00440028
1,4.19975,353,393,-0.0144261,-0.00266004
1,0.173477,3951,5447,-0.0225802,0.0012388
1,4.3119,432,353,-0.0175374,-0.000517874
1,15.9512,5168,7064,-0.0188083,-0.00190178
1,0.069339,1053,6121,-0.0143942,0.000577903
1,177.001,618,381,0.0383111,-0.00440801
1,108.817,78892,59225,0.0298837,0.014866
1,0.583614,2410,7597,-0.0147356,-0.0113548
1,0.015618,261,126,-0.0166053,-0.00159074
1,98.6931,254171,426121,0.0133439,0.0893354
1,0.17006,2418,2730,-0.026055,-0.00347142
1,0.015548,171,105,-0.0132312,-0.00358719
1,6.72376,21872,17093,-0.0159087,0.00404595
1,0.31949,4083,5117,-0.0223799,0.0033815
1,30.1308,3569,2914,-0.0224905,-0.0032166
1,177.001,618,381,0.0384675,-0.00418849
1,0.149136,2174,2789,-0.0232075,-0.00473025
1,0.268043,4574,6061,-0.0225886,0.00288169
1,4.21528,353,393,-0.0144424,-0.0027359
1,4.36386,498,353,-0.018434,-0.00137495
1,0.021668,128,74,-0.0106129,-0.0175192
1,4.33523,498,353,-0.0184288,-0.00137528
1,63.2633,669,458,0.00765911,-0.00238541
1,58.8391,90278,124616,0.00394498,0.0742787
1,10.3034,4928,6392,-0.0189324,-0.00207915
1,177.001,618,381,0.0383163,-0.00440519
1,4.3102,353,393,-0.0144159,-0.00275725
1,2.28623,2952,5591,-0.0326931,-0.0148108
1,4.2e-05,93,54,-0.0136287,-0.0158384
1,30.3771,4517,7139,-0.0270722,-0.00298982
1,4.30575,353,393,-0.0144403,-0.00280199
1,4.07515,353,393,-0.0144405,-0.0027153
1,94.246,213355,357551,0.0134642,0.0872971
1,1.52224,987,6055,-0.0137891,-0.000253379
1,0.102007,2310,2899,-0.0228962,-0.00498476
1,177.016,618,381,0.0402198,-0.00370243
1,6.94042,8510,9609,-0.0256579,0.000715402
1,120.017,125996,103110,0.0789148,0.0258991
1,4.365,353,327,-0.0183672,-0.00643776
1,0.025241,171,105,-0.0133556,-0.00239545
1,0.215123,2313,2788,-0.025963,-0.00436053
1,0.400424,4142,5367,-0.0222224,-0.0016117
1,4.20549,353,432,-0.0209076,-0.00320663
1,177.002,279,534,0.029842,-0.00715293
1,4.29637,432,353,-0.0175459,-0.000517507
1,0.015638,171,105,-0.0132271,-0.00359902
1,0.325976,128,74,-0.00985304,-0.00538913
1,0.065323,171,171,-0.0212386,-0.00347861
1,122.041,513,437,0.0716209,-0.00806635
1,30.092,1755,4535,-0.0280399,-0.00809458
1,0.244252,4639,6068,-0.0224531,0.00283161
1,0.256492,2355,4485,-0.0158069,-0.00786792
1,0.025014,171,105,-0.0133551,-0.00239545
1,93.4502,115417,90209,0.014478,0.0281335
1,1.44515,12993,18705,-0.0236711,0.0122671
1,3.4e-05,105,66,-0.0209199,-0.00966463
1,1.52183,1053,6121,-0.0153154,0.000637642
1,118.016,513,315,0.0177694,-0.00369068
1,59.0159,342,276,0.0125368,-0.0028867
1,0.01519,55,66,-0.0120718,-0.00407909
1,0.186672,4410,6182,-0.0230365,0.00281803
1,4.08161,353,393,-0.0144412,-0.00273074
1,1.16457,5292,6689,-0.0313109,0.00368657
1,4.0993,498,353,-0.0183283,-0.00320048
1,1.52215,1053,6121,-0.0137094,0.000210749
1,0.420806,4675,5261,-0.0222007,0.00349576
1,48.099,42912,38773,0.00618949,0.0152043
1,0.015511,171,105,-0.0132312,-0.00358733
1,63.3212,669,458,0.00766527,-0.00238523
1,0.015532,171,105,-0.0132312,-0.00358719
1,4.87355,1809,4420,-0.0290509,-0.00774614
1,0.025262,171,105,-0.0133551,-0.00239545
1,0.264615,4542,5984,-0.0226682,-0.00074934
1,173.639,10280,15968,0.0533847,-0.00231911
1,0.526398,2010,4365,-0.0156974,-0.00503019
1,122.356,618,581,0.0722191,-0.00780175
1,104.669,30409,30718,0.0182946,0.0104512
1,4.18591,353,393,-0.0144416,-0.00275841
1,7.93863,1767,4507,-0.0299271,-0.00834618
1,0.095712,2419,2795,-0.0258262,-0.00617237
1,177.001,315,618,0.0345125,-0.00749804
1,4.11742,498,353,-0.0183231,-0.00320048
1,9.76395,49428,54958,-0.0183985,0.00836101
1,1.21063,5629,8051,-0.0230268,0.000747729
1,0.025377,171,105,-0.0133551,-0.00239545
1,4.09194,353,393,-0.0144475,-0.00279649
1,0.015573,171,105,-0.01323,-0.00358722
1,0.025004,171,105,-0.0133551,-0.00239545
1,7.08847,16404,16404,-0.0204383,0.00202045
1,0.24589,3944,5265,-0.0224232,0.00179477
1,59.0258,342,276,0.0123271,-0.00161897
1,0.136677,4785,5778,-0.0225969,0.00317267
1,1.2383,12445,17782,-0.0235832,0.0140556
1,0.015697,120,279,-0.0123094,-0.0149128
1,0.287545,4647,6155,-0.0223336,0.0029502
1,30.1001,1713,4514,-0.0315178,-0.00724047
1,4.26317,498,353,-0.0183282,-0.00318555
1,0.015633,171,105,-0.0132299,-0.00358722
1,0.104206,2432,2789,-0.0256341,-0.00590745
1,121.333,53598,59634,0.0790259,0.0117351
1,177.001,3189,2504,0.0434505,-0.00895151
1,59.0159,342,276,0.0125337,-0.00288659
1,0.519998,2542,7729,-0.0142421,-0.0109848
1,15.358,28004,36035,-0.028646,0.0261739
1,4.161,353,327,-0.0183058,-0.00641019
1,0.027049,55,66,-0.00959934,-0.00325719
1,0.537935,2249,4541,-0.0156418,-0.00482292
1,103.144,94833,119047,0.0123663,0.0291935
1,177.001,618,381,0.0402217,-0.00370405
1,1.50819,1025,4123,-0.0101411,0.00451066
1,6.92572,9813,10786,-0.017222,0.00271509
1,0.015565,171,105,-0.01323,-0.00358722
1,177.001,618,381,0.04025,-0.00313752
1,0.016125,171,105,-0.0132219,-0.0035948
1,0.095377,2419,2795,-0.0258465,-0.00616214
1,22.6673,13875,22494,-0.0250123,0.00997443
1,4.65565,12673,12858,-0.0207838,0.0012822
1,0.015522,171,105,-0.0132312,-0.00358719
1,59.0252,342,276,0.0123271,-0.00161897
1,0.305927,4706,6193,-0.0226731,0.00282147
1,4.24236,432,353,-0.0173935,-0.00214851
1,177.002,618,381,0.0383277,-0.00440041
1,9.75493,12318,12870,-0.0189071,0.00934893
1,4.43429,537,431,-0.0136635,-0.00707643
1,59.0254,342,276,0.0123271,-0.00161897
1,30.1016,1755,4534,-0.0280904,-0.00810737
1,0.528908,2315,4754,-0.0161941,-0.00443024
1,1.2229,1755,1302,-0.0147987,-0.00442341
1,4.1132,353,393,-0.0144395,-0.00294984
1,0.066237,171,171,-0.0212377,-0.00351529
1,1.25744,5292,6685,-0.0312074,0.00379865
1,4.21392,432,353,-0.0173935,-0.00214784
1,0.025387,171,105,-0.0133551,-0.00239545
1,0.120615,2240,2774,-0.0260241,-0.00454405
1,0.015513,171,105,-0.0132312,-0.00358733
1,0.02612,171,105,-0.0131148,-0.00239035
1,0.277088,4161,5525,-0.0200034,-0.00299334
1,4.13047,708,353,-0.0133745,-0.00754162
1,0.523421,2381,4666,-0.0169021,-0.00426014
1,4.20608,432,353,-0.0173717,-0.00216073
1,11.6369,3118,4066,-0.0196232,-0.00380371
1,118.016,513,315,0.017767,-0.00369053
1,1.52207,1053,6121,-0.0153175,0.000656536
1,71.4306,23487,25435,0.0132287,0.00682491
1,0.33668,4581,6155,-0.0185915,0.00316242
1,118.016,513,381,0.0178245,-0.00378317
1,0.055894,171,171,-0.0213669,-0.00574762
1,0.171992,4815,5972,-0.0226845,0.00286603
1,0.069994,1053,6121,-0.0143898,0.000556857
1,0.463336,2229,4880,-0.0163122,-0.0109462
1,4.1183,353,471,-0.0155061,-0.0114835
1,0.241194,4371,5742,-0.0228368,0.00286106
1,0.342719,4254,5354,-0.020043,-0.00245695
1,0.069654,987,6055,-0.0146165,0.000295892
1,0.024972,171,105,-0.0133551,-0.00239545
1,94.9909,60560,66541,0.011723,0.00658327
1,9.8741,3749,5828,-0.0452452,-0.00728238
1,40.6934,2595,3836,0.0149256,-0.00298351
1,0.015133,55,66,-0.0121601,-0.00406741
1,59.0253,342,276,0.0123271,-0.00161897
1,4.05615,432,353,-0.0175112,-0.00217642
1,63.2412,669,458,0.00765498,-0.00238541
1,124.447,63853,70319,0.0720236,0.0106459
1,4.19209,353,393,-0.0144164,-0.0026093
1,14.2295,27710,41989,-0.0224074,0.00930802
1,59.0159,342,210,0.0117287,-0.00358373
1,5.13338,1767,4606,-0.0302235,-0.00608951
1,0.015485,171,105,-0.0132312,-0.00358733
1,0.015644,171,105,-0.0132299,-0.00358722
1,0.112299,2726,3390,-0.0233424,-0.00456297
1,62.0535,25620,21310,0.0148555,0.0107162
1,0.513708,2146,7663,-0.0148811,-0.0131768
1,29.8563,35136,32542,-0.014454,0.00473436
1,177.001,279,534,0.0298198,-0.00764934
1,118.026,513,381,0.0172976,-0.00213868
1,0.027463,55,66,-0.0095998,-0.00324349
1,177.001,618,381,0.038314,-0.00441142
1,1.06977,4931,5198,-0.034689,0.00309065
1,4.1261,498,353,-0.0183283,-0.00319934
1,0.25483,4161,5657,-0.0203093,0.000176837
1,6.15954,2992,2066,-0.018095,-0.073708
1,47.0928,20465,23609,0.00402607,0.0112039
1,95.6432,104303,164589,0.00196475,0.0250931
1,0.119342,2388,5805,-0.0169763,-0.0217757
1,2.1e-05,93,54,-0.0137197,-0.015839
1,0.02494,171,105,-0.0133551,-0.00239545
1,0.021778,128,74,-0.0106121,-0.0175074
1,0.095926,987,6055,-0.0146333,0.000111312
1,177.001,315,618,0.0318397,-0.00732644
1,0.015533,171,105,-0.0132312,-0.00358719
1,177.001,618,381,0.0384653,-0.00418574
1,1.42163,12861,18614,-0.0236972,0.0139527
1,4.24303,576,353,-0.0176632,-0.000350764
1,4.09479,353,327,-0.0183031,-0.0063936
1,4.27686,353,327,-0.0183508,-0.00647327
1,177.001,618,381,0.0383248,-0.00440471
1,120.291,3368,4486,0.0851733,-0.00761064
1,0.021729,128,74,-0.0106124,-0.0175192
1,0.021777,128,74,-0.0106121,-0.0175074
1,3.1e-05,105,66,-0.0209105,-0.00966023
1,1.24648,13359,19145,-0.0239137,0.0141924
1,0.027029,55,66,-0.00959934,-0.00325719
1,0.025447,171,105,-0.0133551,-0.00239545
1,101.256,40625,34475,0.0131236,0.00939906
1,0.118882,2110,1835,-0.0195794,-0.00231528
1,4.52168,432,353,-0.017388,-0.0021485
1,3.52861,14705,27764,-0.0249628,0.00134528
1,56.7614,99263,149213,0.0040105,0.0708031
1,21.0729,426,213,-0.0112417,-0.00557178
1,0.195781,4640,5967,-0.0227142,0.00277772
1,30.0951,1755,4671,-0.0296384,-0.00624262
1,46.8912,51782,48266,0.00508673,0.00861002
1,0.015543,171,105,-0.0132312,-0.00358719
1,0.068921,1053,6121,-0.0143942,0.000577903
1,0.069275,171,171,-0.0214401,-0.00348173
1,4.20503,498,353,-0.0183282,-0.00318561
1,2e-05,105,66,-0.0209098,-0.00967168
1,1.14484,5695,4640,-0.019851,-0.00169363
1,59.2434,447,354,0.01162,-0.0033548
1,0.279821,3622,9637,-0.0146364,-0.0132734
1,0.021766,128,74,-0.0106121,-0.0175074
1,0.319887,1053,6121,-0.0157826,0.000893957
1,4.13284,353,393,-0.0144434,-0.00274759
1,91.1592,60053,56341,-0.00444489,0.00759946
1,177.001,618,381,0.0383468,-0.00384061
1,123.001,3848,2637,0.0268214,-0.00665774
1,76.7495,66564,68275,-0.00573828,0.00785476
1,63.2938,669,458,0.00799047,-0.00314703
1,4.23804,498,353,-0.018434,-0.00137491
1,4.31982,432,353,-0.0175426,-0.000517547
1,0.015116,55,66,-0.0123618,-0.00408574
1,0.069393,987,6055,-0.0145934,0.000254547
1,177.001,279,534,0.0298283,-0.00742696
1,177.002,618,381,0.0383467,-0.00384061
1,118.425,64056,70134,0.0205041,0.0126738
1,0.056149,171,171,-0.0213817,-0.00579308
1,96.55,116727,195017,0.0153768,0.0782382
1,0.510006,2094,4922,-0.0239818,-0.00397827
1,0.238505,4227,5657,-0.0225535,0.00263314
1,0.207416,4542,5918,-0.022944,0.00110007
1,0.234121,4476,5918,-0.0227809,-0.000752419
1,4.04906,498,353,-0.0183283,-0.00320043
1,4.22752,432,353,-0.0173883,-0.00214851
1,4.13496,432,353,-0.0175112,-0.00216014
1,0.025163,230,108,-0.011998,-0.0134392
1,4.15484,432,353,-0.0175164,-0.00216014
1,0.215346,1053,6121,-0.0157627,0.000935127
1,30.0979,1755,4727,-0.0296906,-0.00637001
1,0.316142,4266,5630,-0.0201675,-0.00196402
1,0.537482,2315,4599,-0.016867,-0.00440623
1,0.025424,171,105,-0.0133551,-0.00239545
1,0.015131,55,66,-0.0121601,-0.00406741
1,0.281133,4476,5984,-0.0227931,-0.000763245
1,0.531515,2315,4608,-0.0168836,-0.00479357
1,3.19325,5554,10173,-0.0336064,-0.00268173
1,0.025274,171,105,-0.0133551,-0.00239545
1,4.30915,498,353,-0.018434,-0.00137528
1,4.10442,353,327,-0.0183057,-0.00642075
1,59.0161,342,276,0.012532,-0.00288654
1,42.7954,127889,174534,-5.25888e-05,0.0736947
1,0.184017,4371,5813,-0.0229061,0.00276086
1,59.0161,342,276,0.012532,-0.00289186
1,0.021731,128,74,-0.0106124,-0.0175192
1,0.10511,2251,2861,-0.0229973,-0.00460581
1,37.0668,35292,28298,0.00597022,0.0088374
1,97.2544,41640,43937,0.00959338,0.0136464
1,7.83983,1755,1101,-0.0137389,-0.00452753
1,0.024947,171,171,-0.0211292,-0.00311569
1,0.058587,171,171,-0.0214096,-0.00575144
1,0.34782,4332,5579,-0.0200586,-0.00222933
1,106.55,79194,91963,0.000596543,0.0187759
1,1.83753,1029,624,-0.0133265,-0.00119988
1,0.101526,2594,3456,-0.023149,-0.00464037
1,118.016,513,381,0.0174286,-0.00404813
1,59.4602,2276,5098,-0.00244175,-0.00393057
1,34.183,1652,1727,0.0152029,-0.00468357
1,177.001,618,381,0.0402487,-0.00313752
1,95.4411,45859,39658,0.0108646,0.0148507
1,7.00791,2517,5156,-0.0308859,-0.00569024
1,4.14104,498,353,-0.018429,-0.0013884
1,9.7936,2517,1809,-0.0154467,-0.00328274
1,1.41756,12795,18548,-0.0236779,0.0139914
1,84.5726,94793,97370,0.00984671,0.0750096
1,4.25335,353,393,-0.0144155,-0.00271645
1,0.06559,171,171,-0.0212377,-0.00347861
1,9.97258,5076,7593,-0.0240593,-0.00127847
1,4.3013,432,353,-0.0173935,-0.00214851
1,52.5581,70406,104301,0.00570442,0.00751368
1,177.001,618,381,0.0402294,-0.00369857
1,177.013,828,381,0.0382798,-0.00443359
1,177.001,618,381,0.0383603,-0.00423231
1,30.124,1647,1235,-0.0152699,-0.00418715
1,7.9068,1863,4607,-0.0151639,-0.00486654
1,0.015501,171,105,-0.0132312,-0.00358733
1,4.28423,353,393,-0.0144392,-0.00280774
1,1.3055,12247,17852,-0.0265156,0.0104608
1,0.069969,1119,6187,-0.013449,0.00329861
1,30.2379,2603,5157,-0.0229836,-0.00977523
1,0.025335,327,126,-0.0167489,-0.000850818
1,0.015548,171,105,-0.0132312,-0.00359194
1,0.026132,171,105,-0.013117,-0.00239035
1,5.2e-05,105,66,-0.020729,-0.00959148
1,30.1065,1755,4671,-0.0307601,-0.00670197
1,59.0259,342,276,0.0123271,-0.00161897
1,56.9934,72455,113007,0.00112368,0.011867
1,45.0619,67887,65480,0.00601644,0.0120532
1,177.001,618,381,0.0402217,-0.00370405
1,0.532844,2344,7795,-0.017183,-0.014519
1,4.24763,353,327,-0.0183336,-0.0064139
1,0.015624,171,105,-0.0132299,-0.00358722
1,30.0946,1701,4536,-0.0193487,-0.00692877
1,10.9909,3157,4451,-0.0195866,-0.00357286
1,4.04859,498,353,-0.0183385,-0.00319882
1,0.108448,2313,2854,-0.0218889,-0.00406544
1,30.0937,1713,4612,-0.0385053,-0.00839605
1,30.0918,1755,4668,-0.0367365,-0.0104401
1,128.332,182854,249258,0.0267083,0.0561305
1,0.156447,3951,5330,-0.0226511,0.00179214
1,28.2428,23733,34281,-0.018916,0.00556182
1,0.515924,2010,4365,-0.0157201,-0.00503137
1,0.10063,2029,2231,-0.0262608,-0.0038298
1,177.001,618,315,0.0381172,-0.00451567
1,4.18141,353,327,-0.0183143,-0.00634243
1,0.094328,2305,1629,-0.0266244,-0.00454042
1,0.016379,279,120,-0.0134141,-0.00504377
1,0.264853,3944,5235,-0.0223032,0.00164811
1,109.377,73759,65069,0.0254502,0.0141245
1,30.1012,1755,4536,-0.0315304,-0.00723222
1,2.9e-05,93,54,-0.0137209,-0.0158219
1,0.287207,4686,6326,-0.0210659,0.0031294
1,177.001,279,534,0.0297964,-0.00768757
1,59.016,342,276,0.0125337,-0.00288649
1,177.001,618,381,0.0402104,-0.00359888
1,0.015605,171,105,-0.0132272,-0.00359902
1,9.14529,240,93,-0.00948665,-0.00319745
1,20.5666,1846,2422,-0.0226862,-0.00537453
1,177.001,315,618,0.0345133,-0.00752792
1,63.0885,669,458,0.00811706,-0.00314294
1,5.37516,27385,39603,-0.0227056,0.014094
1,0.287338,3654,4800,-0.0252161,-0.00229113
1,9.22204,4095,6592,-0.0279501,-0.00361428
1,0.231551,2254,4214,-0.0257293,-0.00918869
1,4.28887,353,393,-0.0144394,-0.00280774
1,177.001,618,381,0.038314,-0.00441143
1,7.80704,8105,10009,-0.0179083,0.00810066
1,2.4e-05,105,66,-0.0209098,-0.00967123
1,4.7982,1767,4397,-0.0291196,-0.00782549
1,177.001,618,381,0.0402217,-0.00370405
1,4.04567,353,393,-0.0146735,-0.00287554
1,63.5228,603,458,0.0118445,-0.00984701
1,120.046,145383,119961,0.112828,0.0337304
1,0.245366,3990,5486,-0.0221902,-0.00187083
1,3.7e-05,105,66,-0.0207331,-0.00965157
1,0.015495,171,105,-0.0132352,-0.00358733
1,9.98581,4838,6624,-0.0220899,-0.000375442
1,0.015662,171,105,-0.0132299,-0.00358722
1,177.001,315,618,0.0317919,-0.00727631
1,4.2458,432,353,-0.0175426,-0.000517874
1,0.135364,1963,2165,-0.0261965,-0.00431731
1,4.37253,498,353,-0.0184288,-0.00137527
1,177.002,723,525,0.0397239,-0.00314814
1,177.001,906,1111,0.0389709,-0.00978296
1,92.5279,128502,227135,0.014393,0.0852852
1,26.6052,52108,86080,-0.0161914,0.00937256
1,0.056376,171,171,-0.0213975,-0.0057845
1,63.3967,669,458,0.00766639,-0.00238526
1,118.017,513,381,0.0178468,-0.00352464
1,0.116888,2351,4407,-0.0253848,-0.00988298
1,118.016,513,381,0.0174709,-0.00399535
1,0.025387,171,105,-0.0133551,-0.00239545
1,98.5526,78615,81323,0.0132299,0.0142757
1,0.520581,2278,7707,-0.0135067,-0.0135693
1,4.10191,498,353,-0.0183219,-0.00321522
1,0.311894,2623,3907,-0.0198831,-0.00322452
1,4.20665,353,393,-0.0144184,-0.00277282
1,177.001,618,381,0.0402214,-0.00370105
1,0.217618,4403,5956,-0.0230193,0.00277048
1,0.510359,2010,4366,-0.0156493,-0.00505755
1,0.138231,4785,5712,-0.0226073,0.00316734
1,4.2751,432,353,-0.0175374,-0.000517868
1,0.015526,261,126,-0.0166046,-0.00159816
1,92.5446,95781,99907,0.0013092,0.0699189
1,0.094306,2419,2795,-0.0255984,-0.00601299
1,4.10375,498,353,-0.0183231,-0.00320049
2,90.1633,94734,184900,0.0164965,0.0258637
2,0.424054,1141,4634,-0.010981,0.00851211
2,122.659,11786,21348,0.0687847,0.000767588
2,33.7625,1807,4759,0.0114509,-0.00345374
2,34.0549,7445,10051,0.0265167,-0.00591697
2,33.8695,12508,14389,0.0173097,0.00255828
2,105.743,448,496,0.0206336,-0.00555949
2,34.0632,1807,4828,0.0157806,-0.00330313
2,18.357,9278,37928,-0.015528,-0.00511803
2,34.0734,1807,4828,0.0185696,-0.00324825
2,120.658,78049,46307,0.142928,0.0129793
2,83.0177,35943,124701,0.0134296,0.00483728
2,97.8814,584,733,0.0145393,0.00270561
2,120.775,45341,85213,0.0813684,0.00698072
2,120.345,234806,39999,0.117409,0.118996
2,0.125634,964,3567,-0.0120824,0.00655877
2,33.5487,1876,4964,0.0181377,-0.00358945
2,28.8808,46565,86798,-0.0221457,0.00373393
2,34.0777,1739,4759,0.0204623,-0.00314788
2,33.5192,4631,7214,0.0157657,-0.00144332
2,82.6895,671,584,0.0258494,0.002704
2,19.0428,1647,4618,-0.0151758,-0.00640981
2,90.2649,25713,40213,0.0149801,0.00304773
2,33.1609,1807,4828,0.0172254,-0.0032432
2,33.3874,1875,4896,0.0171522,-0.00328942
2,11.0947,562,672,-0.0192904,-0.000971766
2,4.10146,1443,4483,-0.014613,-0.00656943
2,94.2246,493066,922000,0.0139255,0.035694
2,120.63,42974,103282,0.0656786,0.00439329
2,107.367,18357,73301,0.0440692,0.0135386
2,111.861,47417,199287,0.0223893,0.00276532
2,2.17597,985,3872,-0.0125491,0.0180332
2,63.9094,16787,24745,-0.00430756,0.0394093
2,1.12432,1153,4168,-0.0112399,0.00560444
2,120.418,315699,193829,0.0795411,0.0213963
2,35.505,10989,18637,0.0100444,0.000288947
2,120.001,136111,37129,0.134393,0.0167969
2,0.460788,917,3803,-0.0129182,0.00886306
2,12.7346,825,3424,-0.0109224,0.0061377
2,120.003,389272,198959,0.113914,0.0243938
2,34.1667,1807,4828,0.0188924,-0.00348879
2,105.728,544,476,0.0407062,-2.7272e-05
2,52.6834,547,360,0.0224211,0.0019378
2,33.9716,1806,4895,0.0177098,-0.00326256
2,33.6874,1807,4895,0.0171775,-0.00326825
2,0.152701,1032,3635,-0.0122478,0.00587792
2,95.4989,802785,496088,0.0208284,0.025199
2,100.377,222981,415321,0.0209594,0.0284393
2,1.08367,985,3873,-0.0119208,0.018455
2,34.0825,1739,4760,0.019253,-0.00291489
2,33.405,1807,4896,0.0183095,-0.00327019
2,125.194,7164,12512,0.0551989,-0.00183196
2,34.0669,1807,4828,0.0185956,-0.00324293
2,90.2387,24764,38403,0.0134624,0.00321014
2,118.397,747998,352652,0.0235046,0.029761
2,34.2397,1883,4827,0.0192091,-0.0038168
2,121.315,30611,129572,0.0856921,-0.000580847
2,33.8598,1807,4828,0.0177486,-0.0032473
2,7.25774,1017,3963,-0.0119078,0.00577868
2,33.2276,4598,7524,0.0165113,-0.00142012
2,120.046,403450,161936,0.182751,0.0440307
2,0.497458,1085,4032,-0.0118462,0.00662165
2,33.9067,5538,9127,0.0125157,-0.00135172
2,120.003,197799,385061,0.0646712,0.0244311
2,0.746807,1017,3964,-0.0114848,0.0063318
2,34.0834,2098,4829,0.0181026,-0.00272439
2,120.329,35551,103199,0.0624724,0.000632295
2,120.998,41240,29089,0.203716,0.027277
2,33.8768,1874,4897,0.0185099,-0.00370396
2,0.639913,1085,4031,-0.0122432,0.00556728
2,33.7179,1807,4829,0.0172359,-0.00355299
2,107.199,20515,97105,0.0318459,0.063335
2,1.07954,985,3873,-0.0120827,0.0182019
2,34.0726,1875,4963,0.0186611,-0.00370491
2,33.7409,1874,4963,0.0171797,-0.00328247
2,34.0679,1807,4828,0.0187852,-0.0032496
2,120.146,48249,99666,0.0798411,0.00266497
2,34.0723,1807,4896,0.0187684,-0.00326762
2,120.329,29783,50707,0.107066,0.00276199
2,120.29,44604,80860,0.0863586,0.00331632
2,0.612466,1085,4032,-0.011596,0.00640388
2,33.8385,1807,4895,0.0187345,-0.00340045
2,34.0676,1875,4963,0.017684,-0.00328544
2,120.04,44432,27107,0.199249,0.0217174
2,33.1704,1807,4895,0.0180448,-0.00327193
2,2.89374,1017,3964,-0.0115605,0.00670809
2,134.152,7687,14428,0.400694,0.00226772
2,3.24937,1511,4551,-0.0133536,-0.00674862
2,33.6237,1874,4964,0.0181546,-0.00355542
2,33.2757,1807,4827,0.0182604,-0.00325517
2,38.2157,11906,17967,0.0106191,0.0018947
2,33.8928,1875,4964,0.0194529,-0.00356753
2,107.138,23883,41637,0.0395232,0.00700145
2,120.817,496,448,0.0601517,-0.000377355
2,34.064,1807,4827,0.0187741,-0.00324725
2,123.838,2375,7111,0.109811,-0.00325057
2,120.044,314774,486492,0.0695285,0.0191994
2,74.3201,669,568,0.0372275,0.000906493
2,34.1079,1806,4829,0.0188957,-0.00349288
2,33.6795,1807,4895,0.0180728,-0.00326696
2,1.2815,1085,4033,-0.0119323,0.00549272
2,120.413,32232,40237,0.248025,0.0241048
2,1.17872,1053,3940,-0.0128024,0.00747129
2,121.521,13906,17058,0.317327,0.0106965
2,2.04129,1085,4033,-0.0118061,0.00549278
2,105.728,544,476,0.0408114,-3.5811e-05
2,114.068,251572,151595,0.0275369,0.0324794
2,33.9488,1807,4895,0.017684,-0.00326506
2,33.5915,1875,4963,0.0180251,-0.00328539
2,102.231,29097,24080,0.0154457,0.00970395
2,36.3002,32743,41922,0.0106186,0.00512472
2,4.56783,1085,4099,-0.0112568,0.00506298
2,34.088,1807,4828,0.0187877,-0.00324289
2,90.6395,476,476,0.0209026,-0.00161299
2,34.0569,4839,8155,0.0107934,-0.00217041
2,34.0702,12444,14390,0.0177198,0.00273865
2,7.98781,1165,4177,-0.0115285,0.00608085
2,34.0843,1806,4829,0.0212086,-0.00306354
2,98.9681,497999,915637,0.0173992,0.0281223
2,105.728,544,476,0.0408114,-3.5811e-05
2,120.023,29216,50004,0.397502,0.0261683
2,34.0738,1807,4827,0.0196567,-0.00324053
2,3.47679,1053,3941,-0.0124236,0.010336
2,34.0568,1875,4964,0.0176886,-0.00328547
2,0.127985,1020,3635,-0.0123803,0.00618147
2,34.0841,1807,4829,0.017731,-0.00324822
2,33.8144,1739,4761,0.0187488,-0.00291523
2,33.4799,9004,11145,0.0139818,-0.0049097
2,7.21789,1053,3939,-0.0112597,0.00700998
2,120.753,45028,25990,0.159137,0.0207453
2,120.648,83202,48722,0.13992,0.0108494
2,19.1703,1646,4619,-0.0151741,-0.00645027
2,34.0751,1738,4829,0.02127,-0.00306925
2,34.0861,4682,7596,0.0122363,-0.00234848
2,0.124021,1100,3703,-0.0122116,0.00263105
2,33.9239,1807,4896,0.0177088,-0.00326493
2,120.393,443551,284854,0.0543488,0.0196101
2,120.131,402445,219659,0.0989707,0.0246245
2,34.0836,1739,4761,0.0192542,-0.00324093
2,105.743,448,496,0.0198349,-0.00502313
2,121.021,27491,133587,0.0789397,-0.000492516
2,43.8218,364,458,0.0281694,-0.0023936
2,120.048,748402,357477,0.0778946,0.025117
2,34.083,1739,4760,0.0204234,-0.00315546
2,120.394,44866,91320,0.0794655,0.00250864
2,19.1835,1511,4550,-0.0131365,-0.0103561
2,33.5356,1807,4827,0.0180636,-0.00324276
2,33.4436,1875,4964,0.0191501,-0.0032803
2,33.7282,1807,4827,0.0198892,-0.003059
2,38.1003,19339,29859,0.0105791,0.0013532
2,96.7363,866187,514413,0.021547,0.0252586
2,120.034,181472,354173,0.0709138,0.0219282
2,1.69023,1209,4702,-0.0110976,0.00166247
2,29.149,11179,16045,-0.0162492,0.00165572
2,120.051,319676,490629,0.0684964,0.0195372
2,1.2554,1153,4168,-0.0112027,0.00389295
2,119.607,873,772,0.045767,0.000703054
2,74.1499,669,568,0.0372275,0.000906493
2,97.8971,733,528,0.0368448,0.00263712
2,34.085,1807,4828,0.0188547,-0.00324456
2,34.0834,7350,9900,0.0143206,-0.00480781
2,74.4676,116111,250687,0.0175335,0.0271592
2,34.057,7170,9871,0.0169747,-0.00523192
2,47.5785,10343,7983,0.0181526,0.00153512
2,34.0552,1807,4896,0.0185802,-0.00325828
2,33.7677,1808,4896,0.0180502,-0.00326107
2,120.028,581294,282571,0.106057,0.0254512
2,43.7639,364,458,0.0281753,-0.00240416
2,34.0716,1807,4896,0.0187967,-0.00353581
2,120.399,50607,159178,0.0631663,0.00471735
2,97.9987,733,528,0.0368366,0.00275031
2,34.0876,1807,4828,0.0193144,-0.00307219
2,34.0601,1807,4829,0.0185956,-0.00324294
2,49.5571,129177,172688,0.0208568,0.0210934
2,33.9209,1875,4895,0.0188456,-0.00331165
2,120.037,389825,193401,0.119835,0.0247333
2,35.695,3499,6305,0.0146065,-0.00308432
2,120.507,29576,47658,0.393225,0.0159621
2,34.0945,1807,4895,0.0185648,-0.00340937
2,120.927,73761,42003,0.102931,0.00657221
2,34.1601,1807,4828,0.018825,-0.00352095
2,33.2732,3920,7079,0.0105158,-0.00263101
2,34.0129,1806,4759,0.0127547,-0.00345373
2,33.7832,1807,4897,0.0172077,-0.00325856
2,120.614,156640,377840,0.0723032,0.0201533
2,3.95237,1511,4550,-0.0133468,-0.00676928
2,120.002,696777,335408,0.0695566,0.0217498
2,33.2759,1875,4965,0.0180178,-0.00328155
2,33.8411,2030,4761,0.0162817,-0.00210826
2,34.0833,1807,4896,0.0177397,-0.00326078
2,90.0715,73148,129158,0.0154293,0.00517464
2,120.545,54690,124343,0.0949985,0.00296476
2,126.331,8510,15551,0.0711135,0.00129329
2,105.728,544,476,0.0406717,-0.000111623
2,19.2027,1579,4618,-0.01559,-0.00732028
2,33.2102,1875,4965,0.0171823,-0.00328275
2,120.053,762698,361113,0.0782193,0.0235896
2,33.7916,1807,4828,0.0191274,-0.00324908
2,33.2709,1807,4897,0.0182553,-0.00358694
2,33.3568,1739,4760,0.0198043,-0.00291317
2,120.919,34861,124709,0.082696,0.000659301
2,34.0517,1875,4896,0.0189073,-0.00363664
2,34.1688,4867,8226,0.00975481,-0.00194323
2,1.91663,1029,3965,-0.012228,0.0158436
2,0.595565,1153,4099,-0.0108317,0.00224049
2,33.3518,1807,4828,0.0171857,-0.00324823
2,0.283794,1097,4099,-0.0120552,0.00236122
2,34.0702,1807,4895,0.0185805,-0.00326079
2,0.075048,991,5497,0.00919869,0.0372204
2,90.6015,476,408,0.0368683,2.35608e-05
2,34.085,1807,4897,0.0195969,-0.0032684
2,34.0717,1807,4895,0.0188499,-0.00360303
2,0.215436,1053,4008,-0.0132155,0.0159493
2,0.858759,1053,3940,-0.0122753,0.0148805
2,120.285,48039,109249,0.0641967,0.00394338
2,38.3177,23167,31451,0.00998525,0.00395562
2,120.415,32486,27555,0.12567,0.00564899
2,34.0585,1875,4963,0.0176892,-0.00328288
2,120.722,32912,49978,0.406134,0.025581
2,4.10676,1511,4551,-0.01328,-0.00684809
2,33.674,1807,4897,0.0180499,-0.00325861
2,36.1054,12284,17850,0.0102708,0.000639416
2,33.6027,1740,4761,0.0352942,-0.00405959
2,38.1645,15159,21616,0.0106788,0.00241425
2,34.075,1807,4829,0.0187981,-0.00357415
2,120.011,710481,350118,0.0703976,0.0250058
2,34.6844,1991,4896,0.0162113,-0.00411244
2,120.439,26026,47612,0.180292,0.00760201
2,74.1434,669,568,0.0372275,0.000906493
2,34.0558,1806,4828,0.0187878,-0.00325593
2,105.743,448,496,0.0205498,-0.00579619
2,118.793,492970,179636,0.0282566,0.0571027
2,126.492,9844,15483,0.0562862,0.000581927
2,33.8846,1875,4829,0.0116643,-0.00347331
2,33.735,1808,4828,0.0182802,-0.00325507
2,120.022,177356,312458,0.0666924,0.0195766
2,34.1803,1807,4827,0.019548,-0.00377782
2,120.01,324050,621189,0.0593451,0.0189884
2,34.064,1808,4827,0.0187836,-0.00324977
2,120.014,200968,390790,0.0664615,0.0244157
2,126.432,8647,15619,0.0601401,0.00105583
2,120.04,483771,313476,0.0980559,0.018221
2,121.435,12872,21984,0.0857191,0.00133852
2,100.2,845352,496076,0.0215749,0.0248158
2,34.0429,1807,4829,0.0188162,-0.00324836
2,36.4653,1807,4896,0.0188295,-0.00352199
2,120.05,194218,40610,0.0975326,0.0415433
2,33.7787,1738,4827,0.0199258,-0.00306925
2,3.57963,1511,4482,-0.0130878,-0.00680783
2,105.728,496,392,0.0402077,0.00114791
2,33.8844,1806,4828,0.0188111,-0.00359348
2,34.2111,2166,4895,0.0194615,-0.00197558
2,120.264,232625,42627,0.107353,0.0384201
2,40.2777,36642,47834,0.0171048,0.00485695
2,33.4626,1807,4827,0.0182426,-0.00325069
2,1.26318,1153,4101,-0.0109111,0.00215964
2,1.67082,1085,4032,-0.0114944,0.0058836
2,107.378,22420,86794,0.0401476,0.0118987
2,3.11514,1153,4169,-0.0117655,0.00418737
2,105.728,544,476,0.0406129,-8.73797e-05
2,34.1207,1807,4827,0.0189139,-0.00324724
2,6.50383,985,3871,-0.0118783,0.0188852
2,2.53315,1053,3940,-0.0131115,0.0150385
2,0.139996,1032,3635,-0.0121033,0.00586384
2,94.5074,491214,877140,0.0173829,0.0282806
2,119.53,873,772,0.041932,0.000425362
2,120.056,198154,383521,0.0741803,0.0247014
2,120.013,297226,591447,0.0621933,0.0180942
2,33.7436,1807,4827,0.0182709,-0.00357165
2,34.0584,1807,4897,0.0177182,-0.00327435
2,34.0704,1874,4963,0.0176835,-0.00327679
2,120.062,559384,281375,0.078437,0.0215041
2,33.9779,4702,7508,0.0164846,-0.00158118
2,33.3288,1875,4895,0.0171533,-0.00329428
2,33.1414,1807,4896,0.0180228,-0.00327419
2,5.55183,1129,3940,-0.0114958,0.00611236
2,0.09239,964,3567,-0.0120136,0.00657477
2,46.6082,83625,15679,0.00758048,0.149068
2,59.891,22985,26889,0.0363979,0.0151567
2,34.0595,8081,10913,0.0139094,-3.60963e-05
2,120.199,21375,21744,0.202076,0.0142015
2,34.0393,1807,4828,0.0202497,-0.00355736
2,0.15989,964,3567,-0.0121417,0.00648656
2,97.8468,640,733,0.0142039,0.0123733
2,33.3352,1807,4827,0.0182915,-0.00324414
2,0.441235,1053,3940,-0.0147008,0.016798
2,0.199442,1085,4032,-0.0129772,0.00711923
2,2.9509,1085,4032,-0.0119875,0.00524188
2,0.248455,1053,3941,-0.0127184,0.0159553
2,0.109826,1032,3635,-0.012289,0.005913
2,33.8173,2213,4897,0.0157818,-0.00331222
2,120.348,29290,21322,0.11922,0.00438949
2,120.543,53380,125736,0.112142,0.0055438
2,1.21018,1085,4099,-0.0115056,0.00573149
2,35.0607,1883,4829,0.0195817,-0.00409001
2,0.056506,1057,5497,0.00892994,0.0385206
2,3.69455,1870,4482,-0.0166738,-0.00802306
2,0.255196,1153,4167,-0.0128529,0.00442735
2,4.9627,1744,2330,-0.0205886,-0.00356178
2,18.3839,1646,4618,-0.0151511,-0.00642876
2,105.743,448,496,0.0205427,-0.00597437
2,34.0557,1807,4895,0.0177067,-0.00326502
2,33.1941,1807,4828,0.0190926,-0.00356917
2,0.284886,1085,4032,-0.012903,0.00710049
2,33.7567,1806,4827,0.0172254,-0.00325208
2,0.126108,964,3567,-0.0120734,0.00618748
2,90.624,392,372,0.0118506,-0.00582858
2,34.0484,1874,5088,0.0194188,-0.00355484
2,0.43256,1085,4100,-0.0120463,0.00700623
2,33.967,1807,4895,0.0185564,-0.00326067
2,34.0521,1875,4896,0.0187347,-0.0032912
2,36.1006,15498,23636,0.0104508,0.000716233
2,5.31699,1053,3939,-0.0112336,0.00660264
2,35.663,13413,18319,0.0106308,0.00154377
2,120.713,155191,372481,0.0606702,0.0173258
2,33.4822,1807,4896,0.0198637,-0.00331433
2,120.959,50557,111938,0.0955289,0.00352706
2,34.073,4447,7343,0.0166215,-0.00131072
2,33.3478,1806,4828,0.0172097,-0.00339105
2,75.5202,408,340,0.0364847,-4.46345e-05
2,124.607,19801,29711,0.0585653,0.00157471
2,34.069,1807,4896,0.0177397,-0.00326087
2,2.41347,1153,4101,-0.0109447,0.00207409
2,1.98889,985,3873,-0.0120575,0.0195212
2,90.2343,26409,37863,0.0149675,0.00464917
2,33.6484,1875,4963,0.0181633,-0.00356572
2,33.5225,1874,4896,0.0171523,-0.00329826
2,19.2785,1579,4549,-0.013609,-0.00805151
2,119.543,873,772,0.0419275,0.000427186
2,34.2737,1967,4976,0.0145018,-0.00447675
2,36.4234,17221,19817,0.0112469,0.000955999
2,33.6527,1807,4896,0.0182487,-0.00358731
2,120.788,266394,164750,0.122869,0.0238345
2,0.522059,1153,4100,-0.0109918,0.00204195
2,33.2898,1807,4828,0.0180662,-0.00324854
2,34.0809,1806,4896,0.0185806,-0.00326078
2,33.426,1806,4828,0.0182603,-0.00325629
2,33.7259,1807,4828,0.0180852,-0.0032473
2,120.651,78781,45627,0.139673,0.00988849
2,33.8164,5839,8351,0.0118748,-0.000926723
2,120.032,195934,379892,0.071232,0.0249601
2,33.9607,5541,8202,0.00894307,-0.001038
2,29.8077,50413,97896,-0.0142143,0.0101449
2,99.1559,294916,629226,0.0204873,0.0284234
2,120.01,182245,476997,0.21424,0.0446651
2,120.566,322480,199769,0.0597318,0.0216548
2,34.0879,1807,4828,0.0177535,-0.00356494
2,33.4314,1807,4896,0.0171693,-0.00326653
2,34.0537,1807,4897,0.018806,-0.00352896
2,34.635,1951,4963,0.0200725,-0.00389381
2,33.6203,1807,4896,0.0172052,-0.00361179
2,33.8039,1807,4829,0.0182802,-0.00325158
2,120.522,29953,38652,0.0808746,0.0046319
2,34.0822,1807,4896,0.0177351,-0.00326607
2,120.044,465170,859949,0.113902,0.0243574
2,36.1478,23418,32831,0.0107109,0.00423826
2,120.177,32334,27389,0.140291,0.00788193
2,33.9974,1807,4896,0.0187463,-0.00326987
2,33.2771,1807,4896,0.0182396,-0.00327043
2,34.6708,182365,355251,0.0132704,0.0329662
2,120.275,199710,58585,0.11649,0.0403416
2,3.37926,1579,4551,-0.0133671,-0.00779083
2,2.38187,1153,4100,-0.0109751,0.00272264
2,93.2676,252508,588680,0.014286,0.0364182
2,107.617,286323,629119,0.0263168,0.0311197
2,36.0039,113727,59644,0.0148478,0.0242239
2,120.611,25278,46045,0.180366,0.00888023
2,0.640052,1153,4169,-0.0124361,0.00406671
2,3.88504,1579,5997,-0.0215184,-0.0202411
2,34.0899,1875,4964,0.0172448,-0.00362024
2,2.10685,1053,3941,-0.0123717,0.01388
2,0.338383,1085,4033,-0.0124567,0.00718216
2,6.09584,1693,1456,0.00471193,-0.000496998
2,19.0598,1578,4618,-0.0155944,-0.00732283
2,21.6788,893,3500,-0.0123037,0.0050667
2,33.1996,1875,4963,0.0182416,-0.00327665
2,120.046,395320,664298,0.10485,0.0211972
2,120.764,55039,125798,0.112138,0.00561239
2,33.3131,1806,4895,0.0172142,-0.00326192
2,119.797,805,772,0.0422466,0.000449506
2,126.466,8997,15368,0.0587035,0.00108062
2,33.3579,1875,4963,0.0182371,-0.00327659
2,120.613,232416,383906,0.0611957,0.0217654
2,34.0328,2965,6090,0.0104851,-0.00246964
2,123.596,18397,33903,0.355888,0.00495092
2,34.0115,1806,4827,0.0185957,-0.00324293
2,36.0881,20011,28413,0.0105142,0.003444
2,34.066,1807,4895,0.0185758,-0.00326604
2,90.1746,151767,240457,0.0158374,0.0185014
2,33.8739,1739,4760,0.020442,-0.00304541
2,34.0556,1739,4827,0.0193045,-0.00340057
2,1.04862,1085,4032,-0.0117947,0.00547043
2,120.027,320953,587388,0.0629622,0.0197414
2,120.894,29966,38431,0.0807998,0.00460467
2,2.40872,1085,4032,-0.0129305,0.00554158
2,121.524,13965,17064,0.317877,0.0107241
2,0.089682,1020,3635,-0.0122329,0.0066369
2,33.6351,4091,6956,0.0165528,-0.00267486
2,0.87761,1085,4033,-0.0118926,0.0054958
2,120.036,294051,574513,0.0645512,0.0192399
2,120.739,213234,127441,0.0617742,0.0206944
2,120.197,21375,21706,0.200275,0.0153793
2,3.24063,1511,4550,-0.0133547,-0.00675406
2,120.102,20684,26965,0.0765707,0.00180836
2,33.8234,1899,4829,0.016803,-0.00407648
2,33.8423,4066,7147,0.0113934,-0.00259345
2,97.8847,733,528,0.0368364,0.00275347
2,33.4997,1807,4897,0.0171988,-0.00358825
2,120.428,25669,19433,0.137718,0.00336662
2,120.668,32350,27901,0.126439,0.00563033
2,120.018,497260,182737,0.166297,0.0451939
2,0.107114,1020,3635,-0.0119858,0.00633595
2,97.1761,465027,256983,0.0156084,0.0247208
2,105.526,291090,572547,0.0221219,0.0305976
2,120.656,79656,46526,0.143112,0.0129759
2,0.122933,1032,3635,-0.0123028,0.00587901
2,0.332553,1153,4099,-0.0119431,0.00340315
2,34.0619,1807,4829,0.0187858,-0.00324976
2,120.921,80272,48555,0.218168,0.0200039
2,33.704,1807,4827,0.017246,-0.00324842
2,33.8708,1807,4896,0.0185565,-0.00326069
2,0.687717,1153,4100,-0.0109281,0.00232254
2,26.7071,1573,7623,-0.0153636,-0.0108903
2,34.0678,1806,4896,0.0177382,-0.00326079
2,120.364,43984,121582,0.0651759,0.00623227
2,33.892,1807,4827,0.0188758,-0.00350007
2,120.407,45841,78685,0.149358,0.00745597
2,19.1287,1579,4617,-0.0155928,-0.00732641
2,120.016,204359,395620,0.0543594,0.0208735
2,75.5072,408,340,0.0365223,0.000254903
2,33.557,1904,4979,0.0176955,-0.00346984
2,34.0557,1807,4897,0.0185805,-0.0032661
2,120.025,744399,352785,0.0708721,0.0248713
2,34.0753,5215,8105,0.00892415,-0.00203748
2,120.108,43518,150954,0.091465,0.00378606
2,34.122,1739,4827,0.0187963,-0.00339768
2,33.4611,1739,4828,0.0172504,-0.00324607
2,89.4167,15642,21449,0.0184457,0.00531129
2,34.0667,1807,4829,0.0188117,-0.00324293
2,33.6704,1807,4829,0.0172119,-0.00325046
2,0.112767,1032,3635,-0.0122086,0.00598525
2,34.1572,7199,10355,0.0124194,-0.000742938
2,120.01,200016,390541,0.0662246,0.0247329
2,90.624,476,408,0.0367653,-0.000254782
2,120.655,54236,128032,0.112068,0.00570269
2,33.5218,1807,4829,0.0182554,-0.0032525
2,120.141,205386,40543,0.108342,0.130873
2,0.132815,1153,4101,-0.0118985,0.0029336
2,18.5716,1579,4618,-0.0155923,-0.0073221
2,121.704,21782,68516,0.336905,0.00877685
2,90.1344,100981,200319,0.016554,0.0277993
2,34.0849,1807,4828,0.0203622,-0.00306225
2,120.013,200425,378834,0.0724084,0.0263921
2,33.8445,6111,8971,0.0260778,-0.00662943
2,34.2074,1875,4964,0.0186834,-0.00356465
2,34.0954,1874,4964,0.0186626,-0.0036239
2,33.2897,1739,4760,0.0198845,-0.00316539
2,123.017,42735,76541,0.12487,0.00722153
2,0.129272,1100,3703,-0.0122115,0.00263147
2,120.008,256999,135808,0.1185,0.0223642
2,120.04,743748,350552,0.0766225,0.0236275
2,0.749154,1153,4100,-0.0111735,0.00203137
2,33.8213,1739,4760,0.0198958,-0.00310976
2,120.386,55571,236458,0.111254,0.00442931
2,120.163,85428,36586,0.139336,0.00622122
2,120.681,76668,43380,0.102918,0.00663854
2,33.7119,1807,4829,0.0172458,-0.0032473
2,1.26622,1085,4100,-0.0117448,0.00585639
2,33.9062,1807,4896,0.0176896,-0.00326988
2,0.13503,1100,3703,-0.0120294,0.00258086
2,99.8574,496936,845349,0.0141796,0.0357804
2,33.5086,1807,4896,0.0172096,-0.00326109
2,0.741236,1053,3940,-0.0118928,0.0156962
2,33.7667,1807,4829,0.0183129,-0.00324301
2,21.8605,4618,3472,-0.0142104,0.00173109
2,34.0807,1807,4828,0.0185715,-0.00324574
2,120.015,244340,460641,0.0645634,0.0185102
2,34.0743,1875,4895,0.0188047,-0.00329539
2,34.0762,1807,4828,0.0187714,-0.00325058
2,0.109661,1100,3703,-0.0123814,0.00269503
2,34.0548,1943,5157,0.0201215,-0.00409542
2,1.87972,1141,4634,-0.0125368,0.00449481
2,120.075,49770,104158,0.351873,0.0166037
2,1.93112,985,3872,-0.0126365,0.0212509
2,120.068,104540,110586,0.30804,0.0396079
2,119.433,873,704,0.0419519,0.000381493
2,34.0368,1807,4828,0.0187814,-0.003568
2,55.6585,294590,142301,0.0103066,0.0230436
2,34.0778,1875,4897,0.0187355,-0.0032883
2,34.0733,1806,4896,0.0177397,-0.00326077
2,34.0828,1876,4965,0.0187447,-0.00327712
2,90.4954,282227,557414,0.0139979,0.0344099
2,34.0608,1808,4829,0.0188364,-0.00362128
2,33.8183,1739,4759,0.0198094,-0.00328966
2,34.0829,1806,4827,0.0187893,-0.00325975
2,1.99482,1153,4101,-0.0109818,0.00270728
2,120.727,36509,131502,0.343949,0.00945047
2,0.169928,1153,4168,-0.012767,0.00400389
2,96.1505,973918,496938,0.0217731,0.0255859
2,33.2313,1807,4897,0.0198301,-0.00338881
2,0.762473,1097,4101,-0.0123461,0.00288376
2,34.059,1808,4828,0.0187817,-0.00357068
2,120.853,294829,167682,0.123121,0.024013
2,45.871,8924,6695,0.0130267,0.00679681
2,33.8125,1807,4829,0.0172299,-0.0032565
2,33.413,1739,4759,0.02007,-0.00323192
2,34.0029,1806,4895,0.0185806,-0.00326066
2,32.0645,52905,102798,-0.0224055,0.00386302
2,33.7091,1807,4828,0.0172469,-0.00324286
2,121.107,5895,9294,0.12525,0.00798599
2,34.1456,7716,10051,0.0179663,-0.0059679
2,0.807375,1053,4056,-0.0129173,0.0144735
2,120.605,390818,243902,0.0594518,0.0233133
2,33.3286,1807,4827,0.0183602,-0.00352334
2,120.26,43680,34369,0.199295,0.019564
2,33.6294,1740,4829,0.0200574,-0.00342195
2,33.9233,1806,4827,0.017739,-0.00355299
2,33.2569,4671,7523,0.0159147,-0.00166269
2,120.156,65332,256894,0.104818,0.00802535
2,120.478,284757,537544,0.0910703,0.0211325
2,59.9145,26166,23901,0.0442174,0.0116325
2,105.703,152626,365847,0.022031,0.028431
2,34.0737,1807,4895,0.01877,-0.0032636
2,34.0448,5237,8492,0.0121233,-0.0020501
2,34.0963,1875,4963,0.0176882,-0.00328595
2,33.4647,1807,4827,0.0180659,-0.00324071
2,120.082,210076,42654,0.13347,0.129281
2,34.0949,1806,4897,0.0187562,-0.00326352
2,0.777139,1153,4099,-0.0114865,0.00293652
2,0.153005,1032,3635,-0.0119896,0.00658666
2,54.0389,465048,268533,0.0166068,0.0317074
2,34.0755,1875,4964,0.017684,-0.0032854
2,120.058,529563,258918,0.108752,0.0256495
2,26.2029,70851,127018,-0.0183531,0.00630679
2,120.057,52754,35161,0.130209,0.00499112
2,4.02959,1579,4619,-0.0151462,-0.00637887
2,58.6579,432,526,0.0344084,-0.0029251
2,120.058,215240,453190,0.0721527,0.0196262
2,33.2588,1874,4964,0.0171826,-0.00328415
2,34.0502,1807,4829,0.0189038,-0.00356011
2,89.2438,15710,21556,0.0152999,0.00293995
2,34.0764,1807,4829,0.0187905,-0.00325517
2,33.461,1807,4828,0.0182557,-0.00324618
2,120.686,424804,265106,0.0698883,0.0246639
2,34.0711,1876,4896,0.0188043,-0.00329323
2,112.583,146544,216265,0.032425,0.0269901
2,120.013,325419,151166,0.182567,0.0398597
2,33.9045,1807,4896,0.0177157,-0.00326602
2,34.1081,1875,4964,0.0187447,-0.00327876
2,123.637,23591,70558,0.32024,0.0112709
2,0.372384,1029,4032,-0.0123139,0.00729108
2,120.02,167353,45051,0.0778718,0.0284956
2,1.6968,1053,3940,-0.0118085,0.0157908
2,101.349,499418,813741,0.0173277,0.0286241
2,1.59811,1153,4100,-0.0108453,0.00249018
2,105.732,544,476,0.0407062,-2.7272e-05
2,120.675,481329,253812,0.0611837,0.021839
2,34.0118,1739,4828,0.0204273,-0.00306925
2,0.374676,1053,3941,-0.0128758,0.0161301
2,34.0747,7009,10046,0.015114,-0.00132202
2,34.0901,4249,7041,0.0168769,-0.00158302
2,34.056,1807,4897,0.0185707,-0.00326287
2,105.635,296622,629594,0.0231543,0.0310906
2,33.2429,1806,4896,0.0183309,-0.00352914
2,33.3623,1807,4897,0.0183692,-0.00327271
2,33.5729,1807,4828,0.0183683,-0.00349064
2,34.0725,1807,4828,0.0194975,-0.00376671
2,120.117,26087,19376,0.13605,0.0036106
2,0.078372,1123,5497,0.0090313,0.0358061
2,120.008,711654,332378,0.104524,0.0292842
2,33.9179,1739,4827,0.0212102,-0.00339111
2,33.4581,1807,4895,0.0180549,-0.00326654
2,99.6084,858566,499927,0.0215431,0.0247485
2,34.0755,1806,4828,0.0187803,-0.00325525
2,120.615,262097,390705,0.0558114,0.0208486
2,90.1486,100728,197931,0.0187477,0.0193988
2,120.619,95997,238190,0.290237,0.0366582
2,33.6213,1807,4828,0.018388,-0.00324844
2,33.8165,1875,4896,0.0182305,-0.003291
2,33.2577,1739,4827,0.0187737,-0.00306681
2,104.199,265272,151904,0.0164266,0.0299958
2,34.1408,1875,4963,0.0156998,-0.00318851
2,33.1502,1807,4829,0.0172252,-0.00324071
2,1.7008,1053,3939,-0.014341,0.0149586
2,36.9664,5586,8451,0.0141065,-0.00557376
2,34.0555,1739,4828,0.0203733,-0.00339124
2,33.4257,7573,10051,0.0161549,-0.00503404
2,33.5235,1807,4895,0.0190805,-0.00326765
2,85.299,144396,29615,0.023645,0.0406356
2,0.17156,1153,4168,-0.0127668,0.00424603
2,0.254661,1085,4032,-0.0129,0.00721751
2,90.1207,155048,372566,0.0141979,0.0325668
2,120.817,544,544,0.0723209,-0.000957629
2,33.9445,1875,4964,0.0176883,-0.00328588
2,34.4348,5080,7787,0.0161406,-0.00114217
2,34.0601,1875,4965,0.0176879,-0.00327719
2,33.1814,1739,4760,0.0182355,-0.00310511
2,34.0568,1806,4828,0.0187714,-0.00325052
2,34.0864,1876,4965,0.0185285,-0.0032803
2,33.8562,1807,4896,0.0177135,-0.00325856
2,34.0875,1807,4896,0.0177179,-0.00327184
2,30.2081,186,112,-0.00671194,-0.00887857
2,34.0613,1807,4895,0.0203704,-0.00308926
2,119.532,873,772,0.041932,0.000425362
2,33.4966,1807,4896,0.0182345,-0.00326544
2,34.072,1875,4965,0.0186556,-0.00354509
2,120.021,382716,637509,0.11119,0.023466
2,98.088,795,708,0.0264589,0.0025165
2,45.2128,449209,234720,0.0189889,0.0238998
2,33.0724,961,3569,-0.0112344,0.00837981
2,90.1105,102367,208909,0.0182325,0.0194601
2,33.4089,4727,7689,0.0160674,-0.00142365
2,105.743,448,496,0.0205169,-0.00573639
2,121.583,30147,104574,0.0606462,0.00166142
2,33.2713,1807,4829,0.0144872,-0.00312579
2,34.0887,1807,4896,0.0185804,-0.00326087
2,33.8447,1807,4828,0.0177599,-0.00324313
2,34.0728,1739,4828,0.0204868,-0.00311291
2,0.084119,1443,4357,-0.0139239,-0.00563233
2,120.745,45518,85231,0.0678655,0.00783818
2,105.743,448,434,0.0199967,-0.00644225
2,120.062,102120,106396,0.292304,0.0394573
2,120.832,504,496,0.0738478,-0.0067365
2,94.5272,920219,495634,0.0210374,0.0247626
2,32.1022,893,3501,-0.0105252,0.00693994
2,2.12611,1053,3941,-0.0117632,0.014497
2,74.371,669,568,0.0372275,0.000906493
2,2.54318,1209,4701,-0.011662,0.00175073
2,34.0693,1807,4897,0.0177343,-0.00327159
2,90.1487,145829,254099,0.0154479,0.0205486
2,34.0677,1808,4828,0.019724,-0.00324041
2,30.2081,136,136,-0.0131191,-0.00206912
2,98.0478,733,528,0.0368182,0.00275006
2,94.0306,828978,487734,0.0194287,0.0284882
2,120.551,106808,170200,0.0711868,0.0184666
2,120.037,314380,153907,0.165115,0.0354531
2,34.0892,1807,4828,0.0177618,-0.00324301
2,0.138421,1085,4101,-0.0123691,0.00741553
2,90.2364,160316,276180,0.0153445,0.0203988
2,33.8702,1807,4827,0.0196243,-0.00324622
2,58.6631,458,364,0.0383686,0.00121907
2,34.1025,1806,4895,0.0187647,-0.00327048
2,33.5212,1808,4895,0.0172093,-0.00325861
2,34.1194,1874,4964,0.0187371,-0.00368996
2,34.6473,2525,4963,0.0196538,-0.00221499
2,34.0914,1806,4829,0.018857,-0.0035443
2,120.267,110852,228952,0.351908,0.0339314
2,41.7764,66572,45205,0.0197386,0.00724049
2,43.6094,1121,4149,0.00991196,0.000504116
2,120.769,46410,33433,0.201282,0.0202701
2,120.136,23807,28764,0.0793624,0.00204697
2,34.0997,1807,4828,0.0197257,-0.00360153
2,34.0849,1807,4829,0.0187923,-0.00324908
2,0.097967,1032,3635,-0.0122897,0.00591186
2,33.3169,1807,4896,0.0171974,-0.00358427
2,24.4987,893,3500,-0.0108954,0.00490121
2,0.185178,1100,3703,-0.0120233,0.00262282
2,34.0874,1807,4827,0.0188516,-0.00325396
2,34.0579,1874,4964,0.0176015,-0.00330351
2,82.8604,671,472,0.0366532,0.00248191
2,134.926,22537,44824,0.046641,0.0036961
2,33.2516,1875,4965,0.0171858,-0.00328588
2,1.28235,985,3873,-0.011291,0.00766112
2,34.0388,1807,4896,0.0187685,-0.00326758
2,0.143312,1032,3635,-0.0135,0.00667857
2,0.864506,1017,4032,-0.0112196,0.0061214
2,48.379,81880,130944,0.0185202,0.00358978
2,92.0768,910505,488079,0.0211336,0.0246468
2,120.002,485595,254667,0.0752232,0.0217966
2,33.2501,1807,4829,0.0172254,-0.00324322
2,34.0705,1807,4829,0.0188826,-0.00351903
2,33.858,1807,4897,0.018535,-0.00326685
2,0.55309,1141,4635,-0.0100623,0.00840445
2,33.7434,1807,4828,0.0184068,-0.0033782
2,34.0311,1875,4896,0.0188045,-0.00328936
2,1.00954,1153,4167,-0.0118522,0.00339051
2,33.5148,1875,5021,0.0190821,-0.00384983
2,33.7331,1808,4897,0.0180108,-0.00326859
2,121.494,6021,9776,0.0747639,-0.00328546
2,60.91,11484,11361,0.0355763,0.0280702
2,33.3066,1807,4828,0.0198651,-0.00330032
2,34.127,1875,4964,0.0195757,-0.00413539
2,34.0649,7507,9982,0.0162125,-0.00510461
2,33.7293,1807,4828,0.0172354,-0.00338903
2,6.4328,1229,4108,-0.0122892,0.00619773
2,105.713,476,476,0.0407451,-2.79808e-05
2,120.035,321123,588256,0.0687168,0.0199486
2,95.0229,861267,493220,0.0208564,0.0251734
2,134.757,23043,45187,0.0468713,0.00363851
2,94.2242,857261,493337,0.0214736,0.0248653
2,93.8681,132748,239099,0.0177158,0.0270712
2,119.472,805,772,0.0422999,0.000405048
2,15.1193,136,136,-0.0126855,-0.000714703
2,120,128897,84812,0.0719222,0.0160279
2,0.177157,920,3499,-0.0135401,0.0086094
2,120.044,709897,332238,0.112165,0.02794
2,34.0636,1807,4828,0.0187798,-0.00338395
2,120.011,384763,191007,0.114216,0.0232891
2,120.832,612,544,0.0563682,-0.00205748
2,0.278241,1020,3635,-0.0116913,0.00595164
2,120.7,78737,46267,0.139571,0.00993036
2,58.8039,432,526,0.0357571,-0.00292701
2,34.0636,1738,4760,0.0203793,-0.00291271
2,120.751,24685,18802,0.12337,0.00271814
2,2.55966,985,3872,-0.0132457,0.0185274
2,55.1313,145686,258226,0.0136795,0.0196113
2,120.028,488231,255436,0.0764331,0.0216433
2,0.791271,1153,4100,-0.0121904,0.00271783
2,120.008,471478,182158,0.163892,0.0448952
2,52.5811,547,416,0.00215565,0.00111994
2,2.01894,1085,4100,-0.0114598,0.00597845
2,0.17917,988,3567,-0.0121103,0.00675781
2,120.003,200810,404346,0.0645062,0.0248683
2,50.8564,139732,65129,-0.00570448,0.0448489
2,0.43022,985,3872,-0.0128193,0.0192015
2,33.3859,1807,4827,0.0172255,-0.00324322
2,120.023,343589,155846,0.182382,0.038017
2,34.0655,1875,4964,0.017685,-0.00327611
2,120.262,175018,49642,0.116081,0.0229686
2,33.5572,1807,4827,0.0183864,-0.0033886
2,43.8982,401876,232941,0.0178355,0.0275276
2,33.3751,1806,4829,0.0183516,-0.0032407
2,75.4226,622033,860277,0.0151523,0.026472
2,123.5,19731,29721,0.067321,0.0015059
2,0.899485,985,3873,-0.0120469,0.0196962
2,6.58995,3059,4386,-0.0208791,-0.00340991
2,0.348381,1153,4100,-0.0116718,0.00304023
2,33.2216,6622,9235,0.0258652,-0.0055743
2,33.4878,1807,4895,0.017204,-0.00326549
2,34.0579,1875,4896,0.0176786,-0.00329788
2,33.8154,4022,7025,0.0164595,-0.00208353
2,105.597,283211,562989,0.0212338,0.0271335
2,105.743,448,496,0.0204797,-0.00574212
2,33.7534,1738,4829,0.0188091,-0.00339361
2,33.4181,1807,4828,0.0182688,-0.00357593
2,119.464,873,772,0.041932,0.000425362
2,3.15613,1053,3940,-0.0130879,0.015008
2,120.945,210233,41361,0.0986681,0.0414473
2,33.3449,1875,4896,0.0181887,-0.003602
2,34.0887,1806,4896,0.018764,-0.0035967
2,34.0733,1739,4828,0.0203601,-0.00306625
2,34.398,1951,4973,0.0199664,-0.00409786
2,120.697,16202,27595,0.0723006,0.00261296
2,34.056,1807,4828,0.0187879,-0.00325415
2,1.5619,1141,4633,-0.0110809,0.00568031
2,3.4191,1153,4032,-0.0105381,0.00443286
2,0.218968,964,3567,-0.0120922,0.00653436
2,62.3298,18330,14965,0.012872,0.00718169
2,90.6382,392,434,0.0103454,-0.00314292
2,34.054,1807,4828,0.019291,-0.00306676
2,34.0972,5002,7854,0.0155332,-0.00124132
2,90.6239,476,408,0.0367626,-8.04658e-05
2,119.702,873,772,0.041932,0.000425362
2,33.7118,1807,4828,0.0188021,-0.00338508
2,64.83,78356,27866,0.0112805,0.0156306
2,120.961,33543,48829,0.0934572,0.00301039
2,120,53973,48219,0.184513,0.0176172
2,33.7722,1875,4964,0.0171852,-0.00328441
2,34.0735,1807,4828,0.018886,-0.00324053
2,54.8467,2318,136,0.00545282,0.0721344
2,1.01852,1085,4101,-0.0114218,0.00606865
2,120.402,41849,28793,0.20402,0.0271146
2,120.047,453773,184570,0.189497,0.0433874
2,120.839,31374,71571,0.355359,0.0160743
2,120.142,32444,27399,0.13969,0.00792314
2,120,54171,48440,0.180258,0.0181959
2,120.073,643243,319403,0.0976296,0.0187399
2,33.7122,1807,4895,0.0182401,-0.00327024
2,33.9229,1738,4828,0.0177561,-0.00324612
2,33.3652,1806,4896,0.0172094,-0.00326112
2,120.622,144615,326265,0.0715427,0.0207193
2,33.8036,1807,4896,0.0180446,-0.00326544
2,90.1471,152810,325412,0.0120501,0.0212648
2,120.596,29155,41125,0.304975,0.0160597
2,34.0577,1806,4827,0.0177595,-0.00324301
2,34.0678,1875,4964,0.0186592,-0.00343381
2,0.212725,1153,4167,-0.0129115,0.00447345
2,34.0585,1807,4896,0.0185806,-0.00326076
2,0.666589,1153,4100,-0.0115325,0.00219377
2,30.2079,204,136,-0.0129655,-0.00128758
2,36.0389,19243,25696,0.0107343,0.00247364
2,120.01,753547,361048,0.0699723,0.0249208
2,92.6734,877821,490917,0.0208417,0.0247662
2,16.7819,45474,77665,-0.0181155,0.00687858
2,0.13296,1085,4033,-0.0129627,0.00711817
2,33.9273,1807,4896,0.0187444,-0.0032675
2,33.7239,1807,4827,0.0183584,-0.00323922
2,93.0522,864405,494452,0.0157812,0.0326441
2,120.4,32165,27623,0.126468,0.00711025
2,33.3629,1875,4896,0.0182858,-0.00355534
2,33.6293,1807,4896,0.0182447,-0.00327391
2,105.743,448,496,0.0231017,-0.0057534
2,1.87182,1153,4099,-0.0108752,0.00209351
2,33.6653,1808,4897,0.0188003,-0.00308222
2,0.671061,985,3873,-0.0111797,0.0101191
2,120.043,82306,185752,0.355808,0.0176008
2,33.1527,2010,4760,0.0202519,-0.00319074
2,33.5496,1875,4965,0.0180249,-0.00328287
2,34.0601,1875,4895,0.0187044,-0.00329207
2,33.3748,1874,4897,0.0171518,-0.00329226
2,120.223,23390,37886,0.0879825,0.00159907
2,0.10921,1032,3635,-0.0120567,0.0066081
2,69.9588,117537,228793,0.0154638,0.0274655
2,33.5264,1807,4897,0.0182254,-0.00326313
2,121.548,43217,78938,0.139332,0.0068979
2,120.03,470485,179353,0.166925,0.0394321
2,75.5207,408,340,0.036479,0.000256155
2,32.3035,99522,54470,-0.0154893,0.0251455
2,34.6957,5653,8421,0.00909025,-0.00107298
2,34.0797,1808,4896,0.0187782,-0.00358387
2,34.0938,1807,4828,0.0189201,-0.00325341
2,33.3961,6243,8904,0.0246138,-0.00147581
2,33.6932,1806,4896,0.0187901,-0.00338952
2,33.8894,1807,4829,0.0187883,-0.0032559
2,120.002,705804,340244,0.069476,0.0232223
2,34.0887,1739,4759,0.0203169,-0.00323928
2,120.22,30291,38316,0.0728374,0.00545609
2,43.3845,126025,169030,0.020915,0.0243733
2,75.3276,82404,145605,0.0155425,0.00465716
2,0.217461,1032,3635,-0.0122517,0.00585937
2,120.594,279720,570430,0.0963721,0.0195828
2,121.528,13900,17064,0.316139,0.0107241
2,120.805,148974,250463,0.105994,0.0160321
2,0.050724,1123,5497,0.00900992,0.035596
2,121.006,13411,23375,0.0906534,-0.00160621
2,33.4248,1808,4896,0.0180503,-0.00326111
2,33.872,1875,4964,0.0176851,-0.00328143
2,77.7013,208522,428071,0.0200488,0.0277539
2,0.115357,964,3567,-0.0120281,0.00619332
2,120.049,410690,203011,0.130889,0.0280685
2,120.547,154189,366743,0.0608684,0.0172753
2,34.0567,1875,4896,0.0187974,-0.00355523
2,120.012,706197,335439,0.107497,0.0259622
2,0.130576,1032,3635,-0.0123016,0.00587749
2,90.1277,161726,311919,0.0123499,0.0193343
2,34.0457,1806,4828,0.0189048,-0.00325152
2,120.5,53525,124486,0.0952057,0.00321058
2,120.057,201657,407552,0.0738634,0.0251468
2,120.023,478955,256621,0.121119,0.0256663
2,33.3185,1807,4896,0.0182345,-0.00327461
2,59.0562,568,601,0.0268554,-0.0019457
2,126.403,8577,15619,0.0603446,0.00138984
2,33.5022,1806,4895,0.0180457,-0.00326103
2,122.607,43011,75635,0.357505,0.0189206
2,33.5299,1807,4827,0.0171972,-0.00356879
2,34.0715,1807,4897,0.0177082,-0.00340024
2,33.8228,1807,4828,0.0183985,-0.00348645
2,34.8626,5746,8572,0.024903,-0.00297345
2,120.711,34056,28177,0.138107,0.0071597
2,2.32571,1085,4032,-0.0118576,0.00552925
2,34.0878,1875,4896,0.0176605,-0.00372436
2,105.743,544,544,0.0249945,-0.00173924
2,33.7325,1807,4829,0.0182784,-0.00339888
2,18.5057,825,3431,-0.010808,0.0067247
2,120.544,26081,48020,0.0991734,0.000667829
2,122.206,25737,45961,0.121131,0.00656573
2,2.67509,1085,4041,-0.0119561,0.00658863
2,120.75,81320,44508,0.0700007,0.00612001
2,1.31783,1053,3941,-0.0117172,0.0160159
2,120.84,45166,155999,0.0650081,0.00187501
2,120.532,153895,364133,0.0724474,0.0202826
2,34.081,1807,4828,0.018853,-0.00324573
2,33.5595,5748,8367,0.0175217,-0.00223
2,34.0815,1740,4759,0.0203969,-0.0031155
2,35.1012,1814,4829,0.0207201,-0.00394219
2,34.0827,1875,4896,0.0176781,-0.00329839
2,121.387,8716,14192,0.066033,-0.00239928
2,120.004,359539,198697,0.113747,0.0249152
2,34.0594,1808,4828,0.0186056,-0.00325065
2,97.8961,733,584,0.0268146,0.00270452
2,120.503,20312,35552,0.109196,0.000701314
2,33.2081,1806,4897,0.018262,-0.00354053
2,120.703,78519,45249,0.140827,0.0111893
2,2.92726,1017,3963,-0.0116117,0.00684934
2,105.38,94523,248654,0.0619408,0.0611357
2,120.151,25983,20202,0.116288,0.00356537
2,19.178,1579,4618,-0.0155911,-0.00732028
2,33.8295,1806,4896,0.0182601,-0.00362002
2,1.19924,1153,4101,-0.0109373,0.00211065
2,34.055,6448,9306,0.00989889,-0.00104908
2,106.113,61845,102177,0.0230324,0.00411906
2,1.55699,1085,4032,-0.0119017,0.0055647
2,33.9425,1875,4965,0.0187806,-0.00329023
2,0.149407,896,3567,-0.0121758,0.00747427
2,36.0419,4898,7189,0.0146921,-0.00221368
2,58.6518,526,364,0.0383324,0.00177363
2,33.6067,1807,4897,0.0171778,-0.00327076
2,34.0757,1807,4896,0.0185749,-0.00327159
2,34.0557,1807,4896,0.0176995,-0.00326846
2,33.2854,1875,4965,0.0171862,-0.00328539
2,34.0693,1807,4828,0.0187901,-0.00325645
2,4.11929,1511,4482,-0.0131514,-0.00677508
2,120.737,26295,48081,0.180232,0.0101535
2,120.001,748089,357621,0.104323,0.0293125
2,33.6489,1875,4964,0.0181628,-0.00369762
2,105.743,448,496,0.0205473,-0.00591136
2,75.3771,144348,341926,0.0177273,0.0198278
2,2.26471,1314,3939,-0.0111655,0.00775429
2,93.388,937700,492311,0.0207497,0.0247323
2,0.12553,964,3567,-0.0121351,0.0064951
2,1.76243,1153,4168,-0.0115551,0.00350275
2,33.5432,4151,6957,0.0161193,-0.00225865
2,33.401,1876,4964,0.0181393,-0.00359627
2,33.6856,6524,9020,0.0158852,-0.000901439
2,33.9233,1807,4895,0.0192874,-0.00308944
2,15.5763,917,3356,-0.0113449,0.00694965
2,120.209,21375,21690,0.199288,0.0154325
2,33.6114,1740,4827,0.0199764,-0.00330641
2,34.0729,1874,4964,0.0185247,-0.00328551
2,33.4468,1899,4896,0.0191222,-0.0040106
2,120.817,496,448,0.0601438,-0.000383577
2,120.209,41561,214845,0.121675,0.0530329
2,91.3899,883136,491477,0.0152931,0.0326344
2,105.743,448,496,0.0205501,-0.00580024
2,34.0791,1807,4895,0.0187681,-0.00326512
2,0.349717,1153,4100,-0.0113057,0.00286054
2,33.6876,5610,8406,0.0185338,-0.000396466
2,0.488116,1085,4031,-0.0126545,0.00644475
2,120.065,107287,109554,0.291504,0.0391756
2,134.667,25405,43449,0.0470779,0.00438065
2,106.949,645121,315756,0.0212944,0.0297105
2,119.114,302608,690064,0.0237977,0.0322467
2,1.70672,1085,4032,-0.0119703,0.0056172
2,120.509,79992,43449,0.102915,0.00669902
2,120.014,165204,270849,0.0588621,0.0195784
2,33.8983,1807,4897,0.0185612,-0.00326685
2,73.8737,594,432,0.0385634,0.00182246
2,120.013,400087,202090,0.124619,0.0238402
2,90.1176,99587,186809,0.0164034,0.0254781
2,1.70187,1085,4032,-0.0119076,0.00558964
2,120.189,58940,250322,0.0950954,0.0053466
2,91.4044,490014,909741,0.0135169,0.0352972
2,120.958,48690,88607,0.0725087,0.00416
2,33.1721,2010,4897,0.0189323,-0.00251898
2,38.9363,2191,5192,0.0229798,-0.00280621
2,119.526,873,772,0.041932,0.000425362
2,95.8345,864049,493553,0.021519,0.0248363
2,33.1791,1875,4895,0.0182478,-0.00329361
2,107.37,23956,43405,0.0396893,0.00697427
2,33.7407,1875,4964,0.017184,-0.00328586
2,120.762,19220,36446,0.101069,-0.00090783
2,1.86438,1085,4101,-0.0113682,0.0047698
2,120.007,462871,256406,0.0775677,0.0216807
2,122.202,5782,10078,0.0560099,-0.00274293
2,34.0824,1807,4897,0.0221477,-0.00329612
2,0.41923,1257,4033,-0.012909,0.0158771
2,34.0929,1875,4964,0.0176878,-0.00328001
2,15.0774,68,68,-0.0118599,-0.00208445
2,120.037,346608,711875,0.0613933,0.0249089
2,0.108082,1245,6979,-0.0139187,0.0178079
2,106.892,669516,315874,0.0213481,0.02965
2,13.3921,296,322,-0.0160391,0.00944369
2,120.688,467757,294190,0.0710502,0.0224894
2,34.0874,1807,4827,0.0187921,-0.00324585
2,34.1258,1807,4828,0.0196527,-0.00366342
2,120.832,504,496,0.0739081,-0.0066496
2,33.2789,1807,4827,0.0172196,-0.00324508
2,33.3575,1739,4829,0.0172505,-0.00324604
2,120.226,23735,28130,0.329605,0.0175772
2,127.868,8438,15287,0.0418973,0.00279327
2,0.161764,964,3567,-0.0121316,0.00640752
2,0.450197,1085,4032,-0.0127473,0.00661883
2,120.744,46050,85143,0.0666373,0.00784104
2,33.931,1875,4965,0.0176837,-0.00328255
2,34.0649,1807,4896,0.0187685,-0.0032676
2,74.3691,669,568,0.0372275,0.000906493
2,4.08572,1580,4618,-0.0151362,-0.00638325
2,74.2616,669,568,0.0372275,0.000906493
2,33.868,1807,4896,0.0176959,-0.00356732
2,93.9596,907505,492184,0.0208172,0.0247107
2,33.3156,1807,4896,0.0172039,-0.00326108
2,33.2178,1875,4963,0.0171816,-0.00328537
2,34.0729,1807,4828,0.0188319,-0.00361683
2,0.693068,1085,4100,-0.0116163,0.00585791
2,34.0641,1807,4827,0.0177571,-0.00324826
2,34.0877,1807,4828,0.0187924,-0.00324748
2,120.025,745940,357091,0.104599,0.0291501
2,120.613,31685,41538,0.261777,0.0235856
2,60.4313,340,340,0.0202302,-0.000600377
2,49.6154,134166,223835,0.0137472,0.0183526
2,33.3589,1807,4897,0.0180457,-0.00326103
2,2.01743,1153,4100,-0.0108766,0.00210471
2,120.88,40289,221771,0.112969,0.0187624
2,22.7251,985,3432,-0.0115089,0.00601188
2,75.5201,408,340,0.0364474,-0.000107
2,120.73,288474,512387,0.0916156,0.023071
2,33.4568,1807,4895,0.0172092,-0.00325861
2,33.2387,157353,263890,0.0143099,0.0304582
2,72.0006,444383,213377,0.0202813,0.0293577
2,92.8531,894271,492659,0.0207761,0.0251399
2,0.720257,1053,3939,-0.0127254,0.0198404
2,34.0577,1806,4827,0.0187812,-0.0033968
2,120.668,27525,112160,0.081004,-0.00554482
2,127.523,44209,102777,0.0361684,0.00411326
2,42.3633,1893,3088,0.0157371,-0.00386075
2,0.261567,964,3567,-0.01229,0.00681167
2,74.189,669,568,0.0372275,0.000906493
2,0.62364,1053,3939,-0.0126102,0.00673749
2,34.0392,1807,4896,0.0188255,-0.00353746
2,34.0655,1874,4896,0.0195712,-0.003295
2,33.3534,4348,7357,0.0158197,-0.00126521
2,34.0932,1807,4758,0.0120529,-0.00345562
2,34.0884,1739,4828,0.0172386,-0.00298974
2,34.074,1807,4896,0.0185788,-0.00325827
2,33.7562,1807,4828,0.0183122,-0.00349277
2,120.666,79425,46590,0.139646,0.00960586
2,33.738,1807,4896,0.0172142,-0.00326115
2,33.6411,6074,8618,0.0263449,-0.00656116
2,120.637,82318,158208,0.0777294,0.00726375
2,75.535,336,372,0.00798309,-0.00135671
2,52.5381,265041,138468,0.0108201,0.0229827
2,34.0605,1807,4895,0.0187563,-0.00326837
2,33.8965,1807,4828,0.0185899,-0.00325263
2,33.7815,1875,4964,0.0182418,-0.00328288
2,120.576,44190,33494,0.198921,0.0202846
2,120.76,75334,43555,0.103819,0.00629913
2,0.100148,964,3567,-0.0120118,0.00621506
2,4.10928,2276,4415,-0.0150323,-0.00789148
2,119.48,873,772,0.041932,0.000425362
2,33.5319,1807,4827,0.0180682,-0.00324284
2,15.104,136,68,-0.0125153,-0.00162689
2,34.0195,1807,4827,0.0189156,-0.00324959
2,0.167031,920,3499,-0.0135573,0.00861043
2,40.1922,13384,20876,0.0157743,0.00234564
2,34.0258,1807,4897,0.0196806,-0.00326349
2,33.4878,1807,4829,0.0183836,-0.0032495
2,0.644843,1085,4099,-0.0115401,0.00575735
2,34.0828,1739,4760,0.0192532,-0.0029152
2,60.4312,340,340,0.0200093,-0.00123753
2,33.4668,1739,4828,0.0188092,-0.00339479
2,0.744897,1153,4100,-0.0112584,0.00205599
2,34.0845,13390,14578,0.0167676,-0.00118144
2,76.5508,21176,105855,0.0185533,0.06445
2,36.3555,12463,20336,0.0108683,3.4819e-05
2,33.9028,1807,4896,0.018535,-0.00327354
2,5.37905,20613,11620,-0.0172104,0.00370562
2,120.018,311618,561761,0.0619383,0.0193822
2,4.1625,1511,4551,-0.0132787,-0.00683967
2,34.0863,1807,4895,0.0177398,-0.00326608
2,124.02,12261,18536,0.054302,-0.000825031
2,119.703,14555,28222,0.259072,0.00794134
2,34.0868,1807,4828,0.0203578,-0.00307496
2,120.018,483153,260830,0.0719369,0.0247411
2,105.743,448,496,0.0213826,-0.00603808
2,120.192,22017,32473,0.0910165,0.000360084
2,120.372,34351,53368,0.0957903,0.00274101
2,33.7258,1876,4965,0.0160365,-0.00318843
2,1.66351,1153,4099,-0.0108694,0.0022053
2,120.542,77446,43810,0.104065,0.00660228
2,120.005,258779,136472,0.118501,0.0223642
2,0.073586,1057,5497,0.00905956,0.0388767
2,120.035,198360,384815,0.0713052,0.0248664
2,0.091519,1511,4425,-0.0141729,-0.00682001
2,34.0732,1807,4897,0.0185713,-0.0032714
2,1.75544,1085,4033,-0.0118075,0.00545792
2,120.148,298741,520932,0.0729531,0.0205174
2,98.2712,20866,46771,0.0212958,0.00392945
2,98.3753,958437,495562,0.0214298,0.0257565
2,120.353,439909,280223,0.0754797,0.0244816
2,105.728,544,476,0.0407066,5.4685e-05
2,33.6675,1875,4896,0.0183025,-0.00363065
2,0.13165,1032,3635,-0.0121095,0.00587708
2,33.5684,1807,4827,0.0198399,-0.00306982
2,120.069,317075,610001,0.0664465,0.019138
2,33.9696,1807,4828,0.0185941,-0.00324294
2,33.1964,1808,4895,0.0191069,-0.00326112
2,33.8564,1807,4829,0.0187886,-0.00325214
2,120.549,284885,581766,0.103717,0.0195915
2,33.8171,1807,4828,0.0180516,-0.00326865
2,1.36145,985,3803,-0.0114959,0.0100503
2,33.9086,1807,4828,0.0177219,-0.00324726
2,33.9977,1807,4897,0.0177157,-0.00326069
2,12.5639,677,282,-0.0147635,0.0017538
2,126.591,8581,15619,0.0603221,0.00136647
2,34.5312,2215,5058,0.0202025,-0.00342433
2,120.817,496,448,0.0601438,-0.000383577
2,33.9313,1807,4828,0.0188117,-0.00324293
2,34.7395,1943,6411,0.0122936,-0.00488945
2,120.007,54039,49109,0.188194,0.0184893
2,120.804,178969,38485,0.131681,0.128042
2,120.045,172979,289411,0.0664729,0.0198627
2,1.80025,1085,4100,-0.0118348,0.00479248
2,33.4651,1807,4896,0.0172024,-0.00326548
2,0.390838,1085,4031,-0.012444,0.00717501
2,120.067,171249,291793,0.0652722,0.0200002
2,33.8281,1806,4896,0.018262,-0.00349488
2,120.451,378964,231433,0.119801,0.0267036
2,120.571,28379,20962,0.123728,0.00362447
2,21.664,19246,11696,-0.0203721,0.00819303
2,0.345515,1153,4100,-0.0116941,0.0032729
2,3.24768,1085,4033,-0.0126016,0.00423503
2,33.2032,2933,5870,0.0174251,-0.00268044
2,33.4784,1807,4896,0.0180502,-0.00326112
2,38.3104,16525,24505,0.0101755,0.00210887
2,120.358,62065,287029,0.106333,0.00391481
2,19.597,677,282,-0.0146259,0.00170523
2,33.6567,1807,4827,0.0183605,-0.00350407
2,34.2624,1899,4896,0.0184889,-0.00371667
2,34.0814,1875,4964,0.0187414,-0.00328283
2,33.4518,1807,4896,0.017188,-0.00327466
2,120.683,79228,45581,0.139647,0.00991864
2,34.0916,1808,4897,0.0177395,-0.00325828
2,34.074,1738,4760,0.0155868,-0.00308537
2,33.533,1807,4896,0.0183227,-0.00348127
2,58.8258,432,526,0.0352011,-0.00257875
2,120.058,585522,282747,0.113472,0.0257337
2,120.614,43197,31866,0.201258,0.0203735
2,103.41,841679,496684,0.0217429,0.0252225
2,120.049,227700,159078,0.117847,0.0237317
2,120.758,25501,21788,0.120704,0.0029045
2,1.63698,1017,3964,-0.010997,0.0062317
2,34.0198,1807,4895,0.0177398,-0.00326068
2,0.146433,1032,3635,-0.0121095,0.00587702
2,27.8356,1121,3491,-0.0126383,0.00614312
2,5.82088,1053,3940,-0.0112259,0.00807997
2,120.047,323149,539335,0.0726466,0.0191836
2,34.0609,1875,4896,0.0187304,-0.00329217
2,0.162968,1032,3635,-0.0118736,0.00659141
2,4.96759,1085,4031,-0.011588,0.00387096
2,34.0814,1807,4827,0.0165834,-0.00314351
2,120.817,496,448,0.0601463,-0.000721166
2,97.9143,733,528,0.0368364,0.00275347
2,0.11074,1088,3703,-0.0133393,0.0166925
2,34.0747,1740,4760,0.0187213,-0.00309608
2,90.6394,476,476,0.0205531,-0.00161613
2,105.678,544,476,0.0408003,5.68768e-06
2,34.0884,6527,9084,0.0261994,-0.00530061
2,34.0859,1874,4964,0.0176836,-0.0032796
2,33.7176,1807,4828,0.0183767,-0.00348966
2,90.153,102646,209329,0.018551,0.0193075
2,120.596,40242,64932,0.0886508,0.00457307
2,33.8883,6732,9251,0.0261505,-0.00562314
2,2.24267,1385,4032,-0.0120396,-0.00657846
2,17.2759,985,3432,-0.0121703,0.00579708
2,34.0936,1807,4897,0.0177397,-0.00326078
2,90.3471,15977,20078,0.0148669,0.00337003
2,120.101,49345,98043,0.0629864,0.00408668
2,90.0405,67796,126186,0.0153305,0.00398884
2,120.209,17380,22576,0.0788867,0.000103191
2,0.640162,985,3871,-0.0126354,0.0183911
2,120.255,49542,221999,0.105365,0.00768453
2,120.017,456999,182602,0.147005,0.0402507
2,18.6931,1647,4618,-0.0151741,-0.00641201
2,0.084714,1511,4426,-0.0141592,-0.00682085
2,19.2473,1578,4549,-0.0136093,-0.00805445
2,2.63116,1053,3940,-0.0114436,0.00821265
2,33.682,1875,4896,0.0182122,-0.00330754
2,33.2742,1808,4896,0.0182344,-0.00326544
2,2.98973,1085,4099,-0.0117213,0.0042524
2,1.61247,1085,4032,-0.011972,0.00562801
2,3.69171,1511,4482,-0.0125716,-0.00732605
2,2.91036,985,3872,-0.0132488,0.0183774
2,34.0227,12298,14255,0.0181027,0.00246517
2,34.093,1806,4896,0.0187896,-0.00361311
2,34.0629,1807,4828,0.0177572,-0.00324293
2,90.6393,476,476,0.0209164,-0.00160693
2,120.817,544,544,0.0724582,-0.00109196
2,120.713,46966,85512,0.0824401,0.00746844
2,2.62809,985,3873,-0.0120097,0.0091492
2,36.1189,9405,15629,0.00971609,0.000860926
2,0.425619,1053,3941,-0.0121841,0.0177654
2,34.055,1739,4828,0.019303,-0.00307177
2,33.1819,1738,4760,0.0199405,-0.00305707
2,33.4602,1807,4827,0.0180606,-0.00324873
2,34.0751,1807,4896,0.0187901,-0.00358279
2,3.35997,1511,4549,-0.0133503,-0.00675282
2,119.768,24304,45349,0.0237088,0.00403772
2,90.2695,90250,176755,0.016754,0.029189
2,21.6727,757,3356,-0.0109635,0.00947524
2,0.205561,1085,4100,-0.012462,0.00739212
2,34.0636,1807,4828,0.0196525,-0.00324828
2,2.16335,1017,3964,-0.0114211,0.00640276
2,56.5773,261555,544703,0.0162938,0.0280243
2,34.1682,1807,4897,0.0177178,-0.00326703
2,33.976,1875,4964,0.0185287,-0.00328598
2,34.0611,1807,4828,0.0187959,-0.00355929
2,105.743,448,496,0.0202685,-0.00580459
2,33.8868,1806,4828,0.0185956,-0.00324293
2,120.31,32602,27660,0.126499,0.00711117
2,34.0856,5023,7840,0.0157252,-0.0011589
2,71.1834,117785,228711,0.0166221,0.0251696
2,0.371075,1053,3940,-0.0148125,0.0166767
2,105.743,448,496,0.0208487,-0.00613653
2,34.1203,1807,4897,0.0185746,-0.00326265
2,120.817,496,448,0.0617775,-0.00055041
2,120.009,135445,282508,0.0660285,0.0206674
2,33.6803,1807,4829,0.0180919,-0.00324042
2,120.027,13491,16450,0.307886,0.0125083
2,120.654,20370,26320,0.0782567,0.00176389
2,34.0844,1807,4827,0.0187899,-0.00325638
2,0.24492,1053,3940,-0.0141462,0.0168401
2,120.684,153979,241879,0.0675531,0.0195921
2,33.5048,1807,4827,0.0151785,-0.00368584
2,107.792,111378,34897,0.0403026,0.0416959
2,33.8481,1807,4896,0.0187481,-0.00326947
2,2.31059,1153,4167,-0.0115484,0.00403672
2,120.024,492507,238741,0.0711042,0.0196755
2,34.3744,8919,11268,0.0267833,-0.00824816
2,119.613,873,772,0.041932,0.000425362
2,120.033,51266,181923,0.0606543,0.004855
2,120.201,21370,21585,0.200272,0.0153716
2,120.033,250590,159050,0.128624,0.0260577
2,120.578,150068,34012,0.0964197,0.0364714
2,119.53,873,772,0.041932,0.000425362
2,34.0824,1807,4828,0.0187855,-0.00325477
2,120.267,44687,32313,0.199332,0.0204976
2,34.0872,2138,5082,0.016298,-0.00380472
2,34.0786,1807,4895,0.0188588,-0.00326263
2,34.0763,2077,4964,0.0183478,-0.00219389
2,97.1309,584,733,0.0145373,0.00265617
2,120.786,476,544,0.0723512,-0.00101692
2,35.4698,1951,4896,0.0158827,-0.00396268
2,42.4189,225467,386667,0.0131566,0.0351497
2,33.7726,1807,4895,0.0199191,-0.00341619
2,1.27322,1053,3940,-0.0123447,0.0144064
2,120.052,30292,38609,0.0712757,0.00538623
2,0.361784,1153,4100,-0.0113858,0.00280452
2,33.441,5843,8587,0.0247112,-0.00295545
2,105.743,448,496,0.0205394,-0.00564271
2,34.0721,1807,4828,0.0193318,-0.00306373
2,34.0573,1805,4828,0.0188174,-0.00353431
2,33.6586,1807,4896,0.0180457,-0.00326104
2,34.061,1808,4897,0.0185406,-0.00326579
2,33.9534,1739,4829,0.0201433,-0.00306962
2,120.024,222372,126471,0.114749,0.0202959
2,33.3105,1808,4896,0.0182962,-0.00326611
2,120.053,39744,70053,0.0851142,0.0035328
2,34.0729,1807,4827,0.0185661,-0.00324731
2,2.68707,1277,4888,-0.0111678,0.00357484
2,122.11,5377,9362,0.0551165,-0.00293357
2,97.2768,640,733,0.0149961,0.00991203
2,34.0599,2204,5265,0.0172797,-0.00297266
2,2.12425,985,3872,-0.0122449,0.0212762
2,58.7568,432,526,0.0344957,-0.0023199
2,120.009,163021,41369,0.130684,0.0187576
2,120.008,81879,157843,0.070848,0.0046067
2,34.0575,1739,4760,0.0177077,-0.00309685
2,33.1599,1807,4895,0.0182345,-0.00327378
2,1.63744,1085,4032,-0.0117376,0.0056707
2,33.6271,1807,4896,0.0180288,-0.00327465
2,0.282396,1032,3635,-0.0117612,0.00662569
2,21.6722,12932,7509,-0.0218274,0.00313388
2,121.709,21114,84665,0.103413,0.017936
2,0.326124,985,3873,-0.0143711,0.0193188
2,0.02648,187,68,-0.0176914,-0.0030319
2,58.883,432,526,0.0351953,-0.00257766
2,34.0701,1807,4896,0.0177397,-0.00326078
2,120.04,342233,730069,0.0748789,0.0221303
2,0.119591,1153,4101,-0.0121923,0.00280765
2,120.101,22876,44681,0.0763129,0.00331536
2,34.0517,1807,4897,0.0177415,-0.00362189
2,120.281,238118,163904,0.121475,0.0241758
2,120.054,164200,254594,0.066363,0.0199886
2,97.9581,733,528,0.0368364,0.00275347
2,33.2288,1807,4828,0.0182497,-0.00325953
2,0.853055,1153,4100,-0.0121905,0.00266071
2,34.0601,1875,4963,0.0176835,-0.00327661
2,19.5318,917,3355,-0.0108139,0.00715803
2,1.77609,1053,3940,-0.0118284,0.0161254
2,91.1698,149493,319307,0.0142164,0.0345591
2,130.406,8591,20209,0.147747,0.00312406
2,120.226,26652,20842,0.117813,0.00430003
2,34.0495,7850,10148,0.0267965,-0.00629282
2,34.0662,1807,4828,0.0177357,-0.00325577
2,1.07991,1153,4100,-0.0113701,0.00203312
2,34.0551,1806,4829,0.018564,-0.00325377
2,33.4084,1806,4897,0.0171876,-0.00327419
2,50.6015,133441,268754,0.0101739,0.0180908
2,33.3339,1875,4897,0.0171476,-0.00328945
2,33.8798,1739,4828,0.0204493,-0.00328545
2,0.121202,1100,3703,-0.0121947,0.00262053
2,93.7753,492200,970615,0.0147544,0.0360678
2,37.1207,1807,4829,0.0188277,-0.00333278
2,15.104,124,56,0.00054088,-0.00549054
2,34.0115,1807,4828,0.0187809,-0.00324814
2,120.817,496,448,0.0603071,-0.000631144
2,34.0717,1739,4759,0.0200993,-0.00305336
2,120.918,41705,31490,0.197069,0.020115
2,2.86098,1153,4100,-0.010948,0.00219751
2,120.832,504,496,0.0739565,-0.00674471
2,117.65,25844,43159,0.026327,0.00393465
2,120.632,78973,46612,0.139233,0.0110994
2,33.6058,1875,4896,0.018362,-0.00328852
2,34.0607,1807,4829,0.01859,-0.0032473
2,33.9988,4725,7757,0.0162429,-0.0015798
2,120.008,358929,766523,0.0644749,0.0276877
2,120.049,396144,202722,0.131038,0.0267239
2,34.1102,1807,4897,0.0188654,-0.00349382
2,33.7568,1806,4895,0.0180242,-0.00326636
2,33.2774,1807,4896,0.0171879,-0.00327469
2,120.595,26294,19782,0.123509,0.00388055
2,0.125685,1032,3635,-0.0123003,0.00587991
2,105.342,144037,345787,0.022785,0.0198303
2,94.4391,890525,490058,0.0208534,0.024749
2,0.130916,1100,3703,-0.0121938,0.00266635
2,63.5862,22037,83573,0.0135671,0.0163602
2,33.553,1807,4896,0.0182339,-0.00327428
2,120.107,200858,404550,0.0727917,0.0250825
2,33.744,1807,4828,0.0172515,-0.00324291
2,34.1774,1875,4896,0.0194959,-0.00361322
2,33.5023,1807,4896,0.0182252,-0.00326919
2,33.4335,1875,4895,0.0179935,-0.00329776
2,95.1529,884993,496655,0.0212073,0.024737
2,125.508,10846,16393,0.055366,-0.00106944
2,120.817,434,448,0.0629571,-0.00183879
2,90.639,392,434,0.0102722,-0.00309116
2,34.3264,1967,4965,0.0191717,-0.00370315
2,33.9313,1807,4827,0.0194988,-0.00356596
2,120.014,592360,320737,0.0924701,0.0202447
2,0.13021,1032,3635,-0.0120746,0.00657834
2,120.011,672783,331957,0.0708239,0.0214757
2,107.418,485385,804675,0.0206136,0.0325703
2,34.2917,1738,4761,0.0172313,-0.00287434
2,34.1325,1807,4828,0.0177617,-0.00324304
2,34.1163,2234,4897,0.0160722,-0.00365393
2,3.43427,917,3805,-0.0112909,0.01036
2,33.8294,3033,6156,0.0129231,-0.0029126
2,34.0859,1739,4761,0.020496,-0.00325388
2,34.0655,1875,4963,0.0185248,-0.00328539
2,34.0382,1739,4827,0.018598,-0.00324619
2,120.708,77761,46385,0.129208,0.0094466
2,120.075,317267,497117,0.0684966,0.0195389
2,37.7561,18692,27148,0.0104528,0.00238279
2,33.2972,3037,6088,0.0106998,-0.00245025
2,120.203,54349,183494,0.0635694,0.0047569
2,0.287977,1153,4169,-0.0123094,0.00410957
2,120.001,224463,521599,0.0520925,0.0295579
2,120.817,496,448,0.0617726,-0.000894405
2,33.7112,1875,4897,0.016087,-0.00320087
2,34.0639,1875,4896,0.0187084,-0.00360305
2,33.9341,1739,4828,0.0193031,-0.00307173
2,1.55516,1017,4032,-0.0113989,0.00597363
2,91.3303,487312,918949,0.0135923,0.0356507
2,120.72,41241,31368,0.199337,0.0204002
2,34.1664,1875,4964,0.0176075,-0.00343515
2,3.88439,1579,4549,-0.0134062,-0.00781509
2,33.2597,2213,4827,0.0174471,-0.00312509
2,43.7999,364,458,0.0297768,-0.0023181
2,119.539,873,772,0.041932,0.000425362
2,35.1046,1883,4828,0.0188238,-0.00354117
2,37.4638,485,304,0.0270709,0.000820573
2,33.3919,1807,4828,0.0182846,-0.00349408
2,33.2495,1739,4828,0.0198285,-0.00307022
2,33.8793,1807,4896,0.0187646,-0.00353783
2,33.7195,1875,4896,0.0171434,-0.00330124
2,15.104,136,68,-0.0125153,-0.00162689
2,1.12137,1153,4101,-0.0105633,0.00220989
2,18.6517,1579,4619,-0.0155937,-0.00732463
2,108.29,172967,48543,0.021173,0.0346177
2,120.012,582297,284934,0.070751,0.0212267
2,0.72435,1053,3940,-0.0118953,0.0151009
2,119.657,873,772,0.041932,0.000425362
2,1.00836,1085,4033,-0.0117888,0.00547277
2,104.853,508887,813883,0.0218482,0.0268933
2,120.08,322135,499157,0.0724675,0.01933
2,33.2305,7850,10936,0.0116123,-8.69009e-05
2,59.0899,592,718,0.0328588,-0.00466276
2,33.7092,1807,4897,0.0172095,-0.00326107
2,33.7136,1806,4895,0.0172096,-0.00326107
2,33.4022,1807,4896,0.0182503,-0.00340882
2,34.3242,6541,8979,0.0141665,-0.0065466
2,0.611428,1153,4100,-0.0109514,0.00214996
2,44.8431,16317,12080,-0.00393298,0.0130728
2,105.743,544,544,0.0250047,-0.00172725
2,2.90023,1153,4169,-0.0113531,0.00338624
2,33.2186,1876,4964,0.0171819,-0.00328197
2,47.5889,224347,126727,0.0134787,0.0240846
2,34.0873,1807,4827,0.0185717,-0.00324823
2,33.3671,1807,4895,0.0171881,-0.00327469
2,105.743,448,496,0.0205483,-0.00589685
2,0.711786,1053,3939,-0.0127309,0.0182046
2,120.208,33127,52081,0.37196,0.0229609
2,34.1514,1807,4896,0.0196157,-0.00326616
2,120.269,243032,57763,0.12555,0.0393939
2,2.67671,1153,4176,-0.0124847,0.00435167
2,0.345011,1085,4101,-0.012351,0.00737129
2,33.6536,1807,4897,0.0183739,-0.00327278
2,33.1937,1807,4829,0.0172301,-0.00324405
2,120.042,243731,101902,0.205526,0.0281291
2,33.8273,1807,4895,0.0180502,-0.00326103
2,0.120546,1085,4031,-0.0130135,0.00715703
2,120.695,35691,98484,0.320864,0.0151437
2,33.6037,1875,4964,0.0171737,-0.0032852
2,33.649,1807,4895,0.0182342,-0.00327197
2,35.0122,17424,18756,0.0135562,-0.000316769
2,34.3122,1739,4828,0.0157089,-0.00359021
2,70.5556,32606,113597,0.0134473,0.00473482
2,120.034,130843,306813,0.239036,0.0349361
2,34.0502,1807,4896,0.0342996,-0.00434194
2,3.24633,1510,4483,-0.013079,-0.0072721
2,5.49108,1053,3949,-0.0112871,0.00814281
2,33.8701,1875,4964,0.0176843,-0.00328204
2,33.3276,1738,4760,0.0198044,-0.00291526
2,33.2613,1875,4896,0.0171264,-0.00329807
2,130.479,24131,15026,0.155517,0.0118352
2,74.3077,669,568,0.0372275,0.000906493
2,33.5929,1807,4895,0.0182961,-0.00326611
2,18.6637,985,3432,-0.0109943,0.00723175
2,120.553,23846,38289,0.087501,0.00155469
2,33.782,1874,4895,0.0182212,-0.00369681
2,2.2707,1085,4098,-0.0112462,0.00609252
2,120.041,573379,282673,0.072361,0.0214699
2,33.3103,1807,4827,0.0172218,-0.00360505
2,19.1709,1578,4619,-0.0155919,-0.00732307
2,34.0739,1806,4827,0.0188037,-0.00324727
2,91.065,885511,489940,0.0204698,0.0248399
2,120.01,392178,200686,0.113967,0.0247897
2,120.361,48303,86092,0.0722053,0.00437172
2,120.677,46373,32540,0.199644,0.0197385
2,34.0632,1874,4964,0.018744,-0.00327673
2,33.5437,1875,4897,0.0171696,-0.00329489
2,120.25,298985,601758,0.067517,0.0189076
2,120.373,181613,54233,0.0852862,0.0319482
2,34.0558,1807,4896,0.0185589,-0.00327435
2,122.356,35427,55200,0.0601613,0.00412278
2,34.0711,1739,4829,0.0192985,-0.00307169
2,119.607,873,772,0.041932,0.000425362
2,15.4917,677,282,-0.0149005,0.00179428
2,33.3645,1807,4896,0.0190799,-0.0032674
2,34.0737,1806,4829,0.0185954,-0.00324042
2,33.8946,1807,4896,0.0177113,-0.00326062
2,33.6276,1806,4897,0.0180447,-0.00326668
2,0.595021,1482,4237,-0.0142776,-0.00725958
2,0.055648,1117,5850,3.07757e-06,0.0353672
2,34.0958,1806,4828,0.0197784,-0.00356637
2,5.53671,985,3879,-0.0128738,0.0206003
2,6.75152,917,3803,-0.0132132,0.0141778
2,34.0621,1738,4827,0.0204402,-0.00339296
2,34.083,1807,4897,0.0187962,-0.00325828
2,120.007,897361,727227,0.101074,0.0232291
2,12.8491,825,3431,-0.0107766,0.00651513
2,34.0881,1807,4897,0.0177316,-0.00358539
2,34.0887,1875,4896,0.0176631,-0.00372189
2,120.173,199456,358854,0.074363,0.0237553
2,33.9296,1807,4828,0.018779,-0.00325502
2,33.5561,3593,6677,0.0105137,-0.00245363
2,120.807,544,544,0.0722401,-0.00103967
2,120.091,102466,106656,0.296465,0.0392195
2,120.421,34668,79380,0.373845,0.0175668
2,33.9962,1807,4827,0.0187796,-0.00325397
2,0.110849,964,3567,-0.0120152,0.00658543
2,34.0705,1806,4828,0.0186003,-0.00324304
2,0.050831,1057,5497,0.00916197,0.0375108
2,59.9316,25598,23393,0.0501279,0.0114132
2,105.728,544,476,0.0407081,-2.53778e-05
2,33.418,1876,4964,0.0189516,-0.00356759
2,120.025,13687,16747,0.309384,0.0130595
2,33.151,1875,4965,0.0171853,-0.003286
2,83.3505,15474,15430,0.0313852,0.0295924
2,120.817,544,544,0.0722408,-0.00101744
2,120.042,386110,198880,0.119967,0.0260034
2,34.0926,1807,4828,0.0187812,-0.00324615
2,120.637,277997,517964,0.0913388,0.0178319
2,34.0582,1807,4828,0.0187801,-0.00338151
2,34.0824,6625,9209,0.0163965,-0.00130875
2,17.9143,917,3356,-0.0119355,0.00692198
2,120.853,23215,43183,0.109039,0.00106075
2,43.7112,458,296,0.0337693,0.000354504
2,2.53919,1017,4031,-0.0110808,0.00605145
2,33.4819,1807,4828,0.0183727,-0.00353759
2,34.0581,1807,4896,0.0185806,-0.00326609
2,120.062,239075,386176,0.0783051,0.0218216
2,119.607,873,772,0.041932,0.000425362
2,75.7382,33494,117313,0.0140921,0.00242376
2,126.499,8581,15619,0.0603396,0.00100688
2,0.104566,920,3567,-0.0121214,0.00788376
2,98.3695,799712,495377,0.0201961,0.0283787
2,120.87,31606,38765,0.0695395,0.00496582
2,28.1592,18643,11607,-0.0135526,0.0029874
2,0.09433,1100,3703,-0.0120676,0.00268986
2,0.54372,1153,4167,-0.0117777,0.00409228
2,119.621,873,772,0.041932,0.000425362
2,95.0212,804555,499700,0.0215626,0.025258
2,90.1771,27479,48973,0.0155091,0.00502208
2,120.007,737462,347610,0.0701145,0.0249241
2,34.2734,4451,7342,0.016067,-0.00162102
2,120.816,544,544,0.0725192,-0.00101367
2,33.4713,1807,4896,0.0180503,-0.00326112
2,33.4525,4191,7413,0.00933153,-0.00322334
2,34.071,1808,4829,0.0177548,-0.00324293
2,12.6896,1053,3493,-0.0112515,0.00614953
2,34.9916,5385,8187,0.00912808,-0.00105487
2,34.0582,1808,4828,0.018814,-0.0035329
2,0.149692,1144,3771,-0.0128056,0.00700918
2,34.0608,1807,4897,0.0185806,-0.00326076
2,33.4949,5028,7841,0.0154424,-0.00118537
2,34.0557,1807,4829,0.0187855,-0.00325301
2,26.0581,9298,6402,-0.00799287,0.134704
2,51.5696,139008,282766,0.00992142,0.0187753
2,34.0888,1943,6480,0.0123332,-0.00487885
2,6.46212,5791,3557,-0.0220347,0.00278263
2,120.058,320071,525679,0.0693819,0.0188602
2,34.0858,1807,4896,0.018757,-0.00326692
2,120.655,41363,30633,0.102162,0.0558033
2,126.627,8501,15415,0.0701243,0.00128968
2,121.527,55863,113379,0.11617,0.00494443
2,33.8873,1806,4897,0.0188201,-0.00327173
2,48.6267,67027,108828,0.0119513,0.00450495
2,0.170725,964,3567,-0.012025,0.00623186
2,33.1698,1807,4827,0.0171852,-0.0032509
2,33.732,1807,4895,0.0182399,-0.00326756
2,4.0912,1511,4550,-0.0132777,-0.00677053
2,120.841,25901,106362,0.0776646,-0.0097918
2,33.7094,1807,4897,0.0171881,-0.00327391
2,24.7432,14444,57678,-0.015228,-0.00448266
2,97.951,584,733,0.0156543,0.00290948
2,33.2053,1875,4964,0.0183126,-0.00328041
2,33.9947,1876,4963,0.0185243,-0.00328595
2,90.1398,160954,270501,0.0148986,0.0198656
2,33.6439,1807,4828,0.0182739,-0.0032564
2,34.134,1807,4897,0.0177081,-0.00327786
2,120.817,496,448,0.0617727,-0.000802584
2,34.0709,1807,4896,0.0187684,-0.00326761
2,105.729,544,476,0.0407062,-2.7272e-05
2,2.83683,1053,3941,-0.0126715,0.00747044
2,34.0799,1875,4963,0.0176883,-0.00328296
2,34.0629,1808,4895,0.019597,-0.00326844
2,33.2071,1875,4895,0.0171521,-0.0032983
2,34.1643,1739,4827,0.0204909,-0.00330556
2,120.329,118961,36663,0.213182,0.0302925
2,19.1245,1647,4686,-0.0150819,-0.00719299
2,0.108156,1032,3635,-0.012286,0.00591478
2,120.059,106133,201731,0.0797045,0.0206577
2,34.063,1806,4829,0.0189179,-0.00354518
2,35.1668,1883,4896,0.0188246,-0.00355015
2,0.262102,1020,3635,-0.0131288,0.00544945
2,120.825,41106,28895,0.202774,0.0270004
2,94.8456,2.54616e+06,4.56506e+06,0.0209217,0.0340396
2,119.534,873,772,0.041932,0.000425362
2,64.4349,93879,20393,0.00949876,0.162252
2,0.929545,1053,3941,-0.0119386,0.00802822
2,1.15386,1153,4100,-0.0115115,0.00274758
2,2.45054,1209,4702,-0.0111006,0.00181782
2,33.2089,1875,4895,0.0181785,-0.00330544
2,110.49,85040,181607,0.027465,0.00538034
2,38.3281,23715,33804,0.0104177,0.003799
2,34.0874,1806,4896,0.0188917,-0.0035596
2,120.693,40698,28866,0.20417,0.0267549
2,33.8269,1806,4828,0.0183515,-0.00324959
2,33.6879,1807,4828,0.0172478,-0.0035899
2,115.081,308563,639664,0.0299362,0.0229045
2,120.507,23367,37390,0.0873774,0.00176791
2,30.8867,81495,146480,-0.0182264,0.00657608
2,64.5042,25152,50808,0.0114712,-0.000459313
2,1.74939,1085,4099,-0.0115327,0.00590526
2,1.81059,1141,4634,-0.0111842,0.00561881
2,34.0586,2213,4896,0.0160617,-0.0031589
2,33.3958,1875,4965,0.0184121,-0.00358029
2,120.515,55314,111062,0.0755383,0.00380062
2,120.127,170731,107005,0.0915924,0.0227126
2,120.599,43156,39524,0.249475,0.00675022
2,34.0221,1807,4829,0.0187779,-0.00325424
2,34.0613,1807,4827,0.0185695,-0.0032521
2,90.3601,60737,104387,0.014085,0.00363154
2,33.8844,1739,4760,0.0203095,-0.00291272
2,120.656,43642,31452,0.19907,0.019935
2,2.61109,1053,3941,-0.0121829,0.008067
2,0.523194,1017,4032,-0.0113205,0.00620694
2,13.4264,228,322,-0.0165704,0.00617063
2,105.743,448,496,0.0205418,-0.00587731
2,120.58,29014,48530,0.393267,0.0137046
2,37.5507,14152,21723,0.0102427,0.00204041
2,33.1519,1807,4895,0.0182605,-0.00326107
2,105.752,544,544,0.0251418,-0.00164676
2,120.026,13669,16741,0.305356,0.0134053
2,1.54889,985,3872,-0.012549,0.0175356
2,120.013,310134,667045,0.0474867,0.0285313
2,33.7579,1807,4828,0.0183082,-0.00324289
2,0.15693,1017,4031,-0.013647,0.0164023
2,98.5323,291831,613569,0.0205393,0.0270629
2,34.093,1875,4964,0.0185286,-0.00328004
2,120.718,85141,50011,0.111766,0.011722
2,38.0725,7671,11548,0.00953413,0.0012172
2,31.9108,248241,148170,-0.0140819,0.0310431
2,120.012,324764,582982,0.062496,0.0199181
2,120.01,166726,299211,0.0667195,0.0196377
2,34.1443,1875,4897,0.0188026,-0.00356256
2,33.7797,1807,4895,0.0180457,-0.00326099
2,34.0904,1875,4964,0.017272,-0.00369199
2,120.024,232698,460627,0.0642484,0.018759
2,0.908286,1085,4033,-0.0120627,0.00474579
2,34.1336,1807,4896,0.0188589,-0.00326263
2,33.5675,1807,4827,0.0183663,-0.00353134
2,33.2168,1807,4827,0.0172363,-0.00324451
2,33.6727,1807,4897,0.0182214,-0.00326871
2,33.6861,1807,4897,0.0182398,-0.0032676
2,30.208,186,112,-0.00671194,-0.00887857
2,120.807,46595,32246,0.199176,0.0195399
2,108.204,13815,25871,0.0639917,0.0183735
2,119.666,805,772,0.0422498,0.000452756
2,6.50491,1053,3948,-0.0121075,0.00780298
2,120.634,78435,45443,0.140504,0.00992296
2,2.42645,1153,4099,-0.0109566,0.00209213
2,74.2941,601,568,0.0367131,0.00124623
2,34.1155,1875,4895,0.0187231,-0.00372425
2,105.743,35688,62909,0.0259574,0.00492271
2,122.944,34129,50178,0.0485784,0.00491023
2,33.67,1740,4759,0.0199076,-0.00316114
2,33.2571,1806,4896,0.0171837,-0.0032677
2,120.056,427950,690126,0.0973754,0.0215198
2,35.0809,12685,17899,0.0101508,0.00142516
2,0.623633,1153,4101,-0.0109308,0.00215569
2,33.4289,1807,4827,0.0189827,-0.00374481
2,120.03,288985,526377,0.0682047,0.0195887
2,77.13,117397,224303,0.0167123,0.0252032
2,134.525,15913,28298,0.35414,0.0229631
2,34.0934,1808,4827,0.0177311,-0.00325207
2,33.5295,1807,4828,0.0182888,-0.00324365
2,2.44975,1153,4100,-0.0107999,0.0026969
2,33.8944,1807,4896,0.018555,-0.00326069
2,121.287,15621,22858,0.078145,-0.00165681
2,0.094971,1032,3635,-0.0122374,0.00595227
2,86.4554,18118,14074,0.0180734,0.00239958
2,120.072,290736,543508,0.0661011,0.0191618
2,120.505,33841,55981,0.0948839,0.00332382
2,33.1931,1739,4828,0.0199605,-0.00306826
2,34.018,1875,5021,0.0155819,-0.0035068
2,106.436,279965,622761,0.0291941,0.0235569
2,36.2888,314462,172385,0.0176903,0.0343775
2,34.0645,1874,4964,0.0185245,-0.00328255
2,92.9654,490415,896110,0.013967,0.0342389
2,18.8532,1579,4550,-0.0135844,-0.00856148
2,0.097046,1088,3703,-0.0133195,0.016687
2,34.0513,1807,4828,0.0177487,-0.00357136
2,34.1385,1806,4829,0.0196143,-0.00324965
2,33.6763,1807,4896,0.0182613,-0.00361299
2,120.488,352001,219669,0.0736974,0.0231667
2,120.836,45661,85006,0.0826982,0.00850839
2,119.577,873,772,0.041932,0.000425362
2,34.0682,1807,4827,0.0177232,-0.0032473
2,0.203176,1085,4100,-0.0124638,0.00739516
2,33.3624,5859,8654,0.024352,-0.00291617
2,19.7591,5422,4529,-0.0151077,0.00421967
2,90.0813,99361,200187,0.0162183,0.0254672
2,34.0957,1875,4895,0.0187335,-0.00329446
2,33.1409,1875,4896,0.0179886,-0.00329478
2,122.05,30616,99401,0.0642416,0.00036489
2,33.4753,1876,4964,0.0171,-0.00370314
2,33.9893,1874,4964,0.0196554,-0.00328294
2,120.009,200731,390953,0.0653268,0.0246831
2,30.223,168,186,0.012914,-0.00697904
2,120.002,578728,287508,0.0646127,0.0211592
2,119.583,805,772,0.0422466,0.000449506
2,34.0808,1807,4896,0.0203688,-0.0030855
2,120.189,26440,19979,0.122849,0.00355654
2,33.2255,1807,4828,0.0172038,-0.00325606
2,33.6337,1807,4828,0.0182497,-0.00326172
2,0.366536,1017,4100,-0.0124531,0.00714109
2,59.9263,25532,23346,0.0496329,0.011488
2,120.025,27368,19973,0.126717,0.00674361
2,120.776,46295,85106,0.0689304,0.008119
2,33.8169,1875,4896,0.0171701,-0.0032944
2,33.4886,1807,4896,0.0191748,-0.00325745
2,33.9407,1874,4895,0.0192056,-0.00363606
2,33.6068,1807,4897,0.0180106,-0.0032824
2,120.051,314939,578433,0.0696489,0.020058
2,67.055,33865,113836,0.0134142,0.00473897
2,120.766,79201,47601,0.20622,0.01968
2,119.934,23644,41451,0.022074,0.00530839
2,120.633,46044,33026,0.102122,0.0540378
2,33.1925,1807,4897,0.0180116,-0.00326535
2,34.1291,1807,4827,0.0177512,-0.00325012
2,120.291,32444,27360,0.141819,0.00787211
2,34.1127,1807,4896,0.0212303,-0.00307635
2,33.2253,1943,4895,0.0190153,-0.00373384
2,34.0786,1807,4896,0.0188398,-0.00326358
2,93.9486,905853,494621,0.0210947,0.0246755
2,120.045,557342,280394,0.0911682,0.0234398
2,112.805,493317,852571,0.0227795,0.0238133
2,76.3975,20859,121250,0.0208999,0.0636553
2,33.5188,5195,7811,0.0155033,-0.000743597
2,33.3792,1875,4964,0.0181327,-0.00355399
2,33.8861,1875,4963,0.0176882,-0.00327952
2,33.4003,1807,4897,0.0180108,-0.0032686
2,79.117,36416,156722,0.0165101,0.00169409
2,0.093293,1100,3703,-0.0120588,0.00270872
2,120.649,78882,45890,0.139452,0.00991556
2,120.511,345641,228972,0.0547339,0.0185564
2,19.0078,1579,4550,-0.0135978,-0.00848676
2,100.452,504824,873282,0.0139567,0.0343498
2,10.8307,757,3356,-0.0121752,0.00933136
2,126.568,8650,15687,0.0555827,0.000600594
2,1.44546,985,3871,-0.0125267,0.0179685
2,34.0695,1808,4897,0.0177395,-0.00325828
2,33.4579,1807,4896,0.0190632,-0.00357103
2,34.0793,1739,4760,0.0180905,-0.00283309
2,34.08,1807,4829,0.0204979,-0.00305509
2,34.0707,1807,4895,0.0177341,-0.00326516
2,105.733,476,476,0.0401544,-8.48219e-05
2,90.1326,159148,302241,0.0147588,0.0197956
2,120.029,13455,16438,0.306857,0.0123261
2,120.784,27932,117741,0.0815198,-0.00556827
2,0.815461,1085,4032,-0.0119365,0.00548934
2,33.7095,1807,4827,0.0182767,-0.00338346
2,34.0891,1806,4895,0.0187991,-0.00354381
2,0.643725,1085,4032,-0.0119892,0.00560526
2,82.4488,512547,243991,0.0204855,0.0293808
2,34.0574,1807,4897,0.0177397,-0.00326078
2,1.34218,1085,4032,-0.0124124,0.00567471
2,33.2431,1807,4828,0.0182661,-0.00338927
2,33.2489,1875,4965,0.0171859,-0.00328288
2,33.9014,1807,4895,0.0185456,-0.00358647
2,0.426597,1053,3940,-0.0122615,0.016086
2,0.096146,964,3567,-0.012013,0.00658376
2,120.712,79049,46040,0.143043,0.0112624
2,33.3992,1806,4897,0.0172095,-0.00326112
2,34.0925,1807,4896,0.0188653,-0.00350885
2,0.015252,68,68,-0.0168507,0.0127327
2,0.777059,985,3872,-0.0112635,0.00792036
2,90.3995,157752,379384,0.0200132,0.020864
2,1.90271,1085,4032,-0.0118026,0.00550008
2,2.8618,1141,4633,-0.0110193,0.00461696
2,120.479,53105,263677,0.105468,0.0075808
2,45.1877,121307,243185,0.0100875,0.0172141
2,114.589,36336,59667,0.0224643,0.000400468
2,15.104,124,56,0.00054088,-0.00549054
2,120.024,318203,567282,0.0630297,0.0197572
2,120.208,30946,27560,0.126187,0.00761427
2,3.56958,1153,4100,-0.0109433,0.00219522
2,34.1517,5217,8104,0.00828304,-0.00208802
2,34.0846,1806,4897,0.019611,-0.00326073
2,74.2907,669,568,0.0372275,0.000906493
2,120.104,28560,52085,0.391259,0.0155715
2,33.7646,1738,4760,0.0198155,-0.00323891
2,38.1316,14266,20395,0.010045,0.00175027
2,34.0885,5945,8670,0.0252157,-0.00273067
2,58.6897,526,432,0.0384016,0.00147177
2,1.98952,1161,4099,-0.0127272,0.0057851
2,120.054,691829,323222,0.113685,0.0294135
2,0.416531,1032,3635,-0.0115612,0.00562832
2,33.5143,1807,4895,0.0180503,-0.0032611
2,34.063,1807,4827,0.0187857,-0.00325286
2,120.625,78787,46199,0.139233,0.0113935
2,33.7851,3899,6996,0.010308,-0.00249495
2,120.667,28674,45553,0.393,0.0161777
2,0.499627,985,3873,-0.0127441,0.0192338
2,33.2487,1806,4895,0.0171821,-0.00327468
2,0.114477,1032,3635,-0.0124133,0.00766871
2,33.596,1807,4896,0.0180548,-0.00326195
2,120.502,95347,249453,0.238245,0.0541615
2,120.81,74935,43185,0.0686701,0.00595242
2,34.0592,1875,4895,0.0342649,-0.00448618
2,120.85,32460,27833,0.126474,0.0071111
2,120.821,496,448,0.0619269,-0.000842774
2,33.1725,1807,4828,0.0191229,-0.00324317
2,100.261,418843,152892,0.00772261,0.0576526
2,0.080503,1443,4288,-0.0145561,-0.0015305
2,120.706,79060,47606,0.202088,0.0245349
2,120.101,29843,38569,0.0696103,0.00373546
2,120.006,29786,38299,0.074015,0.0048265
2,34.0611,1807,4896,0.0177414,-0.00360969
2,34.064,1807,4896,0.0187649,-0.00340024
2,69.9232,106180,195132,0.0166749,0.0251883
2,34.0801,1807,4897,0.0177181,-0.00327184
2,1.56323,1141,4635,-0.0115416,0.00455557
2,0.173251,1053,3939,-0.0135244,0.0166582
2,34.0705,1807,4896,0.0197065,-0.00365602
2,0.727689,1085,4031,-0.0119158,0.00571913
2,34.0534,1739,4827,0.0355829,-0.00433136
2,33.9817,1875,4895,0.0187089,-0.00330558
2,34.0622,1739,4760,0.0204371,-0.00315076
2,33.447,1807,4896,0.0172049,-0.00326104
2,2.49098,1053,3941,-0.0117899,0.0145011
2,120.003,257599,157995,0.112996,0.0226951
2,34.0641,1807,4828,0.0197221,-0.00324041
2,120.044,172415,431702,0.261489,0.0368638
2,0.260564,1153,4099,-0.0119915,0.00291328
2,89.3738,15643,21447,0.0186415,0.00526999
2,0.110258,964,3635,-0.0124052,0.00673168
2,36.5222,23988,33285,0.0104028,0.00376523
2,33.3181,1807,4896,0.0191013,-0.00326549
2,33.8599,1807,4896,0.0177177,-0.00362157
2,66.4004,90600,24687,0.0195539,0.0206542
2,120.434,54698,128589,0.112224,0.00566907
2,34.0597,6856,9418,0.0271151,-0.0060292
2,33.3844,1875,4964,0.0180222,-0.00328248
2,34.0638,1807,4827,0.0187822,-0.00324846
2,120.042,31096,38220,0.0662606,0.00550071
2,37.301,15904,25221,0.0104368,0.000869769
2,120.204,65474,40254,0.127511,0.00536524
2,33.4751,1807,4897,0.0183632,-0.00326593
2,4.08738,1579,4618,-0.0151471,-0.00637099
2,33.29,1875,4964,0.0171857,-0.00328587
2,23.4093,43389,7857,-0.0084016,0.143009
2,2.61273,1017,4099,-0.0114117,0.00557459
2,5.14016,1017,3963,-0.0115088,0.00580315
2,0.834869,1085,4099,-0.0116373,0.00617821
2,34.0848,1807,4827,0.018807,-0.00356927
2,105.583,846799,1.72013e+06,0.0274893,0.0318709
2,120.026,13738,16698,0.240648,0.00876283
2,120.005,372939,157462,0.171164,0.0377109
2,33.8041,1807,4897,0.0180214,-0.00358716
2,34.0875,1875,4964,0.017684,-0.0032764
2,33.8428,6912,9197,0.0146245,-0.00396351
2,57.3211,276988,377529,0.0219985,0.0286498
2,33.7167,1806,4827,0.0172116,-0.00325055
2,95.1732,498049,885989,0.0172744,0.0282888
2,33.233,1807,4897,0.0182429,-0.00327618
2,34.055,1739,4759,0.0211505,-0.00291522
2,33.4882,1807,4895,0.017188,-0.00327468
2,33.9894,6792,9553,0.0169723,-0.00488113
2,120.675,23412,38179,0.0848724,0.00173867
2,33.8836,5499,8172,0.0159322,0.000266337
2,33.9398,10540,13483,0.014568,-0.00682637
2,98.8641,944998,519114,0.0197472,0.0280847
2,120.45,39621,69901,0.127586,0.00610485
2,34.0456,4092,7094,0.0136071,-0.0034204
2,34.075,1807,4827,0.0189204,-0.00325163
2,120.014,199420,402730,0.0661454,0.0248596
2,2.55493,1141,4702,-0.0120212,0.0109982
2,33.9251,1807,4897,0.0196808,-0.00353847
2,1.75143,1053,3940,-0.0136267,0.0149442
2,19.1047,1647,4618,-0.0151739,-0.0064135
2,125.731,6903,11710,0.0532957,-0.002239
2,1.95498,1065,3735,-0.0143581,0.00693072
2,90.1099,99837,193492,0.0164238,0.0254034
2,121.001,327562,204148,0.0595972,0.020017
2,73.8553,500,594,0.035604,-0.00387839
2,33.173,1875,4964,0.0170988,-0.00330353
2,58.7822,432,458,0.0341289,-0.00289386
2,33.4709,1807,4895,0.0182604,-0.00361311
2,40.1661,24151,36160,0.0157273,0.0050268
2,33.9153,1740,4828,0.0177357,-0.00325161
2,0.129314,964,3567,-0.0121349,0.00649539
2,2.5254,1053,3940,-0.0114869,0.00832111
2,119.5,349079,747297,0.0242932,0.0358639
2,120.701,146223,354976,0.0788534,0.0133967
2,108.299,22068,97501,0.0415982,0.0497649
2,33.8911,1807,4829,0.0189103,-0.00360507
2,33.9394,1806,4896,0.0188129,-0.00362254
2,5.37363,985,3872,-0.0118439,0.0175103
2,0.117861,1032,3635,-0.012423,0.00817563
2,33.8974,1807,4895,0.0177157,-0.00326069
2,34.0911,1739,4828,0.0201438,-0.00307177
2,33.9697,1807,4829,0.0177288,-0.00324833
2,124.787,6647,11538,0.0534834,-0.00159235
2,33.9899,1875,4895,0.0176474,-0.00329875
2,33.2808,1808,4829,0.0171843,-0.00325669
2,34.091,1807,4829,0.0185975,-0.00324574
2,2.95735,1085,4032,-0.0120511,0.00558411
2,120.01,200773,391789,0.0664444,0.0247551
2,33.2664,1807,4897,0.0182345,-0.00326107
2,34.0537,1738,4760,0.0187688,-0.0030883
2,0.111861,964,3567,-0.0120126,0.00656883
2,122.059,5207,9060,0.0548985,-0.00318373
2,34.082,1807,4895,0.0177003,-0.00328567
2,120.007,674709,321093,0.107536,0.0254677
2,0.416653,1017,4033,-0.0115673,0.00667307
2,120.633,165906,41251,0.1395,0.0180071
2,33.5002,1807,4827,0.0182627,-0.00324737
2,3.32985,1085,3965,-0.0125451,0.0113943
2,33.4168,5289,8103,0.00864228,-0.00206158
2,75.535,336,372,0.00799443,-0.00141434
2,2.13259,1085,4032,-0.0118203,0.00551534
2,34.5588,1806,4828,0.0196899,-0.00385308
2,120.21,21375,21615,0.201102,0.0134488
2,0.150607,920,3499,-0.0135415,0.00861994
2,120.071,28067,21095,0.117932,0.00470451
2,118.199,347193,764500,0.0315484,0.0272661
2,2.45237,1153,4100,-0.0105199,0.00226705
2,1.01417,1153,4100,-0.0108736,0.00294267
2,34.0665,5803,8572,0.0249123,-0.00259559
2,34.0814,5756,8487,0.0125773,-0.00145487
2,34.0903,1807,4828,0.0188818,-0.00323926
2,34.0846,1807,4828,0.0189155,-0.00324838
2,34.1188,1807,4896,0.0185851,-0.00326089
2,33.8553,1807,4896,0.0177157,-0.00326069
2,33.7073,1808,4828,0.0172414,-0.00324842
2,0.117972,1088,3703,-0.0123592,0.00663035
2,126.424,8578,15655,0.0595369,0.000745351
2,1.76258,1153,4100,-0.0109321,0.00207414
2,90.4511,157262,379007,0.0200241,0.0208608
2,34.0687,1875,4964,0.0176841,-0.00327641
2,120.684,534416,270426,0.0923688,0.0230704
2,34.0449,1943,5090,0.020175,-0.00402129
2,34.0729,1807,4829,0.0177525,-0.00363725
2,37.7886,23750,30690,0.0113174,0.00384617
2,33.4034,1807,4896,0.0182399,-0.00326765
2,0.184795,1088,3703,-0.0121386,0.00641263
2,33.8903,1807,4829,0.0187878,-0.00324998
2,34.1284,1738,4829,0.0204871,-0.00333601
2,122.967,54074,90543,0.0471935,0.00270513
2,33.8622,1807,4827,0.0212765,-0.00338077
2,0.162037,1088,3703,-0.0121405,0.00640346
2,120.021,166595,287157,0.0658195,0.0196318
2,120.07,100810,108374,0.291421,0.0396218
2,120.03,555898,314782,0.0930155,0.0209878
2,111.748,659813,317049,0.0189552,0.0364236
2,59.8975,24071,25968,0.0465834,0.0108191
2,119.624,873,772,0.041932,0.000425362
2,33.8866,1739,4827,0.0203567,-0.00311651
2,34.0132,1807,4828,0.0157339,-0.00308895
2,57.5586,145234,351539,0.0147694,0.0315519
2,33.3494,1807,4829,0.0182613,-0.00339029
2,34.0623,1808,4896,0.0185804,-0.00326078
2,124.836,10998,16182,0.0842547,-0.00433404
2,37.5052,485,304,0.0270171,0.000765071
2,33.9648,1807,4897,0.018733,-0.00326813
2,34.0642,1807,4827,0.0187781,-0.00324785
2,2.97149,1053,3939,-0.0118425,0.015922
2,33.9033,1806,4829,0.0186003,-0.00324304
2,120.038,285680,479859,0.0713981,0.0198732
2,120.054,324208,649939,0.0632576,0.0249886
2,90.1455,154237,370856,0.0142573,0.0327007
2,33.3513,1807,4829,0.0182418,-0.00325081
2,19.1349,1579,4617,-0.0155855,-0.00766542
2,120.399,43161,39567,0.231719,0.0248375
2,134.734,23399,44951,0.0451083,0.00337828
2,4.11006,1443,4483,-0.0146072,-0.00641121
2,33.7177,1807,4896,0.0172094,-0.00326107
2,57.5114,171207,110260,0.0175293,0.026859
2,58.8299,432,526,0.0343954,-0.00292556
2,33.2341,1807,4828,0.0180662,-0.00324854
2,43.8089,364,458,0.0281724,-0.00241023
2,33.6351,1807,4897,0.0180429,-0.00326293
2,52.6316,547,416,0.0146268,0.00224641
2,33.1684,1875,4965,0.0170923,-0.00328292
2,34.0002,1807,4895,0.0188578,-0.00351797
2,33.6651,4630,7425,0.0108498,-0.00167067
2,1.19959,1153,4100,-0.0107147,0.00196237
2,0.051032,1123,5497,0.00896564,0.0356414
2,33.9483,5933,8754,0.0167438,-0.00609135
2,33.9059,5614,8331,0.0103182,-0.00158792
2,33.6438,1806,4897,0.0180444,-0.00326298
2,0.176681,1088,3703,-0.0133529,0.0166813
2,120.008,466323,180120,0.16554,0.044115
2,0.026854,329,296,-0.0194441,0.00633016
2,33.6247,1739,4759,0.0198051,-0.00291794
2,34.1267,1739,4761,0.0203181,-0.00305057
2,120.033,319144,122135,0.19104,0.0344378
2,34.078,1806,4897,0.0187628,-0.00327197
2,0.89952,1085,4032,-0.0118366,0.0054145
2,120.021,163212,43840,0.116465,0.028552
2,34.0881,1738,4759,0.0203491,-0.00314921
2,0.828628,1085,4031,-0.0119353,0.00549078
2,34.0714,1807,4895,0.0188486,-0.0035398
2,100.714,967549,530592,0.0210705,0.024798
2,90.1154,99278,199908,0.0167032,0.0288558
2,2.98377,985,3873,-0.0119417,0.0103241
2,0.117186,1032,3635,-0.0120717,0.00661746
2,0.647603,1085,4101,-0.0115965,0.00590053
2,33.6489,4161,7025,0.0159589,-0.00248954
2,33.5154,1739,4759,0.0198047,-0.00291276
2,3.10604,655,494,0.00735689,-0.00726202
2,0.602515,1085,4032,-0.0120494,0.0063433
2,34.0786,1807,4828,0.0177413,-0.00339154
2,120.461,370426,238099,0.0588569,0.0217116
2,33.8994,1807,4827,0.0187871,-0.00326245
2,90.4432,151341,250212,0.0155626,0.0195624
2,40.6544,10848,14685,-0.0141586,0.150933
2,121.514,13250,19503,0.076277,-0.000637066
2,2.88813,1085,4031,-0.0118992,0.00542201
2,33.7918,1807,4828,0.0182802,-0.00324975
2,2.01234,1085,4032,-0.0118046,0.00543734
2,13.2998,677,282,-0.0143154,0.00176407
2,120.338,16316,27696,0.0696871,0.00226585
2,48.7307,130023,69730,0.0124682,0.0322437
2,120.934,43757,28779,0.200136,0.0216062
2,74.2727,669,568,0.0372275,0.000906493
2,33.8769,4235,7024,0.014219,-0.00179131
2,33.5951,1806,4828,0.0199379,-0.00336058
2,33.8023,1807,4896,0.0183807,-0.00340016
2,120.817,496,448,0.0618769,-0.00087554
2,1.00119,124,168,-0.00669968,-0.00684893
2,120.06,474480,186858,0.153201,0.0451875
2,34.0894,1740,4759,0.0203793,-0.00291271
2,34.006,1806,4828,0.0177549,-0.00324294
2,74.1873,669,568,0.0372275,0.000906493
2,120.015,97975,159063,0.0998553,0.0140099
2,33.5121,1807,4896,0.0183564,-0.00359705
2,77.8571,468613,230626,0.0149085,0.0380698
2,33.5938,1807,4828,0.018256,-0.00324236
2,134.695,23863,44722,0.0457196,0.00499925
2,34.9712,1951,4964,0.0190989,-0.00372754
2,69.0138,208294,114063,0.0163547,0.0331185
2,120.013,320169,544105,0.0629377,0.0193715
2,0.154094,964,3567,-0.0120913,0.00653541
2,106.892,560570,278394,0.0219283,0.0239734
2,120.039,493799,943837,0.0968402,0.0201777
2,34.0736,1875,4897,0.0176738,-0.003295
2,34.1261,4398,7161,0.0117367,-0.00143716
2,120.664,76473,45896,0.12933,0.00932277
2,0.901874,1085,4033,-0.0114209,0.00562184
2,34.2222,1807,4897,0.0195358,-0.00354795
2,120.817,496,448,0.0617725,-0.000893629
2,0.295395,1085,4033,-0.0124521,0.00717171
2,55.6786,143191,217824,0.013914,0.0187463
2,33.8885,1807,4828,0.0187695,-0.00324902
2,90.6242,408,408,0.0369596,-0.000261996
2,120.028,677572,336291,0.0716503,0.0215683
2,33.1545,1807,4895,0.0180446,-0.00326111
2,105.743,544,544,0.0247287,-0.00176874
2,34.0865,1807,4896,0.0177342,-0.0032663
2,33.4391,1807,4896,0.0172036,-0.00326298
2,13.3195,228,322,-0.0165603,0.00614792
2,4.09607,1511,4482,-0.0130827,-0.00676664
2,120.351,171533,266956,0.0732121,0.0167238
2,2.70196,1053,3940,-0.0113519,0.0116379
2,120.069,22955,45458,0.076283,0.00272841
2,120.012,478216,257525,0.0767826,0.021755
