label,Duration,FlowBytesSent,FlowBytesReceived,shap_Duration,shap_FlowBytesSent
0,33.8582,163,180,0.00253014,-0.00880167
0,2.77583,2489,6713,-0.0335746,-0.00367837
0,0.01954,55,66,-0.0126443,-0.00388202
0,0.015102,55,66,-0.0135922,-0.00539801
0,4.09369,1958,7092,-0.0133322,-0.00623196
0,45.042,110,120,0.00931325,-0.00371401
0,0.415193,1503,4002,-0.0145603,-0.0102748
0,0.533301,1701,5365,-0.0141938,-0.0056424
0,15.0095,163,371,-0.0137082,-0.00448154
0,0.813331,1798,6535,-0.0143325,-0.00617861
0,45.0463,110,132,0.0123701,-0.00546019
0,21.5574,4518,118801,-0.0113725,-0.00322071
0,0.195586,3517,4993,-0.0150485,-0.0134708
0,0.100981,1069,6299,-0.0122645,0.00546621
0,13.1331,5940,42710,-0.013904,-0.0063851
0,26.9653,4090,11585,-0.0140708,-0.00417968
0,0.141214,1690,7752,-0.0146474,-0.00530632
0,0.315807,2099,918,-0.0163938,-0.00278862
0,0.11853,1861,16418,-0.0150063,-0.0061614
0,0.112843,1394,3569,-0.0195189,-0.00889894
0,0.028787,55,66,-0.0124659,0.00295408
0,0.016108,178,112,-0.0138856,-0.00335057
0,81.5326,669,408,-0.00555088,-0.0307636
0,0.404549,1396,575,-0.0158966,-0.00425474
0,0.015208,55,66,-0.0130202,-0.00530641
0,36.7789,5243,298086,0.00207026,-0.000987163
0,0.015237,178,112,-0.0138911,-0.0033468
0,0.022883,365,7366,-0.019856,0.0067083
0,0.015122,55,66,-0.0130344,-0.0053981
0,0.02247,55,66,-0.0115758,-0.00189713
0,26.7673,2355,24293,-0.0139759,-0.00471709
0,10.1416,5000,129547,-0.0169024,-0.00871942
0,1.8643,2006,16820,-0.014106,-0.00723513
0,0.025207,55,66,-0.012512,-0.00311342
0,0.024021,55,66,-0.0112841,-0.00190748
0,0.135012,55,60,-0.0123523,0.00134723
0,0.015199,55,66,-0.0130202,-0.00530641
0,32.2419,271,271,-0.014669,-0.00113663
0,0.100404,1710,1755,-0.0475345,-0.00385263
0,35.7998,163,126,0.00658033,-0.00857027
0,0.656595,2343,5887,-0.0161447,-0.00649133
0,0.366037,1352,4387,-0.0139784,-0.00688563
0,4.23038,2406,6524,-0.0136578,-0.00994127
0,115.241,3294,57754,0.0146761,-0.00607976
0,16.4913,3845,9334,-0.0180742,-3.91294e-05
0,0.175039,1436,3368,-0.014279,-0.016419
0,0.11394,1643,4056,-0.0140933,-0.00563607
0,8.23166,1769,24617,-0.0101129,-0.00554423
0,0.026756,55,66,-0.0119375,0.00291318
0,45.1581,110,132,0.012766,-0.00519941
0,0.038946,55,66,-0.0131547,-0.00124341
0,0.316567,1470,5792,-0.013956,-0.00987524
0,10.4208,5012,273379,-0.0105491,-0.00340235
0,0.670162,2683,78364,-0.0114045,-0.00539011
0,0.113365,1450,5578,-0.0193164,-0.00726532
0,13.775,3022,104306,-0.0115122,-0.00600779
0,60.8843,3110,9447,0.0143573,-0.00670985
0,0.15547,2309,7407,-0.0140232,-0.00698416
0,65.3387,16915,391356,0.00634136,0.00174026
0,0.074497,1195,3659,-0.0128587,0.00241027
0,0.292711,2052,7466,-0.0185634,-0.00763454
0,7.25982,217,211,-0.0138623,-0.0538757
0,0.016243,279,120,-0.013797,-0.00352096
0,0.079168,1295,6767,-0.0156469,-0.0112437
0,0.02965,55,60,-0.010453,0.00397783
0,36.6868,3178,119666,0.00405418,-0.00401279
0,0.0899,1203,5011,-0.0125629,-0.00358777
0,0.230493,1406,3660,-0.0147391,-0.00641647
0,0.125482,4194,1494,-0.0155281,-0.00489849
0,0.107208,170,104,-0.01192,-0.00186039
0,45.0629,110,132,0.0124204,-0.00521057
0,3.33991,40672,387955,-0.0101846,0.00315985
0,0.024445,245,108,-0.0133823,-0.00995326
0,15.0386,163,271,-0.0112261,-0.0047359
0,10.654,1673,2476,-0.015104,-0.0029255
0,0.085392,55,60,-0.0123808,0.00139097
0,67.6741,11417,56129,0.00461221,-0.00411906
0,0.756298,2530,35433,-0.0196621,-0.00528236
0,0.62498,3904,89629,-0.010936,-0.00477756
0,0.080622,1395,4488,-0.0151781,-0.0055824
0,10.0384,2342,6518,-0.0140238,-0.00623904
0,0.08476,154,160,-0.0166704,-0.00206104
0,0.015178,55,66,-0.0130202,-0.00530641
0,13.1756,361,198,-0.0144345,-0.00110152
0,0.149573,915,3095,-0.00982019,0.0052303
0,6.71126,163,120,-0.0131705,-0.00362219
0,53.0251,426,213,0.00970794,-0.0257566
0,9.46122,3097,12351,-0.0132515,-0.00653579
0,10.8991,1119,4185,-0.011299,0.0019025
0,0.025049,55,66,-0.012512,-0.00311342
0,3.04981,283,295,-0.0154619,-0.00803938
0,20.0501,862,513,-0.0153602,0.00130439
0,0.015389,55,66,-0.0130231,-0.00531696
0,0.025036,55,66,-0.012512,-0.00311342
0,0.027267,55,66,-0.0123473,0.00290804
0,0.026818,55,66,-0.0119376,0.00291318
0,45.047,110,132,0.0123805,-0.00517122
0,33.656,55,126,0.0106088,-0.00452959
0,0.02681,55,66,-0.0119376,0.00291318
0,0.015283,55,66,-0.0130219,-0.00530796
0,0.085809,171,105,-0.0119592,-0.00185974
0,29.2891,13626,6991,-0.0126595,-0.00330704
0,45.4218,110,132,0.0105305,-0.00519673
0,109.386,5587,11215,0.021366,-0.0159454
0,8.8819,163,126,-0.0112309,-0.00767764
0,7.69448,2188,6726,-0.0134605,-0.00605994
0,0.156275,2058,8228,-0.0146609,-0.00713492
0,35.9179,10049,2382,0.0111877,-0.000487543
0,0.251976,2897,49281,-0.0197371,-0.00534889
0,48.6802,3116,109395,0.00623553,-0.00368966
0,10.7397,1303,3265,-0.0130301,-0.00926997
0,44.2491,728,322,0.00851456,-0.00343151
0,0.020271,178,112,-0.0137473,-0.00272232
0,0.037656,55,66,-0.0131166,-0.00132282
0,0.025357,245,108,-0.0133809,-0.00992166
0,0.070405,178,178,-0.0145324,-0.00307092
0,14.8364,163,303,-0.0122873,-0.00509996
0,1.85181,2473,56198,-0.0190183,-0.00568949
0,18.215,4033,9138,-0.0136071,-0.00573515
0,0.061876,1025,2646,-0.0129288,0.00183174
0,39.1908,13954,52014,0.0132999,-0.000535466
0,0.015814,178,112,-0.0138693,-0.00334514
0,0.029645,55,66,-0.0124659,0.00295408
0,0.109438,1612,870,-0.0207325,-0.00387415
0,0.025235,55,60,-0.013109,-0.00217306
0,0.517078,1568,8441,-0.0142399,-0.00743148
0,0.015284,55,66,-0.0130219,-0.00530796
0,0.015202,55,66,-0.0130202,-0.00530641
0,0.120784,383,295,-0.0178973,-0.00285995
0,0.028825,341,132,-0.0135626,-0.00289718
0,0.015193,55,66,-0.0130202,-0.00530641
0,4.46926,5910,8025,-0.0145098,-0.00513923
0,0.164749,1862,7626,-0.0146554,-0.00698802
0,1.16221,3049,13012,-0.0144613,-0.00619229
0,0.569305,1701,6903,-0.0145459,-0.00633286
0,0.442011,1862,4831,-0.0164473,-0.00663049
0,23.0819,271,227,-0.0142802,-0.00171378
0,0.024768,55,66,-0.0112842,-0.00190749
0,0.019871,423,222,-0.0161889,-0.0207003
0,3.11687,295,198,-0.0152974,-0.000635523
0,0.075765,1611,7032,-0.0157308,-0.00597916
0,0.150321,1737,5721,-0.0151861,-0.00840471
0,0.110029,4500,171762,-0.0114478,-0.00495056
0,0.026042,341,238,-0.0198896,-0.000795257
0,2.59531,2518,7173,-0.0189177,-0.0156136
0,21.6843,4204,8855,-0.0131303,-0.00581892
0,60.4009,2293,5146,0.0120353,-0.00365026
0,1.12332,1523,3144,-0.0171357,-0.00726822
0,6.48934,20152,1.65876e+06,-0.0106205,0.00183281
0,11.7601,349,361,-0.0147031,-0.00445127
0,0.028048,55,60,-0.0104511,0.00398256
0,0.026246,55,66,-0.0122435,-0.00276916
0,0.024804,55,66,-0.0112842,-0.00190749
0,0.026734,55,66,-0.0115527,0.00291318
0,0.611058,1069,5067,-0.0122968,0.00487602
0,0.166223,1490,3434,-0.0144044,-0.0150096
0,0.329833,1796,5241,-0.0138724,-0.00558447
0,0.112323,897,3145,-0.0120855,0.00579745
0,0.174224,1592,3730,-0.0148498,-0.00676746
0,0.136794,55,66,-0.0119305,0.000409555
0,29.5945,26775,969400,-0.0105093,0.00153683
0,72.5124,4056,45586,0.00811795,-0.00283705
0,0.192542,3475,7661,-0.0146526,-0.00460288
0,58.8646,342,276,0.0140089,5.2843e-05
0,3.02013,2542,4874,-0.0134986,-0.00889592
0,0.128307,1394,3592,-0.0192865,-0.008956
0,5.33398,2365,6665,-0.0134927,-0.00849448
0,45.0625,110,132,0.0124208,-0.00521057
0,3.40908,1689,3998,-0.0262754,-0.00513377
0,0.015285,55,66,-0.0130219,-0.00530796
0,0.037458,55,66,-0.0126033,-0.00125385
0,0.143658,171,105,-0.0119585,-0.00186103
0,2.85124,9669,78512,-0.00981246,-0.000517954
0,123.81,8318,581266,0.0905226,0.00390999
0,0.284603,951,5256,-0.0119034,0.00577206
0,0.075581,1720,5288,-0.0154043,-0.00769909
0,11.7984,959,31833,-0.00903437,0.00570442
0,102.363,2173,7619,0.0154706,-0.0169065
0,0.015171,162,145,-0.0139697,-0.0107966
0,0.026936,55,66,-0.00951132,0.00291329
0,0.015204,55,66,-0.0130202,-0.00530641
0,0.033909,55,66,-0.0123099,0.000162475
0,0.054923,55,66,-0.0121717,0.00049041
0,12.8594,361,198,-0.0142051,-0.00183403
0,0.015341,55,66,-0.0130221,-0.00530796
0,35.9672,5425,60690,0.00473875,-0.0024334
0,0.068158,171,171,-0.0218905,-0.00174394
0,21.0498,6224,181838,-0.00955882,-0.0044318
0,14.9631,163,371,-0.0137804,-0.00495408
0,0.206111,1782,3877,-0.0201025,-0.00942717
0,34.673,3173,9451,0.00849252,-0.00646925
0,0.033498,341,132,-0.0128604,-0.00129573
0,9.17128,1791,2801,-0.0156727,-0.00370215
0,31.6873,217,211,-0.0115782,-0.00582616
0,0.033663,55,66,-0.0123099,0.000162475
0,11.6717,426,333,-0.0179372,-0.00557406
0,35.5488,5569,163656,0.0134864,0.000741139
0,4.02327,30672,1.25565e+06,-0.00973997,0.000241517
0,0.015255,55,66,-0.0130219,-0.0053079
0,0.31051,290,178,-0.0163263,-0.00069192
0,6.32644,2233,938,-0.0150825,-0.0118791
0,0.192801,2451,23909,-0.0147502,-0.00702491
0,0.140177,1743,7343,-0.0149371,-0.00628444
0,36.6667,2312,16999,0.0112483,-0.00387804
0,24.6802,733,997,-0.0114755,-0.0176168
0,6.41492,13918,751179,-0.0100564,-0.00331466
0,0.033438,55,66,-0.0123099,0.000162475
0,2.291,3770,6823,-0.0135017,-0.00607113
0,0.169262,2222,6521,-0.014453,-0.00684948
0,42.3834,11845,426329,0.00459235,-0.000222771
0,28.0472,13225,294424,-0.00997984,0.000991815
0,0.187805,1502,4845,-0.0145301,-0.0156007
0,0.01526,55,66,-0.0130219,-0.0053079
0,40.5336,3331,3786,0.0139874,-0.00438659
0,0.134323,171,171,-0.0231443,-0.00380746
0,65.4243,3503,7632,0.0147743,-0.0020163
0,85.9694,2364,7604,0.00998145,-0.00495589
0,0.014944,55,66,-0.014504,-0.00507492
0,0.202348,897,3145,-0.0120795,0.00592359
0,0.14388,1818,7328,-0.0157865,-0.0060398
0,3.63429,283,295,-0.0155845,-0.0380789
0,0.149793,2472,61806,-0.0194144,-0.0050023
0,0.026708,55,60,-0.00974465,0.00400541
0,0.151111,1755,5287,-0.0139971,-0.00540544
0,0.641932,2175,1920,-0.0153823,-0.00221178
0,60.9942,2102,7235,0.0137808,-0.00351816
0,9.88536,2346,4492,-0.0170513,-0.00590084
0,0.015317,55,66,-0.0130221,-0.00530796
0,0.735396,1684,6790,-0.0134817,-0.0141023
0,0.078103,1406,4584,-0.0151088,-0.00711718
0,0.026892,55,60,-0.0101398,0.00389561
0,31.2639,519,310,-0.0139635,0.000154319
0,0.02086,55,66,-0.0126332,-0.00369499
0,0.692203,1569,4053,-0.0146883,-0.0094235
0,0.020308,55,60,-0.0125277,-0.0023528
0,0.019487,55,66,-0.0126975,-0.0039262
0,0.193058,1352,4529,-0.0122266,-0.00587776
0,0.030259,341,132,-0.014925,-0.00174763
0,0.024529,55,66,-0.0112842,-0.00190747
0,0.074708,1475,3921,-0.014261,-0.00612413
0,40.6108,4394,11349,0.012731,-0.00297455
0,0.110458,1721,8842,-0.0146287,-0.00518162
0,0.025196,108,60,-0.011324,-0.00434318
0,0.023965,55,60,-0.0129618,-0.00202868
0,118.035,8109,89267,0.0121529,-0.00228932
0,0.015287,55,66,-0.0130219,-0.00530796
0,35.3699,3161,1683,0.0108908,-0.00632006
0,0.02796,55,66,-0.0124639,0.00294261
0,0.034765,55,66,-0.0121921,0.000266132
0,0.02488,55,66,-0.0112842,-0.00190749
0,0.192574,341,198,-0.0155404,-0.00106796
0,0.246327,154,160,-0.0153247,-0.00211394
0,0.151787,897,3142,-0.0121783,0.00582376
0,0.133389,55,60,-0.0123523,0.00134723
0,0.087886,178,178,-0.0147075,-0.00332435
0,0.029542,341,132,-0.0150469,-0.000975875
0,13.2359,2091,4858,-0.0133615,-0.00921436
0,0.015505,178,112,-0.0138769,-0.0033451
0,2.70468,77868,2.67068e+06,-0.010746,0.00385126
0,47.5626,6874,12087,0.0112861,-0.00380939
0,91.9857,2280,13975,0.0160733,-0.00533786
0,0.440574,2076,4457,-0.0186648,-0.00823868
0,0.065517,171,171,-0.0218471,-0.00175869
0,0.027705,178,112,-0.0146372,-0.00261945
0,0.170267,1436,3368,-0.0142796,-0.0164177
0,30.5385,163,126,-0.0117219,-0.00452619
0,0.05887,55,66,-0.0121964,0.000491883
0,0.20319,1858,5722,-0.015855,-0.00622162
0,5.50264,1728,870,-0.0173295,-0.00310242
0,0.026852,55,66,-0.0119376,0.00291318
0,0.015157,55,66,-0.0130204,-0.00539811
0,0.477055,2067,4326,-0.0146028,-0.00961368
0,44.1997,2564,9363,0.0109548,-0.0184931
0,74.1489,3402,10262,0.00968477,-0.000116806
0,0.168559,1476,4473,-0.0108023,-0.00717478
0,0.08621,162,145,-0.013937,-0.00588858
0,6.26651,2014,5418,-0.0132778,-0.0058221
0,1.1661,1482,5165,-0.0107607,-0.00596664
0,2.33167,2689,5898,-0.0139599,-0.01185
0,0.097314,1406,3452,-0.0149154,-0.00636917
0,4.60073,11022,945985,-0.0105313,0.000694086
0,60.5376,2059,10384,0.0138909,-0.00480796
0,0.015171,55,66,-0.0130202,-0.00530641
0,5.94417,3898,8136,-0.0136436,-0.00592395
0,20.0174,163,273,-0.0143911,-0.00842791
0,0.015025,178,112,-0.0144205,-0.00340062
0,6.54846,10610,143774,-0.0169148,0.00149033
0,89.1992,2591,50034,0.00903104,-0.00429248
0,45.0294,110,66,0.00755292,-0.0123883
0,0.028516,55,60,-0.0104511,0.00398256
0,0.131977,1702,5065,-0.0201688,-0.00650353
0,0.100528,1780,1480,-0.0169859,-0.00566335
0,17.2925,2903,10292,-0.0136059,-0.014659
0,0.487072,2847,931,-0.0191221,-0.0124702
0,11.628,10504,139983,-0.0101868,0.000679392
0,26.1182,2517,7613,-0.0167301,0.00607186
0,3.65986,4568,8345,-0.013745,-0.0133616
0,0.417941,819,786,-0.0202396,-0.00199554
0,46.1396,24992,326256,0.00659286,0.002067
0,10.3133,2204,28669,-0.0135318,-0.0096139
0,0.095521,1665,7439,-0.0157314,-0.00603009
0,5.34841,2467,12591,-0.0144222,-0.0062087
0,15.2835,1991,15059,-0.0143183,-0.0070297
0,0.018738,217,163,-0.0170675,-0.0400297
0,16.4963,2693,6708,-0.0133962,-0.0090305
0,6.30138,1289,7180,-0.0101471,-0.00656133
0,0.025166,55,66,-0.012512,-0.00311342
0,1.15304,2739,63018,-0.0190651,-0.00491924
0,0.228275,758,702,-0.0181003,0.00336906
0,5.75708,958,553,-0.0135365,0.00012066
0,0.015305,55,66,-0.013022,-0.00530796
0,51.3064,271,271,0.0124703,-0.00170389
0,64.2581,2948,5229,0.00818818,-0.00222751
0,0.014882,55,66,-0.0144,-0.00516197
0,36.9653,2376,4119,0.00915836,-0.00629941
0,37.2145,3222,5185,0.00712967,-0.0127066
0,0.014842,55,66,-0.0144002,-0.00516006
0,12.7243,1339,4685,-0.00926,-0.00834262
0,1.90274,205,162,-0.00935508,-0.00756507
0,0.015249,55,66,-0.0130219,-0.0053079
0,60.744,2284,6629,0.0143163,-0.00718677
0,0.117653,327,198,-0.0137136,-0.000923563
0,0.871977,4023,4660,-0.0147102,-0.00669681
0,0.025033,245,108,-0.0133776,-0.00989142
0,0.251282,1638,4186,-0.0145131,-0.00707905
0,0.019908,55,66,-0.0126442,-0.00388255
0,0.02682,55,66,-0.0119376,0.00291318
0,31.0583,1850,10495,-0.00986612,-0.00639675
0,0.02785,178,178,-0.0137971,-0.00323638
0,37.7151,1116,2510,0.013315,-0.00666175
0,0.128771,1906,3847,-0.013112,-0.00584975
0,0.015244,55,66,-0.0130219,-0.00530664
0,13.7306,2295,3770,-0.0138776,-0.00642742
0,60.8701,2272,6694,0.0143473,-0.00802241
0,0.097462,55,66,-0.0119964,0.000433068
0,0.114808,1867,6486,-0.0146897,-0.0053071
0,0.021617,55,60,-0.0134646,-0.00218738
0,0.139416,1466,2151,-0.0242699,-0.00365188
0,26.0292,6434,26345,-0.0136136,-0.0224501
0,0.028327,213,186,-0.0131888,-0.00263248
0,5.73674,1384,4485,-0.0133438,-0.0173777
0,0.028821,55,66,-0.0124659,0.00295408
0,0.166391,2171,4141,-0.0136841,-0.00577596
0,81.6734,20578,3981,0.0138004,0.00190994
0,0.015202,55,66,-0.0130202,-0.00530641
0,0.600946,2483,42140,-0.0112106,-0.00565439
0,0.015232,55,66,-0.0130219,-0.00530641
0,11.873,904,424,-0.0139938,0.000530252
0,0.318537,85,162,-0.0134931,-0.00488
0,0.215422,2120,15231,-0.0168175,-0.00719739
0,24.2145,13344,120016,-0.00901359,-0.0024996
0,0.083535,55,66,-0.0119964,0.000433178
0,4.40379,2046,4875,-0.0138118,-0.00563688
0,29.0318,519,376,-0.0132983,0.000237145
0,14.6674,109,211,-0.0118973,-0.00468105
0,5.19923,3341,1908,-0.0154918,-0.00121693
0,0.022547,55,66,-0.0115707,-0.0019055
0,0.169224,1490,3433,-0.0144046,-0.0150316
0,6.65953,163,126,-0.012042,-0.0047887
0,0.024947,108,60,-0.0113229,-0.00433649
0,0.029529,341,132,-0.0150467,-0.000975878
0,0.015264,55,66,-0.0130219,-0.0053079
0,9.3571,1845,4158,-0.0133508,-0.00903214
0,31.6636,217,151,-0.012144,-0.00563116
0,0.015717,55,66,-0.0130248,-0.0053189
0,5.68656,2086,6747,-0.013711,-0.00659198
0,0.015257,55,66,-0.0130219,-0.0053079
0,44.528,283,371,0.00923625,0.000633367
0,1.32561,217,204,-0.0119611,-0.00630519
0,1.31319,1872,7175,-0.0145815,-0.00855359
0,1.15351,446,163,-0.0151613,-0.00131663
0,0.086665,1982,996,-0.0170307,-0.00321377
0,4.05812,4139,23259,-0.0127313,-0.00598616
0,0.559561,1633,8209,-0.0190344,-0.00892857
0,0.124089,171,105,-0.0132582,-0.00186691
0,92.1151,2188,13157,0.0151076,-0.00412879
0,18.181,1677,10636,-0.0130788,-0.00767559
0,0.473468,2823,4298,-0.0142673,-0.00569745
0,0.027314,55,66,-0.0123473,0.00290804
0,93.9215,2453,9411,0.0172335,-0.0161457
0,0.387029,2027,4747,-0.0145056,-0.00688708
0,0.020863,322,446,-0.0109603,-0.00189203
0,0.028653,245,108,-0.0133717,-0.00981057
0,0.019518,108,120,-0.0127776,-0.00520821
0,0.06984,55,66,-0.012002,0.000490024
0,15.3168,2022,8707,-0.0135939,-0.00770013
0,3.53634,295,132,-0.0134226,-0.00152329
0,0.413204,3625,98606,-0.0178233,-0.00498804
0,0.034594,171,105,-0.0119745,-0.00181521
0,0.061107,1025,2648,-0.0131961,0.00170383
0,45.0607,110,132,0.0113875,-0.00528258
0,16.0295,1306,5802,-0.0123769,-0.00831531
0,3.94121,1933,4590,-0.0146327,-0.00807487
0,13.2844,361,330,-0.0131056,-0.00880189
0,0.018928,341,132,-0.015089,-0.00287518
0,6.11501,674,8309,-0.0139585,0.00422684
0,0.175548,325,198,-0.0153343,-0.000841216
0,0.505884,1616,3663,-0.0186772,-0.0133174
0,0.028025,55,66,-0.0124639,0.00294261
0,10.2131,1818,6906,-0.0121962,-0.00805773
0,0.075917,1203,5175,-0.0135385,0.00337305
0,0.015324,55,66,-0.0130221,-0.00530796
0,45.0609,110,120,0.00932864,-0.00416454
0,0.057188,1162,5990,-0.0131613,0.00485556
0,18.3817,11643,232620,-0.00959393,-0.00303272
0,0.027771,178,112,-0.0146355,-0.00261945
0,0.015221,55,66,-0.0130219,-0.00530641
0,0.015332,147,93,-0.0103577,-0.00503329
0,0.066238,171,171,-0.0227789,-0.00261944
0,0.12413,1436,3734,-0.014286,-0.0146658
0,10.6173,1303,6074,-0.013132,-0.00593686
0,0.027344,55,66,-0.0123473,0.00290804
0,0.015259,178,178,-0.0150127,-0.00415403
0,0.014894,178,112,-0.0144216,-0.00340811
0,0.058566,327,132,-0.0150699,0.000438636
0,0.245503,1087,4379,-0.0123936,0.00524639
0,0.079113,55,66,-0.0119964,0.000433178
0,0.015209,55,66,-0.0130202,-0.00530641
0,32.0717,4312,6033,-0.016141,-0.0146583
0,29.6922,3817,60040,-0.0119913,-0.00460701
0,4.08926,2283,7037,-0.0147113,-0.00509377
0,60.0582,729,994,0.0132769,-0.00119434
0,0.238258,789,557,-0.0156337,0.000562413
0,15.3475,1219,4052,-0.00822252,0.00148733
0,0.084807,154,100,-0.0119348,-0.00435982
0,0.220466,1352,4403,-0.0144866,-0.00532581
0,0.095733,2461,43517,-0.0182681,-0.00571754
0,0.078784,55,66,-0.0119964,0.000433178
0,1.06556,1675,5099,-0.0134929,-0.00581649
0,0.014743,55,66,-0.0144128,-0.0051606
0,0.015179,55,66,-0.0130202,-0.00530641
0,0.287168,1394,3369,-0.0154707,-0.00712896
0,0.185534,2882,8739,-0.0145064,-0.00604021
0,0.239945,293,120,-0.012554,-0.000629349
0,21.5562,517,1031,-0.0123241,-0.00255442
0,2.0068,3819,15180,-0.0157229,-0.0236838
0,0.025283,327,132,-0.0147759,0.00045351
0,0.027001,55,66,-0.0123443,0.00291329
0,5.84001,1813,4480,-0.0125614,-0.00848105
0,0.083047,55,66,-0.0119964,0.000433178
0,0.015198,55,66,-0.0130202,-0.00530641
0,0.015224,55,66,-0.0130219,-0.00530641
0,0.389183,120,66,-0.0108948,-0.0135696
0,19.5609,163,126,-0.0110047,-0.0048098
0,0.015254,55,66,-0.0130219,-0.0053079
0,2.07633,4605,66314,-0.0102872,-0.00448027
0,0.031312,341,132,-0.0127033,-0.00327722
0,0.369663,1490,4344,-0.0143994,-0.00791612
0,1.09673,202,74,-0.00757149,-0.0020852
0,0.125817,2312,17191,-0.0149512,-0.00575206
0,0.087806,178,178,-0.0147075,-0.00332435
0,0.14087,1710,5910,-0.0142313,-0.00700255
0,0.529142,1069,5698,-0.0119773,0.00450216
0,20.2323,40291,9879,-0.00922125,0.00546965
0,0.015249,55,66,-0.0130219,-0.0053079
0,29.985,2331,138842,-0.0111743,-0.00472483
0,37.7423,2208,6097,0.00948422,-0.00993749
0,0.104825,1141,6117,-0.0119253,-0.00287903
0,1.15415,1607,4555,-0.0147985,-0.0081451
0,1.13041,1728,5393,-0.0109355,-0.00694153
0,0.165646,327,198,-0.0152857,-0.000734803
0,0.015158,55,66,-0.0130204,-0.00539811
0,40.8104,3655,114090,0.0147474,-0.0021941
0,55.9093,11293,168425,0.00576842,0.000121689
0,0.136856,55,66,-0.0119305,0.000409555
0,2.16895,15986,1.54253e+06,-0.0105113,0.00028752
0,3.98529,3185,6382,-0.015224,-0.00297874
0,57.0326,19042,36591,0.0131278,0.000483155
0,0.707305,2562,20267,-0.0114836,-0.00613049
0,34.0357,55,126,0.0106088,-0.00452959
0,0.339428,1703,1198,-0.0183161,-0.00312
0,0.015243,55,66,-0.0130219,-0.00530664
0,0.015352,55,66,-0.0130217,-0.00531686
0,15.1184,1706,6276,-0.0133487,-0.00569075
0,0.015161,55,66,-0.0130204,-0.00539811
0,43.1964,519,244,0.00591979,-0.0031521
0,14.8428,217,371,-0.0144886,-0.0533623
0,1.02214,1776,6163,-0.014161,-0.00912601
0,0.219546,1866,5976,-0.015819,-0.00775501
0,1.08872,1992,4192,-0.0131879,-0.00544851
0,0.015265,55,66,-0.0130219,-0.0053079
0,0.121042,55,66,-0.0119911,0.000418906
0,0.024811,55,66,-0.0112842,-0.00190749
0,9.50683,1108,4518,-0.0120484,0.00157538
0,0.037572,55,66,-0.0131068,-0.00130107
0,1.87568,3884,8952,-0.0135772,-0.0142635
0,13.7715,361,198,-0.0142947,-0.00182182
0,40.1148,2669,45154,0.00398668,-0.00491767
0,3.09903,85,162,-0.0134587,-0.00360715
0,0.123174,1394,3733,-0.0141219,-0.00756698
0,0.186609,1149,7950,-0.0122635,0.00426486
0,0.199497,178,112,-0.0159911,-0.00268455
0,0.179945,2215,3423,-0.023904,-0.00280774
0,11.0903,3527,7524,-0.0165991,-0.00796925
0,0.095123,55,66,-0.0119964,0.000433068
0,0.263018,1195,6090,-0.0121586,0.00538704
0,0.22625,1460,3370,-0.0141866,-0.00764491
0,0.065717,171,171,-0.0218905,-0.00174445
0,18.3205,1527,1683,-0.0132475,-0.00927099
0,0.141143,1755,12231,-0.0211836,-0.00533809
0,23.3886,18834,301625,-0.0110335,-0.00101246
0,5.69699,2990,8002,-0.0134401,-0.00734217
0,6.33453,1962,9475,-0.0133307,-0.00776885
0,0.165547,1881,6459,-0.0140262,-0.00522071
0,115.624,3965,13943,0.0227158,-0.0127214
0,4.26584,1961,1826,-0.0296586,-0.00364833
0,68.0559,9678,109046,0.00711535,-0.000826469
0,0.015473,55,66,-0.0130258,-0.00531716
0,4.133,1752,4844,-0.0152247,-0.00571185
0,0.015142,55,66,-0.0130512,-0.0053981
0,0.015093,55,66,-0.0144522,-0.00531881
0,96.0488,3379,25045,0.0161369,-0.00405448
0,10.2201,3543,31524,-0.0159712,-0.00739416
0,0.145495,2188,2058,-0.0220417,-0.00395111
0,0.178681,2100,4728,-0.0148027,-0.00537852
0,17.238,6357,5864,-0.0165574,-0.00651659
0,0.611239,1641,5073,-0.0143742,-0.00844102
0,0.030115,178,178,-0.0143934,-0.00326636
0,1.87323,2175,5636,-0.0146262,-0.011392
0,0.988321,1619,692,-0.0138451,-0.00931414
0,9.2806,1831,9295,-0.0186874,-0.00870213
0,2.6158,4308,96520,-0.0190137,-0.00447821
0,0.041627,55,60,-0.0137128,-0.000497384
0,2.12643,163,126,-0.0119954,-0.00438219
0,0.514041,2351,4461,-0.014575,-0.00613673
0,8.10064,1807,5357,-0.0132792,-0.0094012
0,23.8601,217,211,-0.0123196,-0.00904043
0,0.037638,55,66,-0.0131166,-0.00132282
0,0.026905,55,66,-0.011937,0.00291329
0,13.465,1108,6119,-0.00803194,0.00509649
0,1.46378,5884,331959,-0.00804009,-0.00199022
0,0.123944,2601,945,-0.016922,-0.00268334
0,0.100953,55,66,-0.0119936,0.000429532
0,0.015215,55,66,-0.0130202,-0.00530641
0,3.91334,15621,656497,-0.0104625,0.0014578
0,21.0906,3114,3243,-0.0483088,0.00380606
0,0.572155,2839,5135,-0.0231547,-0.00368532
0,15.0284,163,371,-0.0136982,-0.00446663
0,0.026808,55,66,-0.0119376,0.00291318
0,0.094401,1800,30863,-0.0194315,-0.00541083
0,0.015222,55,66,-0.0130219,-0.00530641
0,0.157194,162,145,-0.0140213,-0.00604359
0,104.503,2973,36678,0.016488,-0.00547884
0,61.1186,3824,8693,0.0138268,-0.0157099
0,98.7324,33743,1.67956e+06,0.029644,0.00915734
0,0.108566,1602,6227,-0.0157403,-0.00614608
0,1.7566,1526,3527,-0.0140187,-0.0139155
0,0.252609,178,112,-0.0137874,-0.00268027
0,0.015238,55,66,-0.0130219,-0.00530664
0,0.115163,1502,3555,-0.0112693,-0.00737046
0,0.122912,55,66,-0.0119911,0.000418906
0,19.0617,3000,13994,-0.014481,-0.00738727
0,59.7565,14069,604696,0.00603036,0.000938385
0,4.86094,6884,8012,-0.0182612,-0.00938902
0,0.1037,55,66,-0.0119936,0.000429532
0,0.136293,171,171,-0.023146,-0.00380916
0,0.015245,162,145,-0.0140581,-0.0109913
0,0.024922,55,66,-0.012512,-0.00311342
0,0.015164,55,66,-0.0130202,-0.00536371
0,15.1609,1739,5162,-0.0131936,-0.0101097
0,14.9045,2782,20533,-0.0136412,-0.00575644
0,5.76568,5934,277590,-0.0114921,-0.00364459
0,45.1206,276,171,0.0120398,-0.000200791
0,23.0634,7953,399318,-0.0105884,-0.00217
0,24.7356,454,476,-0.0177826,-0.0201075
0,0.026856,55,66,-0.0119376,0.00291318
0,115.635,18277,590428,0.0136437,-0.00167699
0,9.7763,38947,839246,-0.009843,0.000976579
0,4.05994,4652,114126,-0.0109554,-0.00437836
0,41.951,3023,54340,0.0202865,-0.00277923
0,23.8152,2604,5249,-0.013372,-0.0130188
0,5.48412,1331,5630,-0.0132717,-0.00585974
0,2.84113,8274,253389,-0.0112325,-0.0032209
0,1.57535,3084,7628,-0.0143174,-0.00920275
0,0.024351,108,60,-0.0112559,-0.00431192
0,0.743739,5317,299686,-0.01123,-0.00377581
0,0.22786,11495,8105,-0.011662,-0.00312123
0,0.485435,2524,1653,-0.0158507,-0.00334306
0,0.135823,55,66,-0.0119304,0.000409591
0,26.6449,2013,4207,-0.0169342,-0.00466333
0,4.92485,4667,94706,-0.00957343,-0.00303278
0,0.022609,55,66,-0.0115714,-0.00190549
0,0.125374,2272,9063,-0.0166209,-0.00583565
0,0.024979,55,66,-0.012512,-0.00311342
0,0.025793,55,60,-0.010442,-0.00184472
0,0.651081,4325,161277,-0.0192927,-0.00346761
0,12.8148,361,264,-0.0136356,-0.00262987
0,15.022,163,371,-0.0136452,-0.00446666
0,58.3986,468,302,0.00708146,-0.00286951
0,1.12453,2586,6854,-0.0143287,-0.00562173
0,21.9314,1751,8755,-0.0138707,-0.00594216
0,29.6647,163,279,-0.0127288,-0.00557119
0,0.1685,1661,4822,-0.0138053,-0.00553656
0,6.18965,1580,777,-0.0144713,-0.00378823
0,0.359065,1962,2794,-0.0239776,-0.00295024
0,0.452173,236,198,-0.014845,-0.00153034
0,9.4675,3044,18082,-0.0206387,-0.00813141
0,2.64629,3456,7629,-0.0121459,-0.00578929
0,0.088462,1501,8400,-0.0140843,-0.00577789
0,0.019674,55,66,-0.0126442,-0.00388257
0,0.083751,1406,5037,-0.0148423,-0.00591412
0,0.112328,55,66,-0.0119938,0.000429612
0,63.3626,4849,175783,0.0111535,-0.000209083
0,0.322992,162,60,-0.0124763,-0.0048049
0,0.028125,55,66,-0.0124641,0.00294429
0,1.01956,2050,42424,-0.0192977,-0.00511942
0,0.334417,1530,5282,-0.0147577,-0.00753518
0,0.015239,55,66,-0.0130219,-0.00530664
0,0.024883,55,66,-0.0112842,-0.00190749
0,0.101391,154,100,-0.0133021,-0.00438505
0,0.023815,55,66,-0.0112835,-0.00190747
0,36.3803,1327,5144,0.0106533,-0.0072073
0,4.4875,1973,5898,-0.0144547,-0.00865132
0,0.927436,1724,4732,-0.0144838,-0.00737534
0,0.846535,1698,1790,-0.0140379,-0.00350047
0,0.216702,327,264,-0.0151362,-0.00101573
0,118.944,9824,33755,0.0201634,-0.00116011
0,0.127279,1674,5301,-0.0179499,-0.00841389
0,0.015245,178,112,-0.0138927,-0.003347
0,0.085237,55,60,-0.0123808,0.00139097
0,0.026831,55,66,-0.0119376,0.00291318
0,0.132395,1584,5197,-0.0145925,-0.00726534
0,0.026849,55,66,-0.0119376,0.00291318
0,0.0382,55,66,-0.0131166,-0.00132282
0,0.255988,2238,4363,-0.0133886,-0.00554205
0,44.6354,7145,283696,0.00612356,-0.00284371
0,0.156187,3596,53536,-0.0114051,-0.00495635
0,17.8987,3744,10264,-0.0125891,-0.00700351
0,0.211598,1514,4171,-0.015013,-0.00629224
0,0.025239,55,66,-0.012512,-0.00311342
0,0.157781,178,112,-0.0146682,-0.00266207
0,14.9012,217,371,-0.0140009,-0.0415307
0,0.02498,178,178,-0.0136349,-0.00274828
0,70.5968,24833,1.23747e+06,0.0106558,0.0035517
0,0.072283,1352,5387,-0.0146442,-0.00562507
0,0.116042,1394,3977,-0.0141813,-0.00756201
0,0.015209,108,60,-0.0124249,-0.00908361
0,0.064203,1249,6338,-0.013213,0.00528194
0,0.11689,1935,14051,-0.0153455,-0.00600769
0,0.090366,1437,5477,-0.0149354,-0.00481519
0,0.076832,1491,693,-0.0182958,-0.00481266
0,42.206,11796,674756,0.00575126,-9.76581e-05
0,0.015557,55,66,-0.0130249,-0.00531898
0,92.6315,3201,53955,0.00992477,-0.00396455
0,0.449971,2798,6172,-0.0139717,-0.00590914
0,11.2843,1926,26903,-0.0103574,-0.00537473
0,0.150087,1975,4176,-0.0146793,-0.00620837
0,26.6074,9429,46158,-0.0139701,-0.000509934
0,40.1196,2735,47022,0.00451738,-0.00425639
0,0.03384,240,54,-0.0188732,-0.0581126
0,30.6458,2799,42310,-0.0113734,-0.00682516
0,115.837,3403,82355,0.0143646,-0.00609906
0,0.024403,55,60,-0.0129626,-0.00202869
0,40.15,2893,42642,0.00548862,-0.00394337
0,40.4128,9609,2642,0.0130085,-0.0054253
0,0.071095,178,178,-0.0145411,-0.00307052
0,0.240126,1087,5462,-0.0123218,0.00529749
0,0.015288,55,66,-0.0130219,-0.00530796
0,0.091603,1257,6100,-0.0136541,0.00371577
0,37.8441,2395,6672,0.0128032,-0.00410645
0,0.015225,55,66,-0.0130219,-0.00530641
0,0.01526,55,66,-0.0130219,-0.0053079
0,0.19994,1502,4845,-0.0145297,-0.0146539
0,15.8825,1961,4969,-0.0125147,-0.00858919
0,6.46502,27478,2.37483e+06,-0.0109507,0.00323513
0,0.174434,1899,5341,-0.0149014,-0.00664314
0,27.6156,217,211,-0.0121391,-0.00696048
0,0.116732,55,66,-0.0119925,0.000423441
0,0.015097,55,66,-0.0136194,-0.00531325
0,0.065037,1441,1103,-0.0181182,-0.00490965
0,0.026989,55,66,-0.0123443,0.00291329
0,0.080189,1095,4474,-0.0129933,0.00374855
0,0.015151,55,66,-0.0130512,-0.00539811
0,107.449,18066,1.03561e+06,0.019123,-0.00220871
0,17.0193,163,180,-0.0103714,-0.0099026
0,0.025094,55,66,-0.012512,-0.00311342
0,0.220198,154,160,-0.0153133,-0.00211633
0,9.73496,1873,5128,-0.0307485,-0.00201525
0,0.015155,55,66,-0.0130512,-0.00539811
0,11.5906,904,424,-0.0139939,0.000531031
0,0.01998,55,66,-0.0126442,-0.00388255
0,1.40013,3084,107547,-0.0109697,-0.00456418
0,2.68113,2773,5243,-0.0299461,-0.003364
0,4.24598,2905,186855,-0.00926239,-0.00603138
0,0.356417,5118,123356,-0.0113527,-0.00383146
0,8.66982,2851,4931,-0.0128753,-0.0064882
0,36.3873,561,335,0.00521919,-0.0271298
0,5.84119,2361,5970,-0.0135264,-0.00609126
0,0.033263,213,108,-0.0135028,-0.0141254
0,0.023567,171,105,-0.0111472,-0.00180713
0,0.077503,1476,5388,-0.0150947,-0.00527543
0,0.197748,451,928,-0.0128791,-0.00190814
0,10.5104,2059,6382,-0.0135669,-0.00580117
0,0.01887,55,66,-0.0127547,-0.00410695
0,45.0399,110,132,0.0125178,-0.00613116
0,0.015314,55,66,-0.0130221,-0.00530796
0,0.165425,1502,3597,-0.0148705,-0.0156391
0,5.24723,2809,2591,-0.0161278,-0.00361404
0,102.402,2259,9280,0.018242,-0.0205416
0,0.837169,1725,12363,-0.0215398,-0.0052199
0,0.108906,341,198,-0.0151906,-0.00125047
0,0.035584,231,162,-0.0142817,-0.035199
0,0.018553,171,105,-0.0109899,-0.00199735
0,0.089381,1352,4428,-0.0146741,-0.00560643
0,0.694993,2349,1979,-0.0124298,-0.0171063
0,0.079521,305,108,-0.0130081,-0.00821074
0,0.015258,55,66,-0.0130219,-0.0053079
0,53.5027,498,237,0.00884224,-0.0248743
0,0.404231,1794,7165,-0.0147886,-0.00527527
0,10.3064,958,500,-0.0137805,0.000854556
0,5.03029,217,211,-0.0118825,-0.00675961
0,0.026961,178,112,-0.0146302,-0.00260734
0,4.2291,17084,13338,-0.0102396,-0.00429434
0,4.52905,9022,255027,-0.0106513,-0.00212683
0,0.03358,55,66,-0.0123099,0.000162475
0,0.131329,1649,8486,-0.0146265,-0.00658221
0,22.194,271,277,-0.0128092,-0.00154098
0,0.190562,1627,7386,-0.0207003,-0.0155107
0,0.018515,55,66,-0.0128228,-0.0040804
0,112.182,22430,164402,0.0174888,0.00300549
0,1.53781,1009,428,-0.0130557,7.31234e-05
0,26.5784,890,1946,-0.0120837,-0.00346315
0,0.227874,1650,6949,-0.0213972,-0.00779397
0,20.7155,349,448,-0.019973,-0.0242483
0,0.024925,543,21058,-0.0177051,0.00485346
0,35.4609,2226,4928,0.0110374,-0.00219222
0,0.018792,55,66,-0.0127547,-0.00410695
0,13.5397,1989,6905,-0.0145682,-0.00849521
0,0.228235,1634,8507,-0.0137339,-0.0143591
0,0.624304,1987,6581,-0.0111802,-0.00618267
0,0.027204,341,132,-0.0146727,-0.000581253
0,0.027271,55,66,-0.0123473,0.00290804
0,0.083372,55,66,-0.0119964,0.000433178
0,0.113935,1436,3734,-0.0142554,-0.0111617
0,112.09,669,408,-0.000707255,-0.0303734
0,0.045013,178,112,-0.0147161,-0.00263144
0,0.442223,1552,4031,-0.0138736,-0.00589555
0,0.686578,3113,9457,-0.0142634,-0.0359942
0,0.072152,1195,5865,-0.0127321,0.00539655
0,13.2678,383,330,-0.0134943,-0.00115596
0,0.358114,1592,4846,-0.0146917,-0.00707954
0,0.015169,154,100,-0.0112138,-0.00499732
0,0.02035,55,66,-0.0126458,-0.00388709
0,0.032132,55,66,-0.0123066,0.000165859
0,0.015286,55,66,-0.0130219,-0.00530796
0,0.135326,1704,5900,-0.0159971,-0.00707707
0,0.263346,55,66,-0.0105715,0.000390841
0,0.110756,305,108,-0.0129887,-0.00826195
0,0.026828,55,66,-0.0119376,0.00291318
0,1.41867,1725,5298,-0.0109484,-0.00589045
0,0.065564,1503,3898,-0.014267,-0.00566902
0,26.2768,8897,27980,-0.0102176,-0.00282528
0,0.020359,55,66,-0.0126458,-0.00388709
0,9.93405,4660,10166,-0.036912,0.00189012
0,0.028305,178,178,-0.0138632,-0.00324753
0,37.9999,163,186,0.00888366,-0.00522357
0,0.02346,55,66,-0.0112835,-0.00190657
0,32.7674,3632,7614,-0.0157546,-0.0028687
0,0.041403,55,66,-0.0132083,-0.00226942
0,45.0228,110,132,0.0122332,-0.00677081
0,60.8965,2525,68684,0.0065292,-0.00752717
0,0.433348,2326,50217,-0.0182726,-0.00521159
0,45.0581,110,132,0.011388,-0.00528258
0,0.078899,55,66,-0.0119964,0.000433178
0,0.165006,1460,4742,-0.0153146,-0.00762872
0,0.056904,1025,3920,-0.0126858,0.00401285
0,0.02663,55,66,-0.0114775,0.002686
0,12.9466,403,295,-0.0151215,-0.0370415
0,5.29921,1503,4121,-0.0141677,-0.0092773
0,0.024899,55,60,-0.0131088,-0.00217259
0,85.2659,681,537,0.0118588,-0.0316247
0,0.113815,1665,7520,-0.0146295,-0.00515208
0,39.8826,217,371,0.00972477,-0.0452401
0,0.037255,55,66,-0.0123068,-0.00125385
0,0.015349,55,66,-0.0130217,-0.00530796
0,2.12636,911,15126,-0.00787673,0.00444393
0,14.7513,163,371,-0.0137082,-0.00448154
0,0.096991,55,66,-0.0119964,0.000433068
0,0.015176,55,66,-0.0130202,-0.00530641
0,0.171933,1764,5950,-0.0161681,-0.00699213
0,11.5174,1740,870,-0.0175669,-0.00322057
0,39.9263,217,357,0.00981204,-0.0257337
0,0.040057,369,216,-0.0146385,-0.0250443
0,0.098482,1650,5605,-0.0150836,-0.00713867
0,29.3344,1613,4722,-0.0146793,-0.00896416
0,0.074207,1108,3982,-0.0122382,0.00330795
0,0.029071,327,132,-0.0150472,-0.000778153
0,0.015241,55,66,-0.0130219,-0.00530664
0,32.3529,55,126,-0.0108339,-0.00350382
0,3.81552,2520,9785,-0.0201091,-0.00839095
0,6.47222,2096,6061,-0.0168306,-0.0122084
0,0.167501,1436,3735,-0.0142525,-0.0090918
0,4.86796,1653,15255,-0.0148779,-0.00616563
0,0.812071,109,145,-0.01342,-0.00399928
0,90.0827,165,198,0.011654,-0.00632059
0,0.099399,55,60,-0.0123797,0.00138732
0,0.027375,55,66,-0.0123473,0.00290804
0,2.1994,1900,2123,-0.0283628,-0.00374739
0,21.6589,2717,28186,-0.0138504,-0.00652388
0,0.041062,55,60,-0.0137095,-0.000497384
0,0.01554,55,66,-0.0130249,-0.00531898
0,1.28475,197,216,-0.0124144,-0.0526928
0,0.610583,1406,4413,-0.0149119,-0.00542625
0,0.015205,55,66,-0.0130202,-0.00530641
0,0.138135,2016,10072,-0.0154502,-0.00598699
0,0.092314,327,132,-0.0151347,0.000425527
0,0.664307,1425,3893,-0.0140043,-0.00836966
0,3.42341,1783,8640,-0.0131469,-0.00620406
0,14.1741,2224,4637,-0.0158525,-0.00614099
0,0.192456,55,66,-0.0119158,0.0003913
0,0.128597,327,198,-0.0153614,-0.00083517
0,0.415519,1530,6305,-0.0138767,-0.00646681
0,0.015217,55,66,-0.0130202,-0.00530641
0,0.24526,74,60,-0.013028,-0.00331956
0,1.4543,1406,4297,-0.011182,-0.00916884
0,21.0952,2385,8093,-0.0130404,-0.00797931
0,0.716794,2084,8245,-0.0140566,-0.00688827
0,6.09996,1251,622,-0.0141386,-0.00123367
0,0.58468,2298,32442,-0.0113457,-0.00589667
0,22.4276,163,126,-0.0109982,-0.00480924
0,0.135625,55,66,-0.0119304,0.000409591
0,0.014807,55,66,-0.0144031,-0.00516006
0,7.44411,364,2507,-0.0135888,-0.0107539
0,0.5625,1725,3357,-0.0139877,-0.010774
0,27.9566,19927,17532,-0.0131473,-0.000800468
0,0.079079,55,66,-0.0119964,0.000433178
0,0.018649,55,66,-0.0127547,-0.00410695
0,2.90766,1886,14824,-0.0127297,-0.00701137
0,0.102175,55,66,-0.0119936,0.000429532
0,0.493236,1838,4377,-0.0129453,-0.00622252
0,1.86438,4398,1521,-0.0129406,-0.00711376
0,0.014827,55,66,-0.0144002,-0.00516006
0,0.029661,55,66,-0.0124659,0.00295408
0,0.01527,55,66,-0.0130219,-0.0053079
0,0.027069,327,216,-0.0196906,-0.000789169
0,0.027115,55,66,-0.0123466,0.00290863
0,0.08087,55,66,-0.0119964,0.000433178
0,0.165177,1460,3773,-0.0141955,-0.00754894
0,5.36557,1845,4158,-0.0134174,-0.00894572
0,0.236022,7691,336202,-0.0118955,-0.00321283
0,0.035721,229,198,-0.0139636,-0.00721214
0,0.091623,55,66,-0.0119964,0.000432936
0,0.144967,2156,1755,-0.0152788,-0.00539116
0,0.575532,1542,928,-0.0165551,-0.00359974
0,2.69038,2553,7608,-0.0123689,-0.0240131
0,0.019326,108,198,-0.012412,-0.00396163
0,0.015203,55,66,-0.0130202,-0.00530641
0,12.9857,1767,4983,-0.012351,-0.00471303
0,3.81703,3087,23990,-0.0135483,-0.00670992
0,0.027058,367,215,-0.0144344,-0.0250297
0,6.64162,1840,6955,-0.0131923,-0.00597212
0,0.015289,108,60,-0.0120635,-0.00896383
0,0.089111,154,100,-0.0119348,-0.00435952
0,0.083069,1436,3733,-0.0151518,-0.00649029
0,21.5971,4710,4035,-0.0134697,-0.0135029
0,2.34499,2563,12574,-0.013327,-0.00678521
0,71.6571,349,132,0.0129622,-0.00138933
0,0.014882,55,66,-0.0144,-0.00516197
0,4.17153,1753,7518,-0.0191269,-0.00898961
0,0.326261,1503,6871,-0.0136088,-0.00607859
0,0.304151,341,198,-0.0155024,-0.00117861
0,90.2717,165,198,0.0130299,-0.00682953
0,0.025114,55,66,-0.012512,-0.00311342
0,40.1132,2537,39482,0.00377647,-0.00522301
0,0.026758,55,66,-0.0119375,0.00291318
0,0.635064,163,263,-0.0132728,-0.00475805
0,0.058388,55,66,-0.0121964,0.000491883
0,0.033533,55,66,-0.0123099,0.000162475
0,0.015223,55,66,-0.0130219,-0.00530641
0,20.1547,1853,7051,-0.0136803,-0.00551597
0,34.3125,271,204,0.00787576,-0.00985655
0,28.8943,2773,4498,-0.0133718,-0.00961423
0,27.0897,325,271,-0.0129946,-0.00215696
0,17.9346,4086,4619,-0.013568,-0.007936
0,10.0445,3614,5713,-0.0122372,-0.00481469
0,0.723867,2227,7092,-0.0143222,-0.00585118
0,0.187952,1788,6372,-0.0143331,-0.00726795
0,0.167964,1526,3839,-0.0145222,-0.0155771
0,1.06204,2246,1181,-0.0237686,-0.0019161
0,0.143887,1970,18210,-0.0152267,-0.00589842
0,0.015132,55,66,-0.0130512,-0.0053981
0,0.029674,55,60,-0.010453,0.00397783
0,0.041035,295,271,-0.0168539,-0.0436326
0,0.149695,1488,8857,-0.0145909,-0.00591594
0,40.1457,1734,10893,0.0118303,-0.0051926
0,0.021903,341,264,-0.0170053,-0.0363067
0,0.121985,897,3144,-0.0120374,0.00158764
0,0.898421,11969,7071,-0.0143228,-0.00315943
0,31.9908,73912,20743,-0.00916096,0.007569
0,0.369018,2540,46073,-0.0111526,-0.00622275
0,0.097343,341,198,-0.015206,-0.00125908
0,1.14281,1534,3801,-0.0144245,-0.0173137
0,0.024342,327,192,-0.0171136,-0.0363292
0,23.8913,271,264,-0.0140938,-0.00109594
0,0.389266,1436,3531,-0.0143298,-0.00914732
0,0.024779,171,105,-0.0111539,-0.00180717
0,5.64965,2037,4952,-0.0146074,-0.00863773
0,96.0609,4500,21379,0.0160462,-0.00254133
0,0.793906,2110,5157,-0.0129326,-0.00711422
0,0.546285,426,273,-0.0144698,-0.00113822
0,22.114,2798,54955,-0.011498,-0.00544664
0,0.027717,178,112,-0.0146372,-0.00261945
0,29.9903,2339,5705,-0.0162501,-0.00242067
0,0.484711,85,162,-0.0134948,-0.00540715
0,0.031281,341,132,-0.0149256,-0.00174748
0,116.162,2759,36024,0.0115102,-0.0037115
0,7.96287,163,126,-0.011799,-0.00491066
0,0.106151,1533,4694,-0.0160258,-0.00575301
0,0.154559,55,60,-0.0123514,0.00134695
0,0.086885,1394,3732,-0.0143195,-0.00672936
0,0.015251,55,66,-0.0130219,-0.0053079
0,0.17212,1526,3839,-0.014521,-0.0156379
0,13.2865,2665,5634,-0.0108843,-0.00914197
0,3.36546,4460,131830,-0.0101188,-0.00456742
0,115.501,3142,35830,0.011046,-0.00502657
0,10.1507,1025,3429,-0.0107656,0.000856791
0,28.0644,8307,176849,-0.00836085,-0.00172132
0,0.756069,4406,121604,-0.0193615,-0.00364992
0,0.127488,1422,6055,-0.0140004,-0.00635491
0,2.12454,5185,343568,-0.0120181,-0.00382024
0,0.025175,55,66,-0.012512,-0.00311342
0,0.026834,55,66,-0.0119376,0.00291318
0,0.015294,55,66,-0.0130219,-0.00530796
0,0.231103,55,60,-0.0109934,0.0013487
0,0.025088,171,105,-0.0111686,-0.00182138
0,31.6694,55,120,-0.0130478,-0.00574763
0,3.73318,12965,318284,-0.0108777,0.000920376
0,0.028704,171,105,-0.0119472,-0.00183393
0,29.9912,1781,7953,-0.0132171,-0.0105899
0,5.38148,7608,8050,-0.0158328,-0.0145692
0,0.170835,804,265,-0.0197654,-0.000383596
0,0.972144,1836,6646,-0.0142205,-0.00659504
0,0.015256,178,112,-0.0138927,-0.00334717
0,0.021345,210,156,-0.0170523,-0.039954
0,15.2999,1969,3888,-0.012061,-0.00842969
0,40.1406,1990,16169,0.0121963,-0.00418218
0,0.015273,55,66,-0.0130219,-0.0053079
0,15.4409,2234,7763,-0.0134011,-0.00719554
0,14.9082,163,303,-0.0123503,-0.00564511
0,0.024841,55,66,-0.0112842,-0.00190749
0,5.66304,2553,7744,-0.0132456,-0.00679301
0,0.029439,178,112,-0.0146536,-0.00262323
0,0.137488,55,66,-0.0119305,0.000409555
0,0.018188,55,66,-0.0130391,-0.00484171
0,13.6039,349,295,-0.0128838,-0.00843037
0,8.36535,16633,359673,-0.0111021,-0.00348494
0,2.37773,1900,6705,-0.0133247,-0.00617747
0,0.015184,55,66,-0.0130202,-0.00530641
0,4.34345,30429,4.26294e+06,-0.00994295,0.00383468
0,0.158684,55,66,-0.0119295,0.000389156
0,0.369722,1436,3755,-0.0142558,-0.00777658
0,30.3537,2137,7169,-0.0135733,-0.0140163
0,9.92873,1976,4420,-0.0162565,-0.00326047
0,1.04129,1727,4399,-0.013551,-0.00584843
0,0.190744,2386,7432,-0.0139184,-0.00702805
0,2.50404,283,229,-0.0138447,-0.00805047
0,39.9274,2082,5537,0.00913859,-0.0132071
0,0.028943,341,132,-0.015037,-0.000956442
0,8.51844,1864,1289,-0.0147169,-0.00272204
0,0.067708,171,171,-0.0227788,-0.00261933
0,1.07869,1906,7905,-0.0132625,-0.00708798
0,5.3256,2915,4025,-0.0130431,-0.00857312
0,0.515368,3794,1558,-0.0133276,-0.00545725
0,8.341,1956,7490,-0.0128527,-0.00673126
0,61.6071,4306,8705,0.0141682,-0.0157889
0,50.2077,6736,20572,0.0131033,-0.00343334
0,0.090176,1710,5910,-0.0157935,-0.00677175
0,0.171546,1787,5818,-0.0183668,-0.00778999
0,4.2627,163,126,-0.0119422,-0.00463645
0,0.136943,1436,3735,-0.0143294,-0.00708566
0,0.026707,55,66,-0.0115423,0.00302299
0,0.393917,1679,7213,-0.013766,-0.00564191
0,0.7316,2533,31356,-0.0152499,-0.00652874
0,0.028433,305,108,-0.0130688,-0.00802669
0,2.2596,3522,72015,-0.0194697,-0.00466616
0,0.015143,55,66,-0.0130512,-0.00539811
0,32.805,1052,678,-0.0100845,0.000807398
0,0.521952,2401,4144,-0.0174402,-0.00308514
0,52.7827,676,6451,0.00671725,-0.00369986
0,45.0607,110,132,0.0127188,-0.00521057
0,0.130253,1830,16618,-0.0142426,-0.00546038
0,0.02693,171,105,-0.0119065,-0.00181098
0,23.0737,1832,1284,-0.0157952,-0.00272427
0,0.025614,108,60,-0.00998921,-0.00400612
0,10.2327,3142,4935,-0.0154203,-0.00724559
0,0.079446,1731,7505,-0.0149492,-0.00630679
0,0.132721,1879,9556,-0.0131727,-0.00618114
0,6.89397,154,220,-0.011923,-0.00802911
0,0.132625,305,108,-0.0129802,-0.0082506
0,0.09995,1141,4471,-0.0129683,0.00310433
0,0.028848,154,100,-0.0119485,-0.00431307
0,0.024952,55,66,-0.012512,-0.00311342
0,0.024825,171,105,-0.0111539,-0.00180717
0,117.027,4071,57538,0.0148591,-0.00514985
0,70.2516,2189,8154,0.0144262,-0.0177518
0,14.1486,825,849,-0.013735,-0.00500908
0,0.01564,147,93,-0.00978217,-0.0050313
0,30.2189,2437,1423,-0.0155154,-0.00340449
0,116.108,2484,5090,0.0179433,-0.00422923
0,0.021313,162,145,-0.0157492,-0.0528658
0,0.015183,55,66,-0.0130202,-0.00530641
0,0.064964,971,2736,-0.0129755,0.00324126
0,0.027029,55,66,-0.0123443,0.00291329
0,1.51247,1647,3512,-0.0156676,-0.00693807
0,0.015222,55,66,-0.0130219,-0.00530641
0,28.8732,2197,5672,-0.0130214,-0.011382
0,0.87142,1359,3239,-0.0134095,-0.00805232
0,35.9816,2980,7747,0.0108624,-0.00445003
0,9.94224,1768,1181,-0.0153672,-0.00397735
0,59.2502,16496,14528,0.0129483,-0.000768781
0,1.18937,1883,4570,-0.013751,-0.0102328
0,0.119697,1659,1101,-0.0168396,-0.00291891
0,0.027274,55,66,-0.0123473,0.00290804
0,0.159143,2215,3707,-0.0256142,-0.00219667
0,60.602,2079,5516,0.0138833,-0.00185357
0,22.7087,31037,1.02101e+06,-0.0105832,0.00140737
0,57.3129,2461,3180,0.00129264,-0.0026162
0,0.563111,4658,145054,-0.0108168,-0.00348395
0,0.015126,55,66,-0.0130512,-0.0053981
0,1.22029,3929,98089,-0.0191048,-0.00392412
0,0.110888,1394,3662,-0.019305,-0.00867079
0,8.04171,3400,76759,-0.0113006,-0.00551544
0,0.078567,55,66,-0.0119971,0.000433178
0,27.4728,2327,4464,-0.0134237,-0.0172214
0,23.062,415,427,-0.0149616,-0.00326455
0,20.9558,644,1774,-0.0149419,0.000144094
0,0.015297,55,66,-0.0130219,-0.00530796
0,0.014863,162,138,-0.0154118,-0.0419201
0,0.181866,1551,6042,-0.0136169,-0.00741421
0,0.049957,108,120,-0.0131345,-0.00342519
0,0.099881,1572,5178,-0.015965,-0.00608612
0,1.14557,2029,6621,-0.0180644,-0.0080258
0,0.040044,237,193,-0.014878,-0.000811187
0,12.9337,7346,247457,-0.0105575,-0.00272164
0,6.18709,2371,6506,-0.0133966,-0.0106101
0,15.336,519,310,-0.0126,-0.00251811
0,9.74132,2587,55159,-0.0111382,-0.00559535
0,0.017545,279,120,-0.0137957,-0.00354064
0,0.028571,305,108,-0.0130688,-0.00802669
0,0.08854,55,60,-0.0123809,0.00139073
0,21.6526,2529,1601,-0.0159486,-0.00276476
0,6.64119,1839,5539,-0.0123942,-0.00872812
0,0.025094,55,66,-0.012512,-0.00311342
0,0.015278,55,66,-0.0130219,-0.00530796
0,0.02773,55,66,-0.0124441,0.00294726
0,0.206787,341,264,-0.0168269,-0.0363603
0,0.023796,171,171,-0.021957,-0.00277314
0,0.224006,55,60,-0.0109933,0.00134909
0,4.29499,2329,2668,-0.0181928,-0.000775847
0,0.020097,305,108,-0.0130366,-0.00810759
0,0.821303,5947,6926,-0.0155774,-0.00466194
0,9.69499,2657,8846,-0.0128719,-0.00682582
0,0.066314,171,171,-0.0218905,-0.00174445
0,0.022427,55,66,-0.0115758,-0.00189713
0,3.95846,45461,1.07776e+06,-0.0104015,0.00422347
0,0.234746,2089,3820,-0.0139576,-0.00647824
0,57.1737,498,369,0.00823874,-0.0254138
0,0.7686,2496,20231,-0.010295,-0.00581154
0,0.176417,1502,3436,-0.0138031,-0.0147764
0,0.346636,2300,45009,-0.0192286,-0.00549934
0,75.2185,3937,12219,0.0145258,-0.00410733
0,0.133913,55,66,-0.0119304,0.000409591
0,115.433,2379,4911,0.0176689,-0.00675519
0,0.223036,3080,3932,-0.0157727,-0.00687196
0,2.0812,216,205,-0.011679,-0.00803708
0,0.163656,1502,3821,-0.0145225,-0.0153249
0,0.015253,178,112,-0.0138841,-0.00334676
0,0.015259,55,66,-0.0130219,-0.0053079
0,0.874582,1692,5979,-0.0113835,-0.00920808
0,95.6299,11952,11150,0.0157243,0.00205712
0,3.76227,1777,29912,-0.01002,-0.00537174
0,45.0787,110,132,0.0126899,-0.00515502
0,3.60757,5023,24795,-0.0106705,-0.00573004
0,60.6609,2088,7235,0.0137417,-0.0032603
0,4.95818,3138,39128,-0.0141591,-0.0041855
0,0.161272,1734,7076,-0.0143128,-0.00575801
0,0.141601,1865,6845,-0.0142081,-0.0074689
0,0.099599,1476,5336,-0.0153306,-0.00686298
0,66.6206,3523,7666,0.00856755,-0.0125089
0,15.0127,163,280,-0.014499,-0.0132695
0,3.06618,15208,1.06179e+06,-0.010679,0.000749875
0,4.33944,2582,9854,-0.014278,-0.00851879
0,0.02671,55,66,-0.0115423,0.00302299
0,1.19844,4326,162333,-0.0102204,-0.00300028
0,0.027136,231,108,-0.0132043,-0.0118245
0,0.087496,1431,5906,-0.0139647,-0.00550975
0,0.033184,55,60,-0.0102937,0.00128605
0,6.6663,163,126,-0.0116071,-0.00767282
0,0.02482,55,66,-0.0112842,-0.00190749
0,5.26492,1344,3827,-0.0134256,-0.00561883
0,0.209862,2302,5339,-0.023272,-0.00879319
0,0.023437,108,60,-0.0112956,-0.00416598
0,0.083049,1328,3734,-0.014521,-0.00630795
0,0.019867,55,66,-0.0126442,-0.00388255
0,35.2503,2425,18136,0.0188867,-0.00342266
0,0.024892,55,66,-0.012512,-0.00311342
0,6.73235,1891,45117,-0.0117723,-0.00608606
0,0.513277,3870,71340,-0.0112724,-0.00466631
0,9.62674,14209,575113,-0.0101261,0.000465772
0,7.35699,1820,5121,-0.0127458,-0.0083806
0,0.381209,1526,3839,-0.0145452,-0.00722118
0,2.82725,1954,32701,-0.00929919,-0.00530597
0,0.084784,154,100,-0.0119348,-0.00435982
0,0.088258,897,3152,-0.0120829,0.00560659
0,2.5688,1856,4138,-0.010482,-0.00829428
0,12.5282,2800,3461,-0.0135692,-0.00530817
0,0.069372,178,178,-0.0145325,-0.00307106
0,14.6086,163,383,-0.0149563,-0.00732087
0,0.050563,178,112,-0.0147216,-0.00263308
0,10.7133,1108,5763,-0.0109833,0.00529092
0,0.019195,108,198,-0.012413,-0.00396116
0,2.78983,301,120,-0.0130831,-0.00112773
0,0.095193,1195,4572,-0.0127476,0.00312532
0,0.025286,55,66,-0.012512,-0.00311342
0,5.46398,1561,4008,-0.0131285,-0.00953238
0,0.025325,55,66,-0.012512,-0.00311342
0,93.277,17251,589096,0.00953205,-0.00151094
0,0.636608,1491,1629,-0.0184682,-0.0035744
0,0.015203,55,66,-0.0130202,-0.00530641
0,0.07909,55,66,-0.0119964,0.000433178
0,0.045096,961,5781,-0.0130452,0.00594142
0,1.31624,3358,34604,-0.0179164,-0.00511361
0,0.381975,1502,4911,-0.0147094,-0.00633451
0,18.123,6977,148255,-0.00846725,-0.00352012
0,0.072867,1533,4475,-0.0159297,-0.00654564
0,2.59578,1749,5478,-0.0137724,-0.00571902
0,0.021443,55,66,-0.0126307,-0.00369524
0,0.365205,2775,6771,-0.0138001,-0.00573922
0,13.4845,12142,41756,-0.0097598,-0.0124813
0,0.402092,1534,7225,-0.0137618,-0.00627332
0,0.015215,55,66,-0.0130202,-0.00530641
0,0.149323,1943,6179,-0.0157253,-0.00596057
0,0.021541,154,100,-0.0110714,-0.00436342
0,0.116132,55,66,-0.0119925,0.000423441
0,2.83682,1685,5491,-0.0177019,-0.01553
0,0.015196,55,66,-0.0130202,-0.00530641
0,13.9232,2811,1330,-0.0240719,-0.00302087
0,0.100417,341,132,-0.0151347,0.000214088
0,5.72298,4465,71752,-0.0151287,-0.00412842
0,0.114116,1502,3799,-0.014491,-0.0149201
0,0.124786,1568,3958,-0.013526,-0.00604153
0,0.098452,108,60,-0.0121652,-0.00460134
0,14.8736,217,371,-0.0138997,-0.0136359
0,0.212516,2931,4992,-0.0172884,-0.0166847
0,0.015187,178,112,-0.0138811,-0.00334676
0,1.0047,1842,10451,-0.0152961,-0.0065246
0,0.100428,55,66,-0.0119953,0.000429532
0,0.015703,279,120,-0.0144169,-0.00269347
0,0.015378,55,66,-0.0130241,-0.00531686
0,0.169914,1436,3367,-0.0142797,-0.0126675
0,15.6281,163,126,-0.0112594,-0.00774923
0,0.01632,178,178,-0.0150973,-0.00383837
0,0.072834,1352,3390,-0.0154096,-0.00707113
0,14.7297,271,371,-0.0157112,-0.0492867
0,108.239,3364,7896,0.00499017,-0.00268361
0,2.15288,1195,5857,-0.0110876,0.00512457
0,5.99409,7210,102580,-0.0113339,-0.00547071
0,17.6534,405,703,-0.0182867,-0.00278262
0,0.015247,55,66,-0.0130219,-0.0053079
0,12.8083,1054,4110,-0.0114728,0.00191653
0,0.015229,55,66,-0.0130219,-0.00530641
0,0.74535,1616,4846,-0.0167129,-0.00931941
0,0.015255,55,66,-0.0130219,-0.0053079
0,7.20513,3120,6390,-0.0168281,-0.00255288
0,0.833716,1602,6219,-0.010953,-0.00729959
0,0.260331,4813,19671,-0.0117426,-0.00520492
0,0.294287,1108,5672,-0.0122934,0.00515811
0,0.026847,55,66,-0.0119376,0.00291318
0,44.9033,3242,35599,0.00641103,-0.00244251
0,3.31453,519,310,-0.0141616,-0.00164312
0,0.028205,245,108,-0.0133781,-0.00981523
0,0.022274,55,66,-0.0115758,-0.00189713
0,3.40239,8666,324974,-0.00934542,-0.00277319
0,0.0152,55,66,-0.0130202,-0.00530641
0,119.875,3539,27634,0.037278,-0.00521287
0,17.2925,2345,8401,-0.0130412,-0.00654543
0,0.961906,2586,28629,-0.0175613,-0.00696246
0,0.336307,853,3526,-0.00885223,0.00528887
0,0.016404,55,66,-0.0132324,-0.00483272
0,45.1535,110,120,0.0112153,-0.0039867
0,7.45948,1776,6106,-0.0133496,-0.0103488
0,15.0793,163,371,-0.0137084,-0.0044815
0,8.89257,2787,6928,-0.0122508,-0.00824292
0,0.381138,1839,1559,-0.0234535,-0.00258192
0,0.162798,1460,3529,-0.014227,-0.00766428
0,0.025147,108,60,-0.00998785,-0.00403165
0,3.84098,1873,11143,-0.0129348,-0.00624332
0,0.044929,55,66,-0.0119209,0.000133878
0,0.057028,178,112,-0.0153076,-0.00319766
0,0.020817,55,66,-0.0126332,-0.00369499
0,0.055806,971,2286,-0.012573,0.00163111
0,35.4708,163,126,0.00644672,-0.00800503
0,4.95528,2118,60654,-0.0118706,-0.00592253
0,0.020987,108,60,-0.0116299,-0.00542482
0,14.8974,163,296,-0.0119028,-0.00599311
0,0.377557,1781,6612,-0.013733,-0.00557857
0,0.411266,2082,1465,-0.0231547,-0.00231444
0,0.028,55,66,-0.0124639,0.00294261
0,0.180177,1436,4277,-0.0140643,-0.00640432
0,0.150371,1899,6631,-0.0143232,-0.00400622
0,0.121512,178,178,-0.0147451,-0.00333743
0,2.01821,2637,7193,-0.0135607,-0.0101419
0,0.125061,1436,3734,-0.0142855,-0.00709276
0,0.230348,2065,6124,-0.0143139,-0.00708656
0,5.57394,10134,246637,-0.00946249,0.00112163
0,0.015736,178,112,-0.0138931,-0.00334521
0,119.759,10292,342193,0.0197096,0.000537167
0,0.395603,1526,3821,-0.0145469,-0.00880689
0,0.179381,1436,3530,-0.0141869,-0.0121344
0,0.05992,55,66,-0.0121972,0.000491883
0,2.46658,5277,1690,-0.0156968,-0.00475579
0,0.014938,162,145,-0.0149932,-0.0115034
0,4.28378,2496,6141,-0.0088471,-0.00812499
0,0.263409,2693,3995,-0.0369007,-0.00327204
0,2.80694,1882,4429,-0.0131787,-0.00570801
0,0.017959,55,66,-0.0131494,-0.00484171
0,0.144673,2408,40773,-0.0114028,-0.00537049
0,0.02729,55,66,-0.0123473,0.00290804
0,0.189248,1559,3957,-0.0135487,-0.00587285
0,0.044137,55,66,-0.0129179,-0.00234874
0,45.2013,110,120,0.0111044,-0.0039048
0,45.4656,110,120,0.00891774,-0.00395837
0,0.180446,2047,22482,-0.0233476,-0.00522767
0,0.071888,1108,3784,-0.0123139,0.00366205
0,0.020007,178,112,-0.0137472,-0.00272251
0,0.093997,1627,9842,-0.0227401,-0.00545792
0,1.29844,10121,6295,-0.0141668,-0.00303829
0,0.52486,85,162,-0.0134959,-0.00540597
0,0.052749,1108,6861,-0.0132803,0.00470401
0,1.52014,715,2633,-0.0153486,0.000757432
0,0.102617,55,66,-0.0119936,0.000429532
0,8.79224,9333,245908,-0.0105821,0.000589728
0,0.020743,171,171,-0.0227053,-0.00316954
0,0.016326,55,66,-0.0131493,-0.0052724
0,0.025605,327,132,-0.0147759,0.000453508
0,96.818,11297,1.11638e+06,0.0107552,-0.00267216
0,0.078592,1249,6851,-0.0130676,0.00514672
0,3.05621,5688,3328,-0.0188526,-0.00626481
0,62.7005,4701,21510,0.0143054,-0.00348597
0,0.015148,55,66,-0.0130512,-0.00539811
0,0.016169,317,108,-0.0131113,-0.0080402
0,31.6733,217,198,-0.0125069,-0.00623958
0,13.5316,163,126,-0.0112231,-0.00768142
0,0.024795,171,171,-0.0219572,-0.00277629
0,11.4538,13709,452252,-0.010678,-0.00153535
0,47.7089,3325,6248,0.0125719,-0.00634613
0,14.9299,163,371,-0.0137168,-0.00493511
0,0.165464,2251,7363,-0.0207637,-0.0123559
0,12.6193,3870,4312,-0.0126444,-0.00742333
0,0.014804,55,66,-0.0144031,-0.00516006
0,0.019662,217,229,-0.0168414,-0.0398416
0,9.72222,2958,41490,-0.0107093,-0.00596604
0,92.8301,4813,11729,0.0159067,-0.0153799
0,0.164209,1460,4551,-0.012103,-0.00660768
0,0.015161,55,66,-0.0130204,-0.00539811
0,20.5351,7210,320622,-0.0113962,-0.00278237
0,35.6692,2909,8760,0.0112004,-0.00438839
0,10.5916,1141,5632,-0.0112839,0.00456357
0,0.015223,55,66,-0.0130219,-0.00530641
0,1.02509,1899,5505,-0.0140074,-0.00594445
0,30.7614,163,126,-0.0109585,-0.00487289
0,1.02106,2232,7003,-0.0281389,-0.00251772
0,52.5888,743,2845,0.0110773,-0.00169652
0,6.34482,163,126,-0.0115964,-0.00768038
0,7.50335,15423,307391,-0.0106652,0.000919493
0,0.015213,55,66,-0.0130202,-0.00530641
0,0.15108,55,60,-0.0123515,0.00134694
0,0.015655,55,66,-0.0130249,-0.00531896
0,0.015242,108,60,-0.0120635,-0.00896272
0,0.015211,55,66,-0.0130202,-0.00530641
0,7.49627,2238,4944,-0.0133754,-0.0107555
0,0.147025,1782,4389,-0.015279,-0.00370997
0,0.665265,1569,6734,-0.0141666,-0.00605694
0,0.906481,2337,4303,-0.0136537,-0.00844573
0,0.33786,327,198,-0.0150335,-0.000904926
0,0.32247,1655,5079,-0.0199368,-0.00793894
0,0.024838,55,66,-0.0112842,-0.00190749
0,5.9135,2466,5281,-0.0133639,-0.00662714
0,10.6162,1119,3742,-0.0110763,0.0023086
0,0.201403,1436,4779,-0.0142089,-0.0112238
0,10.8609,1025,3837,-0.01127,0.00197335
0,0.923673,2118,7307,-0.0158055,-0.00626178
0,0.67754,205,216,-0.0136489,-0.0635245
0,15.0298,163,371,-0.0136452,-0.00439869
0,0.025981,147,153,-0.0162108,-0.00234378
0,0.037363,55,66,-0.0123068,-0.00125385
0,0.644338,1601,11631,-0.0138319,-0.00695987
0,10.7906,3396,85883,-0.0134749,-0.0100562
0,0.527942,1141,4076,-0.0125686,0.0016373
0,0.590665,2888,4160,-0.0136406,-0.0101535
0,0.083808,55,60,-0.0123808,0.00139097
0,65.8524,2486,20056,0.00901213,-0.00378304
0,12.6589,415,295,-0.0148089,-0.00781273
0,0.019496,55,66,-0.0126975,-0.0039262
0,33.1612,2412,5149,0.0111888,-0.00414771
0,0.543004,1667,14999,-0.0179923,-0.00533815
0,36.8948,2924,5731,0.0113347,-0.00306406
0,5.89419,2146,7255,-0.0132913,-0.00590237
0,0.015173,55,66,-0.0130202,-0.00530641
0,0.026778,55,66,-0.0119375,0.00291318
0,0.015149,55,66,-0.0130512,-0.00539811
0,0.162167,1778,6912,-0.0143196,-0.00555585
0,0.797402,2071,11827,-0.0147711,-0.00534538
0,10.059,2849,7443,-0.0395854,-0.00277338
0,0.165495,1526,3435,-0.013805,-0.0148956
0,0.186083,1644,5190,-0.01356,-0.0070572
0,0.025838,327,132,-0.0146528,-0.000365261
0,10.8104,3850,6831,-0.0134969,-0.006958
0,8e-06,105,66,-0.0412369,-0.00880793
0,0.015239,55,66,-0.0130219,-0.00530664
0,1.40263,1758,8687,-0.0109196,-0.00860196
0,0.015253,55,66,-0.0130219,-0.0053079
0,36.9126,4103,6515,0.00797871,-0.0054092
0,0.137212,2876,89243,-0.0192729,-0.00465386
0,0.11092,1793,6765,-0.0150829,-0.00633554
0,0.01519,55,66,-0.0130202,-0.00530641
0,31.1084,217,211,-0.012011,-0.00662146
0,0.024784,108,60,-0.0106333,-0.00400245
0,0.025319,55,66,-0.012512,-0.00311342
0,29.7818,163,357,-0.0140393,-0.00480128
0,0.026797,55,66,-0.0119375,0.00291318
0,8.3697,5070,7469,-0.013257,-0.0207172
0,0.024871,55,66,-0.0112842,-0.00190749
0,1.05481,1730,4676,-0.0142964,-0.0093764
0,43.7272,16455,510489,0.00465612,-5.08009e-05
0,0.188292,1776,6464,-0.0152474,-0.00720647
0,10.2398,958,511,-0.0136476,-0.000908296
0,2.44785,5837,227195,-0.0115852,-0.00343702
0,0.124594,1536,5705,-0.01521,-0.00568699
0,0.038438,305,162,-0.0138366,-0.00823057
0,0.379786,1556,4911,-0.0144825,-0.00864453
0,0.211665,1644,6705,-0.0143764,-0.00616662
0,0.024807,55,66,-0.0112842,-0.00190749
0,14.6218,163,383,-0.0134382,-0.00421245
0,0.138761,1833,9658,-0.0145039,-0.00508091
0,0.035915,178,112,-0.0146719,-0.00261626
0,5.13061,1318,4338,-0.0132796,-0.00588882
0,0.015213,55,66,-0.0130202,-0.00530641
0,90.1965,10547,4617,0.0190816,0.000330246
0,92.0466,2090,6041,0.0137372,-0.00426292
0,82.7365,15887,93437,0.0137661,-0.00426179
0,0.015495,291,162,-0.0149289,-0.0105833
0,0.09212,55,66,-0.0119964,0.000432936
0,0.024835,55,66,-0.0112842,-0.00190749
0,0.072303,1548,8656,-0.0144782,-0.00700481
0,0.014926,55,66,-0.0143795,-0.00540196
0,0.12611,171,171,-0.0231443,-0.00380913
0,17.3868,2457,14252,-0.0138923,-0.00676286
0,0.015281,108,60,-0.0120635,-0.00896398
0,0.01681,55,66,-0.0132321,-0.00482565
0,0.966661,1528,7401,-0.0187735,-0.00883521
0,3.23597,4043,144531,-0.0189928,-0.00342916
0,21.689,2499,2166,-0.0137838,-0.00881247
0,0.018881,55,66,-0.0127547,-0.00410695
0,0.265841,1545,7502,-0.0151302,-0.00642901
0,45.0544,110,132,0.0123641,-0.00533804
0,0.0268,55,66,-0.0119375,0.00291318
0,3.85431,1845,28151,-0.010707,-0.00506313
0,0.085903,1249,5940,-0.0122375,0.00516544
0,16.2037,163,126,-0.011642,-0.00494827
0,0.445562,1883,7436,-0.0151539,-0.00491526
0,0.019802,55,66,-0.0126442,-0.00388255
0,3.26911,4113,50809,-0.0143913,-0.00499742
0,0.037327,108,120,-0.0134394,-0.00344944
0,1.00866,1590,6135,-0.01394,-0.00608509
0,0.078887,55,66,-0.0119964,0.000433178
0,0.086963,1845,1769,-0.0323143,-0.00340041
0,6.72176,217,211,-0.0128066,-0.0131837
0,0.094549,1203,5045,-0.0120281,0.0031118
0,27.8466,3379,48243,-0.0133419,-0.00776481
0,0.068664,1476,5301,-0.0231133,-0.00617127
0,88.1832,3171,24583,0.0072543,-0.00357833
0,15.1664,2023,3995,-0.0134488,-0.00515366
0,0.015265,178,112,-0.0138911,-0.00334717
0,40.1144,2669,47233,0.00386393,-0.00489706
0,0.10127,1368,4473,-0.0141487,-0.00573243
0,0.158188,305,108,-0.0129885,-0.00827042
0,112.568,774,486,0.0100868,-0.00572198
0,1.15304,5967,202967,-0.0119062,-0.00340556
0,0.015277,55,66,-0.0130219,-0.00530796
0,4.99754,3970,6593,-0.0133494,-0.00910189
0,0.135824,55,66,-0.0119304,0.000409591
0,0.220197,55,60,-0.0109933,0.00134909
0,0.024219,55,66,-0.0112841,-0.00190747
0,10.9225,2509,15131,-0.0135023,-0.00674422
0,0.026813,55,66,-0.0119376,0.00291318
0,2.67086,3859,109475,-0.0190128,-0.00406895
0,0.340139,2074,18422,-0.0114358,-0.00507932
0,1.2523,23059,1.55696e+06,-0.0105201,0.00360429
0,9.7045,5177,35091,-0.011367,-0.00570771
0,40.1194,2867,44098,0.00404533,-0.0045031
0,39.8604,163,126,0.00883017,-0.0055475
0,45.0482,110,132,0.0115176,-0.00528054
0,6.07598,3083,6280,-0.0136277,-0.00722703
0,1.12295,1476,5739,-0.0140887,-0.00873195
0,0.70163,1706,4886,-0.0184523,-0.00823547
0,14.8964,163,296,-0.0119028,-0.00599311
0,0.025166,55,66,-0.012512,-0.00311342
0,0.28249,1368,4473,-0.0142012,-0.00579562
0,0.196884,861,4069,-0.0125431,0.00609882
0,0.418302,1141,4829,-0.0123794,0.00503162
0,0.625149,1663,609,-0.0294755,-0.00370988
0,0.187192,341,264,-0.0137774,-0.000864424
0,2.86872,384,288,-0.0186163,-0.0390121
0,0.106182,1888,7499,-0.0145605,-0.00537965
0,0.077253,961,6068,-0.0128843,0.00581689
0,0.473497,2309,7019,-0.0148643,-0.00486172
0,0.194366,1891,4641,-0.0135755,-0.00564479
0,0.026887,55,66,-0.011937,0.00291329
0,0.027956,55,60,-0.0104511,0.00398256
0,0.249446,178,178,-0.0131277,-0.0033191
0,0.02786,178,112,-0.014629,-0.00262079
0,0.069648,154,100,-0.0119404,-0.00434058
0,0.015227,55,66,-0.0130219,-0.00530641
0,0.015414,108,60,-0.0113548,-0.00868178
0,0.025194,55,66,-0.012512,-0.00311342
0,0.020617,55,60,-0.0125274,-0.00235262
0,7.78184,958,513,-0.0154485,-0.000649845
0,4.06309,2228,8060,-0.014668,-0.00536578
0,0.644751,2944,35981,-0.019807,-0.00554514
0,0.168572,3159,10455,-0.0145203,-0.00606867
0,0.67684,3260,2479,-0.0145237,-0.00590057
0,0.390406,290,190,-0.0153485,-0.000691057
0,0.024831,55,66,-0.0112842,-0.00190749
0,0.167416,1460,3820,-0.0142283,-0.0160031
0,0.037473,55,60,-0.0107335,-0.00049898
0,0.100021,55,60,-0.0123797,0.00138732
0,0.098541,333,291,-0.0139241,-0.00348948
0,0.025142,55,66,-0.012512,-0.00311342
0,0.497739,1658,8507,-0.0137104,-0.00746626
0,0.503368,1237,3337,-0.0123382,0.00317822
0,6.39453,1383,5723,-0.0132827,-0.00609107
0,0.015824,178,112,-0.0138693,-0.00334514
0,14.6592,163,383,-0.0132215,-0.00527409
0,0.115954,1730,7155,-0.0191534,-0.00573296
0,0.037744,55,66,-0.0131166,-0.00132282
0,13.2536,349,295,-0.0128859,-0.00842549
0,0.163692,1514,7634,-0.0143042,-0.00607092
0,94.4834,1641,1099,0.0170249,-0.0101451
0,0.272452,55,66,-0.0105715,0.000390841
0,0.234078,55,66,-0.0105716,0.000390909
0,0.127356,1704,6281,-0.0154819,-0.00719378
0,13.6441,4878,4902,-0.0118166,-0.00803573
0,0.713147,1608,5848,-0.0142962,-0.00636115
0,10.1868,217,204,-0.0116501,-0.00665286
0,0.26485,1328,3304,-0.014279,-0.00652309
0,0.020691,178,112,-0.0137501,-0.00272231
0,0.159886,2106,6999,-0.0143013,-0.00586311
0,34.1896,2251,23897,0.0184659,-0.00311046
0,26.3113,1658,7241,-0.0126407,-0.00605895
0,37.4291,5014,9471,0.0129664,-0.00353183
0,0.085877,55,66,-0.0119964,0.000433178
0,22.2489,271,265,-0.0141092,-0.00106101
0,0.070383,1195,3644,-0.0129884,0.00255717
0,0.025243,55,66,-0.012512,-0.00311342
0,0.361936,1674,5235,-0.0222872,-0.0165217
0,9.51528,1012,506,-0.0138098,0.000872344
0,1.59908,2095,8698,-0.0141897,-0.0068437
0,0.438546,1566,5678,-0.0113304,-0.00647733
0,0.03835,341,198,-0.0181804,-0.0377296
0,0.027532,55,66,-0.0124441,0.00290757
0,0.018976,217,163,-0.0170675,-0.0400297
0,0.026879,217,229,-0.0162061,-0.039836
0,0.074684,1195,5774,-0.0130349,0.00519637
0,0.164982,1526,3435,-0.0142887,-0.0162855
0,75.5176,14571,348905,0.00623626,0.00102886
0,10.7554,1054,3640,-0.011258,0.0020666
0,1.10129,2022,5142,-0.0168737,-0.0120613
0,0.130822,2223,52187,-0.0196759,-0.00524062
0,0.64205,2681,44831,-0.0109399,-0.00618972
0,0.026911,55,66,-0.00951132,0.00291329
0,2.34807,805,1928,-0.0117588,-0.00185514
0,0.02707,230,108,-0.0134588,-0.0143049
0,5.29475,2998,1175,-0.015593,-0.0029292
0,55.2331,2176,7977,0.0129383,-0.0176733
0,1.02669,1783,6699,-0.0109001,-0.00653873
0,0.025059,55,66,-0.012512,-0.00311342
0,0.023299,55,66,-0.0115154,-0.00190663
0,0.703217,205,216,-0.0122843,-0.0634442
0,2.66089,2498,30436,-0.0102937,-0.0059467
0,0.020605,55,66,-0.0126455,-0.00388692
0,0.133387,231,108,-0.013156,-0.0119547
0,105.833,7573,107400,0.0392796,0.00355312
0,0.986466,2827,4683,-0.0130816,-0.00586912
0,14.1259,519,376,-0.0175327,-0.0100953
0,11.7996,1730,5296,-0.0143119,-0.00804863
0,0.015231,147,93,-0.0107645,-0.00503257
0,0.026288,160,154,-0.0178786,-0.012162
0,0.025071,55,66,-0.012512,-0.00311342
0,0.522968,2288,5709,-0.014706,-0.00596995
0,0.805398,1737,6521,-0.0141886,-0.00563191
0,0.079018,55,66,-0.0119964,0.000433178
0,10.8231,958,506,-0.013601,0.000557262
0,0.027178,55,66,-0.0123473,0.00290804
0,0.025039,55,66,-0.012512,-0.00311342
0,25.0778,1398,5701,-0.0137452,-0.00982855
0,11.0494,5273,4908,-0.0148372,-0.00451985
0,42.3243,4986,182655,0.0148422,-0.00137613
0,6.44223,2519,5348,-0.0151805,-0.00325031
0,2.45033,2830,7045,-0.0137953,-0.00583169
0,0.987483,1536,8280,-0.0108317,-0.00701337
0,45.0398,110,120,0.00937678,-0.0040987
0,0.1443,1502,3664,-0.0113137,-0.00736774
0,0.268189,1764,3846,-0.0162219,-0.0041596
0,1.54849,3646,9001,-0.0162785,-0.00626246
0,0.361139,1557,4249,-0.0150326,-0.00622025
0,0.457259,3228,13306,-0.013205,-0.00628514
0,9.66222,2013,1143,-0.0149972,-0.00312259
0,10.4399,958,511,-0.016579,-0.00233591
0,0.080398,55,66,-0.0119964,0.000433178
0,0.020803,55,66,-0.0126332,-0.00369483
0,0.041487,55,66,-0.0131357,-0.00226942
0,0.019955,55,66,-0.0126442,-0.00388255
0,17.6028,12620,19779,-0.0136194,-0.0294275
0,12.4384,2345,5177,-0.0256367,-0.00374746
0,0.025216,108,60,-0.011324,-0.00434318
0,0.027594,341,132,-0.0144221,-0.00352566
0,45.4705,110,120,0.00891774,-0.00395837
0,33.0589,6524,8821,-0.0126544,-0.0243437
0,0.136404,55,66,-0.0119304,0.000409591
0,31.7058,1866,3953,-0.013138,-0.00839027
0,5.83527,2036,6126,-0.0135358,-0.00704023
0,0.026798,55,66,-0.0119375,0.00291318
0,45.0391,110,132,0.0124066,-0.00631867
0,0.058743,162,145,-0.0139604,-0.00562799
0,0.252504,154,100,-0.0110507,-0.0043764
0,19.997,163,273,-0.014913,-0.00954685
0,0.102737,55,60,-0.0123414,0.00138732
0,6.69603,163,126,-0.0113,-0.00520413
0,0.024864,55,66,-0.0112842,-0.00190749
0,0.152059,1657,4466,-0.0150451,-0.00514573
0,19.5308,163,126,-0.0111061,-0.00616197
0,0.014857,55,66,-0.0144002,-0.00516006
0,10.4134,1427,4745,-0.0149869,-0.00226656
0,0.075497,1905,6076,-0.0149209,-0.00562333
0,29.0631,2981,32180,-0.00964181,-0.00635524
0,0.09916,171,171,-0.023091,-0.00368797
0,0.142742,1584,6437,-0.0142751,-0.00638254
0,10.6911,1054,3953,-0.0112554,0.00229164
0,117.071,3229,27283,0.019225,-0.00550807
0,0.023769,55,66,-0.0112835,-0.00190747
0,11.3394,13155,393680,-0.0107656,-0.00304428
0,0.308497,1578,4757,-0.0140387,-0.00599944
0,0.22802,1846,5577,-0.0150168,-0.00856223
0,0.368924,1691,6472,-0.01419,-0.00544121
0,0.027241,55,66,-0.0123473,0.00290804
0,15.1672,1969,3888,-0.012061,-0.0084336
0,45.1735,110,132,0.0128079,-0.00519941
0,0.136244,1110,2642,-0.0167444,0.00125203
0,0.015192,108,60,-0.0120619,-0.00905126
0,0.015266,147,153,-0.0165857,-0.0031857
0,0.170639,1678,5108,-0.0185957,-0.00714919
0,0.019256,178,112,-0.0137342,-0.00279225
0,0.015195,108,60,-0.0124249,-0.00908361
0,0.015218,55,66,-0.0130202,-0.00530641
0,103.254,2251,7571,0.0159314,-0.0180772
0,0.438097,2090,21484,-0.0153768,-0.00676041
0,0.015216,55,66,-0.0130202,-0.00530641
0,0.135729,1025,5952,-0.0120418,-0.00203007
0,0.531637,1659,4452,-0.0159987,-0.00931287
0,23.3403,3989,9643,-0.0130361,-0.0056425
0,29.379,2300,2701,-0.0331407,-0.00380478
0,10.5742,1195,3990,-0.0112297,0.00118019
0,0.0153,178,112,-0.0138927,-0.00334717
0,5.67138,1656,4817,-0.0122434,-0.0076443
0,0.015642,309,108,-0.0131961,-0.00904074
0,39.8669,217,357,0.0100147,-0.0126003
0,0.700826,2177,3976,-0.0136185,-0.0123995
0,0.230331,55,60,-0.0109934,0.0013487
0,5.09152,1177,622,-0.0141226,-0.00100904
0,0.015201,55,66,-0.0130202,-0.00530641
0,0.037702,55,66,-0.0131166,-0.00132282
0,0.015197,55,66,-0.0130202,-0.00530641
0,0.187709,1490,3434,-0.0144031,-0.0150626
0,7.46577,2280,2378,-0.0161074,-0.00281926
0,0.15679,55,66,-0.0119295,0.000389156
0,0.015065,55,66,-0.01451,-0.00496531
0,1.5762,5063,5329,-0.0137156,-0.00615421
0,0.015265,178,112,-0.0138927,-0.00334717
0,14.3891,163,371,-0.013749,-0.00495408
0,5.63497,3918,5036,-0.0308109,-0.00108387
0,0.38253,1436,3369,-0.0143038,-0.00803728
0,8.60655,1860,5826,-0.0135848,-0.00958493
0,0.12998,1394,4277,-0.0143194,-0.00648343
0,93.7995,10381,339870,0.0290318,0.00546543
0,33.3849,163,120,0.00607876,-0.00459668
0,3.74688,2403,6207,-0.0140487,-0.00914737
0,0.610823,1779,1711,-0.0176507,-0.00370152
0,0.637692,2253,6157,-0.0165736,-0.00723182
0,0.154322,1698,6009,-0.0157801,-0.00580196
0,9.43458,3435,11383,-0.0129975,-0.00636785
0,0.015357,55,66,-0.0130224,-0.00531686
0,0.015224,55,66,-0.0130219,-0.00530641
0,14.9382,217,371,-0.014477,-0.0526374
0,0.027277,55,66,-0.0123473,0.00290804
0,115.243,3396,49138,0.0143467,-0.00433519
0,0.022746,55,66,-0.0115714,-0.00190538
0,0.157185,2091,11951,-0.0214189,-0.00448376
0,0.060511,958,485,-0.0165543,-0.000960119
0,74.8536,342,342,0.00170184,-0.00298373
0,0.039627,55,60,-0.0137116,-0.000460122
0,0.02392,55,66,-0.0112835,-0.00190747
0,0.200796,341,264,-0.0134851,-0.000770068
0,0.015192,55,66,-0.0130202,-0.00530641
0,0.0752,55,66,-0.0119971,0.000432653
0,45.1279,110,132,0.0121238,-0.00681448
0,12.2327,2902,20100,-0.0206791,-0.00864343
0,0.102506,120,62,-0.0119727,-0.00462377
0,5.54197,145,162,-0.0120145,-0.0127119
0,0.024777,327,192,-0.016808,-0.0363035
0,6.39997,477,6531,-0.0112482,0.00402773
0,0.122482,1874,6845,-0.0143195,-0.00649212
0,0.025351,171,105,-0.0111686,-0.00182138
0,39.8529,217,357,0.00973711,-0.025734
0,6.4441,1883,2165,-0.0156074,-0.0126799
0,0.155059,2248,7411,-0.0138462,-0.00651345
0,0.081761,178,112,-0.0146723,-0.00266072
0,0.015292,55,66,-0.0130219,-0.00530796
0,0.020593,147,93,-0.0106406,-0.00437467
0,0.102357,1908,8587,-0.0157245,-0.00690116
0,121.381,4363,27841,0.0715399,-0.00255761
0,0.025285,55,66,-0.012512,-0.00311342
0,0.142113,2280,6011,-0.0155272,-0.00683521
0,0.028616,55,66,-0.0124641,0.00294429
0,0.093572,55,66,-0.0119964,0.000433068
0,0.015456,55,66,-0.0130258,-0.00531716
0,18.4107,909,25647,-0.00874111,0.00447669
0,0.629781,3155,5269,-0.0135885,-0.00576829
0,0.431243,1436,3773,-0.0142802,-0.0092245
0,0.028272,55,66,-0.0124641,0.00294429
0,0.015333,55,66,-0.0130221,-0.00530796
0,18.2331,4536,6328,-0.0103159,-0.00512487
0,67.1675,2829,10669,0.00874667,-0.00345772
0,0.257572,2342,5345,-0.0149554,-0.00756312
0,30.1361,217,211,-0.0121492,-0.00873332
0,74.9753,9599,20297,0.0118379,0.00402928
0,0.015287,55,66,-0.0130219,-0.00530796
0,0.419734,2464,6731,-0.0228329,-0.00493935
0,0.930363,2013,5098,-0.0135217,-0.00582187
0,3.77595,2817,6320,-0.0113807,-0.00507777
0,5.71208,2792,6613,-0.017619,-0.00770301
0,3.27266,2018,1889,-0.0283753,-0.00331017
0,0.018832,55,66,-0.0127547,-0.00410695
0,0.175155,1573,4686,-0.0136417,-0.00589087
0,4.06085,1779,8968,-0.0140723,-0.00761078
0,0.660934,2562,20266,-0.0105919,-0.00733021
0,5.12228,4464,14648,-0.0129936,-0.00580877
0,20.8191,12080,459466,-0.0100085,0.000459268
0,18.5057,2106,6455,-0.0142421,-0.00594796
0,15.0198,217,371,-0.0137006,-0.0127342
0,6.32773,4258,6012,-0.0134502,-0.00491031
0,1.12621,1427,4444,-0.0151421,-0.00623154
0,2.59668,2253,4466,-0.0133037,-0.00562135
0,37.1856,2518,5591,0.00134466,-0.00297566
0,1.61776,3465,15631,-0.0138881,-0.00634069
0,30.4118,55,126,-0.0109115,-0.00349733
0,0.163534,3029,8056,-0.0143339,-0.00615226
0,0.027126,55,66,-0.0123466,0.00290616
0,8.1885,3502,8844,-0.015909,-0.00887384
0,3.30954,4113,3968,-0.0293521,-0.00169076
0,4.30759,3987,1260,-0.0121837,-0.0070231
0,45.0237,110,132,0.0111454,-0.00781093
0,45.0493,110,132,0.0124404,-0.00545751
0,0.853343,2032,5919,-0.0141865,-0.00853936
0,1.5711,2466,22529,-0.021619,-0.00477003
0,31.0464,10638,590269,-0.009906,0.0020052
0,0.138892,1195,6143,-0.0128268,0.00499406
0,0.246656,55,66,-0.0105716,0.000390903
0,0.166415,1526,4344,-0.014497,-0.0157101
0,0.368323,1502,4344,-0.0142625,-0.00807434
0,0.028022,305,108,-0.0130412,-0.00802669
0,34.4556,3287,127729,0.0124781,-0.00259274
0,0.689167,1855,6422,-0.0120872,-0.00466229
0,0.195663,420,610,-0.0150006,-0.000112413
0,124.708,165,132,0.0782789,-0.0602152
0,0.02727,55,66,-0.0123473,0.00290804
0,30.2688,6557,5123,-0.0129469,-0.00499492
0,0.023907,171,171,-0.021957,-0.00277314
0,7.30374,1880,583,-0.0130179,-0.00307195
0,0.243224,1611,4004,-0.0159584,-0.00344673
0,4.51144,40407,1.75315e+06,-0.0107724,0.00369686
0,0.025267,55,66,-0.012512,-0.00311342
0,0.298641,1570,5193,-0.0177744,-0.00899801
0,0.236116,1566,1291,-0.0232157,-0.0042886
0,0.324739,1644,3950,-0.0143815,-0.00712739
0,0.131653,1522,3666,-0.0195093,-0.00851029
0,0.813482,1992,6253,-0.0144128,-0.00651001
0,1.01828,1698,14415,-0.0142542,-0.00737475
0,2.54118,2199,8579,-0.00980782,-0.00686966
0,0.163891,1906,4188,-0.0150658,-0.00695594
0,6.75897,2226,69063,-0.0103507,-0.0057627
0,0.083326,529,554,-0.0141334,-0.00504385
0,0.020652,271,163,-0.0148309,-0.0213468
0,5.55243,3464,100386,-0.0139251,-0.00642317
0,0.015201,55,66,-0.0130202,-0.00530641
0,33.7963,519,310,0.00598698,-0.000117323
0,0.02843,55,60,-0.0104511,0.00398256
0,3.49639,1620,1137,-0.019169,-0.00368184
0,0.025103,55,66,-0.012512,-0.00311342
0,0.024869,55,66,-0.0112842,-0.00190749
0,0.069295,1449,4193,-0.015203,-0.00653684
0,93.0068,6187,10562,0.0160459,-0.0024856
0,0.117837,1503,6901,-0.0151657,-0.00553286
0,0.0799,1482,7938,-0.0226433,-0.00343674
0,0.137868,1942,4795,-0.0141899,-0.00594585
0,0.446971,2122,7831,-0.0137864,-0.00662966
0,0.129922,1328,3303,-0.0141866,-0.00643065
0,9.59358,958,557,-0.01359,0.000417888
0,0.015239,108,60,-0.0120618,-0.00896272
0,13.2825,3321,5368,-0.0133525,-0.00925444
0,0.015077,55,66,-0.0145201,-0.0049591
0,0.837696,2773,42859,-0.0196645,-0.00527958
0,0.015187,55,66,-0.0130202,-0.00530641
0,0.027368,55,66,-0.0123473,0.00290804
0,0.025032,55,66,-0.012512,-0.00311342
0,0.024637,245,108,-0.0133775,-0.00989147
0,0.115696,1436,3735,-0.0142922,-0.0147617
0,92.9346,13389,594702,0.00815148,0.00188374
0,2.72225,1945,6125,-0.0174952,-0.0158804
0,0.027042,55,66,-0.0123443,0.00291329
0,40.124,2656,79887,0.0153782,-0.0032576
0,3.00669,1859,4800,-0.015794,-0.0151948
0,0.217916,55,66,-0.0105714,0.000391296
0,45.2551,110,132,0.0128079,-0.00519941
0,0.260012,108,60,-0.0113496,-0.00464713
0,0.015251,55,66,-0.0130219,-0.0053079
0,1.6745,217,211,-0.0128492,-0.0537885
0,0.030532,341,132,-0.014925,-0.00174828
0,0.1709,1436,3529,-0.0142814,-0.0161692
0,0.068987,178,178,-0.0145399,-0.00268717
0,0.015215,55,66,-0.0130202,-0.00530641
0,8.21492,1087,5996,-0.0110417,0.00551714
0,0.015167,55,66,-0.0130202,-0.00530641
0,0.13255,1149,5418,-0.0123386,-0.00429194
0,0.029645,55,60,-0.010453,0.00397783
0,29.6921,163,286,-0.0127574,-0.00579279
0,0.122114,1472,3800,-0.0141958,-0.0067655
0,0.202111,1800,6164,-0.0159225,-0.00781945
0,0.111875,1568,3637,-0.0154313,-0.00462223
0,73.4163,14165,57710,0.00749376,0.000744795
0,7.39771,163,126,-0.0113264,-0.00521465
0,0.02677,55,66,-0.0119375,0.00291318
0,0.108379,55,66,-0.0119936,0.000429532
0,0.330483,10573,390888,-0.0111762,-0.00257928
0,0.10051,1632,4601,-0.0158783,-0.00635569
0,9.73455,519,442,-0.0129723,-0.00163027
0,14.8895,561,407,-0.0147428,-0.00160807
0,0.34153,2322,39887,-0.0198943,-0.00561038
0,6.00111,28165,336169,-0.00892172,0.00162474
0,0.399222,1556,3502,-0.0155121,-0.00504876
0,0.108174,55,66,-0.0119936,0.000429532
0,0.132679,55,66,-0.0119304,0.000409591
0,0.138537,1503,3591,-0.0142369,-0.00774516
0,0.34999,1520,7171,-0.0136101,-0.00608162
0,39.1865,447,340,0.0089462,-0.00242978
0,0.082593,1530,5549,-0.0109562,-0.0057768
0,0.057361,55,66,-0.0121964,0.000491917
0,0.201961,861,3441,-0.0117352,0.00568696
0,1.17589,1858,6776,-0.0105869,-0.00579011
0,6.50093,1446,3782,-0.0133895,-0.00835256
0,3.76297,2155,5468,-0.0131265,-0.00932207
0,0.015149,55,66,-0.0130512,-0.00539811
0,0.021152,55,66,-0.0126307,-0.00369524
0,0.122296,163,375,-0.0148499,-0.00683372
0,27.9969,2823,4510,-0.0121833,-0.0082598
0,23.2855,387,561,-0.0187159,-0.00446097
0,0.028061,162,145,-0.0139986,-0.00563657
0,0.223873,55,60,-0.0109933,0.00134909
0,0.162737,2189,893,-0.0171102,-0.00229768
0,58.0435,356,224,0.00911673,-0.00372831
0,2.56836,6393,288003,-0.0118626,-0.00346575
0,1.33688,5413,313108,-0.0116365,-0.00398911
0,62.8072,6606,174284,0.0108463,0.000544829
0,0.166041,1502,4342,-0.0143995,-0.0162214
0,0.57916,2072,4391,-0.0148908,-0.00668507
0,104.001,4023,16100,0.0151156,-0.0119415
0,100.033,1196,2028,0.016725,-0.00538692
0,0.100395,1611,4833,-0.0159327,-0.00697176
0,1.02615,1602,5575,-0.010952,-0.0072334
0,1.07757,2360,5500,-0.0147656,-0.00629476
0,0.899307,14166,209585,-0.0105509,0.000786167
0,10.6711,1054,4558,-0.0110619,0.00530541
0,0.165478,1436,3531,-0.014279,-0.0162193
0,0.02793,55,60,-0.0104268,0.00398616
0,0.171591,1460,3369,-0.0142248,-0.0076542
0,2.81387,1925,6768,-0.0133982,-0.00657674
0,0.275454,2041,7142,-0.0139371,-0.00655392
0,0.091877,1912,995,-0.0171515,-0.00330389
0,0.168885,341,198,-0.0153732,-0.000941967
0,5.70025,1087,4852,-0.0111571,0.00536869
0,3.24459,8272,199827,-0.0107239,-0.00199823
0,0.028339,178,112,-0.0146538,-0.0026235
0,0.015223,55,66,-0.0130219,-0.00530641
0,0.023358,4125,4486,-0.011213,-0.00565821
0,0.06536,178,178,-0.0136482,-0.00181214
0,10.5156,16494,370665,-0.00957903,-0.00342629
0,0.086276,230,108,-0.0134094,-0.014349
0,0.121621,1568,3730,-0.013796,-0.00564908
0,10.641,1528,1107,-0.0146688,-0.0215248
0,0.023782,171,171,-0.021957,-0.0027732
0,0.191457,2323,28672,-0.0183743,-0.00669374
0,0.117615,2737,67414,-0.0193846,-0.00491849
0,0.09344,327,198,-0.0137071,-0.00161054
0,9.98907,3606,35421,-0.0109257,-0.00504634
0,0.06659,171,171,-0.0227788,-0.00261944
0,0.015829,55,66,-0.013021,-0.0053189
0,0.134892,55,66,-0.0119304,0.000409591
0,0.118028,1602,6120,-0.0143505,-0.00568654
0,0.015198,55,66,-0.0130202,-0.00530641
0,0.089868,55,60,-0.0123809,0.00139073
0,0.025077,55,66,-0.012512,-0.00311342
0,0.026849,55,66,-0.0119376,0.00291318
0,0.025358,55,66,-0.012512,-0.00311342
0,14.8965,163,296,-0.0119028,-0.00606109
0,4.94288,109,151,-0.0135113,-0.00355173
0,0.165944,1460,3773,-0.0141955,-0.00755312
0,0.0676,1108,5532,-0.0126126,0.00491641
0,10.5915,3001,7561,-0.0172712,-0.00903924
0,0.12838,171,105,-0.0119585,-0.00186096
0,0.015274,55,66,-0.0130219,-0.0053079
0,50.5172,5174,50997,0.00698293,-0.00051507
0,10.1778,1025,3364,-0.011377,0.000176878
0,0.053239,55,66,-0.0121788,0.000509476
0,10.9216,1219,5649,-0.00818117,0.00487083
0,10.2821,958,489,-0.0135901,0.000631
0,0.558994,2114,778,-0.0164622,-0.00163552
0,0.01526,162,145,-0.015707,-0.0518529
0,0.172256,154,100,-0.0118698,-0.00436773
0,44.41,13648,266357,0.00679495,0.00111849
0,0.126124,1141,5773,-0.0120538,-0.00290301
0,0.094757,1249,5954,-0.0135739,0.00521625
0,0.025269,55,66,-0.012512,-0.00311342
0,4.19653,1837,7214,-0.0161115,-0.00783115
0,0.167526,1436,3369,-0.0142786,-0.0162214
0,13.0628,3500,4598,-0.0290948,-0.0028592
0,10.8845,2884,10107,-0.0124543,-0.00668688
0,0.288078,1776,6862,-0.014222,-0.00571653
0,36.6568,10553,25753,0.00466482,0.00317063
0,1.61719,6841,494724,-0.0118746,-0.00353369
0,2.74463,283,295,-0.0149829,-0.00167964
0,0.023974,55,60,-0.0129618,-0.00202868
0,20.2367,2354,21070,-0.0138767,-0.00525485
0,103.388,955,949,0.0170966,-0.00100877
0,0.057568,147,93,-0.0125874,-0.0048789
0,0.085797,55,66,-0.0119964,0.000433178
0,0.035495,327,132,-0.0129854,-0.000271133
0,1.275,1846,1468,-0.0158938,-0.00369383
0,0.285596,4520,7037,-0.0159535,-0.00590047
0,0.114677,1545,3508,-0.0142399,-0.00699309
0,2.45624,3258,10895,-0.0110751,-0.00624237
0,40.1147,2735,47215,0.00385463,-0.00493186
0,0.015191,55,66,-0.0130202,-0.00530641
0,1.62979,1698,4202,-0.0163094,-0.0032327
0,2.86189,2552,1960,-0.0232778,-0.00224655
0,11.0265,3538,81902,-0.0112385,-0.00862655
0,0.028497,178,112,-0.0146521,-0.0026235
0,0.028319,55,60,-0.0104511,0.00398256
0,0.115321,327,198,-0.0151613,-0.0007743
0,0.025159,55,66,-0.012512,-0.00311342
0,11.9709,1162,4651,-0.0138971,0.0018499
0,0.145237,1620,3790,-0.0153254,-0.00637665
0,2.15388,2337,20596,-0.0208294,-0.00484913
0,0.017241,341,132,-0.015519,-0.00167804
0,0.014879,55,66,-0.0144,-0.00516197
0,11.9671,1766,8447,-0.0101132,-0.00661997
0,0.064928,1476,4682,-0.0144996,-0.00578211
0,0.440278,1436,3369,-0.0143324,-0.00943568
0,0.355931,2443,3878,-0.013612,-0.00716521
0,15.8545,2659,1720,-0.0155237,-0.00299477
0,0.116733,1436,3799,-0.0142973,-0.0146569
0,106.192,10900,33271,0.0178813,-2.24879e-05
0,0.01487,55,66,-0.0144,-0.00516236
0,60.2086,2132,10450,0.014399,-0.00412782
0,2.87419,519,310,-0.0135808,0.000385822
0,18.3813,2158,7089,-0.0140453,-0.00608648
0,1.2514,2862,15889,-0.0211416,-0.00533336
0,6.43215,2545,4923,-0.0129772,-0.00565424
0,0.02807,55,66,-0.0124641,0.00294429
0,36.2012,2660,29048,0.0129042,-0.0027074
0,0.015214,55,66,-0.0130202,-0.00530641
0,0.13561,1599,8091,-0.0157024,-0.0060359
0,0.896497,1025,3839,-0.0114201,0.00198
0,0.025005,55,66,-0.012512,-0.00311342
0,0.020424,262,676,-0.0171658,-0.00705608
0,0.025211,55,66,-0.012512,-0.00311342
0,39.8147,163,291,0.00465714,-0.0076796
0,0.02799,55,66,-0.0124639,0.00294261
0,39.8222,28176,1.94182e+06,0.00720436,0.00312298
0,0.015006,55,66,-0.0145099,-0.00497329
0,10.7978,3617,60632,-0.0111821,-0.0038367
0,35.7665,3166,76521,0.00404811,-0.0032203
0,0.020907,55,66,-0.0126332,-0.00369499
0,0.077724,1195,5105,-0.0123782,0.00386052
0,0.179654,55,66,-0.0119158,0.000391396
0,0.015112,55,66,-0.0135923,-0.0053981
0,42.3709,2130,12113,0.012882,-0.00228904
0,0.015237,55,66,-0.0130219,-0.00530664
0,0.191333,2000,5501,-0.0157204,-0.00663102
0,49.1793,519,244,0.00749757,-0.0255668
0,0.143913,279,180,-0.0195658,-0.00202659
0,0.015171,55,66,-0.0130202,-0.00530641
0,0.015337,229,66,-0.0152591,-0.005215
0,0.132463,171,171,-0.0231443,-0.00380761
0,0.277091,1776,6366,-0.01449,-0.0122924
0,5.20697,48625,1.97396e+06,-0.0106601,0.00265517
0,28.0125,10385,2321,-0.0132743,-0.00283372
0,0.474219,958,506,-0.0141704,0.00079972
0,0.03291,279,120,-0.0141095,-0.00351668
0,29.4573,4142,11969,-0.0139478,0.00111326
0,31.5223,2094,5417,-0.0104725,-0.00532935
0,14.8706,163,296,-0.0123049,-0.00564375
0,0.028734,305,162,-0.0139716,-0.00820939
0,10.124,958,506,-0.0138649,0.00111207
0,59.0256,342,276,0.0134843,5.24587e-05
0,0.739196,1933,4290,-0.0149043,-0.0093081
0,0.63522,1655,1400,-0.0181753,-0.00354294
0,0.037282,55,66,-0.0123068,-0.00125385
0,10.7635,904,423,-0.0137185,0.000499862
0,18.8196,11831,11685,-0.0136601,-0.00259151
0,3.46291,2388,4823,-0.0364592,-0.00429842
0,0.358664,2089,5386,-0.0154712,-0.00194853
0,2.39426,987,2963,-0.01159,0.00188911
0,105.776,2895,7190,0.0113286,-0.0022195
0,2.9167,3202,35624,-0.0103538,-0.00606499
0,0.028497,55,66,-0.0124641,0.00294429
0,0.08308,55,66,-0.0119964,0.000433178
0,0.027036,55,66,-0.0123443,0.00291329
0,1.07214,16409,685279,-0.0108007,0.000954318
0,0.028219,178,112,-0.0146552,-0.00262392
0,60.8499,3133,4816,0.0132512,-0.00321137
0,0.056596,971,2087,-0.0141672,0.00265066
0,0.285225,1592,3820,-0.0144275,-0.0154676
0,0.13477,55,60,-0.0123523,0.00134723
0,28.395,519,447,-0.00962957,0.00266144
0,4.82435,2641,7311,-0.0166476,-0.00822046
0,0.014858,55,66,-0.0144002,-0.00516006
0,0.029205,55,66,-0.0124659,0.00295408
0,0.139794,55,66,-0.0119305,0.000409555
0,38.8478,561,407,0.00873817,-0.00550287
0,23.1808,5457,160660,-0.0114551,-0.00295922
0,0.079569,1828,6508,-0.0157026,-0.00701283
0,10.6684,1303,5088,-0.0131203,-0.00590753
0,115.864,2595,7140,0.0156382,-0.00966424
0,1.75004,3691,103266,-0.0194102,-0.00443166
0,0.274844,10862,680323,-0.0109463,0.000618511
0,0.470518,205,216,-0.0125696,-0.0608954
0,0.027777,178,112,-0.0146355,-0.00261945
0,6.13973,4171,1584,-0.0125908,-0.00717088
0,0.02614,55,66,-0.0122435,-0.00277787
0,0.196907,1436,4278,-0.014192,-0.0113415
0,14.9296,163,357,-0.0131095,-0.00540881
0,15.6811,1791,5337,-0.0136715,-0.00650714
0,1.12486,1817,4504,-0.0135569,-0.00946304
0,2.04553,2526,2914,-0.0350703,-0.00368787
0,0.01514,55,66,-0.0130512,-0.0053981
0,0.087034,1249,6865,-0.0133818,0.00506656
0,0.545335,182,132,-0.0127172,-0.00471146
0,15.3136,519,244,-0.0126138,-0.0026396
0,0.127582,1791,13131,-0.0150679,-0.00526962
0,10.3973,3084,81304,-0.0112168,-0.00894265
0,0.13447,1394,3977,-0.014199,-0.00756378
0,0.025372,55,60,-0.013109,-0.00217306
0,10.135,958,506,-0.0137916,-0.00275161
0,30.8339,28024,901649,-0.0107082,0.00156976
0,0.015943,423,222,-0.0147778,-0.0246474
0,0.346574,1714,10054,-0.0143845,-0.00687134
0,0.028635,305,108,-0.0130707,-0.00803137
0,1.09627,1719,5335,-0.0109128,-0.00654939
0,10.373,2771,8005,-0.016765,-0.00963124
0,102.442,2490,20574,0.0161365,-0.00449713
0,33.641,2235,2136,0.00945991,-0.00201764
0,0.303773,1434,4467,-0.0134698,-0.0136943
0,0.037493,55,66,-0.0131068,-0.00130107
0,0.015536,55,66,-0.0130249,-0.00531898
0,3.27702,7116,297266,-0.0112125,-0.00398866
0,113.475,3927,6629,0.0194062,-0.00509222
0,0.297349,217,211,-0.0130491,-0.0520621
0,8.74604,6463,3850,-0.0325215,0.00621679
0,0.029647,55,60,-0.010453,0.00397783
0,0.015225,55,66,-0.0130219,-0.00530641
0,6.61883,5993,17015,-0.0186613,-0.0745467
0,5.57906,7439,17111,-0.0183274,-0.0755196
0,0.384474,1718,6249,-0.0138396,-0.00545681
0,0.253523,2177,16648,-0.0104955,-0.00537919
0,23.1319,2668,74401,-0.0172107,-0.00772008
0,24.8648,1959,1242,-0.0172731,-0.00388249
0,77.5373,272,277,0.015165,-0.00189984
0,0.060796,178,112,-0.0152293,-0.00300258
0,0.028212,108,60,-0.0128177,-0.0019608
0,8.80839,4732,60374,-0.0152765,-0.0048672
0,10.39,1807,8357,-0.0134947,-0.00674007
0,0.027021,178,178,-0.013779,-0.0031879
0,0.066487,178,112,-0.0152533,-0.00267768
0,3.73546,2592,2903,-0.0162558,-0.00258865
0,8.11549,4276,90114,-0.0115576,-0.00381661
0,0.280897,55,60,-0.0109936,0.00134934
0,0.948762,283,229,-0.015741,-0.0380665
0,9.52758,2256,1618,-0.0285441,-0.00448003
0,35.222,3515,7843,0.0110118,-0.0041002
0,0.089503,1141,4276,-0.0118452,0.0031796
1,0.201348,4119,5117,-0.0183937,0.00377497
1,0.063962,621,1225,-0.0169016,0.000244698
1,9.7936,2517,1809,-0.0167108,-0.00244745
1,0.25391,4395,5393,-0.0167503,0.00240717
1,0.509805,2010,4365,-0.0184623,-0.00373478
1,63.343,669,458,-0.00138825,-0.000647758
1,0.521232,2315,4608,-0.0175898,-0.00304164
1,84.5726,94793,97370,0.0104422,0.0117269
1,0.514406,2278,7619,-0.0140605,-0.00895522
1,5.60729,2921,3997,-0.0165069,-0.00318713
1,4.26317,498,353,-0.0301972,-0.00117023
1,42.7954,127889,174534,0.0067078,0.0186241
1,0.025374,171,105,-0.0110778,-0.00182036
1,0.282546,4056,5552,-0.0181146,0.00306341
1,0.513708,2146,7663,-0.014943,-0.0092995
1,0.015542,171,105,-0.0110967,-0.00248517
1,0.099825,2535,3418,-0.0260759,-0.00205149
1,0.055636,171,171,-0.0275961,-0.00386735
1,4.34,498,353,-0.03019,-0.0012936
1,9.50932,3714,6196,-0.0488812,-0.00159129
1,118.016,513,315,0.0182749,-0.00217937
1,122.14,513,437,0.0537166,-0.00106177
1,4.36581,353,393,-0.0171939,-0.00580942
1,0.01556,171,105,-0.0110967,-0.00248514
1,0.020169,171,105,-0.0111018,-0.00189406
1,0.021905,128,74,-0.00744281,-0.00261793
1,118.026,618,381,0.0177388,-0.00120273
1,0.342425,4581,6353,-0.0185793,0.0031045
1,111.199,230130,382360,0.0216353,0.0351657
1,0.025274,171,105,-0.0111657,-0.00182138
1,0.1182,2313,2788,-0.0257274,-0.00288416
1,0.135318,4856,5816,-0.0183216,0.00322591
1,177.001,618,381,0.0636361,-0.00134569
1,0.500734,2010,4420,-0.0193139,-0.00375771
1,4.21232,353,393,-0.0171367,-0.00557541
1,59.0158,342,276,0.0131018,-0.000203607
1,0.136677,4785,5778,-0.018807,0.00323928
1,177.001,906,1111,0.0576765,-0.00252467
1,4.11064,353,327,-0.0409724,-0.00863812
1,0.434072,4359,5680,-0.0158735,-0.00119705
1,4.14085,498,353,-0.0250972,-3.99505e-05
1,1.99304,8240,9841,-0.0196327,0.00902637
1,0.069757,1053,6121,-0.0124831,0.00606615
1,177.002,723,459,0.0655472,-0.00153622
1,0.0155,171,105,-0.0110971,-0.00248514
1,0.066119,171,171,-0.0227789,-0.00261944
1,0.24589,3944,5265,-0.018063,0.00299568
1,4.32132,353,327,-0.0409119,-0.00865528
1,1.34583,5670,7083,-0.0426311,0.00643433
1,118.026,513,381,0.017411,-0.00160934
1,59.016,342,276,0.0130907,-0.000201213
1,177.013,828,381,0.0654727,-0.00145031
1,4.33523,498,353,-0.0250937,-4.11713e-05
1,177.002,618,381,0.0653326,-0.00155923
1,4.09161,353,327,-0.0409117,-0.008287
1,101.256,40625,34475,0.0164253,0.00935654
1,9.98581,4838,6624,-0.018596,0.000438927
1,0.021767,128,74,-0.00744289,-0.00261799
1,90.3082,36159,44065,-0.00500781,0.0120073
1,0.094306,2419,2795,-0.0321111,-0.00206543
1,4.22752,432,353,-0.0136726,-0.000930514
1,0.015567,171,105,-0.0110967,-0.00248514
1,59.2434,447,354,0.00996223,-0.00137184
1,17.0951,22719,21361,-0.017047,0.0141313
1,0.026936,55,66,-0.00951132,0.00291329
1,63.3212,669,458,-0.000831577,0.000256545
1,30.3578,1137,3999,-0.0112108,0.0011804
1,6.92572,9813,10786,-0.0198352,0.00512803
1,122.684,208235,411253,0.122876,0.0260782
1,4.11511,432,353,-0.0136726,-0.000925746
1,0.163227,1963,2231,-0.0238209,-0.00280175
1,1.26199,4951,6055,-0.0428438,0.0026626
1,0.023853,128,74,-0.00735764,-0.00273638
1,0.025264,55,66,-0.012512,-0.00311342
1,177.001,618,381,0.0635044,-0.00134176
1,0.02531,171,105,-0.0111657,-0.00182138
1,26.0948,163,126,-0.0109387,-0.00487872
1,177.002,618,381,0.0639311,-0.00121688
1,0.507566,2010,4364,-0.0183796,-0.00330798
1,1.41051,15377,22588,-0.0182949,0.0112512
1,0.025235,55,66,-0.012512,-0.00311342
1,0.021638,128,74,-0.00752133,-0.00262396
1,177.001,279,534,0.0692295,-0.00196374
1,177.001,618,315,0.0652495,-0.00147159
1,0.025368,171,105,-0.0111657,-0.00182138
1,1.03727,5238,6697,-0.051635,0.00649461
1,30.2317,3899,6430,-0.014681,-0.00184346
1,0.015159,55,66,-0.0130204,-0.00539811
1,0.500232,2010,4419,-0.0193173,-0.00380827
1,0.180676,4239,6026,-0.0183934,0.00297717
1,4.05615,432,353,-0.0136726,-0.000925746
1,1.48916,5833,4966,-0.0161977,0.000278066
1,10.0323,7254,9223,-0.0191144,0.00950989
1,0.198642,4773,5762,-0.016445,0.00306195
1,0.065646,171,171,-0.022794,-0.00263428
1,177.001,315,618,0.0717625,-0.00179482
1,4.09194,353,393,-0.0171241,-0.00580452
1,42.708,21078,34640,0.0106681,0.0096002
1,0.065495,171,105,-0.012389,-0.00185551
1,0.0156,171,105,-0.0110958,-0.00248524
1,30.1217,1647,1159,-0.0172926,-0.00462426
1,30.1149,1659,4512,-0.0176091,-0.0028818
1,30.1069,1755,4590,-0.0354027,-0.00433734
1,0.169188,4469,5839,-0.0185308,0.00340286
1,0.015533,171,105,-0.0110967,-0.00248514
1,120.291,3368,4486,0.102718,-0.00189019
1,0.025332,171,105,-0.0111657,-0.00182138
1,9.37143,3999,6200,-0.0194979,-8.32578e-05
1,0.06576,171,171,-0.022794,-0.00263431
1,0.105599,1956,2217,-0.0257839,-0.00173698
1,0.024991,171,105,-0.0111657,-0.00182138
1,5.1319,3272,5854,-0.0467731,-0.00296501
1,43.2013,13527,21453,0.0116788,0.00259531
1,4.31996,498,353,-0.0250963,-4.17916e-05
1,1.41756,12795,18548,-0.0183437,0.0100434
1,4.10191,498,353,-0.0301934,-0.00128967
1,177.001,618,381,0.0648001,-0.00166212
1,0.021547,128,74,-0.00752362,-0.00261393
1,0.297989,4359,5474,-0.0167505,0.00227031
1,0.265922,4056,5486,-0.0180507,-0.000380206
1,118.016,513,315,0.0182533,-0.00217871
1,0.021591,222,132,-0.0131146,-0.00554257
1,0.294214,276,183,-0.0127376,0.000422205
1,0.110924,1529,5132,-0.0145762,-0.00660887
1,9.971,19725,18587,-0.0172662,0.00885812
1,0.021729,128,74,-0.0074428,-0.0026202
1,0.192483,3885,5381,-0.0180947,0.00304966
1,4.30575,353,393,-0.0171938,-0.00579864
1,0.026132,171,105,-0.011034,-0.00182672
1,4.40452,498,353,-0.0251594,0.000230401
1,0.096134,2876,3109,-0.0132188,-0.00271252
1,1.14398,2030,2151,-0.0238024,-0.00289032
1,1.35523,5563,4523,-0.0161864,-0.0014738
1,0.015545,171,105,-0.0110967,-0.00248514
1,0.237325,3885,5117,-0.0157846,-0.00120299
1,177.001,618,381,0.0639173,-0.00121856
1,41.9069,21837,17908,0.00907116,0.0127593
1,8.90352,11721,11355,-0.0185205,0.00530988
1,63.1956,603,458,-0.000567526,-0.00303703
1,0.528908,2315,4754,-0.0181516,-0.00622637
1,0.497744,2010,4365,-0.0184934,-0.0036793
1,59.8512,110,132,0.0117717,-0.00714804
1,4.36397,419,393,-0.0160844,-0.0114746
1,0.095926,987,6055,-0.0120682,0.00593216
1,123.001,3848,2637,0.126202,0.00454514
1,0.015156,55,66,-0.0130204,-0.00539811
1,23.051,1168,794,-0.0236249,-0.0527088
1,0.117515,2313,2854,-0.0257616,-0.00284511
1,59.0259,342,276,0.0134843,5.24587e-05
1,20.3812,5172,7122,-0.0166234,0.00285023
1,118.028,513,381,0.0175918,-0.00157706
1,58.8391,90278,124616,0.00810941,0.0153018
1,177.001,618,381,0.0640521,-0.00122036
1,0.117058,2305,1651,-0.0165185,-0.00181863
1,0.096863,2419,2795,-0.0321103,-0.00206596
1,9.54917,2190,4839,-0.0400149,-0.00297778
1,0.059442,171,171,-0.0276019,-0.00369842
1,118.026,513,381,0.0178003,-0.00164699
1,0.015194,55,66,-0.0130202,-0.00530641
1,118.017,591,486,0.0188214,-0.0014817
1,0.367401,2709,2854,-0.0189114,-0.00097361
1,0.143042,2313,2854,-0.0258074,-0.00217667
1,4.13284,353,393,-0.0171918,-0.00582088
1,0.026075,171,105,-0.0110311,-0.00182672
1,0.015516,171,105,-0.0110969,-0.00248514
1,0.015459,171,105,-0.0110971,-0.00248514
1,0.318494,4149,5249,-0.0180173,0.00313784
1,4.5e-05,105,66,-0.0412467,-0.00922091
1,0.015513,171,105,-0.0110969,-0.00248514
1,4.80216,2814,4909,-0.014903,-0.00149419
1,4.15938,498,353,-0.0301909,-0.00129642
1,0.102885,2029,2231,-0.0257246,-0.0020906
1,3.74092,2094,4771,-0.0402899,-0.00301615
1,1.52207,1053,6121,-0.0113633,0.00585598
1,0.207416,4542,5918,-0.0184267,0.00381354
1,95.4411,45859,39658,0.0125974,0.0137212
1,4.10435,537,353,-0.0110091,-0.00384016
1,0.485432,5231,5179,-0.0192183,0.00472257
1,30.2949,744,515,-0.010844,0.00269995
1,177.001,618,315,0.0652495,-0.00157383
1,0.33668,4581,6155,-0.0182347,0.00338489
1,177.001,618,381,0.0652744,-0.00143021
1,0.09979,2535,3352,-0.0260138,-0.00332316
1,1.52206,1053,6121,-0.0114407,0.00584094
1,9.21838,6308,7842,-0.01961,0.00334756
1,0.025361,171,105,-0.0111657,-0.00182138
1,13.2975,163,126,-0.0112213,-0.0076797
1,0.01552,171,105,-0.0110969,-0.00248514
1,0.179645,2029,2231,-0.0239916,-0.00279341
1,76.2497,195133,298547,0.0100713,0.0334848
1,177.001,618,381,0.0639216,-0.00128655
1,0.069994,1053,6121,-0.0124831,0.00606612
1,0.015177,55,66,-0.0130202,-0.00530641
1,8.95003,8159,9028,-0.0187639,0.00970462
1,0.021648,128,74,-0.0074413,-0.00262396
1,12.6891,3355,4254,-0.0153505,-0.000906516
1,0.027463,55,66,-0.0123474,0.00290757
1,0.027273,108,291,-0.0115813,-0.00131899
1,0.192594,3944,5118,-0.0158181,0.00321031
1,0.095744,2708,3355,-0.0261309,-0.00175385
1,33.2576,828,1006,0.00869807,-0.00165701
1,177.001,618,381,0.0631616,-0.00123987
1,0.015506,171,105,-0.0110969,-0.00248514
1,7.11695,4076,6577,-0.0440745,-0.000947364
1,105.481,142616,141974,0.0149826,0.0129264
1,0.021881,128,74,-0.00744281,-0.00261793
1,0.015584,171,105,-0.0110958,-0.00248514
1,118.017,513,381,0.0182765,-0.00219657
1,9.12677,15522,14208,-0.0174792,0.00329925
1,0.526398,2010,4365,-0.0176484,-0.00367701
1,2.80167,3735,9377,-0.0183307,-0.00251446
1,177.001,618,381,0.065273,-0.00143073
1,0.112297,2372,2789,-0.0236631,-0.00277386
1,4.27083,353,327,-0.0409137,-0.00861572
1,0.119342,2388,5805,-0.0180907,-0.00772754
1,0.125529,2379,2788,-0.025807,-0.00210484
1,9.45062,27494,24662,-0.0167061,0.00816927
1,92.5279,128502,227135,0.0142961,0.0149404
1,0.197031,4827,6201,-0.0184496,0.00389989
1,4.35066,432,353,-0.0136762,-0.000806736
1,3.29807,3653,6027,-0.0519844,-0.00154814
1,0.102007,2310,2899,-0.0258479,-0.00181838
1,0.290178,4049,5406,-0.0164192,-0.00136326
1,177.001,618,381,0.0652733,-0.0014316
1,0.01558,171,105,-0.0110958,-0.00248514
1,177.001,618,381,0.0640551,-0.00122029
1,112.937,54316,60891,0.0176326,0.00767709
1,177.001,618,381,0.0653678,-0.00142383
1,0.01519,55,66,-0.0130202,-0.00530641
1,101.347,53228,56399,0.0124839,0.0190948
1,0.09816,2412,2767,-0.032124,-0.00207397
1,0.055992,171,171,-0.0276119,-0.00369829
1,0.302986,4313,5165,-0.0180881,0.00308628
1,1.89949,9786,11526,-0.0186066,0.00596973
1,30.0986,1647,1159,-0.0170876,-0.00472157
1,4.25253,353,432,-0.0146979,-0.00412253
1,0.2052,4017,5249,-0.0181177,0.00301894
1,2.6e-05,105,66,-0.0412464,-0.00909691
1,2.08407,2190,4717,-0.0392955,-0.00290417
1,59.0259,342,276,0.0134843,5.25299e-05
1,4.20608,432,353,-0.0136693,-0.000930409
1,3.4e-05,105,66,-0.041247,-0.00909199
1,69.0667,178162,105740,0.00923902,0.0202322
1,118.017,723,315,0.0184572,-0.0017901
1,177.001,279,534,0.0692279,-0.00195364
1,30.0946,1701,4536,-0.0175186,-0.00316625
1,4.15484,432,353,-0.0136745,-0.000925746
1,0.532844,2344,7795,-0.0149172,-0.00859508
1,128.332,182854,249258,0.122948,0.0382157
1,4.29617,353,327,-0.0409119,-0.00865526
1,0.015204,55,66,-0.0130202,-0.00530641
1,0.0155,261,126,-0.0177965,-0.00381825
1,177.001,279,534,0.0697347,-0.00181284
1,4.18881,353,393,-0.0171361,-0.00582554
1,63.2366,669,458,-0.000832699,0.000253986
1,0.025163,230,108,-0.013461,-0.0143058
1,1.39861,12927,18954,-0.0182743,0.00955441
1,177.001,618,315,0.0650292,-0.00157573
1,4.15996,432,353,-0.0136792,-0.000809587
1,67.4269,59032,72173,-0.00327556,0.0103931
1,3.56512,1767,4418,-0.0369174,-0.00427767
1,177.001,3275,4510,0.0973774,-0.00161419
1,0.015526,261,126,-0.0177966,-0.00381797
1,106.317,66586,50567,0.0240965,0.0199379
1,9.8741,3749,5828,-0.0488311,-0.00168484
1,0.015506,171,105,-0.0110971,-0.00248514
1,0.021688,128,74,-0.0074428,-0.0026202
1,1.34257,5596,7091,-0.0433511,0.00727749
1,97.9338,146074,149494,0.012406,0.0148579
1,0.053823,951,6055,-0.0134838,0.00623471
1,0.021946,128,74,-0.00744277,-0.00261795
1,0.065323,171,171,-0.0227763,-0.00263428
1,118.016,513,381,0.0188156,-0.00298298
1,177.001,618,381,0.0640492,-0.00121688
1,177.001,618,381,0.0652674,-0.00142986
1,0.069393,987,6055,-0.0120996,0.00598841
1,59.016,342,276,0.0133119,-0.000200397
1,0.042298,105,66,-0.0219646,-0.00217303
1,35.5484,1652,1855,0.00949152,-0.00484339
1,17.3802,4376,4642,-0.0152588,0.00231394
1,4.64032,2952,5493,-0.0415449,-0.00277592
1,0.115386,1053,6121,-0.0124457,0.0060816
1,177.001,315,618,0.0718595,-0.00171506
1,177.001,618,381,0.0651609,-0.00157627
1,177.001,618,381,0.0638795,-0.00125174
1,0.253462,4227,5459,-0.0167746,0.00223718
1,0.056896,1807,402,-0.0196463,-0.00627346
1,30.124,1647,1235,-0.0182982,-0.0044197
1,59.016,342,276,0.013315,-0.000200397
1,3.19325,5554,10173,-0.0419305,-0.00253047
1,0.184017,4371,5813,-0.0183922,0.00309232
1,0.517151,2146,7663,-0.0145061,-0.00882352
1,177.002,279,534,0.0697911,-0.00166735
1,118.016,513,381,0.0183005,-0.00219106
1,0.069161,951,6055,-0.0135798,0.00620205
1,95.6432,104303,164589,0.00556752,0.0108709
1,10.3034,4928,6392,-0.0143207,-0.0014391
1,25.2839,12089,18095,-0.035441,0.00866903
1,118.017,513,381,0.0182338,-0.00225117
1,6.83886,3237,5687,-0.0195483,-0.00169237
1,0.12156,2313,2920,-0.0189501,-0.00288338
1,0.124441,2239,2772,-0.0243863,-0.00311425
1,0.126945,907,3298,-0.00901395,0.00516989
1,1.00869,2315,4599,-0.0172416,-0.00165241
1,9.76395,49428,54958,-0.0159091,0.0118267
1,8.15192,2952,5472,-0.0428649,-0.00228966
1,4.31619,353,327,-0.0409138,-0.00838063
1,3.89476,2856,5293,-0.0200715,-0.00208353
1,0.139133,2190,3572,-0.025512,-0.00664071
1,63.0929,669,458,-0.00138504,-0.000655666
1,4.10882,353,327,-0.0409138,-0.00861107
1,4.14282,432,353,-0.0136773,-0.000803997
1,0.186103,4503,6011,-0.0182884,0.00377111
1,4.13194,353,393,-0.017123,-0.00582088
1,0.021645,128,74,-0.0074413,-0.00262396
1,0.015465,171,105,-0.0112103,-0.00248593
1,0.394687,4476,6116,-0.0183717,0.00312638
1,7.64591,2281,3259,-0.0253066,-0.00363574
1,3.92377,432,431,-0.0248561,-0.000107772
1,177.002,618,381,0.0648189,-0.00164708
1,4.18141,353,327,-0.0409756,-0.00864286
1,4.25401,498,353,-0.0301876,-0.00128896
1,1.55121,5969,8267,-0.0242252,0.00189104
1,118.016,513,381,0.018291,-0.00219136
1,9.67138,12092,12929,-0.0189654,0.00499574
1,24.4802,14836,14728,-0.0176167,0.00508493
1,4.87355,1809,4420,-0.0368733,-0.00417516
1,4.28911,353,327,-0.0409161,-0.00842861
1,0.015429,128,66,-0.0125042,-0.00585789
1,0.215346,1053,6121,-0.0121613,0.00614824
1,103.509,98524,201364,0.014426,0.00691668
1,0.015588,171,105,-0.0110958,-0.00248514
1,0.027035,55,66,-0.0123443,0.00291329
1,0.015511,171,105,-0.0110969,-0.00248514
1,0.068418,171,171,-0.0227788,-0.00261893
1,0.118882,2110,1835,-0.0206704,-0.00393601
1,3.1e-05,105,66,-0.041247,-0.00909199
1,0.025447,171,105,-0.0111657,-0.00182138
1,1.3055,12247,17852,-0.017192,0.00355942
1,0.024981,171,105,-0.0111657,-0.00182138
1,0.119197,2313,2788,-0.0244985,-0.00277108
1,2.1e-05,105,66,-0.0412463,-0.00909684
1,118.026,513,381,0.0176387,-0.00147727
1,71.6464,52041,52200,0.00986226,0.0109225
1,4.24575,353,393,-0.0171918,-0.00592957
1,30.1012,1755,4536,-0.0374372,-0.00326436
1,79.671,19091,17265,0.00979541,0.0032859
1,47.0002,77336,46807,0.00917004,0.0127265
1,40.6934,2595,3836,0.0102218,-0.000714244
1,59.016,342,276,0.0134837,-3.3379e-05
1,19.1641,41766,25408,-0.0154851,0.0115921
1,177.001,618,381,0.0639168,-0.00121844
1,90.9534,50167,77282,0.0115223,0.019412
1,120.019,76203,90976,0.0768555,0.01566
1,0.241831,4371,5945,-0.0184301,0.00300567
1,177.001,618,381,0.0640508,-0.00121838
1,4.31982,432,353,-0.0129913,0.000335047
1,0.057761,171,171,-0.0276118,-0.00369851
1,0.021778,128,74,-0.00744289,-0.00261799
1,0.215606,4161,5525,-0.016749,0.00239685
1,9.89639,52396,103432,-0.0170116,0.0110938
1,4.26346,353,393,-0.0171239,-0.00580911
1,16.8878,3718,4596,-0.0157097,0.000424027
1,4.16648,432,353,-0.0129415,0.000335313
1,177.001,618,381,0.0654899,-0.00142931
1,0.057023,171,171,-0.0276113,-0.00369829
1,4.18625,353,393,-0.0171925,-0.00580911
1,177.001,618,381,0.0653376,-0.00145196
1,2.4e-05,105,66,-0.0412464,-0.00909691
1,1.52203,987,6055,-0.0111758,0.00585116
1,0.084484,2285,4539,-0.015949,-0.00415551
1,118.016,513,381,0.0188156,-0.00308402
1,59.0259,342,276,0.013484,5.27087e-05
1,0.305927,4706,6193,-0.0181227,0.00360002
1,1.52205,987,6055,-0.0111744,0.00584762
1,0.302326,4451,5564,-0.0180911,0.00305015
1,4.16995,498,353,-0.0301938,-0.00116721
1,0.017232,171,105,-0.011173,-0.00233231
1,18.7375,12477,12603,-0.0154812,0.0111919
1,129.187,1110,1072,0.0909751,0.000586003
1,16.5721,31594,35419,-0.0147089,0.00776535
1,59.0252,342,276,0.0134843,5.24587e-05
1,0.315228,4227,5459,-0.016722,-8.40501e-05
1,100.655,166693,162120,0.0125408,0.0172358
1,0.18298,2313,2788,-0.0235983,-0.00220738
1,4.22088,353,393,-0.0171938,-0.00579865
1,0.261049,4156,5525,-0.0180858,0.00309449
1,0.069411,1053,6121,-0.0124847,0.00607035
1,118.016,513,381,0.0188293,-0.00298328
1,63.1,603,458,-0.000586619,-0.00303703
1,0.02501,171,105,-0.0111657,-0.00182138
1,4.25879,353,393,-0.0171253,-0.00579857
1,0.096591,2419,2795,-0.0321103,-0.00206596
1,4.24431,432,353,-0.0136792,-0.000809693
1,0.015543,171,105,-0.0112099,-0.00248593
1,0.025004,171,105,-0.0111657,-0.00182138
1,0.111131,2379,2788,-0.0245797,-0.00315086
1,0.105701,1544,1795,-0.0325296,-0.00833441
1,4.24127,432,353,-0.0136728,-0.000930745
1,4.11369,432,353,-0.0136728,-0.000925976
1,0.190676,4056,5377,-0.0167352,0.00236398
1,31.1787,426,273,-0.0131608,-0.00975294
1,0.530771,2249,4628,-0.0173928,-0.00469338
1,0.10063,2029,2231,-0.0237769,-0.0025494
1,0.095712,2419,2795,-0.0321235,-0.00206963
1,59.0254,342,276,0.0134456,6.92767e-05
1,30.0951,1755,4671,-0.0364949,-0.00112905
1,177.002,315,618,0.071794,-0.00185701
1,120.017,125996,103110,0.0965466,0.023241
1,59.0159,342,210,0.0120952,-0.00126586
1,1.67799,2910,5466,-0.0414011,-0.00231668
1,1.23654,1755,4555,-0.0394834,0.00022104
1,30.1085,1755,4573,-0.0360666,-0.00401181
1,0.057082,171,171,-0.0276119,-0.00369829
1,30.0833,1755,4591,-0.0357526,-0.00326107
1,0.371607,4464,5762,-0.0167712,0.00245185
1,98.2639,303604,506122,0.0141217,0.0400074
1,39.6778,28377,25690,0.0108259,0.0135233
1,177.001,618,381,0.0649375,-0.00156828
1,4.04525,498,353,-0.03019,-0.00128589
1,0.021673,128,74,-0.0074428,-0.0026202
1,0.055997,171,171,-0.0275961,-0.00386851
1,0.510359,2010,4366,-0.0176544,-0.00372832
1,177.001,279,534,0.0697899,-0.00165402
1,59.0258,342,276,0.0134843,5.24587e-05
1,0.025421,171,105,-0.011079,-0.00182062
1,98.6931,254171,426121,0.0130224,0.0249788
1,4.07627,353,393,-0.0171226,-0.00592429
1,28.2428,23733,34281,-0.015344,0.00598544
1,115.978,51620,58605,0.0170478,0.00741504
1,59.0161,342,276,0.0133119,-0.000200397
1,0.217618,4403,5956,-0.0184251,0.0029266
1,0.015495,171,105,-0.0111379,-0.00248517
1,110.556,84601,102860,0.0238333,0.0184693
1,0.016427,171,105,-0.0111746,-0.00232965
1,4.28222,353,393,-0.0171486,-0.00562872
1,0.265265,4286,5445,-0.0167478,0.00237601
1,4.20891,432,353,-0.0136728,-0.000930639
1,0.027029,55,66,-0.0123443,0.00291329
1,1.39149,12927,18860,-0.0183431,0.00848817
1,4.03714,353,393,-0.0171368,-0.00557075
1,73.3874,24340,25288,0.0101653,0.0133792
1,0.51754,2621,5741,-0.0429087,-0.00479155
1,30.1065,1755,4671,-0.0382136,-0.000930167
1,82.4669,48434,53306,0.0131242,0.0180465
1,4.02073,353,393,-0.0171361,-0.00592491
1,122.073,513,437,0.0537166,-0.00106177
1,0.212681,4476,6116,-0.0184249,0.00304598
1,4.20792,498,353,-0.0250983,2.18347e-06
1,6.36162,5600,7500,-0.0429788,0.00013005
1,108.997,123279,244752,0.00926542,0.021693
1,118.016,513,381,0.0178907,-0.00255869
1,0.093551,2304,1560,-0.0168227,-0.00266596
1,52.5581,70406,104301,0.0100965,0.0056387
1,4.13536,432,353,-0.0136726,-0.000925746
1,177.002,618,381,0.0640106,-0.00134151
1,0.015573,171,105,-0.0110958,-0.00248514
1,177.001,618,381,0.0653334,-0.00155908
1,63.0785,458,603,0.0117499,-0.00544686
1,4.28486,353,393,-0.0171479,-0.00564509
1,96.3103,171701,282207,0.0127982,0.0307586
1,0.02173,128,74,-0.0074428,-0.0026202
1,0.25483,4161,5657,-0.0167967,0.00219801
1,28.3004,42919,66740,-0.0115133,0.00775985
1,0.015638,171,105,-0.0110958,-0.00248524
1,8.94776,2296,4688,-0.0403917,-0.00329685
1,0.10226,2847,3515,-0.0194114,-0.00175369
1,0.015669,171,105,-0.0110958,-0.00248524
1,0.025012,171,105,-0.0111657,-0.00182138
1,59.0256,342,276,0.0132487,5.21774e-05
1,177.001,618,381,0.0652909,-0.00143021
1,0.518361,3381,5709,-0.0154364,-0.00778428
1,4.29406,432,353,-0.0136798,-0.000809753
1,0.015687,171,105,-0.0110958,-0.00248524
1,177.001,279,534,0.0710373,-0.0016313
1,14.8755,163,296,-0.012238,-0.00555716
1,177.001,618,381,0.0639218,-0.00122047
1,6.94042,8510,9609,-0.0320675,0.00342384
1,0.017009,55,66,-0.0132543,-0.00484216
1,0.015577,171,105,-0.0110958,-0.00248514
1,4.36454,498,353,-0.0250956,-4.11713e-05
1,104.669,30409,30718,0.0161623,0.0196112
1,68.3978,143649,200762,0.00981624,0.0221826
1,4.20549,353,432,-0.0146121,-0.00418061
1,4.1132,353,393,-0.0171233,-0.00582088
1,35.6178,57015,92512,0.00854684,0.0104292
1,0.111608,2247,2854,-0.023598,-0.00261917
1,0.137588,2247,2542,-0.0236357,-0.00252825
1,0.02612,171,105,-0.0110311,-0.00182672
1,0.951825,5292,6716,-0.0516015,0.00805811
1,101.775,91060,105229,0.0219466,0.015238
1,63.2633,669,458,-0.000832699,0.000253986
1,49.92,42915,35394,0.0118056,0.00807581
1,30.1016,1713,4709,-0.0164709,-0.00190775
1,122.041,513,437,0.0507294,-0.000707387
1,4.09611,498,353,-0.0301909,-0.00128272
1,83.8825,229650,333224,0.0107086,0.0334033
1,4.15519,432,353,-0.0129873,0.000295175
1,63.0981,458,603,0.0117524,-0.00549934
1,4.36176,353,393,-0.0171938,-0.00580935
1,4.02106,458,405,-0.0442796,-0.00819435
1,59.0159,342,276,0.0130987,-0.000203618
1,4.161,353,327,-0.0409119,-0.00865528
1,0.213148,4049,5340,-0.018109,0.00295795
1,0.025271,55,66,-0.012512,-0.00311342
1,0.015485,171,105,-0.0112103,-0.00248593
1,0.068945,987,6055,-0.012091,0.0059875
1,0.112299,2726,3390,-0.01935,-0.00179499
1,1.15379,4647,5639,-0.0428531,0.00261134
1,0.115887,2133,3702,-0.0185215,-0.0028331
1,0.057029,171,171,-0.0276112,-0.00369829
1,177.002,279,534,0.0697307,-0.00181175
1,93.4726,89866,107962,0.0165134,0.013289
1,63.1342,669,458,-0.00138818,-0.000650264
1,4.24303,576,353,-0.0216286,0.000203198
1,4.09851,498,353,-0.0301907,-0.00128685
1,0.196803,4185,5081,-0.0167237,0.00242132
1,96.55,116727,195017,0.0147436,0.0238153
1,4.21402,498,353,-0.0301907,-0.00129198
1,55.9017,165804,244240,0.0106654,0.0248668
1,4.07261,498,353,-0.0301935,-0.00128967
1,95.4303,69478,68180,0.0120007,0.008323
1,30.7528,1647,1295,-0.0175211,-0.00466826
1,1.23767,5292,6697,-0.0428717,0.00491071
1,0.161106,4371,5762,-0.0185416,0.00335513
1,0.058733,171,171,-0.0276035,-0.00369829
1,177.001,618,381,0.0654437,-0.0014819
1,0.015262,147,93,-0.0108031,-0.00503329
1,4.27789,353,393,-0.0171938,-0.00579864
1,1.18593,7433,10555,-0.0177907,0.00643163
1,0.279821,3622,9637,-0.0149727,-0.00834396
1,0.015585,171,105,-0.0112096,-0.00248593
1,0.095772,2883,3138,-0.013224,-0.00271175
1,0.286371,4679,6166,-0.0167969,0.0025185
1,59.6455,15539,16735,0.0106216,0.00346658
1,63.1537,458,669,0.00975514,-0.00351073
1,4.07515,353,393,-0.0171359,-0.00545965
1,177.001,618,381,0.0654928,-0.00142993
1,0.016167,171,105,-0.0110859,-0.00248495
1,0.069339,1053,6121,-0.0124847,0.00607035
1,27.7094,46053,54950,-0.0188818,0.0129871
1,0.547949,2010,4365,-0.0180961,-0.00385017
1,177.001,618,381,0.0654859,-0.00142413
1,4.28344,353,393,-0.0171253,-0.00579865
1,4.11742,498,353,-0.0301883,-0.0012889
1,177.002,618,381,0.0654918,-0.00143082
1,101.812,100714,117695,0.0218877,0.020215
1,63.237,603,458,-0.000586619,-0.00303703
1,56.9934,72455,113007,0.00822308,0.0185181
1,118.239,618,381,0.0188117,-0.00294581
1,30.1685,1767,4649,-0.0164802,-0.00180496
1,4.10595,353,327,-0.0409014,-0.00861102
1,1.14484,5695,4640,-0.0164378,-0.00127755
1,177.001,618,381,0.0654595,-0.0014819
1,15.358,28004,36035,-0.033056,0.0168034
1,1.2383,12445,17782,-0.0183644,0.0115033
1,6.25877,1809,4401,-0.0384754,-0.00409164
1,3.4e-05,105,66,-0.041247,-0.00909199
1,0.069492,1053,6121,-0.0124833,0.00606679
1,4.3551,432,353,-0.0129895,0.00028959
1,2.9e-05,93,54,-0.0163064,-0.0101484
1,4.27708,432,353,-0.0129417,0.000334947
1,0.070545,1053,6121,-0.0124847,0.00607023
1,0.150303,4363,5730,-0.0187935,0.00308835
1,11.1583,8184,12079,-0.0158452,0.00209943
1,4.2371,353,393,-0.0171479,-0.00564509
1,4.04982,432,353,-0.0136726,-0.000925746
1,0.108448,2313,2854,-0.025783,-0.00316105
1,0.021635,128,74,-0.0074413,-0.00262396
1,16.2863,13404,21316,-0.0151399,0.00408186
1,0.142951,2372,2774,-0.0257575,-0.00287569
1,4.4877,576,353,-0.0269831,-0.00104398
1,7.7755,1809,4402,-0.0369677,-0.0038907
1,0.325047,128,74,-0.00616757,-0.00332861
1,177.001,618,381,0.065504,-0.00142635
1,0.256832,276,105,-0.0125752,0.000366919
1,0.015512,171,171,-0.027519,-0.0042109
1,0.510644,2441,7807,-0.0134856,-0.00691335
1,9.18747,2688,4004,-0.0150026,-0.00118119
1,9.65769,5830,10390,-0.0316492,-0.00236075
1,0.068497,987,6055,-0.0120909,0.00598741
1,0.372046,3422,4250,-0.0167925,-0.000986892
1,0.015131,55,66,-0.0130512,-0.0053981
1,63.7234,126693,74484,0.00860865,0.0226695
1,0.025305,327,126,-0.0178564,-0.00400469
1,0.068212,171,171,-0.0227788,-0.00261893
1,0.016379,279,120,-0.0143838,-0.00361208
1,0.323775,4149,5183,-0.0167401,0.00237098
1,30.3697,1701,1295,-0.0176716,-0.00400209
1,15.1097,7955,10986,-0.0160373,0.00131087
1,63.3029,774,602,-0.0136748,-0.00106684
1,0.234121,4476,5918,-0.0184036,0.00305395
1,177.001,618,381,0.0651193,-0.0015542
1,108.817,78892,59225,0.0237449,0.020156
1,26.6052,52108,86080,-0.0146713,0.0103531
1,0.343791,4114,5404,-0.0159013,-0.00119011
1,1.52497,1053,6121,-0.0113619,0.00586983
1,59.0161,342,276,0.0133119,-0.000200397
1,60.4166,115878,119812,0.0104305,0.0102164
1,63.1961,669,458,-0.000839558,0.000258154
1,0.025031,327,126,-0.0178558,-0.00400908
1,0.027318,108,291,-0.0115801,-0.00131899
1,118.881,155865,311300,0.0204517,0.0211247
1,9.70115,1755,1119,-0.0151546,-0.00445531
1,92.5682,54005,61476,0.0123512,0.00784757
1,59.0161,342,276,0.0133119,-0.000200595
1,0.122517,2306,2774,-0.0240561,-0.00277946
1,4.08922,353,327,-0.0409708,-0.00861709
1,19.4812,37803,61610,-0.0160342,0.0138927
1,0.015497,171,105,-0.0110971,-0.00248514
1,0.015539,171,105,-0.0110967,-0.00248517
1,122.077,513,437,0.0537166,-0.00106177
1,62.3762,17872,18902,0.00982323,0.0057405
1,30.0874,1647,1351,-0.0177531,-0.00467601
1,0.397239,4425,5459,-0.015844,-0.000998871
1,4.24281,353,393,-0.0171229,-0.00582554
1,0.268043,4574,6061,-0.0181031,0.00307943
1,151.794,3026,3865,0.119849,0.00385482
1,0.135131,1963,2165,-0.023719,-0.00274155
1,0.55548,2010,4365,-0.0184767,-0.0037417
1,177.001,315,618,0.0716106,-0.00185832
1,25.5645,3111,4134,-0.0145164,-0.00230114
1,4.17696,432,353,-0.0136728,-0.000930639
1,0.015505,171,105,-0.0110971,-0.00248514
1,0.027317,291,108,-0.0133637,-0.0086832
1,4.21334,498,353,-0.0301902,-0.00129357
1,118.016,513,315,0.0185643,-0.0030771
1,59.0257,342,276,0.0134843,5.24587e-05
1,0.221935,4056,5354,-0.0167429,0.00238187
1,30.1125,3833,6230,-0.0146747,-0.00266766
1,6.79694,28458,17112,-0.0168493,0.0164608
1,0.508069,2010,4419,-0.0191435,-0.00416032
1,1.52215,1053,6121,-0.0113195,0.0058482
1,35.3539,2397,3836,0.0105251,-0.000754928
1,7.00791,2517,5156,-0.0403075,-0.00304839
1,177.001,618,381,0.0651475,-0.00142602
1,15.7902,6411,9063,-0.0351774,0.00181828
1,63.237,669,458,-0.00138589,-0.000655666
1,13.1554,2886,4205,-0.015333,-0.0019853
1,4.05057,498,353,-0.030194,-0.00116571
1,0.068166,171,171,-0.0227788,-0.00261893
1,4.08075,353,327,-0.0409156,-0.00842076
1,0.118805,2247,2854,-0.0236415,-0.00277898
1,30.1442,1755,4649,-0.0394501,-0.00384582
1,98.4121,100007,123079,0.0065777,0.0212642
1,4.52168,432,353,-0.0137369,-0.000661743
1,0.198772,4476,6116,-0.0183294,0.00388612
1,0.10511,2251,2861,-0.0257239,-0.00161781
1,0.058404,171,171,-0.0276042,-0.00369829
1,6.09356,12258,17139,-0.0173084,0.0112671
1,30.0979,1755,4727,-0.0366912,-0.00126447
1,0.056376,171,171,-0.0276119,-0.00369829
1,0.069654,987,6055,-0.012093,0.00599736
1,4.28616,353,393,-0.0171216,-0.005876
1,4.08816,353,393,-0.0171928,-0.00580456
1,4.07483,353,327,-0.0409133,-0.00861102
1,14.8798,20092,38930,-0.0184941,0.0175114
1,4.3953,498,353,-0.025162,0.000229781
1,1.52209,1053,6121,-0.0113609,0.00584744
1,0.015381,55,66,-0.0130241,-0.00531686
1,4.04859,498,353,-0.030194,-0.00116666
1,95.3694,42762,39599,0.0147383,0.0177444
1,118.026,513,381,0.0176286,-0.00149728
1,118.016,513,381,0.0180726,-0.00219136
1,0.021678,171,105,-0.0111335,-0.00187576
1,59.0162,342,276,0.0133119,-0.000200397
1,7.08847,16404,16404,-0.0196383,0.00408327
1,1.50983,12313,18161,-0.018216,0.0115321
1,177.001,618,381,0.0651193,-0.00145226
1,4.19975,353,393,-0.0171487,-0.00562873
1,59.0161,342,276,0.0130936,-0.000200698
1,0.130848,2306,2840,-0.0257991,-0.00216777
1,37.7541,56000,62483,0.010821,0.011876
1,1.48845,1767,4563,-0.0397768,-0.000688718
1,25.1441,5274,6872,-0.016662,0.00531206
1,120.801,35930,29979,0.0974391,0.0293133
1,7.96914,1792,2424,-0.0264327,-0.0037377
1,4.29637,432,353,-0.0129915,0.00033412
1,0.021777,128,74,-0.00744289,-0.00261799
1,118.026,513,381,0.0174942,-0.00146893
1,104.03,144274,194921,0.0132243,0.0110695
1,4.21528,353,393,-0.0171937,-0.00579857
1,1.06977,4931,5198,-0.0512674,0.00726528
1,20.0746,16254,18346,-0.0153257,0.00277484
1,0.069432,987,6055,-0.0120909,0.00598775
1,9.8693,4695,6875,-0.0201939,0.000639132
1,0.024892,171,105,-0.0111509,-0.00180717
1,177.001,279,534,0.069736,-0.00170956
1,177.001,618,315,0.065186,-0.00144956
1,30.1812,1647,1295,-0.0164915,-0.00578562
1,4.20593,432,353,-0.0136726,-0.000930409
1,30.1944,24440,40821,-0.0165209,0.0106567
1,102.697,177378,277785,0.0120063,0.00869365
1,0.056746,171,171,-0.0276112,-0.00370096
1,0.331899,4647,6376,-0.018563,0.00301876
1,4.25839,353,327,-0.0409137,-0.00861572
1,4.23804,498,353,-0.0250975,3.73085e-06
1,48.099,42912,38773,0.0108606,0.0117676
1,0.244152,4542,6182,-0.018244,0.00367039
1,177.001,618,381,0.0652249,-0.00148266
1,103.538,47310,35828,0.0165994,0.0159901
1,4.04593,353,393,-0.017208,-0.00562975
1,4.07114,432,353,-0.0129434,0.000339976
1,0.171475,4476,5867,-0.0184014,0.00380615
1,4.18662,353,393,-0.0171918,-0.00582554
1,9.9203,13953,11564,-0.0147883,0.00636471
1,59.016,342,276,0.0130934,-0.000200698
1,3.1e-05,105,66,-0.041247,-0.00909199
1,177.001,618,381,0.0653308,-0.00156186
1,0.0663,171,171,-0.0227788,-0.00262013
1,63.4955,93934,76363,0.0115118,0.0256027
1,4.36459,498,353,-0.0250943,-4.17916e-05
1,4.24684,498,353,-0.0301932,-0.00129387
1,4.10051,353,393,-0.0171498,-0.00561345
1,0.382619,4247,5736,-0.016446,0.00251678
1,22.2864,34236,49592,-0.0171737,0.0130855
1,35.9442,5868,8369,0.010604,0.00188618
1,7.83983,1755,1101,-0.0155587,-0.00364567
1,59.0253,447,276,0.0131871,8.43574e-05
1,0.015232,108,60,-0.0124266,-0.00908361
1,43.1721,64081,97778,0.00375903,0.0110197
1,4.16256,498,353,-0.0301899,-0.00128896
1,0.095043,279,180,-0.0181671,-0.00419343
1,0.021666,128,74,-0.0074428,-0.0026202
1,173.639,10280,15968,0.0920987,-0.00239193
1,0.337769,4161,5497,-0.0157635,-0.00115388
1,110.86,131806,136917,0.017811,0.0279002
1,0.065895,171,171,-0.0218872,-0.00174445
1,4.23291,353,393,-0.0171229,-0.00582554
1,111.676,80202,161029,0.0208457,0.0261813
1,4.18318,432,353,-0.0129415,0.000335313
1,0.073134,2219,1221,-0.0173306,-0.00167445
1,0.109735,2379,2491,-0.0168844,-0.00283523
1,0.015633,171,105,-0.0110958,-0.00248524
1,30.1026,1647,1383,-0.0177582,-0.00468699
1,4.24236,432,353,-0.01367,-0.000932136
1,93.4502,115417,90209,0.0162298,0.0154645
1,59.0159,342,210,0.0120952,-0.00126586
1,177.002,315,618,0.0714542,-0.00195182
1,4.0587,498,353,-0.0301932,-0.00128874
1,29.97,59902,61627,-0.0155811,0.00882777
1,118.016,513,381,0.0183022,-0.00219722
1,0.298421,4647,6170,-0.0181038,0.00326824
1,4.18347,353,393,-0.0171361,-0.00582556
1,100.339,60059,64680,0.013999,0.00607326
1,0.027049,55,66,-0.0123443,0.00291329
1,14.9954,65703,112539,-0.0183942,0.0175379
1,30.1016,1755,4534,-0.0353729,-0.00422248
1,30.0968,1647,1351,-0.0177714,-0.00471273
1,59.0162,342,276,0.0130907,-0.000201213
1,0.120615,2240,2774,-0.0236941,-0.00276766
1,55.8522,32922,64139,0.00945468,0.026518
1,0.307926,4254,5420,-0.0181149,0.00311659
1,8.25037,11006,12453,-0.0191443,0.00468729
1,0.017147,171,105,-0.0110601,-0.00233152
1,0.025061,171,105,-0.0111657,-0.00182138
1,0.056937,171,171,-0.0276119,-0.00369829
1,104.523,140878,225087,0.0150911,0.0256051
1,0.025262,171,105,-0.0111657,-0.00182138
1,0.23278,4476,5918,-0.0184038,0.00305022
1,0.316142,4266,5630,-0.016735,-0.00120766
1,8.97324,2157,3138,-0.0149808,-0.00544281
1,4.09705,353,327,-0.0409706,-0.00860614
1,0.623571,637,612,-0.0152736,-0.00299164
1,4.22827,498,353,-0.0250943,-4.17916e-05
1,24.8018,3940,4596,-0.0153725,0.00228426
1,0.287338,3654,4800,-0.0164638,0.00152554
1,128.08,87717,71445,0.107252,0.0187792
1,0.02498,171,105,-0.0111657,-0.00182138
1,63.3967,669,458,-0.000832769,0.000256492
1,4.13558,353,327,-0.0410009,-0.00845718
1,0.066975,171,171,-0.0218905,-0.00174445
1,30.0866,1755,4591,-0.0353737,-0.00413272
1,112.292,146340,220526,0.0108958,0.00689426
1,2.2e-05,105,66,-0.0412464,-0.00909691
1,4.36473,432,353,-0.0136726,-0.000933393
1,14.2295,27710,41989,-0.0176706,0.020137
1,30.1022,1647,1295,-0.0177707,-0.00465381
1,0.026925,55,66,-0.00951132,0.00291329
1,30.0999,1647,1215,-0.0170487,-0.0052256
1,0.059022,171,171,-0.0276035,-0.00370096
1,177.001,618,381,0.0653679,-0.00142397
1,1.2229,1755,1302,-0.0156729,-0.00458928
1,177.002,618,381,0.0654931,-0.00142991
1,94.844,105997,213662,0.0176724,0.0216743
1,0.025335,327,126,-0.0178565,-0.00400427
1,0.253635,4115,5076,-0.0158682,-0.00100184
1,63.2472,669,458,-0.000835277,0.000255614
1,0.233092,2684,3892,-0.0174358,-0.00616493
1,0.025082,171,105,-0.0111657,-0.00182138
1,0.102753,2247,2788,-0.0258216,-0.00308637
1,17.7725,784,1350,-0.0142485,-9.49126e-05
1,4.18591,353,393,-0.0171918,-0.00582554
1,177.001,618,315,0.0650614,-0.00144376
1,0.025014,327,126,-0.0178565,-0.00400866
1,5.34973,13680,10748,-0.0179198,0.00489594
1,59.0162,342,276,0.0133119,-0.000200397
1,1.29093,12577,18092,-0.0164363,0.0025192
1,0.071334,987,6055,-0.0120995,0.00598857
1,0.510049,2212,7663,-0.0150849,-0.0100377
1,7.44316,2212,3316,-0.0151428,-0.00250117
1,1.31807,12313,17606,-0.0183467,0.0100355
1,9.52648,3176,3577,-0.0287342,-0.00100664
1,0.057429,171,171,-0.0276119,-0.00369829
1,177.001,618,381,0.0653376,-0.0015542
1,118.016,513,381,0.0188156,-0.00298298
1,58.6906,113300,166440,0.00943438,0.0170615
1,0.071866,1053,6121,-0.012485,0.00606463
1,4.2522,498,353,-0.0301906,-0.00129549
1,0.015635,171,105,-0.0110958,-0.00248524
1,0.041111,93,54,-0.0139931,-0.00248429
1,30.0949,1713,4534,-0.0353057,-0.00430095
1,1.20058,5479,7828,-0.0242451,0.000468822
1,3.1e-05,105,66,-0.041247,-0.00909199
1,177.001,618,381,0.0639311,-0.00121688
1,0.372847,3084,3658,-0.0168779,-0.0009781
1,0.171992,4815,5972,-0.0183676,0.00359748
1,177.001,618,381,0.0648134,-0.00166137
1,1.26783,6767,9864,-0.0165482,0.00221796
1,0.178682,4476,5984,-0.0185443,0.00342684
1,4.09725,432,353,-0.01367,-0.000927367
1,59.4602,2276,5098,0.00523838,-0.00159178
1,0.04773,171,105,-0.0120262,-0.00183024
1,47.0928,20465,23609,0.00817353,0.00873477
1,0.025383,261,126,-0.0178474,-0.00409749
1,0.372764,3162,3686,-0.016615,-0.000954878
1,118.016,513,381,0.0182842,-0.00186664
1,75.3571,17859,28262,0.0129373,0.000356264
1,0.015521,171,105,-0.0110969,-0.00248514
1,177.001,618,381,0.0652715,-0.00142961
1,0.135736,4785,5844,-0.0185261,0.00322301
1,0.149136,2174,2789,-0.0257046,-0.00281673
1,98.4469,176496,264607,0.0143508,0.0253813
1,122.078,513,437,0.0537166,-0.00106177
1,109.383,40685,43715,0.0197017,0.0222496
1,29.9008,529,832,-0.017416,-0.0191604
1,122.103,513,437,0.0537166,-0.00106177
1,30.089,1659,4591,-0.0175176,-0.00318178
1,109.148,68967,80942,0.0180925,0.0207445
1,0.520582,2010,4425,-0.0175381,-0.00361698
1,1.79646,2183,4620,-0.0393421,-0.00258096
1,0.166861,4715,5959,-0.0182338,0.00377143
1,4.57535,2136,4770,-0.0223275,-0.00212338
1,0.027133,55,66,-0.0123473,0.00290804
1,5.13338,1767,4606,-0.038206,-0.000686781
1,118.016,513,381,0.0186059,-0.00308935
1,63.0863,669,458,-0.00138504,-0.000655666
1,0.090393,2305,1585,-0.016808,-0.00231347
1,59.0163,342,276,0.0133171,-0.000200397
1,177.002,315,618,0.0716692,-0.00186715
1,0.065579,171,171,-0.0227763,-0.00263428
1,3.91208,1755,1179,-0.0146999,-0.00376217
1,2.5e-05,93,54,-0.0163052,-0.010159
1,4.2e-05,93,54,-0.0163058,-0.0102704
1,9.83035,7670,5198,-0.0150018,0.00975019
1,4.13687,353,393,-0.017137,-0.00580454
1,9.97258,5076,7593,-0.0189206,0.000150208
1,14.3768,3223,4320,-0.0127183,-0.00231569
1,0.276776,4141,5233,-0.017991,0.00305783
1,4.37253,498,353,-0.0250943,-4.17916e-05
1,109.845,95255,114874,0.0279424,-0.0111079
1,0.095503,2909,3371,-0.013497,-0.00273527
1,63.1273,669,458,-0.000834973,0.000257306
1,177.002,618,381,0.0653308,-0.00156186
1,0.070065,951,6055,-0.0135751,0.00622418
1,0.070645,1119,6187,-0.0137867,0.00569507
1,0.056398,171,171,-0.0276119,-0.00369829
1,0.24537,4017,5197,-0.0164674,0.00236289
1,0.513324,1956,4366,-0.0175503,-0.00348842
1,0.090877,2305,1563,-0.0167908,-0.00265717
1,4.36687,419,393,-0.0160849,-0.0114777
1,59.0257,342,210,0.0121896,-0.000930988
1,1.15531,5629,4565,-0.0161607,-0.00135806
1,0.015561,171,105,-0.0110967,-0.00248514
1,4.20115,432,353,-0.0136721,-0.000931998
1,0.059432,171,171,-0.0276013,-0.00369842
1,16.4471,5168,6820,-0.0148074,0.00154304
1,0.025032,171,105,-0.0111657,-0.00182138
1,4.0895,353,327,-0.0409704,-0.00860972
1,0.015557,171,105,-0.0110967,-0.00248517
1,100.247,134728,204583,0.0115111,0.0112067
1,59.0255,342,276,0.0134843,5.25299e-05
1,30.1308,3569,2914,-0.0174576,-0.00164679
1,30.1138,1647,1235,-0.0182982,-0.00442091
1,0.015547,171,105,-0.0110967,-0.00248514
1,0.015133,55,66,-0.0130512,-0.0053981
1,177.001,618,381,0.0653308,-0.00156186
1,0.097251,2305,1585,-0.0168515,-0.00231363
1,0.025013,171,105,-0.0111657,-0.00182138
1,118.016,513,381,0.0180639,-0.00219326
1,0.02526,171,171,-0.0220724,-0.00288813
1,0.152879,1809,4552,-0.0406378,-0.00393371
1,30.1001,1713,4514,-0.037418,-0.0032825
1,1.16174,5761,8038,-0.0240287,-0.000342451
1,177.001,618,381,0.0653376,-0.00145196
1,8.56627,2856,5516,-0.0196008,-0.00192523
1,9.71578,10431,12027,-0.0204448,0.0044346
1,118.017,513,381,0.0188156,-0.00308432
1,0.015618,261,126,-0.0177966,-0.00381797
1,97.7116,79351,66578,0.0158204,0.0066582
1,15.2782,3877,4818,-0.0152954,0.00269872
1,63.1332,603,458,-0.00044076,-0.00243592
1,9.99899,3403,5249,-0.0224153,-0.00198209
1,63.2255,603,458,-0.000591937,-0.00302842
1,4.13496,432,353,-0.0136726,-0.000925746
1,63.5228,603,458,-0.000587556,-0.00303737
1,0.021707,128,74,-0.0074428,-0.0026202
1,1.22385,5629,4603,-0.0161684,-0.00162316
1,0.168461,4305,5894,-0.0185511,0.00279162
1,0.025387,171,105,-0.0111657,-0.00182138
1,118.026,513,381,0.017642,-0.00147724
1,0.104535,1956,2217,-0.0245243,-0.00271936
1,177.001,618,381,0.0639186,-0.0012899
1,59.0161,342,276,0.0130907,-0.000201087
1,59.0178,342,276,0.0133101,-0.000175403
1,4.20928,353,393,-0.0171232,-0.00582554
1,1.25744,5292,6685,-0.0424014,0.00427926
1,0.195781,4640,5967,-0.0182017,0.00302331
1,7.9068,1863,4607,-0.0164466,-0.00208632
1,0.015662,171,105,-0.0110958,-0.00248524
1,4.11433,432,353,-0.0136728,-0.000925976
1,4.55392,3291,5925,-0.0202318,-0.00180023
1,0.015548,171,105,-0.0110967,-0.00248514
1,59.016,342,210,0.0118769,-0.00126638
1,4.30454,432,353,-0.0129878,0.000289794
1,45.0947,110,132,0.012117,-0.00803766
1,2e-05,105,66,-0.0412463,-0.00908034
1,0.025398,261,126,-0.017848,-0.0041253
1,0.265746,4254,5354,-0.0181206,0.00308402
1,4.14512,498,353,-0.0250972,-3.99505e-05
1,0.015531,171,105,-0.0110967,-0.00248517
1,177.002,279,534,0.0693162,-0.00191991
1,1.39557,12795,18931,-0.0183607,0.00585846
1,0.025219,171,105,-0.0111657,-0.00182138
1,3.7e-05,105,66,-0.0412466,-0.00910409
1,30.1931,2332,4718,-0.0138355,-0.00552692
1,0.235872,3944,5169,-0.0167871,0.00234468
1,0.015582,171,105,-0.0110958,-0.00248517
1,59.0256,342,210,0.0123243,-0.000930688
1,4.20806,353,393,-0.0171361,-0.00582556
1,2.1e-05,93,54,-0.0163052,-0.0101589
1,4.06159,498,353,-0.0250943,-3.67821e-05
1,0.025385,171,105,-0.0111657,-0.00182138
1,0.01559,171,105,-0.0110958,-0.00248514
1,34.183,1652,1727,0.00980407,-0.0047149
1,4.30725,432,353,-0.0129878,0.000289794
1,30.9755,676,1297,-0.0333345,-0.00123679
1,30.1034,1647,1351,-0.0177796,-0.0047936
1,0.218332,3951,5183,-0.0179907,0.00310828
1,0.024922,171,105,-0.0111657,-0.00182163
1,4.4e-05,93,54,-0.0163058,-0.0102704
1,0.236991,4347,5249,-0.0180958,0.00374603
1,0.095628,2512,2093,-0.0166583,-0.00255232
1,1.39378,15179,22056,-0.0183539,0.00801623
1,30.1913,1755,4590,-0.0374094,-0.00328046
1,105.172,66541,57118,0.0227814,0.0195787
1,1.21063,5629,8051,-0.023993,-1.30082e-05
1,1.32053,2517,4915,-0.0267658,-0.00200788
1,45.7398,23200,25867,0.0082839,0.00809293
1,0.534639,2249,4599,-0.0174106,-0.0046944
1,4.25335,353,393,-0.0172064,-0.00563764
1,0.066373,171,171,-0.0227788,-0.00261944
1,4.10693,353,393,-0.0171241,-0.00580452
1,0.513961,2146,7597,-0.0150291,-0.00939802
1,4.07179,498,353,-0.0250972,-3.96039e-05
1,4.14931,353,393,-0.0172063,-0.0056346
1,0.186672,4410,6182,-0.0188077,0.0030677
1,177.001,279,534,0.0694816,-0.00183488
1,1.36495,5903,8033,-0.0242185,-0.00201952
1,7.1478,16311,15976,-0.0185416,0.0058163
1,118.016,513,381,0.0182901,-0.00219658
1,26.0128,91721,137590,-0.0168785,0.0185815
1,0.059409,171,171,-0.0276013,-0.00369842
1,0.015462,171,105,-0.0110971,-0.00248514
1,118.016,513,381,0.0178932,-0.00261602
1,0.056739,1847,2907,-0.0320315,-0.000139508
1,0.025063,171,105,-0.0111657,-0.00182138
1,128.486,5373,3759,0.119576,-0.00719539
1,0.069155,951,6055,-0.0135755,0.00619496
1,4.23753,498,353,-0.0301973,-0.00117116
1,177.002,618,315,0.063704,-0.001245
1,0.015547,171,105,-0.0110967,-0.00248514
1,177.002,315,618,0.0717849,-0.00181745
1,0.025377,171,105,-0.0111657,-0.00182138
1,0.173477,3951,5447,-0.0180693,0.00294413
1,6.91955,1767,4612,-0.0396789,-0.00141309
1,0.306896,4247,5406,-0.0180697,0.00186018
1,49.2518,27783,26292,0.00711792,0.0109616
1,0.297681,4581,6419,-0.0185315,0.00322181
1,0.105986,2251,2861,-0.0257723,-0.00155713
1,30.1192,1701,1235,-0.0155692,-0.00389829
1,0.021643,128,74,-0.0074413,-0.00262396
1,0.058587,171,171,-0.0276035,-0.00370096
1,4.32503,353,327,-0.040971,-0.00861808
1,4.08161,353,393,-0.0171367,-0.00557076
1,0.262992,4049,5340,-0.0158472,0.00122158
1,118.016,513,381,0.0178931,-0.00261614
1,4.2371,353,393,-0.0171486,-0.00562874
1,0.025424,171,105,-0.011079,-0.00182062
1,2.34277,3735,4878,-0.0160537,-0.00324461
1,0.015592,171,105,-0.0110958,-0.00248514
1,59.0161,342,276,0.0133119,-0.000200397
1,0.065189,1049,522,-0.016675,0.000175741
1,176.996,3236,4339,0.125059,0.0015823
1,4.21921,353,393,-0.0171236,-0.00580919
1,31.1903,426,213,-0.0259583,-0.00278614
1,18.1909,16965,19510,-0.0184669,0.0037711
1,6.66368,5864,8378,-0.0144892,-0.000370976
1,0.492408,2010,4366,-0.0184725,-0.0037329
1,0.015522,171,105,-0.0110967,-0.00248517
1,4.14125,498,353,-0.0301907,-0.00128731
1,0.093072,2305,1629,-0.029863,-0.00266476
1,0.024842,171,105,-0.011151,-0.00180717
1,3.09363,6798,11180,-0.0419273,0.00153193
1,1.40648,12927,18883,-0.0183614,0.00851414
1,0.025241,171,105,-0.0111686,-0.00182138
1,0.066785,171,171,-0.0227788,-0.00261944
1,56.7614,99263,149213,0.00824446,0.01869
1,23.829,32466,48116,-0.0187554,0.0175098
1,0.015535,171,105,-0.0110967,-0.00248514
1,27.3931,29449,45662,-0.016005,0.0117788
1,8.775,12400,13769,-0.0242349,0.000439571
1,0.024947,171,171,-0.022072,-0.00288813
1,15.9512,5168,7064,-0.0143385,-0.000904801
1,7.80704,8105,10009,-0.0204779,0.00445588
1,4.10888,353,393,-0.0171359,-0.00536027
1,24.2632,3943,4532,-0.0174562,0.00807666
1,1.9e-05,105,66,-0.0412463,-0.00908034
1,177.001,618,381,0.0651614,-0.00165914
1,118.016,513,381,0.0178931,-0.00261614
1,0.535616,2212,7729,-0.0150577,-0.00977871
1,0.015563,171,105,-0.0110967,-0.00248514
1,1.12704,5563,4833,-0.0162302,-0.000920764
1,0.264615,4542,5984,-0.0184246,0.00304383
1,6.8e-05,93,54,-0.0163092,-0.0102662
1,0.302545,4503,5747,-0.0182998,0.00388659
1,4.28147,353,393,-0.0171944,-0.00580892
1,28.3045,70461,100872,-0.016722,0.0184949
1,1.474,13191,18774,-0.0182557,0.0115535
1,4.10442,353,327,-0.0409134,-0.0086111
1,4.1183,353,471,-0.0141335,-0.0198356
1,4.09762,353,327,-0.0409,-0.00865054
1,177.002,723,459,0.0675954,-0.00143478
1,7.93863,1767,4507,-0.0385038,-0.00409255
1,150.067,2259,3161,0.123706,0.00154016
1,31.1701,2754,3875,-0.0159232,-0.000855868
1,4.21392,432,353,-0.013679,-0.00080866
1,59.0257,342,276,0.0134843,5.24587e-05
1,4.17115,432,353,-0.0136683,-0.000926986
1,177.001,618,381,0.0655037,-0.00142999
1,0.349038,4141,5365,-0.0163554,0.00236557
1,0.069481,2133,3704,-0.0189938,-0.00329968
1,30.1217,1647,1295,-0.0177714,-0.0046532
1,0.021774,128,74,-0.00744289,-0.00261799
1,0.021539,128,74,-0.00752362,-0.00261393
1,0.420806,4675,5261,-0.0179671,0.00414606
1,0.061352,1049,522,-0.0171296,0.000385624
1,0.288006,2476,4510,-0.0176723,-0.00326919
1,177.001,279,534,0.0694113,-0.00188453
1,0.49933,2064,4418,-0.0193966,-0.00289459
1,1.14653,7433,10261,-0.0176301,0.00638782
1,0.256492,2355,4485,-0.0197441,-0.00609207
1,64.9849,113957,220487,0.0145648,0.0169294
1,177.001,315,618,0.0712106,-0.00209536
1,122.083,513,437,0.0537166,-0.00106177
1,177.001,618,381,0.0653678,-0.00142383
1,118.028,513,381,0.0175522,-0.00160902
1,3.1e-05,105,66,-0.041247,-0.00909199
1,0.1711,3951,5264,-0.0181184,0.0029967
1,0.501131,2010,4364,-0.0174194,-0.00381516
1,113.437,94736,189498,0.0200423,0.0173967
1,1.28786,3136,5025,-0.0232699,-0.00156307
1,177.001,618,381,0.0654877,-0.00142637
1,0.244252,4639,6068,-0.0180962,0.00307395
1,0.015686,171,105,-0.0110958,-0.00248524
1,59.0256,342,276,0.0132487,5.21774e-05
1,4.36386,498,353,-0.0250975,3.73085e-06
1,56.9569,43806,34478,0.00819173,0.00986778
1,4.24087,353,327,-0.0409014,-0.0086157
1,0.015668,171,105,-0.0111367,-0.00248527
1,118.026,513,381,0.0178036,-0.00164361
1,18.7719,5401,6936,-0.0166075,0.00632828
1,0.057221,171,171,-0.0276119,-0.00369829
1,177.001,618,381,0.0636674,-0.00132978
1,0.125461,1963,2231,-0.0247944,-0.00273711
1,0.24568,4808,6010,-0.0181117,0.00385771
1,177.001,618,381,0.0652717,-0.00143035
1,62.0535,25620,21310,0.0146066,0.00808969
1,0.015563,171,105,-0.0110958,-0.00248514
1,0.056499,171,171,-0.0276112,-0.00370096
1,28.8993,9133,12112,-0.0159325,0.0034524
1,0.025058,171,105,-0.0111657,-0.00182138
1,4.08234,353,327,-0.0409135,-0.0083773
1,0.015697,120,279,-0.0140278,-0.0135642
1,177.002,723,525,0.0639249,-0.00128574
1,1.97571,1263,6187,-0.0138255,-0.00527041
1,0.015587,171,105,-0.0110958,-0.00248514
1,1.50819,1025,4123,-0.0110928,0.00550257
1,177.001,279,534,0.0690087,-0.00181733
1,24.8985,948,1158,-0.013341,-0.00219776
1,46.8912,51782,48266,0.0104665,0.00760692
1,0.34813,4227,5474,-0.0153449,-0.000886819
1,0.069601,1053,6121,-0.0124858,0.00606639
1,0.297145,3756,4537,-0.0163373,-0.00194363
1,0.015552,171,105,-0.0110967,-0.00248514
1,0.041892,105,66,-0.0219865,-0.00217303
1,0.021766,128,74,-0.00744289,-0.00261799
1,0.021619,128,74,-0.00744568,-0.00260745
1,177.001,618,381,0.0639153,-0.00121706
1,177.002,618,381,0.0636674,-0.0013099
1,106.55,79194,91963,0.0206303,0.0203383
1,22.5307,1637,4048,-0.0127172,-0.00901067
1,0.331237,4254,5552,-0.0161031,-0.000990598
1,0.059187,171,171,-0.0276035,-0.00369829
1,27.3285,25896,54865,-0.0189978,0.0186998
1,59.0159,342,276,0.0133231,-0.000203092
1,30.0859,1647,1291,-0.0177512,-0.00453828
1,4.08476,353,327,-0.0409014,-0.00861102
1,4.14826,432,353,-0.0118376,-0.000543745
1,0.015505,171,105,-0.0110969,-0.00248514
1,0.231551,2254,4214,-0.0355174,-0.00439669
1,0.015624,171,105,-0.0110958,-0.00248524
1,0.295127,4149,5315,-0.016368,-0.00109947
1,4.2458,432,353,-0.0129872,0.000290406
1,0.021568,128,74,-0.00744566,-0.0026075
1,4.29649,353,393,-0.0171352,-0.00556772
1,0.024904,171,105,-0.0111509,-0.00180717
1,120.925,2664,3169,0.0920602,-0.0034045
1,0.97681,5292,6751,-0.0516923,0.00627214
1,0.241162,3944,5235,-0.0181019,0.00304996
1,41.2575,80186,131061,0.0105456,0.0135903
1,4.33363,498,353,-0.0301935,-0.0012948
1,0.015557,171,105,-0.0110967,-0.00248514
1,59.0159,342,276,0.0130907,-0.000201087
1,10.2206,24029,47402,-0.0162108,0.00922684
1,4.26378,432,353,-0.0136716,-0.000931502
1,8.77322,2094,4748,-0.0401656,-0.00283825
1,4.1059,498,353,-0.0301945,-0.00116672
1,1.33765,5516,7694,-0.0175191,-0.00141688
1,177.001,618,381,0.0654877,-0.00142635
1,9.40548,4301,5909,-0.0334319,-0.00184674
1,177.001,315,618,0.0716543,-0.00201748
1,118.218,55853,61515,0.0188821,0.0192396
1,4.28423,353,393,-0.0171925,-0.00580911
1,14.5163,16001,15686,-0.0185038,0.00606093
1,4.09887,353,327,-0.040971,-0.00861344
1,0.531515,2315,4608,-0.0175853,-0.00304639
1,0.015539,171,105,-0.0110967,-0.00248517
1,0.52397,2212,7575,-0.0186173,-0.0121526
1,53.3307,71580,70566,0.0111992,0.0110163
1,2.1179,1809,4384,-0.0385632,-0.0040537
1,0.015548,171,105,-0.0110967,-0.00248514
1,1.7e-05,105,66,-0.0412461,-0.00909146
1,3.26858,5253,7582,-0.0196199,-0.000634501
1,177.001,723,459,0.0648568,-0.0016801
1,3.5496,2844,1931,-0.0179962,-0.00120703
1,0.059289,171,171,-0.0276042,-0.00369842
1,30.1063,1755,4727,-0.0380162,-0.000190104
1,0.112856,2110,1774,-0.0191729,-0.00382378
1,0.281133,4476,5984,-0.0184224,0.00304362
1,1.52264,1061,6055,-0.0120459,0.00579426
1,1.9e-05,105,66,-0.0412463,-0.00908034
1,0.056781,171,171,-0.0276112,-0.00369829
1,4.6e-05,105,66,-0.0412467,-0.00922091
1,59.2422,342,276,0.0131359,-0.000114207
1,12.5951,7428,13407,-0.0341911,0.00024007
1,0.096778,2649,3383,-0.0261136,-0.00179722
1,30.116,1755,4612,-0.0377878,-0.00382804
1,63.5911,669,458,-0.000832769,0.000256492
1,1.22275,5292,6699,-0.042804,0.00638342
1,122.038,513,437,0.0537166,-0.00106177
1,59.0159,342,210,0.0120952,-0.00126586
1,59.0159,342,276,0.0130934,-0.000200698
1,0.504751,2010,4365,-0.0176477,-0.00372668
1,0.215812,4581,6287,-0.0186759,0.00302173
1,2.10161,3618,5912,-0.0273961,-0.000883444
1,177.001,618,381,0.0654877,-0.00142635
1,63.2938,669,458,-0.00138511,-0.00065316
1,0.015171,55,66,-0.0130202,-0.00530641
1,118.016,513,381,0.0180564,-0.00219136
1,0.015486,171,105,-0.0110971,-0.00248517
1,0.01578,171,105,-0.0110957,-0.00248524
1,9.64371,5184,7531,-0.0194183,-0.000563698
1,4.31697,498,353,-0.0250975,3.73085e-06
1,0.015511,171,105,-0.0110969,-0.00248514
1,118.026,513,381,0.0176372,-0.0014738
1,77.1185,169915,337338,0.0166912,0.0253732
1,4.09009,498,353,-0.0301973,-0.00116603
1,1.9e-05,105,66,-0.0412463,-0.00908034
1,96.4384,65607,54508,0.0151641,0.012078
1,0.015989,171,105,-0.0110883,-0.00248524
1,0.096518,2353,2760,-0.031957,-0.00188081
1,0.024929,171,105,-0.0111657,-0.00182163
1,0.066255,171,171,-0.0227788,-0.00261944
1,4.10471,353,393,-0.0171925,-0.00580445
1,3.4e-05,105,66,-0.041247,-0.00909199
1,177.001,618,315,0.0652797,-0.00144376
1,0.015441,171,105,-0.0112103,-0.00248593
1,1.9e-05,105,66,-0.0412463,-0.00908034
1,118.016,513,315,0.0187807,-0.00307502
1,98.5526,78615,81323,0.0153313,0.0213021
1,9.95154,7035,9201,-0.018744,-0.000220183
1,177.002,618,381,0.0655054,-0.00143082
1,0.065954,171,171,-0.0218872,-0.00174376
1,0.194335,3951,5117,-0.0179934,0.0030541
1,2.28623,2952,5591,-0.0284598,-0.00251353
1,3.4e-05,93,54,-0.0163064,-0.0101484
1,0.027004,55,66,-0.0123443,0.00291329
1,66.2712,112984,191186,0.010647,0.0113932
1,0.245366,3990,5486,-0.0180923,0.00309476
1,2e-05,93,54,-0.0163052,-0.0101424
1,0.228932,4056,5237,-0.0163754,-0.0011015
1,4.10687,432,353,-0.0136726,-0.000925746
1,4.14104,498,353,-0.0250965,-3.93302e-05
1,0.14079,2021,2281,-0.0238943,-0.00277426
1,59.0159,342,276,0.0130987,-0.000203607
1,30.1188,1659,4535,-0.0176326,-0.00291275
1,4.1689,353,393,-0.0171926,-0.00581993
1,124.447,63853,70319,0.0831803,0.0174575
1,63.1222,669,458,-0.000834639,0.000253986
1,0.596047,4643,6963,-0.0258362,0.00802654
1,6.3478,7647,9657,-0.0200541,0.00413851
1,26.1229,2688,3941,-0.0169949,-0.000795044
1,0.015501,171,105,-0.0110971,-0.00248514
1,29.8105,4515,6453,-0.0150085,-0.00107678
1,0.216193,4706,6208,-0.0183262,0.00365805
1,104.768,59420,61244,0.0180948,0.027456
1,0.015594,171,105,-0.0110958,-0.00248514
1,47.2957,17917,16998,0.00862898,0.0116544
1,29.3145,3616,3442,-0.011832,0.00625909
1,59.0255,342,276,0.0134843,5.25299e-05
1,70.4827,202631,120855,0.00722021,0.0276018
1,3.3e-05,93,54,-0.0163064,-0.0101484
1,177.001,618,381,0.0651475,-0.00142602
1,4.09011,353,393,-0.0171362,-0.00582093
1,0.18537,4017,5183,-0.0179779,0.00298121
1,0.069721,987,6055,-0.0120985,0.00598447
1,0.067735,171,171,-0.0227788,-0.00261933
1,0.506043,2064,4478,-0.0187489,-0.00211788
1,0.253122,4266,5564,-0.0167285,-0.0011961
1,30.1161,3701,6301,-0.0147006,-0.00264703
1,9.87835,2148,4988,-0.0388094,-0.00288886
1,30.0937,1713,4612,-0.0455654,-0.0043004
1,0.294616,276,183,-0.0127622,0.000422205
1,0.02499,171,105,-0.0111657,-0.00182138
1,4.20354,432,353,-0.0129913,0.000334487
1,1.25819,5292,6690,-0.038845,0.00964517
1,0.264853,3944,5235,-0.017991,0.00303927
1,9.91668,1701,1150,-0.015593,-0.00367377
1,5.37516,27385,39603,-0.01838,0.0145323
1,118.026,513,381,0.0178003,-0.00164699
1,4.30462,498,353,-0.0250983,2.18347e-06
1,30.0883,1701,1291,-0.0156212,-0.00381358
1,30.083,1713,4590,-0.0352788,-0.00416254
1,4.43429,537,431,-0.0107172,-0.00329611
1,0.539962,2315,4608,-0.0176072,-0.00353809
1,177.001,618,315,0.0648512,-0.00158688
1,9.75493,12318,12870,-0.0191863,0.00646054
1,0.099904,2110,1836,-0.0204416,-0.0038597
1,0.09604,2795,3340,-0.0261118,-0.00177248
1,0.178725,4437,5945,-0.0182627,0.00368212
1,122.356,618,581,0.05103,-0.000714412
1,0.021952,128,74,-0.00744277,-0.00261795
1,0.094739,2942,3421,-0.0194088,-0.00175838
1,0.104206,2432,2789,-0.0321097,-0.00223179
1,0.519998,2542,7729,-0.0174251,-0.0108406
1,92.5446,95781,99907,0.0112186,0.00602663
1,0.015116,55,66,-0.0135923,-0.0053981
1,4.20665,353,393,-0.0171361,-0.00582556
1,0.500945,2010,4304,-0.017639,-0.00351038
1,0.133761,2058,3506,-0.0251159,-0.00511785
1,177.001,279,534,0.0697347,-0.00170956
1,0.025242,55,66,-0.012512,-0.00311342
1,0.06559,171,171,-0.022794,-0.00263428
1,4.07275,432,353,-0.0129876,0.000294824
1,177.001,279,534,0.0696942,-0.00170926
1,0.015783,55,66,-0.013021,-0.0053189
1,0.015502,171,105,-0.0110969,-0.00248514
1,0.015112,55,66,-0.0135923,-0.0053981
1,0.015536,261,126,-0.0177966,-0.00384665
1,39.7737,217,357,0.00982365,-0.0250137
1,4.22003,353,393,-0.0171239,-0.00580919
1,0.025134,171,105,-0.0111657,-0.00182138
1,4.04906,498,353,-0.0301919,-0.00128586
1,4.23544,353,393,-0.0171927,-0.00580931
1,0.01554,171,105,-0.0110967,-0.00248514
1,177.001,618,381,0.0640001,-0.00133937
1,15.0664,696,474,-0.0325193,-0.0067902
1,0.215574,4122,5443,-0.0180848,0.00310297
1,90.16,71222,54488,0.0119198,0.011653
1,0.20619,4122,5288,-0.018078,0.0030927
1,177.001,618,381,0.0652011,-0.00160719
1,0.327879,4227,5591,-0.015864,-0.00101884
1,4.11118,432,353,-0.01367,-0.000927367
1,0.2854,4049,5340,-0.0158561,-0.00102976
1,103.144,94833,119047,0.0177927,0.0192578
1,6.72376,21872,17093,-0.0155323,0.00607329
1,177.001,618,381,0.0639218,-0.00122047
1,3.1e-05,105,66,-0.041247,-0.00909199
1,4.12137,432,353,-0.012924,-0.000403289
1,1.52208,987,6055,-0.0111172,0.00585498
1,0.015689,171,105,-0.0110958,-0.00248524
1,0.293657,4227,5393,-0.0158635,-0.00103642
1,4.21135,353,393,-0.0171361,-0.00582556
1,0.503895,1956,4365,-0.0176385,-0.00355984
1,103.711,121293,232762,0.0146966,0.0125202
1,0.49182,2527,4365,-0.0180576,-0.00605278
1,0.114766,3123,5163,-0.0185192,-0.00234033
1,11.73,4760,6773,-0.0145886,-0.000837685
1,0.109999,2304,1560,-0.0168292,-0.00266409
1,0.190519,4653,5831,-0.0164555,0.00308088
1,4.70046,2136,4866,-0.0389333,-0.00288136
1,4.14651,498,353,-0.0301934,-0.00129014
1,63.2399,669,458,-0.00131815,-0.000653168
1,0.113233,2313,2558,-0.0168568,-0.00279713
1,0.187258,4056,5486,-0.0180834,0.00306977
1,6.70805,1809,4475,-0.0354506,-0.00426318
1,49.3491,77238,113589,0.0103575,0.00564063
1,30.3771,4517,7139,-0.0167241,-0.00158089
1,120.046,145383,119961,0.101113,0.0254605
1,14.4244,31567,42833,-0.0162102,0.0165116
1,35.1906,2094,4813,-0.0143611,-0.001928
1,0.02523,171,105,-0.0111657,-0.00182138
1,6.15954,2992,2066,-0.026382,-0.049229
1,0.025254,171,105,-0.0111657,-0.00182138
1,4.20503,498,353,-0.0301972,-0.00117023
1,63.0971,458,669,0.00978152,-0.00357209
1,59.0221,210,276,0.0112302,-0.00466956
1,113.018,131762,128464,0.0172999,0.0234239
1,118.016,513,381,0.0182364,-0.00224921
1,0.605857,2051,4533,-0.0147947,-0.00867063
1,81.0295,64440,63541,0.0100747,0.00910437
1,0.089543,2110,1776,-0.018829,-0.00327275
1,0.508074,1956,4365,-0.0176543,-0.00358106
1,177.001,618,381,0.064052,-0.00121988
1,0.527657,4332,5237,-0.0178284,0.000578201
1,0.068964,171,171,-0.0227788,-0.00261893
1,0.780476,3415,4764,-0.0155986,-0.00204358
1,4.16853,432,353,-0.0136765,-0.000811208
1,30.0962,1647,1351,-0.0175548,-0.00478981
1,4.19335,498,353,-0.0301883,-0.00129357
1,0.231435,4920,6247,-0.018446,0.00319552
1,4.31988,498,353,-0.0239652,-0.000943613
1,0.015774,254,108,-0.0136095,-0.0122744
1,43.6953,21672,24483,0.00755776,0.00783842
1,14.884,163,296,-0.0119028,-0.00599311
1,28.4138,25412,41177,-0.0143037,0.011624
1,0.17285,4458,5781,-0.0188128,0.00313143
1,48.9685,25225,42879,0.011383,0.00411611
1,0.178819,2689,3958,-0.0176285,-0.0048336
1,4.27474,353,327,-0.0408999,-0.00865519
1,4.19503,576,353,-0.0269173,-0.0013151
1,118.017,513,381,0.0182364,-0.00224921
1,0.056248,171,171,-0.0276119,-0.00369829
1,0.31949,4083,5117,-0.0179778,0.00380417
1,42.1844,17170,27054,0.011582,0.00186453
1,4.3013,432,353,-0.0136733,-0.000931502
1,0.015225,55,66,-0.0130219,-0.00530641
1,177.001,618,381,0.0651125,-0.00156205
1,0.015605,171,105,-0.0110958,-0.00248514
1,91.7642,141071,236762,0.0143739,0.0174218
1,177.002,618,381,0.0640096,-0.00125636
1,14.8922,21270,20328,-0.017964,0.0139661
1,177.001,933,381,0.0638947,-0.00130699
1,0.276739,2328,4687,-0.0158668,-0.00417339
1,29.8495,44501,33302,-0.0167854,0.019535
1,4.18358,522,353,-0.0120138,-0.00036652
1,177.001,3189,2504,0.087659,-0.00330454
1,0.075129,2110,1836,-0.0204737,-0.00409108
1,59.0256,342,276,0.013484,5.27087e-05
1,9.14529,240,93,-0.0118887,-0.000855219
1,113.33,56691,65804,0.0142046,0.0194301
1,82.5723,154906,267158,0.0136704,0.0271808
1,59.0258,342,276,0.0132487,5.23031e-05
1,177.002,279,534,0.0697907,-0.00166745
1,35.2657,49407,75367,0.00844488,0.0175099
1,30.2379,2603,5157,-0.0139902,-0.012241
1,0.055712,171,171,-0.0275968,-0.00386735
1,4.34689,498,353,-0.0250937,-4.11713e-05
1,177.001,618,381,0.0636682,-0.00134151
1,0.021668,128,74,-0.00752283,-0.0026202
1,0.31114,4259,5550,-0.0164389,-0.00100275
1,2.13558,475,66,-0.0116322,-0.000608619
1,0.025387,171,105,-0.0111657,-0.00182138
1,4.3119,432,353,-0.0129417,0.000334947
1,118.026,618,381,0.0177101,-0.00105936
1,13.8389,6353,9563,-0.021179,0.00186482
1,0.015119,55,66,-0.0135923,-0.0053981
1,0.068504,171,171,-0.0227788,-0.00261893
1,3e-05,105,66,-0.041247,-0.00909199
1,4.0993,498,353,-0.0301932,-0.00128874
1,4.37469,432,353,-0.0129417,0.000334947
1,59.0256,342,276,0.0132487,5.21774e-05
1,0.215123,2313,2788,-0.0236829,-0.00253951
1,37.2532,59343,91681,0.00771172,0.018775
1,0.118956,1963,2231,-0.0239008,-0.00283303
1,4.09479,353,327,-0.0409117,-0.00819
1,0.099584,2313,2854,-0.0258739,-0.00300988
1,15.5366,21699,38851,-0.0151397,0.00713777
1,177.001,618,381,0.0649523,-0.00156648
1,0.015637,248,327,-0.0197459,-0.00338575
1,0.238505,4227,5657,-0.0181048,0.00311095
1,120.264,194142,97624,0.116839,0.0266246
1,3e-05,105,66,-0.041247,-0.00909199
1,30.2375,1701,1274,-0.0169013,-0.0031806
1,0.527769,2447,4828,-0.0190595,-0.00556717
1,4.13047,708,353,-0.0106649,-0.0033184
1,59.0257,342,276,0.0132487,5.21774e-05
1,0.278638,4142,5499,-0.0163665,0.00112949
1,5.60317,1809,4523,-0.0154382,-0.00450114
1,0.190548,4815,6053,-0.0182235,0.00380942
1,2.87636,1809,4582,-0.0313837,-0.00690622
1,59.016,342,276,0.0133119,-0.000200397
1,9.25709,14974,29014,-0.0189744,0.00874135
1,0.069275,171,171,-0.0227546,-0.00332789
1,0.015434,171,105,-0.0111321,-0.00248517
1,0.090396,2305,1651,-0.0165115,-0.00181134
1,0.021718,128,74,-0.000924274,-0.00261944
1,70.616,44173,42469,0.00917258,0.00934484
1,9.9093,8724,10423,-0.0187786,0.0105307
1,5.7864,1809,4390,-0.0384532,-0.00538468
1,4.15814,498,353,-0.0250958,-3.70631e-05
1,0.519125,2212,7707,-0.0187427,-0.0154396
1,0.510006,2094,4922,-0.0222998,-0.00236002
1,4.17289,353,393,-0.0171366,-0.00534862
1,0.116888,2351,4407,-0.0355696,-0.00614298
1,19.8975,8791,16464,-0.0168399,-0.00133517
1,13.2296,45988,37761,-0.0177293,0.00942528
1,11.6369,3118,4066,-0.0145776,-0.00216494
1,4.04567,353,393,-0.017193,-0.0058103
1,0.287545,4647,6155,-0.0180027,0.00302754
1,0.103053,2022,2217,-0.0257254,-0.00208571
1,0.537935,2249,4541,-0.0173459,-0.00506523
1,118.016,513,381,0.0182842,-0.00219106
1,0.135364,1963,2165,-0.0237179,-0.00273923
1,0.021889,128,74,-0.00744281,-0.00261793
1,0.015644,171,105,-0.0110958,-0.00248524
1,0.225732,3878,5169,-0.0167116,-0.00112096
1,177.001,315,618,0.0718595,-0.00172818
1,177.001,5676,3666,0.121197,-0.000788859
1,0.521835,2146,7597,-0.0148978,-0.00947387
1,50.8721,4363,7593,0.0128426,0.000380099
1,4.27096,353,327,-0.0409134,-0.0081551
1,1.17271,12247,18041,-0.0183596,0.00972327
1,5.52768,1178,1563,-0.016438,0.00128827
1,4.17729,498,353,-0.0250982,3.1105e-06
1,0.015565,171,105,-0.0110958,-0.00248517
1,0.068921,1053,6121,-0.0124847,0.00607035
1,4.90512,2340,3108,-0.0156638,-0.00327109
1,1.51943,1053,6121,-0.0113638,0.00586991
1,30.1286,1713,4671,-0.0382084,-0.000963959
1,1.42163,12861,18614,-0.018352,0.0100698
1,0.015585,171,105,-0.0110958,-0.00248514
1,0.015605,261,126,-0.0177966,-0.00381797
1,80.975,4784,7782,0.0105283,-0.000805862
1,177.001,618,381,0.0640379,-0.00124017
1,1.40916,13059,18437,-0.0183412,0.0100008
1,0.168972,3951,5198,-0.0179851,0.00306679
1,121.333,53598,59634,0.0808029,0.0207004
1,118.026,513,381,0.0176372,-0.0014738
1,0.095648,2949,3449,-0.0193834,-0.00180048
1,61.2901,41838,44875,0.0123521,0.0061816
1,0.021852,128,74,-0.00744281,-0.00261793
1,4.11096,353,393,-0.0171486,-0.00562399
1,1.40531,3986,935,-0.0166209,-0.00154053
1,19.8334,4799,6734,-0.0146441,-0.000944091
1,0.537482,2315,4599,-0.0175833,-0.00296964
1,82.5918,188794,273312,0.0108339,0.0286734
1,63.1422,669,458,-0.000832699,0.000253986
1,54.0894,21069,18775,0.00788905,0.0109353
1,0.10014,2110,1835,-0.0192661,-0.00462788
1,0.269817,3943,5101,-0.0180793,0.00302377
1,0.55696,2315,4622,-0.0174689,-0.00471086
1,30.1145,1755,4612,-0.0438985,-0.0044034
1,177.001,618,381,0.0647865,-0.00166137
1,0.558643,2542,7795,-0.0173663,-0.0109694
1,177.002,618,381,0.0652693,-0.0014296
1,0.210436,2644,2179,-0.0161669,-0.00263138
1,0.187167,3983,5406,-0.0180768,0.00305898
1,81.3529,62469,61793,0.0101531,0.00849939
1,177.001,618,381,0.0639044,-0.00124042
1,4.21128,353,393,-0.0171479,-0.00574912
1,0.105625,2305,1585,-0.0168512,-0.00230338
1,0.023189,279,120,-0.0141211,-0.00368774
1,0.518476,2146,7729,-0.0144832,-0.00919062
1,177.001,723,459,0.0633187,-0.00129943
1,1.16457,5292,6689,-0.0427859,0.0042797
1,0.118838,2029,2231,-0.0238877,-0.00276101
1,30.086,1701,1295,-0.0171111,-0.00384071
1,0.096452,2733,3352,-0.0261174,-0.00179449
1,177.001,279,534,0.0697894,-0.00180609
1,120.005,59251,50899,0.0953835,0.017649
1,0.082285,2285,4473,-0.0169422,-0.00425409
1,0.520581,2278,7707,-0.016482,-0.0122342
1,177.001,618,381,0.0640105,-0.00134158
1,0.056235,171,171,-0.0276112,-0.00369829
1,0.151462,2306,2772,-0.0236525,-0.00282655
1,30.124,1755,4535,-0.0373498,-0.00329591
1,177.016,618,381,0.0640551,-0.00122029
1,4.16219,498,353,-0.0301935,-0.0012948
1,177.001,618,381,0.0639216,-0.00122535
1,4.39062,666,353,-0.010812,-0.00305187
1,0.501417,1956,4364,-0.0176354,-0.00357548
1,7.1e-05,105,66,-0.041339,-0.00922262
1,0.056279,171,171,-0.0276112,-0.00370096
1,1.36967,6299,8396,-0.0175503,-0.000561158
1,0.165536,4816,5970,-0.0186214,0.00332977
1,42.4843,60280,86813,0.00931094,0.018243
1,4.40038,432,353,-0.013741,-0.00065993
1,4.36685,353,393,-0.0171361,-0.00582556
1,1.52209,1053,6121,-0.0113619,0.00585149
1,59.0159,342,276,0.0130978,-0.000203607
1,3.25945,4314,3343,-0.017531,3.773e-05
1,0.17006,2418,2730,-0.0169906,-0.00246952
1,119.191,119306,116317,0.0176919,0.0203509
1,0.53551,2278,7487,-0.0170209,-0.0149733
1,0.316071,4386,5303,-0.0179994,0.00396996
1,4.50536,353,327,-0.0409712,-0.00861191
1,3.4e-05,105,66,-0.041247,-0.00909199
1,3.6e-05,93,54,-0.0163056,-0.0101536
1,1.9e-05,105,66,-0.0412463,-0.00908034
1,94.9909,60560,66541,0.0120758,0.00764796
1,0.015543,171,105,-0.0110967,-0.00248514
1,63.3983,603,458,-0.000446893,-0.00243551
1,95.6115,34335,36883,0.013634,0.00832267
1,0.10361,2244,2833,-0.025836,-0.00178219
1,15.2372,13677,10207,-0.0163626,0.00443196
1,177.001,618,381,0.0651141,-0.00155923
1,4.23473,432,353,-0.0136758,-0.000808766
1,0.015197,55,66,-0.0130202,-0.00530641
1,4.11327,432,353,-0.0136726,-0.000925746
1,31.1498,426,213,-0.0256836,-0.00401937
1,63.3031,669,458,-0.000835043,0.000259812
1,0.510104,2212,7575,-0.0186936,-0.0121417
1,21.0729,426,213,-0.0118911,-0.00423131
1,177.001,618,381,0.0636682,-0.00134151
1,32.3556,426,213,-0.0120322,-0.00278432
1,0.021731,128,74,-0.0074428,-0.0026202
1,80.6472,140297,138499,0.0114451,0.0115322
1,37.0668,35292,28298,0.0086045,0.00872663
1,1.52224,987,6055,-0.0111759,0.00585536
1,63.0984,669,458,-0.00138787,-0.000648572
1,110.6,153366,259249,0.0199055,0.0267576
1,0.294866,4122,5420,-0.0180555,0.00185039
1,4.39903,498,353,-0.0251623,0.000227579
1,29.742,529,852,-0.0192295,-0.0207766
1,0.233773,4581,6353,-0.0185846,0.00326211
1,0.091851,2304,1648,-0.0164333,-0.00230798
1,97.2544,41640,43937,0.0119507,0.0146583
1,30.1041,1755,4671,-0.0365913,-0.000894014
1,4.365,353,327,-0.040971,-0.00861871
1,0.541416,5051,5603,-0.0188096,0.00462219
1,30.0973,1755,4591,-0.0353954,-0.0044237
1,0.095516,2703,3352,-0.0261112,-0.00175334
1,4.10685,498,353,-0.0301873,-0.00128383
1,59.0258,342,276,0.0134843,5.24587e-05
1,63.0885,669,458,-0.00138589,-0.000655666
1,63.0606,458,669,0.0097691,-0.00352429
1,0.015794,171,105,-0.0110884,-0.00248527
1,1.83753,1029,624,-0.0152434,-0.00208914
1,0.058309,171,171,-0.0276035,-0.00369829
1,0.303915,4259,5639,-0.0167056,-0.00119285
1,0.015562,171,105,-0.0110967,-0.00248514
1,0.069969,1119,6187,-0.0137496,0.00568503
1,0.070531,1053,6121,-0.0125154,0.00596771
1,0.22248,4371,5879,-0.0184055,0.00302988
1,0.015583,171,105,-0.0110958,-0.00248514
1,4.28887,353,393,-0.0171926,-0.00580918
1,42.6316,106330,162167,0.011202,0.0176739
1,4.19209,353,393,-0.017138,-0.00566512
1,91.1592,60053,56341,0.00965157,0.00565688
1,30.0918,1755,4668,-0.0455211,-0.0044031
1,59.0161,342,276,0.0133119,-0.000200397
1,0.095377,2419,2795,-0.0321259,-0.00206955
1,177.001,618,381,0.0652716,-0.00142961
1,30.1551,1701,1291,-0.0168379,-0.00309842
1,0.34782,4332,5579,-0.0158697,-0.00110516
1,107.949,87330,99923,0.0211186,0.026513
1,0.319887,1053,6121,-0.0118255,0.0061514
1,0.124551,2351,4474,-0.0137502,-0.00390317
1,0.025087,171,105,-0.0111657,-0.00182138
1,1.27206,12313,17984,-0.018365,0.00565252
1,22.6673,13875,22494,-0.0377045,0.0111907
1,63.1087,669,458,-0.00131809,-0.000655666
1,30.104,1701,4534,-0.0175342,-0.00319764
1,177.002,618,381,0.0640492,-0.00121695
1,0.400424,4142,5367,-0.0180589,0.00049733
1,0.24986,276,183,-0.0137529,-0.00093009
1,0.311894,2623,3907,-0.0155956,-0.00388605
1,20.8015,426,213,-0.0118649,-0.00489854
1,74.2644,1057,1095,0.0133176,-0.000830078
1,1.41046,12794,18076,-0.0183818,0.00721582
1,4.20858,353,393,-0.0171937,-0.00579857
1,118.026,513,381,0.017621,-0.00146769
1,4.65565,12673,12858,-0.0179148,0.00546247
1,4.2732,498,353,-0.0250982,3.1105e-06
1,0.32166,4056,5486,-0.0164004,-0.00109369
1,1.16077,7316,10140,-0.0176391,0.00637479
1,63.0918,603,458,-0.000562654,-0.00303703
1,59.0257,342,276,0.0134843,5.24587e-05
1,4.0385,353,393,-0.017124,-0.00580453
1,118.026,513,381,0.017621,-0.0014681
1,3.6e-05,105,66,-0.0412466,-0.00910409
1,0.138231,4785,5712,-0.0188194,0.00324629
1,0.066841,171,171,-0.0227788,-0.00261944
1,19.9831,4476,6767,-0.0220274,-8.63848e-05
1,0.193069,3812,5316,-0.0180565,0.00224411
1,0.015582,171,105,-0.0110958,-0.00248514
1,41.9276,42550,31569,0.015096,0.0125802
1,1.17856,5238,6689,-0.0388301,0.00604042
1,0.244785,4227,5393,-0.0167743,0.00226446
1,59.0161,342,276,0.0133199,-0.000203102
1,4.3143,498,353,-0.0250982,3.1105e-06
1,1.2459,5695,7919,-0.0240334,-0.00176322
1,3.14633,1018,957,-0.0145893,2.86636e-05
1,0.058182,171,171,-0.0276576,-0.00340808
1,98.9521,197742,288182,0.0115669,0.0381142
1,4.17778,498,353,-0.0250982,3.1105e-06
1,0.269999,4114,5404,-0.0167437,0.00237734
1,30.0998,1713,4671,-0.0366772,-0.00113287
1,177.001,618,381,0.0654928,-0.00142992
1,4.89548,3225,2378,-0.0178822,-0.000738093
1,177.001,618,381,0.0639044,-0.00124042
1,0.219348,4581,6155,-0.018245,0.00310947
1,0.059153,171,171,-0.0276042,-0.00370096
1,16.138,910,1073,-0.013835,0.000156748
1,118.017,513,381,0.0182754,-0.00219036
1,4.29314,353,327,-0.0409161,-0.00840521
1,118.016,513,381,0.0182648,-0.00233755
1,177.001,618,315,0.0652495,-0.00147189
1,4.27133,353,393,-0.017124,-0.00580918
1,0.024976,171,105,-0.0111657,-0.00182138
1,0.095327,2365,2760,-0.0258614,-0.00170637
1,0.177174,4710,6134,-0.0185544,0.00354862
1,0.025449,327,126,-0.0178559,-0.00400469
1,177.001,618,381,0.0639219,-0.00122057
1,4.11035,353,327,-0.0409,-0.00865054
1,59.0159,342,276,0.0133119,-0.000200397
1,4.10473,498,353,-0.0301883,-0.00128844
1,71.6556,94678,142097,0.00911152,0.00685662
1,118.016,513,381,0.0183027,-0.00219739
1,4.25716,432,353,-0.0129872,0.000290406
1,4.10324,498,353,-0.0301907,-0.00128685
1,0.534175,2146,7729,-0.0144926,-0.0092417
1,0.135716,2124,2309,-0.0239307,-0.00282801
1,0.070466,1053,6121,-0.0124831,0.00606602
1,3.2e-05,105,66,-0.041247,-0.00909199
1,177.001,279,534,0.069775,-0.00176682
1,118.016,513,381,0.0176826,-0.00261678
1,4.04131,353,432,-0.0146942,-0.00421579
1,0.015485,171,105,-0.0110971,-0.00248514
1,118.026,513,381,0.017553,-0.00152409
1,71.4306,23487,25435,0.0116434,0.00760103
1,0.15452,4890,5832,-0.0188084,0.00327233
1,0.278466,4056,5377,-0.0158898,-0.00117948
1,0.325568,4888,6101,-0.0183813,0.00323648
1,0.225594,4122,5420,-0.0180951,0.00368492
1,31.2533,2986,4199,-0.0144503,-0.00229832
1,0.515924,2010,4365,-0.0176511,-0.00367941
1,76.7495,66564,68275,0.00968228,0.00628339
1,177.001,618,381,0.0640105,-0.00134172
1,0.01519,55,66,-0.0130202,-0.00530641
1,4.239,353,393,-0.0172073,-0.00563469
1,2.90558,2136,4730,-0.0388139,-0.00238079
1,4.21355,432,353,-0.0136693,-0.000930409
1,118.016,513,381,0.0182619,-0.00231099
1,0.069001,171,171,-0.0227788,-0.00261893
1,0.066237,171,171,-0.022794,-0.00263431
1,118.016,513,381,0.0188156,-0.00308644
1,4.30571,498,353,-0.0250937,-4.11713e-05
1,6.56005,5546,7223,-0.0181777,0.00220252
1,4.26215,537,431,-0.0110143,-0.00387318
1,0.103559,2247,2854,-0.0258163,-0.00308538
1,0.02578,171,105,-0.0110348,-0.00182787
1,4.27686,353,327,-0.0409013,-0.00861567
1,0.191313,4056,5222,-0.0180851,0.00301904
1,0.095344,2365,2826,-0.0258357,-0.00172089
1,0.017352,474,758,-0.015377,-0.00551967
1,0.101526,2594,3456,-0.0261505,-0.00182966
1,63.0562,603,458,-0.000446869,-0.00243612
1,96.8256,167250,275844,0.0147483,0.0275238
1,0.015429,171,105,-0.0111321,-0.00248514
1,0.115567,1053,6121,-0.0124456,0.00608965
1,120.693,304080,153584,0.113429,0.0333007
1,0.250169,4122,5552,-0.0181188,0.0029264
1,0.069306,987,6055,-0.0120909,0.0059875
1,118.017,513,381,0.0180698,-0.00219712
1,177.001,618,381,0.063898,-0.00120793
1,4.23769,353,327,-0.0408999,-0.00865519
1,1.52197,987,6055,-0.0111759,0.00585536
1,27.1309,1292,621,-0.0186279,-0.00324268
1,25.4677,35517,27895,-0.0170352,0.013776
1,0.463336,2229,4880,-0.0206754,-0.0122661
1,4.10297,353,393,-0.0171369,-0.00557072
1,59.0159,342,276,0.0130936,-0.000200698
1,1.52183,1053,6121,-0.0113609,0.00584744
1,0.015522,171,105,-0.0110967,-0.00248514
1,3.3e-05,93,54,-0.0163064,-0.0101484
1,177.001,618,381,0.0651592,-0.00166136
1,2e-05,105,66,-0.0412463,-0.00908034
1,0.025035,171,105,-0.0111657,-0.00182138
1,9.22204,4095,6592,-0.0194497,-0.000576295
1,4.10375,498,353,-0.0301881,-0.00128847
1,0.015299,108,60,-0.0120635,-0.00896272
1,1.44515,12993,18705,-0.0183589,0.00589017
1,3.3e-05,105,66,-0.041247,-0.00909199
1,0.500725,2010,4418,-0.0193099,-0.00374849
1,4.18113,498,353,-0.0252421,-0.000761911
1,0.565834,2212,7663,-0.0150094,-0.0089638
1,4.6458,3618,5925,-0.0203629,-0.000754243
1,3.52861,14705,27764,-0.0234138,0.00217495
1,11.3542,18749,31779,-0.0174777,0.00850103
1,0.50906,2010,4424,-0.0175652,-0.00336898
1,0.110797,2313,2788,-0.0256341,-0.00285365
1,0.025014,171,105,-0.0111657,-0.00182138
1,0.080338,2110,1776,-0.0209101,-0.00414353
1,0.024836,55,66,-0.0112842,-0.00190749
1,0.525286,2315,4760,-0.0181894,-0.00529277
1,0.56922,2212,7795,-0.0150222,-0.00905707
1,45.0619,67887,65480,0.00920909,0.0115161
1,15.0919,910,1231,-0.0331544,-0.02197
1,177.001,279,534,0.0698322,-0.00169021
1,0.025387,171,105,-0.0111657,-0.00182138
1,63.2412,669,458,-0.000832699,0.000253986
1,4.19034,353,393,-0.0171359,-0.00559186
1,0.216704,4056,5237,-0.0158978,-0.00117776
1,0.506171,1956,4305,-0.0173174,-0.00352231
1,4.09782,353,327,-0.040986,-0.00868695
1,177.001,723,459,0.0637117,-0.00130645
1,1.64629,8465,10845,-0.0164114,0.00535985
1,94.246,213355,357551,0.0135848,0.0368855
1,0.015529,171,105,-0.0110967,-0.00248514
1,9.84054,5457,3916,-0.0157793,0.000945876
1,0.210778,4469,6088,-0.018128,0.00312916
1,0.015532,171,105,-0.0110967,-0.00248514
1,89.3339,83792,83603,0.0112107,0.00884236
1,4.16319,498,353,-0.0250937,-3.65083e-05
1,4.30915,498,353,-0.0250943,-4.17916e-05
1,118.238,618,381,0.0179044,-0.00248755
1,177.001,618,381,0.0654899,-0.00142999
1,3.2e-05,105,66,-0.041247,-0.00909199
1,2.9e-05,93,54,-0.0163064,-0.0101484
1,109.377,73759,65069,0.0212708,0.019018
1,23.7179,12685,19736,-0.0109787,0.00586973
1,29.8563,35136,32542,-0.0199179,0.00470092
1,0.056149,171,171,-0.0276119,-0.00369829
1,4.8e-05,93,54,-0.0163055,-0.0102653
1,104.643,72597,136836,0.0193078,0.0167302
1,1.52211,987,6055,-0.0110886,0.00586892
1,8.95852,1742,2067,-0.0146653,-0.00257151
1,30.0933,1701,1235,-0.0152035,-0.00367332
1,0.131344,2379,2854,-0.0168023,-0.00246932
1,177.001,618,315,0.0652658,-0.00157506
1,10.9909,3157,4451,-0.0140842,-0.00231273
1,5.2e-05,105,66,-0.0412467,-0.00922091
1,4.23593,498,353,-0.0301926,-0.00129198
1,4.27803,353,393,-0.0171925,-0.00580911
1,0.502087,2010,4365,-0.0175941,-0.00372108
1,0.094328,2305,1629,-0.0298629,-0.00276774
1,4.3102,353,393,-0.0171367,-0.0055755
1,15.6122,29525,46693,-0.0153232,0.0119864
1,30.092,1755,4535,-0.0353053,-0.00430197
1,177.002,618,381,0.0654918,-0.00143082
1,0.153298,1664,7447,-0.0137476,-0.0060506
1,7.25425,1701,1188,-0.0156729,-0.00366846
1,30.1985,1647,1159,-0.0184882,-0.00397846
1,0.252917,249,276,-0.0120033,-3.24343e-05
1,14.3112,529,705,-0.0168947,-0.0221898
1,0.86285,4386,5381,-0.0177402,0.000326377
1,0.021671,128,74,-0.0074428,-0.0026202
1,0.260648,2476,7729,-0.0177569,-0.00607001
1,4.24763,353,327,-0.0409699,-0.00861563
1,4.20384,498,353,-0.0301926,-0.00129198
1,0.503945,2064,4359,-0.0194015,-0.00351503
1,0.27992,4634,5837,-0.0184276,0.00374332
1,0.156447,3951,5330,-0.0184866,0.00337929
1,0.070157,1119,6187,-0.0137864,0.00569478
1,0.021769,128,74,-0.00744289,-0.00261799
1,60.1378,31161,46600,0.0126683,0.00989304
1,23.5077,11578,15323,-0.0179422,0.00692883
1,0.021917,128,74,-0.00744281,-0.00261793
1,4.13839,432,353,-0.0136694,-0.000925746
1,0.015151,55,66,-0.0130512,-0.00539811
1,63.0802,458,669,0.00975518,-0.00351049
1,0.021859,128,74,-0.00744281,-0.00261793
1,81.474,146531,238029,0.0115576,0.0131152
1,0.024972,171,105,-0.0111657,-0.00182138
1,177.002,723,381,0.0653021,-0.00158051
1,0.015554,171,105,-0.0110967,-0.00248514
1,0.069409,1053,6121,-0.0124847,0.00607035
1,0.325976,128,74,-0.00616757,-0.00332861
1,177.001,618,381,0.0639159,-0.0012202
1,0.027028,55,66,-0.0123443,0.00291329
1,30.0894,1647,1215,-0.0170485,-0.00522859
1,1.14469,5497,4604,-0.016182,-0.000401375
1,1.43186,13059,18513,-0.0183574,0.00845025
1,0.268578,3990,5699,-0.0158626,0.00101845
1,177.001,618,381,0.0652694,-0.0014296
1,0.095528,2769,3352,-0.0261117,-0.00177112
1,0.018407,625,1075,-0.0267215,-0.0516691
1,3.3e-05,93,54,-0.0163064,-0.0101484
1,30.9057,96452,67753,-0.0185227,0.0205403
1,4.0752,498,353,-0.0250982,8.12002e-06
1,0.385988,4476,5980,-0.0183852,0.00387174
1,177.001,618,381,0.0639216,-0.00128807
1,0.34293,4158,5090,-0.0154787,0.00268707
1,4.37953,432,353,-0.0130571,0.00060662
1,1.28905,2910,5621,-0.0395497,-0.00239294
1,0.025587,171,105,-0.0111657,-0.00182124
1,0.104062,2110,1836,-0.0204321,-0.00386264
1,0.065347,171,171,-0.022794,-0.00263428
1,0.055894,171,171,-0.0276117,-0.00369829
1,45.4975,71377,40897,0.00923075,0.00865532
1,4.39236,564,353,-0.0139412,0.000211519
1,30.0969,1755,4666,-0.0394049,-0.00395253
1,30.1078,1713,4672,-0.038209,-0.000993991
1,1.8e-05,105,66,-0.0412463,-0.00908034
1,59.0161,342,276,0.0130907,-0.000201213
1,9.79869,9868,15572,-0.0111499,0.00427706
1,0.354498,4359,5657,-0.0180972,0.00045639
1,63.2414,603,458,-0.00044076,-0.00243592
1,11.8246,15102,14737,-0.0180386,0.00764931
1,4.23458,498,353,-0.0250943,-4.17916e-05
1,0.024882,171,105,-0.0111509,-0.00180717
1,0.05745,171,171,-0.0276118,-0.00369851
1,0.187178,4983,6038,-0.0179763,0.00385215
1,0.096889,2365,2826,-0.0260921,-0.00198499
1,0.290176,4254,5486,-0.0181139,0.00306152
1,59.0158,342,276,0.0131016,-0.000203092
1,59.0257,342,276,0.0132487,5.23031e-05
1,177.001,618,315,0.065055,-0.00159653
1,4.23468,1767,4529,-0.0396621,-0.000973407
1,30.2137,3965,6430,-0.0139814,-0.00315255
1,1.23808,5563,4515,-0.0158452,0.000983547
1,3.12107,1767,4603,-0.0369009,-0.00440898
1,27.8689,3111,4134,-0.0147136,-0.00220886
1,4.2575,432,353,-0.0136798,-0.000809753
1,30.0939,1755,4590,-0.0374076,-0.00327586
1,72.3055,64786,74725,0.0138418,0.0226363
1,0.021723,128,74,-0.00752283,-0.0026202
1,177.001,618,381,0.0652859,-0.00142986
1,1.46168,13191,18576,-0.018361,0.00851675
1,0.015573,171,105,-0.0110958,-0.00248514
1,59.0688,1349,1800,0.0105945,-0.00242387
1,2.03946,6235,7097,-0.035694,0.0022355
1,3.34211,5885,10631,-0.0420698,-0.000954656
1,2.1e-05,93,54,-0.0163052,-0.0101589
1,2.93582,3987,6197,-0.021611,0.000335479
1,39.9558,41964,83088,-0.0192662,0.0300445
1,60.6868,53723,80531,0.00567057,0.0106303
1,25.3538,3933,4536,-0.0153359,0.00239752
1,4.3566,353,393,-0.0171925,-0.00580919
1,1.40182,2466,3887,-0.0192562,-0.00158601
1,0.015478,171,171,-0.0275192,-0.0042109
1,10.0016,3333,5933,-0.0223056,-0.00174741
1,0.543048,8441,17918,-0.0164517,0.000771648
1,0.287207,4686,6326,-0.0172484,0.00232607
1,0.224508,1701,1020,-0.0170013,-0.0117912
1,177.001,618,381,0.0651328,-0.00145226
1,4.19679,432,353,-0.0136726,-0.000930409
1,0.015616,171,105,-0.0110958,-0.00248524
1,138.677,1454,1505,0.123064,-0.00355181
1,0.025362,327,126,-0.0178559,-0.00400469
1,63.2612,669,458,-0.000834973,0.000257306
1,41.4097,92747,156110,0.0119358,0.0106888
1,177.001,723,381,0.0651296,-0.00167985
1,4.1261,498,353,-0.0301932,-0.00128921
1,0.021718,128,74,-0.0074428,-0.0026202
1,0.015665,171,105,-0.0110958,-0.00248524
1,105.143,175258,248839,0.0152154,0.0277738
1,59.0254,342,276,0.0134843,5.24587e-05
1,0.067216,171,171,-0.0218871,-0.00174445
1,135.186,279,556,0.0696475,-0.00458643
1,1.22689,12379,17168,-0.018359,0.00886244
1,4.2147,432,353,-0.0129453,0.000380215
1,0.025144,171,105,-0.0111657,-0.00182138
1,53.3183,25072,41788,0.0113641,0.0090441
1,122.048,513,437,0.0537402,-0.00103837
1,4.17181,432,353,-0.0129911,0.000335414
1,124.372,186164,307454,0.123151,0.0267941
1,0.325186,128,74,-0.00616757,-0.00332861
1,14.8769,529,824,-0.0184475,-0.0209757
1,118.026,513,381,0.0175132,-0.00147391
1,63.0442,458,669,0.00978132,-0.00356624
1,4.7982,1767,4397,-0.0369574,-0.00409957
1,1.17005,7316,10139,-0.0176291,0.00635449
1,0.783937,3624,6569,-0.0412853,-0.00250365
1,7.55335,1809,4506,-0.0369842,-0.00543206
1,177.001,618,381,0.0640551,-0.00122091
1,0.277088,4161,5525,-0.0158597,-0.0010109
1,177.001,618,381,0.0648001,-0.00166137
1,63.0339,458,603,0.0117529,-0.00551629
1,0.05624,171,171,-0.0276119,-0.00369829
1,0.015685,171,105,-0.0110958,-0.00248524
1,1.8e-05,93,54,-0.0163052,-0.0101424
1,13.3413,2475,4972,-0.0228278,-0.00217699
1,0.015528,171,105,-0.0110967,-0.00248514
1,118.425,64056,70134,0.0204733,0.0208806
1,4.07395,432,353,-0.0136726,-0.000925746
1,59.0253,342,276,0.0132487,5.23031e-05
1,29.0722,3830,4482,-0.0152577,0.000772893
1,4.1757,353,327,-0.0409176,-0.00836573
1,177.001,618,381,0.064052,-0.00122043
1,1.36944,12927,18548,-0.0169968,0.00263912
1,177.001,618,381,0.06549,-0.00143005
1,4.26607,353,393,-0.0171925,-0.00580918
1,21.2704,1191,4001,-0.0112071,0.00184559
1,0.10731,1963,2231,-0.0257956,-0.00278547
1,59.0159,342,276,0.0130936,-0.000200698
1,0.342719,4254,5354,-0.0167074,-0.00107573
1,0.015113,55,66,-0.0135923,-0.0053981
1,4.12022,353,393,-0.0171362,-0.00592492
1,122.204,513,437,0.0537166,-0.00106177
1,103.876,50036,54946,0.0128464,0.0196646
1,177.001,618,381,0.0655054,-0.00143082
1,0.024898,171,105,-0.0111509,-0.00180717
1,0.53128,2080,7487,-0.0136636,-0.0121928
1,0.097355,2876,3109,-0.0132191,-0.0027128
1,118.016,513,381,0.0176844,-0.00261487
1,4.58726,1095,4000,-0.0113953,0.00188353
1,48.5864,55693,50180,0.008236,0.0125241
1,124.542,30778,31898,0.0801663,0.0201238
1,33.4828,30776,45121,-0.00468339,0.0174641
1,0.066656,171,171,-0.0227788,-0.00261944
1,0.157846,2095,2297,-0.0172061,-0.00265346
1,5.59424,4314,3361,-0.016975,0.000582029
1,0.340229,2136,4824,-0.040073,-0.00284782
1,0.260015,4542,5984,-0.0183311,0.00305521
1,2.99212,4102,2855,-0.0170268,0.000582201
1,63.1038,669,458,-0.00132092,-0.000648572
1,1.52216,1053,6121,-0.0113605,0.0058567
1,59.0159,342,276,0.0133119,-0.000200397
1,0.523421,2381,4666,-0.0186484,-0.0035191
1,0.02494,171,105,-0.0111657,-0.00182163
1,0.235867,4149,5330,-0.0180988,0.00295196
1,0.336564,1807,7420,-0.0138488,-0.0147974
1,1.24648,13359,19145,-0.0183457,0.00955558
1,177.001,618,315,0.0635186,-0.00126931
1,4.2751,432,353,-0.0129878,0.000289794
1,0.02496,171,105,-0.0111657,-0.00182138
1,25.5332,2902,4304,-0.0216428,-0.00218348
1,177.001,618,381,0.065115,-0.00160592
1,30.0949,1713,4591,-0.0353769,-0.00422317
1,4.27033,498,353,-0.03019,-0.0012936
1,176.996,3407,4525,0.091896,-0.00149598
1,0.016125,171,105,-0.0110859,-0.00248495
1,177.001,279,534,0.0694965,-0.00171783
1,20.5666,1846,2422,-0.0284413,-0.00369043
1,3.35536,2350,4682,-0.0401791,-0.0024298
1,59.016,342,276,0.0130936,-0.000200698
1,122.271,513,437,0.0507294,-0.000707387
1,0.021918,128,74,-0.00744277,-0.00261795
1,0.825178,1792,2423,-0.0287892,-0.00323367
1,133.537,6498,4176,0.10349,0.00367609
1,25.8299,47406,57694,-0.0186649,0.013761
1,0.095043,2937,3352,-0.0131813,-0.00286749
1,0.583614,2410,7597,-0.0176708,-0.0103443
1,4.26665,353,393,-0.0171361,-0.00582556
1,59.0159,342,276,0.0133199,-0.000203102
1,0.241194,4371,5742,-0.0184043,0.00302234
1,177.001,618,381,0.0654899,-0.00142999
1,0.094711,2769,3418,-0.019313,-0.001744
1,77.8963,38776,33527,0.00975358,0.0104733
1,30.1046,1755,4671,-0.0365868,-0.00115668
1,0.346298,4254,5486,-0.0158603,-0.00100075
1,0.021926,128,74,-0.00744277,-0.00261795
1,0.25091,4581,6244,-0.0186701,0.00304614
1,1.7e-05,105,66,-0.0412461,-0.00909146
1,93.0174,37025,57639,0.00316102,0.0067162
1,59.0161,342,276,0.0133119,-0.000200397
1,0.252009,4581,6023,-0.0184181,0.00301708
1,0.015613,171,105,-0.0110958,-0.00248524
1,177.001,315,618,0.0717277,-0.00189817
1,0.057821,171,171,-0.0276112,-0.00369829
1,0.525797,2212,7729,-0.0150848,-0.0100775
2,33.3443,1807,4895,0.0205039,-0.00338334
2,19.1409,1579,4550,-0.0135866,-0.00662084
2,119.66,873,772,0.0370469,0.000783039
2,90.174,86529,157814,0.0197445,0.00487774
2,120.814,19833,48975,0.0718609,0.00270676
2,34.0777,5012,8345,0.0146957,-0.00126288
2,120.013,249303,393979,0.0694139,0.0133311
2,33.5237,1808,4827,0.0213754,-0.00335152
2,33.4857,1807,4895,0.0204245,-0.00330745
2,33.6424,1807,4827,0.0205061,-0.00337461
2,4.08416,1511,4551,-0.0131437,-0.0067908
2,58.6854,432,526,0.0249215,-0.00436966
2,104.475,21703,41837,0.0227691,0.00416631
2,120.022,56317,253788,0.052256,0.00819528
2,33.9759,1807,4829,0.0201976,-0.00332636
2,33.6582,1807,4895,0.0203244,-0.00337463
2,34.0584,1807,4827,0.0204997,-0.00335346
2,33.6759,1808,4895,0.0215572,-0.00305085
2,27.4764,3192,10183,-0.0141067,-0.0118593
2,5.1206,9937,1758,-0.0196191,0.0108948
2,34.0558,1806,4828,0.0201557,-0.00338108
2,2.18479,1153,4169,0.00207444,0.00377866
2,2.26156,985,3872,-0.0121721,0.0119958
2,120.419,25026,45672,0.213344,0.010824
2,33.7683,1874,4896,0.0154218,-0.00361329
2,5.20699,1017,4032,0.00261234,0.00898267
2,120.57,41131,80606,0.0726695,0.00658413
2,34.066,1875,4897,0.0213956,-0.00339849
2,33.8256,1738,4828,0.0215264,-0.00286361
2,34.0724,1807,4827,0.0205286,-0.00335124
2,0.164715,964,3567,-0.0134456,0.0063804
2,0.720289,985,3872,-0.0120767,0.00885217
2,33.5474,1807,4828,0.0204425,-0.00331577
2,34.0856,1807,4828,0.0213824,-0.00334987
2,105.387,91043,234617,0.0417049,0.0244638
2,33.8034,1807,4897,0.0213873,-0.00336384
2,34.0703,1739,4827,0.0215261,-0.00286033
2,33.2395,1807,4829,0.0204417,-0.00331501
2,120.057,174400,257644,0.0694535,0.00870645
2,33.4121,1807,4896,0.020497,-0.0033599
2,120.712,40992,30758,0.211417,0.0291818
2,120.876,226171,40745,0.118672,0.116708
2,0.436298,1153,4101,-0.0124654,0.00396151
2,4.11255,1511,4550,-0.0136653,-0.00679811
2,33.6797,1875,4964,0.0213499,-0.00338712
2,90.1248,160802,350420,0.0159542,0.0256436
2,0.688299,1085,4033,-0.0126734,0.00558053
2,33.4291,1807,4895,0.0205036,-0.003365
2,33.8603,1807,4896,0.0205045,-0.00336743
2,1.96687,985,3872,-0.0131247,0.0173121
2,1.31305,1153,4100,0.00303069,0.00324318
2,0.114598,964,3567,-0.0134559,0.0063851
2,0.163961,964,3567,-0.0134496,0.00636041
2,120.032,500338,182025,0.198686,0.0433129
2,0.631161,1153,4100,-0.0123189,0.00289977
2,34.0579,1738,4829,0.0204944,-0.00315267
2,74.0055,594,432,0.0298221,-0.000579972
2,33.8392,2166,4896,0.0194239,-0.000798067
2,34.0394,1807,4896,0.0205107,-0.0033661
2,134.817,11879,20688,0.0909344,0.00325003
2,119.678,805,772,0.0395081,0.00127692
2,34.0327,1807,4897,0.0205468,-0.00336224
2,33.7224,1807,4829,0.0204994,-0.00334774
2,6.30382,2716,4603,-0.0138533,-0.00416883
2,33.5688,3099,6021,0.018463,-0.00111175
2,120.504,79742,43512,0.0914165,0.00839241
2,105.743,448,496,0.0384135,-0.00427152
2,34.0792,1807,4828,0.0214186,-0.00335533
2,34.0801,1807,4897,0.020546,-0.00336148
2,34.16,1807,4829,0.0205411,-0.00334751
2,34.0578,5256,7857,0.0139934,0.00034185
2,0.238822,1085,4032,-0.0138485,0.00649536
2,122.216,6066,10570,0.0735082,-0.00127729
2,34.0841,1807,4828,0.0204439,-0.00331501
2,7.27508,361,192,-0.00451062,0.0292523
2,34.0841,1875,4963,0.0204485,-0.00333157
2,120.789,77535,48283,0.230113,0.0325265
2,90.639,392,434,0.0300578,-0.00048155
2,28.4897,10002,6880,-0.0120623,0.100788
2,34.0824,1738,4760,0.021546,-0.0028463
2,90.3139,97180,235999,0.00463594,0.0198384
2,2.57782,985,3871,-0.0124192,0.0073855
2,105.693,840098,501194,0.0374986,0.0205478
2,97.877,733,584,0.0320327,0.000683454
2,120.657,46657,84883,0.0718899,0.00705851
2,15.2872,677,282,-0.0122325,-0.000808569
2,33.7858,1807,4896,0.0205334,-0.00336148
2,33.7048,1807,4827,0.0205421,-0.00335006
2,121.245,55085,128124,0.0698322,0.00586877
2,37.9252,1907,4828,0.0217086,-0.00270089
2,120.048,387061,198606,0.0891286,0.0179988
2,34.1229,1875,4963,0.0213681,-0.00342152
2,33.5335,1807,4828,0.0204925,-0.00335147
2,34.0722,1807,4896,0.0205045,-0.00336383
2,34.0033,1875,4963,0.0213493,-0.00338685
2,75.5356,336,372,0.03151,0.00113275
2,105.728,544,476,0.0380499,0.00139727
2,2.11385,1053,3939,-0.0118561,0.00706834
2,120.322,57117,197995,0.0797396,0.000783458
2,119.659,873,772,0.0370469,0.000783039
2,0.514123,1017,3963,0.00250677,0.00678107
2,5.76649,1153,4177,-0.0134776,0.00900208
2,65.6797,98113,150567,0.0203933,0.00475157
2,33.9572,1738,4828,0.0215071,-0.00285522
2,33.2416,1807,4896,0.0205164,-0.00341928
2,31.0129,106363,52344,-0.0154253,0.0107057
2,90.049,150816,313848,0.0154977,0.00517103
2,34.0645,1807,4827,0.0213326,-0.00331385
2,13.1783,4059,8410,-0.0201363,0.00394159
2,106.419,15402,41542,0.225358,0.0217133
2,0.211996,1153,4169,-0.0130887,0.00330083
2,1.96694,1153,4100,-0.0115924,0.001937
2,121.582,22136,110646,0.131961,0.0380816
2,34.1324,1807,4828,0.0205412,-0.00334739
2,120.54,285302,558513,0.0724873,0.0178133
2,34.0334,1739,4761,0.0203198,-0.00300379
2,34.0873,1806,4895,0.0215529,-0.00304355
2,33.8316,6633,9100,0.0142951,-0.00699157
2,33.9663,1739,4760,0.0224249,-0.00284629
2,33.9615,5948,8897,0.0142319,0.00136424
2,33.6991,1807,4896,0.0212927,-0.00344367
2,53.6336,178341,73201,0.02042,0.0232725
2,2.0414,1085,4031,-0.0125316,0.00573271
2,34.0815,1806,4827,0.0204996,-0.00334985
2,105.743,448,496,0.0389454,-0.00427373
2,0.90098,985,3872,-0.0132674,0.00708055
2,33.7444,1807,4827,0.0204828,-0.0033196
2,99.3395,419123,151229,0.0267708,0.0519278
2,120.013,193443,379363,0.0640277,0.0154517
2,33.6125,1807,4829,0.0205338,-0.00336516
2,105.743,448,496,0.0376154,-0.00442021
2,105.728,476,476,0.0380983,0.00144484
2,1.12594,1040,3567,-0.0133225,0.0060827
2,109.719,2.25748e+06,4.0208e+06,0.0280918,0.022088
2,0.451526,1053,3941,-0.0125418,0.00648251
2,6.497,985,3872,-0.0119911,0.00664426
2,120.821,434,448,0.104625,0.000113321
2,0.790341,1053,3940,-0.0120958,0.0070047
2,34.0806,1807,4896,0.0213381,-0.00333163
2,34.0802,1807,4896,0.0205045,-0.00336743
2,93.2567,490291,886940,0.021384,0.0208165
2,120.495,32323,144088,0.0643751,0.00260931
2,120.973,201446,40304,0.128286,0.115515
2,122.036,13364,33000,0.190243,0.0130177
2,25.9184,33239,70495,-0.0161139,0.0206697
2,33.7627,4222,7093,0.0152369,0.000630583
2,41.6308,403098,212681,0.0338135,0.0187963
2,7.68908,5403,2913,-0.0160962,1.99268e-05
2,120.209,24903,20784,0.0912993,0.00383054
2,121.502,24270,116903,0.181711,0.0432216
2,52.4836,547,360,0.0336819,0.00117842
2,36.4367,16040,23620,0.0163244,0.00127707
2,30.2085,186,112,-0.00202058,-0.00935774
2,120.627,45047,33358,0.21059,0.032034
2,33.6925,1738,4760,0.0213029,-0.00260722
2,34.0632,3929,6911,0.0153564,0.000622787
2,33.8179,1807,4827,0.0205351,-0.00335674
2,34.1114,1807,4897,0.0204298,-0.00331862
2,120.01,164674,91399,0.0864766,0.0102144
2,120.066,155962,218133,0.068403,0.00837358
2,120.012,1.08279e+06,615785,0.0844848,0.0194441
2,120.537,54761,129214,0.076597,0.0097147
2,14.2301,893,3500,-0.0127112,0.00266417
2,120.69,78376,47468,0.224922,0.0332779
2,33.1828,1807,4829,0.0205302,-0.00335093
2,120.009,360723,198957,0.0846151,0.0175669
2,105.162,671423,311429,0.0369271,0.0210886
2,33.9687,1739,4761,0.0240212,-0.000400715
2,34.0866,1807,4896,0.0201919,-0.00337541
2,120.405,28768,57243,0.3608,0.0271478
2,33.3605,1807,4827,0.0205288,-0.0033571
2,0.751174,1538,4838,-0.01562,-0.00834915
2,120.082,297310,623089,0.0628911,0.0364345
2,120.434,25875,20741,0.0912915,0.00406802
2,122.014,21477,32021,0.0806285,0.0043011
2,34.0727,1807,4896,0.0205453,-0.00337087
2,34.075,1807,4828,0.0204484,-0.00330926
2,120.014,734429,344030,0.0853778,0.0200997
2,33.4677,6185,8835,0.0166659,-0.00791617
2,38.1282,12540,19230,0.0165785,0.00395663
2,75.535,336,372,0.0301463,0.00191602
2,33.8049,1807,4895,0.0204847,-0.00332489
2,1.53623,917,3803,-0.0130382,0.018727
2,5.76804,1153,4101,-0.0127076,0.00277094
2,33.8186,1806,4896,0.0205454,-0.00337049
2,34.3182,1942,6480,0.0105923,-0.00392912
2,120.218,40373,30600,0.211079,0.0294051
2,120.817,496,448,0.104691,0.000923989
2,33.4531,8195,10527,0.0183278,0.00228213
2,0.899516,1053,3940,-0.0125215,0.00576964
2,0.130539,1020,3635,-0.0126233,0.00892535
2,34.0967,1738,4761,0.02127,-0.00281673
2,34.0725,3959,6860,0.0153521,0.000392906
2,120.26,40985,28895,0.225297,0.0295452
2,33.6655,1807,4829,0.0153048,-0.00357166
2,120.883,33690,104130,0.181992,0.0246571
2,33.7216,1739,4759,0.022397,-0.0028588
2,123.077,22143,31865,0.0687057,0.00442206
2,34.0813,1807,4829,0.0205403,-0.00331344
2,34.0469,1807,4896,0.0202019,-0.00327747
2,1.41005,1085,4032,-0.0123626,0.00567338
2,33.7534,1807,4827,0.0204505,-0.00332237
2,33.349,1807,4896,0.0204978,-0.00336345
2,89.096,568,662,0.0258224,-0.00461668
2,34.0555,1807,4897,0.021428,-0.00337086
2,34.3076,1831,4760,0.0180747,-0.00281533
2,4.88133,1141,4566,0.00223804,0.0036981
2,33.8425,1807,4828,0.021418,-0.00335674
2,105.728,448,434,0.0390533,-0.00725213
2,120.033,467705,222405,0.0892718,0.0200463
2,34.2259,112094,72865,0.0146893,0.00664686
2,34.075,1807,4895,0.020509,-0.00336178
2,120.05,45071,31492,0.207428,0.0324864
2,124.147,12227,25643,0.185353,0.011732
2,34.0839,1807,4827,0.0210584,-0.00385949
2,35.1066,2604,4964,0.0155832,-0.00243707
2,34.2765,1875,4759,0.0203538,-0.00336895
2,4.05135,1579,4549,-0.0134635,-0.00668994
2,90.1538,152754,370174,0.015897,0.0269568
2,0.546538,1085,4032,-0.0130879,0.00553006
2,34.0699,1875,4896,0.0204795,-0.00331843
2,34.0767,1807,4896,0.0205457,-0.00336317
2,120.029,281296,123712,0.219265,0.0380769
2,34.0758,1875,4965,0.0204476,-0.00333141
2,100.777,632844,302862,0.0343084,0.021803
2,33.9626,1807,4827,0.0205357,-0.0033608
2,98.1536,972783,502337,0.0363121,0.0223437
2,33.4472,1874,4896,0.0204611,-0.00337837
2,33.6421,1807,4896,0.021557,-0.00305772
2,58.7057,432,526,0.0249251,-0.00430407
2,34.0534,1806,4895,0.0203129,-0.00330106
2,120.007,311115,587966,0.0605364,0.0165553
2,1.4022,1153,4100,0.00329085,0.00192091
2,120.722,158180,377888,0.0664187,0.00668464
2,36.6866,1974,5032,0.0189692,-0.0036745
2,120.009,536164,273789,0.0853788,0.0195663
2,105.728,544,476,0.03805,0.0015802
2,121.417,55345,109967,0.0814877,0.0119929
2,120.817,544,544,0.083521,0.00142486
2,34.0686,1739,4827,0.0214404,-0.00273486
2,120.662,47867,91334,0.0724643,0.00615577
2,104.702,298354,135214,0.0421294,0.0569198
2,33.9371,1807,4828,0.0213624,-0.00332046
2,120.016,361054,153463,0.196436,0.0469466
2,119.739,873,772,0.0374521,0.000783215
2,34.1273,1875,4895,0.0204812,-0.00328512
2,1.84852,1285,4634,-0.0139462,-0.00857883
2,18.2791,1579,4617,-0.0158014,-0.0057028
2,33.3186,1875,4896,0.0204826,-0.0033797
2,119.67,873,772,0.0370469,0.000783039
2,34.0739,2213,4829,0.0198477,-0.00180931
2,120.023,33451,41052,0.0662444,0.00625385
2,0.46574,1153,4101,-0.0119402,0.00278622
2,15.5935,5072,14399,-0.0133981,-0.00390005
2,91.7474,923346,488968,0.0338804,0.0218983
2,0.317658,1053,3939,-0.0125443,0.00664253
2,33.1846,1807,4895,0.0204673,-0.00338188
2,35.4972,2446,4896,0.0198262,-0.00209321
2,120.453,38385,83421,0.077325,0.0110294
2,0.086799,1085,4032,-0.0139157,0.00639586
2,33.9623,1875,4964,0.0204985,-0.00336988
2,34.0797,1875,5021,0.0199545,-0.00391653
2,66.1474,129835,24754,0.0231922,0.0260661
2,120.252,131331,41456,0.0664857,0.016587
2,34.0377,1739,4827,0.0215623,-0.00286738
2,50.4471,133967,237079,0.0232435,0.00584046
2,90.755,78775,132041,0.0196681,0.00588399
2,125.376,5082,13339,0.072074,-0.00128853
2,19.2558,1579,4551,-0.0135858,-0.00661916
2,33.6557,1875,4964,0.0204982,-0.00336988
2,119.653,873,772,0.0370469,0.000783039
2,120.06,104794,192350,0.0671822,0.00598501
2,33.9638,7355,9870,0.0169211,-0.00697144
2,0.100961,1088,3703,-0.0147654,0.0173621
2,0.095457,964,3635,-0.0128443,0.00684914
2,0.196999,1032,3635,-0.012307,0.00801443
2,105.913,493604,249889,0.0336067,0.0213288
2,38.7594,19600,27046,0.0165984,0.00524277
2,120.028,380805,196450,0.0868537,0.019216
2,120.369,26951,52013,0.416488,0.0259981
2,125.341,6239,10872,0.0729822,-0.00123349
2,1.9499,1085,4032,-0.0125585,0.00652148
2,33.6835,1807,4827,0.0214115,-0.00334949
2,34.0713,1875,4897,0.020506,-0.00334388
2,33.7071,1807,4897,0.0205335,-0.00336168
2,120.247,353945,222642,0.0895576,0.0192936
2,0.715477,1153,4099,-0.0118387,0.00233998
2,121.901,10317,18079,0.0701346,0.000941725
2,120.676,128817,299696,0.0704933,0.00496459
2,34.0553,1875,4964,0.0213312,-0.00331849
2,34.0973,1739,4760,0.0214176,-0.00270501
2,120.024,533882,280536,0.085313,0.0197042
2,0.09888,1020,3635,-0.0126288,0.00891121
2,34.3978,10528,12193,0.0166969,-0.00248961
2,120,316984,548241,0.0675579,0.0177804
2,120.869,156137,40200,0.175733,0.0329534
2,120.026,41512,207120,0.096732,0.0214156
2,34.075,1807,4827,0.0204996,-0.00334986
2,6.79927,1189,5531,-0.0133512,0.0143183
2,33.2798,1807,4827,0.0224152,-0.00305249
2,34.0842,5807,8601,0.014952,-0.00114795
2,34.0695,1808,4828,0.0204996,-0.00334642
2,120.046,659227,322217,0.0731025,0.0194781
2,33.6618,4362,7991,0.0187495,-0.000436792
2,34.0671,1807,4828,0.0204501,-0.00331772
2,120.355,32878,80963,0.0646931,0.00716279
2,33.3168,1739,4827,0.0215837,-0.00282847
2,34.0922,1807,4897,0.0203795,-0.00330493
2,120.801,43790,31183,0.210814,0.032266
2,105.664,898052,540922,0.0374783,0.020899
2,6.96828,1153,4032,0.00183799,0.013355
2,0.970244,1085,4032,-0.0132882,0.00569453
2,39.1509,4670,7437,0.0150837,0.000929454
2,33.9324,1739,4828,0.0215263,-0.00286162
2,0.453871,985,3872,-0.0132895,0.0070752
2,34.0802,1875,4897,0.0204517,-0.00332771
2,107.825,656904,312528,0.0382055,0.0208691
2,90.1717,155729,286607,0.0237821,0.00702613
2,0.122915,1032,3635,-0.0126662,0.00792888
2,19.2724,1090,1678,-0.0173684,-0.00275492
2,2.85997,1153,4032,-0.0118178,0.00316679
2,34.2134,1875,4897,0.0213302,-0.00345941
2,33.4831,1807,4896,0.021298,-0.00335767
2,120.038,31026,40082,0.0705524,0.00619625
2,33.7219,1807,4829,0.0204033,-0.00335785
2,34.0827,1807,4829,0.0205336,-0.0033173
2,34.0863,1807,4896,0.0215214,-0.00304177
2,101.899,507361,882540,0.0214708,0.0215167
2,0.296836,1153,4100,-0.0124593,0.00394562
2,33.7654,1807,4829,0.0204632,-0.00329328
2,0.48846,1153,4100,-0.0124681,0.00327854
2,74.1021,669,568,0.0308362,0.000667508
2,46.6475,16817,12674,0.0258657,0.049807
2,120.003,588628,294773,0.0847744,0.0195819
2,15.1041,136,68,-0.0111436,-0.00209094
2,33.335,1875,4965,0.0205095,-0.00340778
2,120.049,317968,149543,0.214345,0.0469058
2,120.173,26277,43382,0.0686048,0.0048821
2,33.4124,1875,4896,0.0204082,-0.00340817
2,97.9214,640,733,0.0651579,0.00039545
2,122.195,18039,33689,0.15302,0.00822183
2,34.0578,3596,6610,0.014648,-0.00120295
2,33.992,1807,4896,0.0213873,-0.0033674
2,34.1317,1807,4827,0.0204501,-0.00331776
2,0.198703,1032,3635,-0.0126676,0.00793591
2,120.054,167970,328546,0.070176,0.00809964
2,34.0811,1875,4896,0.0213345,-0.00331456
2,0.136523,964,3567,-0.0134517,0.00638159
2,120.587,24876,47085,0.213796,0.010029
2,28.3542,7705,10421,-0.0142301,0.000339369
2,113.845,233227,140286,0.037207,0.0145407
2,92.7562,840216,484695,0.0355242,0.0207388
2,4.56191,1153,4176,-0.0133281,0.00308653
2,19.1013,985,3431,-0.0117742,0.00565277
2,33.2866,1807,4896,0.0205272,-0.00338706
2,120.042,189452,393107,0.0683954,0.0140369
2,34.002,1807,4827,0.0204996,-0.00334985
2,34.0867,1807,4827,0.0212129,-0.00337461
2,34.0635,1739,4829,0.0224079,-0.0028737
2,120.073,29235,54386,0.0690997,0.00762019
2,75.5351,336,372,0.0314005,0.00186923
2,33.7063,1875,4963,0.0204961,-0.00338283
2,120.071,453275,228338,0.0905817,0.0195532
2,36.7813,15293,22904,0.0155113,0.00172776
2,0.142534,1100,3703,-0.0128752,0.00345031
2,33.465,1807,4828,0.0204198,-0.00328225
2,34.0547,1875,4896,0.0204538,-0.00332758
2,105.743,448,434,0.0260193,-0.00809082
2,9.55515,3775,1099,-0.00105965,-0.00704825
2,75.535,336,372,0.0317701,-0.00364171
2,33.8186,1807,4828,0.0203477,-0.00330551
2,34.0646,1876,4963,0.0204795,-0.00332758
2,120.207,214654,50588,0.0844591,0.0370302
2,33.8507,1807,4897,0.020546,-0.00336144
2,34.0848,1807,4896,0.020546,-0.00336147
2,126.492,8646,15654,0.0896317,0.0031226
2,120.316,33541,80442,0.355437,0.0348154
2,0.706605,1085,4032,-0.0126258,0.00556705
2,33.9207,14893,14612,0.0335514,-0.00351908
2,33.4398,1739,4759,0.0214005,-0.002854
2,34.1943,2457,4692,0.0068894,-0.00292303
2,33.4071,1807,4828,0.0213754,-0.00335165
2,120.573,42643,111416,0.0601909,0.0117562
2,33.9342,1807,4896,0.0213425,-0.00332673
2,119.746,873,772,0.0374521,0.000783215
2,1.7926,1085,4101,0.00255908,0.00897916
2,0.12008,964,3567,-0.0134509,0.00638551
2,34.3122,1739,4828,0.0166728,-0.003188
2,46.8213,80393,15345,0.0191502,0.104285
2,5.10151,516,672,-0.0167594,0.00158178
2,0.467868,1153,4100,-0.0124059,0.00313787
2,120.201,675,544,0.0788533,0.00120295
2,119.624,873,772,0.0370469,0.000783039
2,39.7423,11455,9304,0.0330999,0.00790128
2,120.011,183013,319622,0.0665336,0.010957
2,0.107443,964,3567,-0.0134563,0.0063721
2,120.845,31090,27692,0.0905984,0.00691316
2,120.296,29004,53737,0.0731875,0.00631719
2,49.6256,11580,8729,0.031938,0.0102744
2,33.5185,1807,4761,0.0115973,-0.0028572
2,33.7605,1807,4829,0.0205374,-0.00335476
2,119.96,805,1024,0.0426103,0.000933543
2,120.817,476,544,0.0823946,0.00164997
2,33.8973,1807,4897,0.0205045,-0.00336743
2,120.283,24856,47402,0.0733596,0.00348625
2,52.3556,139029,242599,0.0232506,0.00600735
2,33.4463,7779,10362,0.0184944,0.00152295
2,33.7789,1807,4895,0.0204973,-0.00340201
2,33.6453,1876,4895,0.0204817,-0.00340477
2,52.0885,138157,247293,0.0232378,0.00617927
2,120.038,267927,159150,0.0919024,0.0146451
2,1.74128,1153,4100,0.00297391,0.00272996
2,33.9434,2641,5651,0.0193529,-0.00232047
2,34.0896,8155,10549,0.0166652,-0.0071084
2,0.139988,1032,3635,-0.0126583,0.00796245
2,34.1173,1807,4897,0.0214227,-0.00336898
2,0.16452,1032,3635,-0.0128328,0.00798717
2,33.8503,1875,4896,0.0205021,-0.00335194
2,38.761,113487,159112,0.0206828,0.00755514
2,33.9447,1807,4896,0.0201917,-0.00331742
2,21.2777,8189,35531,-0.0192564,-0.0153611
2,0.109826,1032,3635,-0.0126682,0.00792989
2,33.7747,1875,4964,0.020517,-0.00341132
2,33.3821,1807,4897,0.0213801,-0.00336383
2,36.6591,19786,30830,0.015953,0.00300902
2,119.734,873,772,0.0374521,0.000783215
2,120.602,99655,149271,0.0719849,0.00717855
2,34.0845,1875,4896,0.0205352,-0.00333571
2,120.849,24023,33976,0.0662809,0.00534859
2,33.2078,1807,4829,0.0213573,-0.00331987
2,34.0731,1807,4896,0.0213869,-0.00335989
2,120.254,105846,37792,0.233946,0.0311245
2,120.001,392678,194658,0.0849598,0.0179996
2,22.0533,14327,8029,-0.0146583,0.00276918
2,33.9139,1807,4895,0.0213928,-0.00338318
2,119.729,873,772,0.0374521,0.000783215
2,34.0878,1807,4827,0.0204505,-0.00331392
2,0.871955,1212,5189,0.000369498,0.0052111
2,33.68,3499,6596,0.0152928,-0.000421906
2,123.127,26096,71947,0.345012,0.0247252
2,33.6524,1807,4829,0.0213269,-0.00331315
2,1.85972,1153,4107,-0.0121719,0.00199217
2,34.0799,1808,4828,0.0205059,-0.00335209
2,43.041,218789,370996,0.0183922,0.0136064
2,90.6394,476,476,0.0367737,-0.000240345
2,0.834869,1085,4099,0.00243082,0.00835156
2,88.6997,34879,57821,0.0186649,0.00483221
2,120.277,26672,45428,0.420115,0.0114173
2,120.817,496,448,0.104691,0.00105391
2,33.7112,4672,7660,0.0188377,0.000202146
2,120.018,318383,156344,0.200198,0.0460409
2,33.2331,1807,4895,0.0213991,-0.00341928
2,33.9052,1738,4760,0.021546,-0.00285188
2,33.8941,1807,4829,0.0204857,-0.00331751
2,1.95484,1141,4633,0.002367,0.00398033
2,34.1046,1808,4895,0.0205045,-0.00336745
2,34.0181,1875,4897,0.02045,-0.00332747
2,33.1945,1806,4827,0.0205014,-0.00334967
2,34.1565,1875,4963,0.0204468,-0.0033293
2,89.7868,132532,308101,0.0158644,0.010406
2,33.2015,1807,4827,0.0214131,-0.00335112
2,33.7035,1808,4829,0.0204547,-0.00331082
2,34.087,1739,4827,0.0215535,-0.00286989
2,33.8597,1807,4827,0.0205059,-0.00335496
2,119.149,743815,350837,0.040176,0.0204255
2,33.3778,1807,4827,0.0204926,-0.00334827
2,94.6359,867678,493755,0.035514,0.0207535
2,106.115,1.05293e+06,568390,0.0375236,0.0205094
2,93.1232,870566,486081,0.0355111,0.0212264
2,120.817,496,448,0.105165,0.00139337
2,33.4229,1807,4897,0.0214156,-0.00336889
2,0.234127,1085,4099,0.000977315,0.0065204
2,33.2487,1806,4829,0.0214109,-0.00335671
2,34.0933,5737,8131,0.01795,0.000529326
2,4.7031,1053,3940,-0.0122546,0.00494979
2,34.0458,1807,4897,0.0205045,-0.00336385
2,120.257,38375,24414,0.0865513,0.0048996
2,120.832,504,496,0.133431,-0.00155001
2,91.9379,928879,490654,0.0357317,0.0216866
2,33.9606,1807,4896,0.0213671,-0.00333257
2,34.0264,1875,4964,0.0204846,-0.00332271
2,34.0636,1806,4829,0.0204857,-0.00331303
2,0.176117,985,3871,-0.0127396,0.00748486
2,120.016,283678,57889,0.0646213,0.0406514
2,105.61,257104,505274,0.0253688,0.0137189
2,91.4455,484840,960455,0.0211103,0.0208692
2,2.51904,1053,3940,-0.0120337,0.00685592
2,33.7054,1807,4896,0.0204867,-0.00333231
2,33.6295,1807,4828,0.0214977,-0.00304522
2,120.613,226128,141995,0.0837835,0.0117668
2,1.04493,1085,4100,0.00225727,0.00578976
2,96.9051,873813,496550,0.0354943,0.0211124
2,120.009,198731,387060,0.0653382,0.013853
2,33.1806,4784,7607,0.0189416,-9.06793e-05
2,1.26523,1053,3939,-0.0118721,0.00601067
2,109.293,16999,26266,0.0958345,0.0182992
2,120.085,80230,154784,0.0700831,0.00765136
2,34.0591,1875,5021,0.019806,-0.00376073
2,34.1021,1874,4895,0.0213345,-0.00331446
2,93.8317,787052,489705,0.0355153,0.0213977
2,33.3338,1807,4895,0.0204473,-0.00332794
2,135.036,23221,45421,0.066402,0.00528625
2,90.3303,97434,192062,0.0224313,0.00518112
2,0.180494,1032,3635,-0.012832,0.00801502
2,0.350533,1153,4099,-0.0123919,0.00365424
2,105.728,408,476,0.0380808,0.00142907
2,0.015685,68,68,-0.0220422,-0.000775361
2,0.132271,1032,3635,-0.013113,0.00795683
2,39.1752,408206,206799,0.0325189,0.0207645
2,33.8655,2415,4896,0.0207468,-0.00187679
2,90.176,63702,124754,0.0231803,0.00823731
2,58.6453,432,526,0.024636,-0.00460488
2,95.3629,494105,847619,0.0213921,0.021284
2,0.171753,1153,4169,-0.0137692,0.00443949
2,33.2218,1875,4897,0.0204933,-0.00338107
2,33.9477,1806,4896,0.0213885,-0.00336748
2,121.543,18746,29801,0.0742073,0.00110492
2,33.2093,1807,4828,0.0205304,-0.00335106
2,34.0635,1807,4828,0.0204483,-0.00330881
2,120.024,300103,146572,0.203801,0.046685
2,34.0954,1807,4828,0.0213458,-0.00328074
2,120.909,140166,39545,0.180797,0.0331469
2,33.199,1808,4829,0.0204746,-0.00331683
2,33.7689,8389,10866,0.0151437,-0.00701066
2,1.26199,1153,4100,-0.0116593,0.00310113
2,33.3705,1876,4964,0.0202314,-0.00339868
2,52.5944,547,360,0.0335926,0.00116963
2,0.12,964,3567,-0.0134521,0.00637125
2,91.0366,96275,193612,0.020363,0.00484681
2,33.994,1807,4828,0.020541,-0.00335011
2,34.0644,1807,4827,0.0204992,-0.00334934
2,121.165,16152,27667,0.0917336,0.00328145
2,2.41962,985,3872,-0.0131226,0.00799892
2,120.429,43258,32165,0.211285,0.0323424
2,34.0873,1875,4896,0.0204526,-0.00332767
2,34.0888,1807,4827,0.0213824,-0.00334986
2,75.535,336,372,0.0315913,0.00120067
2,99.7503,867550,488929,0.0355188,0.0201049
2,30.3423,312551,161223,-0.0144405,0.0204378
2,33.3785,1875,4895,0.020229,-0.0039135
2,33.4589,1806,4829,0.0213022,-0.00329135
2,0.146289,1032,3635,-0.012588,0.00795096
2,33.7831,1807,4828,0.0204815,-0.00331775
2,0.082408,1443,4290,-0.0140631,-0.00538462
2,33.773,1738,4759,0.0215167,-0.00284587
2,15.11,985,3432,0.00268841,0.00567904
2,42.9238,1189,4225,0.0110179,0.00470674
2,33.3843,1807,4829,0.0213751,-0.00334772
2,18.3663,1647,4685,-0.0158058,-0.00569104
2,0.645847,1085,4031,-0.0125846,0.00563472
2,121.566,11634,22084,0.0890707,0.00178747
2,33.9602,1739,4760,0.021527,-0.00275741
2,34.1755,1807,4897,0.0214162,-0.00336529
2,120.009,749898,349586,0.0853678,0.0196841
2,34.0952,1808,4829,0.0214114,-0.0033513
2,120.917,235880,348950,0.0695036,0.0150355
2,33.6772,1807,4897,0.0213635,-0.0033243
2,105.467,942665,539364,0.0374605,0.0214467
2,33.86,1875,4896,0.0204524,-0.00332765
2,3.81213,985,3872,-0.0118594,0.00829999
2,120.817,544,544,0.0835202,0.00140125
2,33.2788,1806,4829,0.0204926,-0.00335168
2,33.4115,1807,4828,0.0204417,-0.003315
2,2.0575,1085,4032,-0.012413,0.0055673
2,33.8862,4798,7620,0.0189537,-0.000427454
2,33.6602,1943,5090,0.0200051,-0.00349859
2,120.752,44767,81339,0.0708036,0.00954936
2,120.054,688671,325013,0.0884605,0.02045
2,0.105786,1100,3703,-0.0138649,0.00357648
2,119.757,873,772,0.0374521,0.000783215
2,33.9988,1806,4896,0.0204691,-0.00334608
2,33.5701,5712,8586,0.0168018,-0.00837973
2,120.817,544,544,0.0822289,0.00159575
2,120.582,46500,26039,0.2142,0.0319902
2,105.743,448,496,0.0389516,-0.00428952
2,12.3992,69249,46009,-0.0141914,0.00811974
2,58.6153,432,526,0.0246182,-0.00452325
2,120.035,43306,32795,0.208761,0.032493
2,0.558531,1153,4100,-0.0119608,0.0027982
2,120.817,544,544,0.0822289,0.00160716
2,103.581,698616,912361,0.0422356,0.0340739
2,33.747,1807,4827,0.0214165,-0.00336242
2,34.0996,1807,4897,0.0204828,-0.00328774
2,0.11413,1032,3635,-0.0126662,0.00793909
2,120.715,46117,32325,0.208902,0.0322689
2,34.1249,1807,4828,0.0205046,-0.00335643
2,34.0837,1807,4828,0.020541,-0.00335017
2,120.672,79475,46873,0.156514,0.0122873
2,34.0879,1806,4828,0.0213311,-0.00330897
2,3.1605,1153,4167,0.00218958,0.0049931
2,33.9477,1875,4963,0.0204985,-0.00338303
2,34.0753,1874,4897,0.0204518,-0.00332553
2,34.0628,7568,10948,0.0147191,0.00115217
2,34.0729,1875,4895,0.0213851,-0.00334818
2,1.41955,1085,4099,0.00237807,0.00579272
2,10.7175,985,3423,-0.012956,0.00392233
2,58.7784,432,526,0.0244774,-0.00453145
2,0.775528,1153,4100,-0.0118453,0.0024195
2,0.544217,1085,4033,-0.0128694,0.00559598
2,33.3285,1875,4895,0.0204604,-0.00337465
2,4.10168,516,672,-0.0175004,0.00148598
2,34.0592,1807,4827,0.0214113,-0.00334769
2,106.539,21591,100778,0.0535223,0.0380941
2,3.18838,1512,4481,-0.0134913,-0.00663887
2,122.128,25435,70552,0.0759835,0.0044846
2,2.28049,985,3873,-0.0131624,0.00808114
2,120.032,56060,174541,0.0590513,0.0127385
2,33.57,1807,4827,0.0205216,-0.00335309
2,33.8765,1875,4964,0.0204672,-0.00338198
2,120.887,42436,29081,0.114162,0.140847
2,34.0803,1807,4828,0.0204462,-0.00332452
2,33.662,1875,4896,0.0203562,-0.00347831
2,37.1223,12518,19866,0.0166213,0.00411251
2,33.3448,1807,4829,0.0204926,-0.00335503
2,34.1746,1808,4896,0.0204822,-0.00333093
2,120.258,47803,106033,0.0596629,0.010503
2,15.104,136,68,-0.0111436,-0.00209094
2,0.589751,1153,4100,-0.0118465,0.00200861
2,34.0725,1807,4828,0.0206321,-0.00335309
2,120.829,340275,199104,0.089775,0.0198393
2,33.7845,12810,14321,0.0156768,-0.000642834
2,2.15741,1141,4634,0.00226039,0.00512729
2,2.1172,1053,3940,-0.0133398,0.0113087
2,33.3697,1807,4897,0.0213802,-0.00336034
2,121.975,18091,27060,0.0844538,-9.94856e-05
2,120.311,428673,275967,0.0889397,0.0198509
2,2.2923,1153,4167,0.00207741,0.0037981
2,120.355,286445,177518,0.0908349,0.0166364
2,123.59,23947,45039,0.06969,0.00501637
2,33.3438,1875,4897,0.0205002,-0.00337665
2,0.109689,964,3567,-0.0134575,0.00639481
2,74.175,669,568,0.0308362,0.000667508
2,120.835,74647,42302,0.0914089,0.00839497
2,0.153504,1032,3635,-0.0125873,0.00795569
2,33.5337,1739,4760,0.0215201,-0.00275782
2,90.4366,156121,287513,0.0232098,0.00799463
2,91.852,849800,491967,0.0355252,0.0207602
2,33.6563,5223,7843,0.0141901,0.000688346
2,18.5846,1647,4744,-0.0152283,-0.00362509
2,121.733,240976,153828,0.0834301,0.0113261
2,120.022,683161,320231,0.0629854,0.0366483
2,120.044,380336,196233,0.0891118,0.0179715
2,0.371972,1085,4031,-0.0138585,0.00646953
2,1.97352,1053,3940,-0.0139152,0.00662409
2,120.199,26679,19297,0.0913646,0.00381276
2,90.6241,476,408,0.0334286,0.000863552
2,0.12839,1032,3635,-0.0126578,0.00795658
2,34.0415,1807,4896,0.0213376,-0.00333159
2,34.0835,1807,4827,0.0204815,-0.00331848
2,33.8264,1807,4897,0.0202641,-0.00341847
2,120.616,203837,341850,0.0796755,0.0164117
2,34.0895,1806,4895,0.0204385,-0.00329053
2,120.521,181181,313661,0.0734813,0.011748
2,67.7548,547,472,0.0298075,-0.000705403
2,4.13872,1579,4617,-0.0146554,-0.00529207
2,9.88336,1053,3939,-0.0119253,0.00502546
2,18.8593,1646,4687,-0.015288,-0.00565632
2,33.3949,1807,4895,0.0213866,-0.00337103
2,0.302933,964,3567,-0.013471,0.00451881
2,34.232,1807,4895,0.0211012,-0.00362417
2,90.0809,83480,140489,0.0192996,0.00794286
2,6.50269,985,3872,-0.0120742,0.00802706
2,120.034,182654,436961,0.250759,0.0350482
2,2.89795,1085,4033,-0.0124075,0.00478929
2,34.0688,1806,4896,0.0214992,-0.00298524
2,6.48561,1237,4100,-0.0130273,0.00316402
2,0.127409,964,3567,-0.0134549,0.00637958
2,120.063,510714,184468,0.202104,0.0481363
2,15.1039,124,56,-0.00252716,-0.011295
2,33.5041,1807,4827,0.0214108,-0.00335668
2,34.0798,1807,4828,0.0205336,-0.00336109
2,105.728,544,476,0.0390542,0.0014195
2,120.012,567409,253384,0.0851227,0.0203185
2,33.3671,1807,4828,0.0213754,-0.00335166
2,121.243,16171,27731,0.0922216,0.00416382
2,30.7917,69815,103694,-0.0166064,0.00914668
2,33.7138,5928,8753,0.0168211,-0.00817199
2,120.051,397142,154167,0.201295,0.0468054
2,0.462213,1153,4100,-0.0119455,0.00321677
2,120.776,43305,32661,0.210815,0.0321621
2,121.367,29634,99617,0.0747031,0.00323902
2,120.061,422161,746967,0.0764234,0.0196384
2,120.789,98092,153787,0.0689062,0.00865062
2,22.3498,1053,3500,0.0027995,0.00624285
2,120.633,46121,78887,0.151254,0.012475
2,120.058,109330,171587,0.0719596,0.00614867
2,0.429848,1085,4099,0.000957513,0.00586784
2,52.7032,88925,173376,0.0192571,0.00489731
2,34.0653,1808,4827,0.020537,-0.00336265
2,58.6961,432,526,0.0246477,-0.00451989
2,33.191,1806,4828,0.0213842,-0.00334967
2,90.721,33106,56099,0.0196936,0.00627937
2,22.7584,917,3432,-0.0119173,0.00567133
2,34.0616,1876,4896,0.0202264,-0.00335245
2,91.4118,487979,795296,0.0210499,0.020561
2,120.026,379050,194520,0.0849454,0.0186953
2,119.826,42100,70479,0.0296944,0.00515628
2,93.8306,929115,490042,0.0341377,0.0218429
2,1.52869,985,3872,-0.0118943,0.00871049
2,34.0769,1807,4828,0.0215044,-0.00303931
2,33.3011,1738,4828,0.0215198,-0.00286407
2,120.796,400219,258227,0.0885133,0.0200587
2,34.3551,1807,4827,0.0200949,-0.00392471
2,34.1024,1807,4896,0.0213873,-0.00336383
2,5.78109,985,3872,-0.0114619,0.0104826
2,0.475421,1053,3940,-0.0125579,0.0064869
2,120.004,757274,354798,0.0852285,0.0196737
2,3.20213,917,3804,-0.0119626,0.00814147
2,104.541,286302,185875,0.0362954,0.020677
2,121.731,7852,16883,0.0729235,0.000798555
2,2.61137,1053,3949,-0.0130107,0.00783369
2,119.568,873,772,0.0370387,0.000785594
2,120.015,591916,291291,0.0849436,0.0195675
2,33.8303,1807,4828,0.0213826,-0.00335165
2,34.0585,4539,7522,0.0188589,-0.000615752
2,0.499515,1153,4167,0.00147611,0.00409934
2,107.19,25163,46194,0.0341287,0.0115909
2,99.2548,495148,878726,0.0214886,0.0207791
2,33.7196,1807,4829,0.0204808,-0.00331972
2,11.99,2959,2058,-0.0227099,0.000161447
2,120.038,26320,20177,0.0903684,0.00366184
2,34.0889,1806,4829,0.0205401,-0.00333515
2,34.0736,1875,4964,0.0204419,-0.00332662
2,36.5802,19337,26109,0.0151571,0.00472467
2,94.1333,494449,964866,0.0201679,0.0223712
2,34.0853,4079,7026,0.0152581,-0.000201828
2,120.684,74942,47720,0.234653,0.0364947
2,34.0758,2761,5954,0.018998,-0.0014929
2,34.0654,1807,4895,0.0204552,-0.00333676
2,0.093482,1032,3635,-0.0126673,0.00793804
2,33.2523,1807,4828,0.0205216,-0.00335305
2,35.2523,2214,6481,0.015237,-0.00226999
2,33.8015,5137,7749,0.018424,-0.00153251
2,119.492,873,772,0.0370387,0.000785594
2,33.6961,1808,4828,0.020455,-0.00331476
2,34.0704,1807,4896,0.0204781,-0.00329247
2,47.2803,123097,188167,0.0231984,0.00480726
2,0.652119,1153,4167,0.00229792,0.00286952
2,33.6298,1807,4829,0.0213754,-0.00335161
2,1.55949,1017,3964,0.00254196,0.00870356
2,33.7292,2684,5499,0.0158174,-0.000739562
2,120.016,708437,341929,0.0853313,0.0191409
2,49.6763,133985,216776,0.0234132,0.00527899
2,34.0753,3172,6224,0.0153367,-0.000841507
2,120.033,111142,211989,0.0701594,0.00714893
2,33.3387,1807,4827,0.0205216,-0.00334949
2,1.05093,1085,4031,-0.012568,0.00568822
2,33.4633,1807,4829,0.0205282,-0.00335661
2,0.099827,1100,3703,-0.0138647,0.00357453
2,90.1323,94963,186674,0.018634,0.00759613
2,34.0708,1875,4896,0.0204517,-0.00332771
2,33.7673,1807,4896,0.0213873,-0.00336383
2,19.3457,10267,48988,-0.0136852,-0.00352407
2,105.728,544,476,0.0380532,0.00144007
2,33.9159,4912,7606,0.0190131,-0.000109813
2,37.3037,4595,8015,0.0161016,-0.00039972
2,120.809,496,448,0.104684,0.00140467
2,122.28,26583,47747,0.321672,0.0180715
2,33.7255,1807,4827,0.0204795,-0.00327434
2,34.0813,1874,4895,0.0203717,-0.00339282
2,33.223,1808,4827,0.0213754,-0.00335166
2,0.179464,1085,4032,-0.0142794,0.00665366
2,120.475,27175,45104,0.423833,0.0299616
2,126.553,8645,15687,0.0894893,0.00308256
2,15.1289,136,136,-0.0164195,-0.00318556
2,0.71136,1053,3939,-0.0132227,0.0156933
2,120.929,164061,41364,0.17427,0.0328596
2,34.0726,1806,4897,0.0203281,-0.00337518
2,0.446412,1085,4031,-0.0138561,0.00566826
2,34.0553,1807,4827,0.0204341,-0.00329347
2,0.102094,964,3567,-0.0134526,0.00636064
2,34.0923,1807,4827,0.0213824,-0.00335343
2,0.74561,1085,4032,-0.0126263,0.00555585
2,34.0563,1807,4896,0.0204496,-0.00333288
2,34.0818,1807,4896,0.0213869,-0.00335989
2,0.156155,1088,3703,-0.0147586,0.0173693
2,105.744,448,496,0.0380607,-0.00840051
2,33.3136,1807,4896,0.021385,-0.0033615
2,33.2661,1806,4895,0.0214007,-0.00342224
2,120.542,79986,43180,0.091414,0.00839215
2,73.6688,123471,232373,0.018886,0.0087393
2,120.668,46526,124214,0.0599077,0.012883
2,2.77164,1085,4032,-0.0125024,0.00583236
2,46.3919,134308,271509,0.0195792,0.00734314
2,120.264,266048,507081,0.0691578,0.015304
2,108.485,21812,107596,0.0534987,0.0398094
2,33.3309,1739,4759,0.0215186,-0.00275855
2,104.476,55764,103194,0.0249128,0.00535784
2,18.5308,1579,4550,-0.0135924,-0.00693151
2,105.743,448,496,0.0389454,-0.00429085
2,34.0579,1806,4895,0.0204282,-0.00329404
2,34.0857,1875,4963,0.0204484,-0.00333169
2,33.7646,1943,4964,0.0196175,-0.00300023
2,38.0461,4927,7786,0.0164957,-0.00336287
2,90.1749,152110,282286,0.0231445,0.00812622
2,33.5441,1807,4828,0.0204926,-0.00335518
2,34.064,1807,4897,0.0213873,-0.00336743
2,1.58735,1053,3940,-0.0123137,0.00575449
2,120.052,50632,112451,0.0589005,0.0107227
2,34.2343,1807,4827,0.0197469,-0.00368424
2,93.789,826554,483837,0.0355068,0.021522
2,105.743,448,496,0.0379088,-0.00347429
2,120.022,72846,117427,0.0675043,0.00740613
2,34.0724,1807,4896,0.0205468,-0.00336224
2,120.04,354262,157753,0.203324,0.0465162
2,0.158497,1032,3635,-0.0129938,0.0067507
2,90.1127,94030,186939,0.0203609,0.00468348
2,1.29825,1161,4032,-0.0131696,0.00454361
2,120.007,159859,42610,0.163822,0.0341206
2,120.005,190457,304876,0.0666396,0.0141797
2,0.455091,1256,3783,-0.0128339,0.0101335
2,33.8367,2136,4965,0.0197193,-0.00198391
2,119.783,873,772,0.0370371,0.000783035
2,120.159,31739,27929,0.0901467,0.0067642
2,33.9595,1807,4895,0.0212247,-0.00330822
2,33.9424,1874,4965,0.0204675,-0.00338499
2,34.1442,1808,4896,0.0205394,-0.00337279
2,120,468812,177653,0.192201,0.049559
2,120.038,246563,158102,0.0903903,0.0126968
2,33.9491,1807,4897,0.0213881,-0.0033638
2,0.101117,1032,3635,-0.0126651,0.00793024
2,119.501,873,772,0.0370387,0.000785594
2,34.0432,7406,9764,0.0152044,-0.00683902
2,100.446,885433,534602,0.0355263,0.0206815
2,120.076,11791,20849,0.08974,0.00319401
2,66.072,415094,198107,0.0321431,0.0195861
2,33.591,1807,4896,0.0224024,-0.00304913
2,50.7201,174673,113177,0.0332175,0.00923756
2,34.04,4581,8102,0.0146668,-0.00232231
2,33.5303,1875,4897,0.0204937,-0.00337862
2,33.7571,1807,4897,0.020511,-0.00337107
2,33.775,1807,4828,0.0213824,-0.00335147
2,0.112595,964,3567,-0.0134559,0.00637124
2,120.661,54012,121543,0.068896,0.00586138
2,34.0728,1807,4828,0.0213824,-0.00334986
2,0.501711,1141,4635,-0.0136269,0.0065487
2,33.7695,1807,4895,0.0213374,-0.00332783
2,38.2482,14964,21780,0.0174256,0.00178416
2,33.2665,1807,4759,0.0215455,-0.00284562
2,94.96,495558,845934,0.0214386,0.0212479
2,120.817,496,448,0.10502,0.000984068
2,120.238,458603,245035,0.0897094,0.0198938
2,120.851,33839,28551,0.0906295,0.00687185
2,120.63,77713,45649,0.156545,0.012943
2,120.033,743558,349790,0.0895415,0.0205101
2,0.23309,1153,4099,-0.0124559,0.00383276
2,120.662,79264,46309,0.156434,0.0122875
2,34.0882,1806,4897,0.0205413,-0.00337042
2,1.02911,1053,3940,-0.0117993,0.00583049
2,120.023,330557,189282,0.0848408,0.0171643
2,33.5676,1807,4828,0.0214044,-0.00335309
2,55.2822,6015,11717,0.0170268,0.000751701
2,33.8613,1875,4896,0.020265,-0.0034084
2,0.072988,1032,3635,-0.013285,0.00674703
2,3.59773,1085,4033,-0.0125836,0.00461286
2,33.3738,1807,4829,0.0204761,-0.00331248
2,0.176042,1443,4358,-0.0138325,-0.00555222
2,33.6425,1807,4897,0.0204544,-0.00332794
2,122.626,20670,33014,0.0671035,0.00519606
2,120.583,358489,234098,0.0895596,0.020284
2,103.175,839162,503707,0.034163,0.021842
2,120.297,67892,39187,0.0925413,0.00848636
2,33.9854,1807,4896,0.0204553,-0.00333462
2,33.9161,1875,4897,0.0213336,-0.00332533
2,38.4222,2180,3390,0.0189518,-0.00271402
2,120.774,23010,45088,0.0685916,0.00517908
2,34.0615,1808,4828,0.0204996,-0.00334985
2,120.068,125466,37709,0.179071,0.0327179
2,33.2122,1807,4896,0.0205263,-0.0034173
2,89.2424,15359,20120,0.0177126,0.00287965
2,33.6819,1875,4964,0.0204672,-0.0033849
2,120.647,44605,30528,0.20737,0.0320057
2,33.5449,7349,9666,0.0166684,-0.00698785
2,120,193097,384514,0.0658551,0.0137383
2,26.8491,45241,84307,-0.0162717,0.00972278
2,34.0769,1739,4827,0.0215272,-0.00285007
2,34.0706,1807,4896,0.0213873,-0.00336743
2,105.728,496,392,0.0377328,0.00259063
2,105.743,448,496,0.0402989,-0.00596966
2,33.1955,1875,4965,0.0213464,-0.00338025
2,119.758,873,772,0.0374521,0.000783215
2,1.34877,1017,3965,0.002454,0.00871546
2,33.4284,1807,4896,0.0204974,-0.00336743
2,33.5837,1875,4897,0.0213454,-0.00338078
2,45.615,164960,110677,0.0344216,0.00858561
2,121.537,32055,136415,0.070076,0.00292227
2,33.3329,1739,4760,0.0215347,-0.00286561
2,120.04,750415,357506,0.0881974,0.0206846
2,33.7876,1807,4896,0.020546,-0.00336149
2,33.8101,1874,4896,0.0213336,-0.00332533
2,34.0727,1806,4759,0.0215588,-0.00284833
2,120.051,192853,360551,0.0703905,0.0120511
2,120.015,262848,54246,0.0667196,0.0368486
2,58.9174,526,364,0.0292166,-0.000747671
2,33.7226,1739,4760,0.0215445,-0.00284801
2,0.281501,1153,4100,-0.012443,0.00391406
2,120.031,318550,608346,0.0634017,0.0162393
2,120.064,291962,506598,0.071476,0.0176888
2,2.57178,1085,4100,0.00235459,0.00553752
2,2.17909,1153,4150,-0.0129381,0.00628201
2,36.1189,9405,15629,0.0154001,0.00129171
2,34.0643,1806,4895,0.0205469,-0.00336214
2,33.3793,1807,4828,0.020452,-0.00341596
2,33.411,1875,5088,0.0206412,-0.00382153
2,120.04,193433,353320,0.0735671,0.0135419
2,120.551,156409,362535,0.0646205,0.00692518
2,30.2081,186,112,-0.00199591,-0.00935774
2,0.10241,1100,3703,-0.0138655,0.0035613
2,33.6237,1874,4964,0.0203379,-0.00341548
2,92.7942,485771,853449,0.0214507,0.0207626
2,33.8329,1806,4897,0.0205107,-0.00338987
2,33.8984,1807,4895,0.0205356,-0.00336523
2,120.616,162233,266726,0.0698757,0.00839651
2,33.8763,1875,4964,0.0204529,-0.00336162
2,34.0189,4696,7674,0.0189668,-0.00109323
2,33.5347,2235,4827,0.0193445,-0.0029683
2,34.0628,2234,4897,0.0157863,-0.00203933
2,33.8289,1807,4897,0.0205093,-0.00332429
2,1.75578,1983,4100,-0.0139361,-0.00676798
2,33.307,1807,4829,0.0204433,-0.00331946
2,33.5764,1807,4896,0.0201119,-0.00339672
2,120.817,496,448,0.104957,0.000899972
2,94.2996,495150,857771,0.0214021,0.0207576
2,120.817,434,448,0.10344,0.000561369
2,120.576,74885,42964,0.0927629,0.0067087
2,0.082103,1444,4289,-0.0140571,-0.00551584
2,34.082,1807,4827,0.0204997,-0.00335344
2,74.2309,669,568,0.0308362,0.000667508
2,37.1215,16405,22322,0.0167182,0.00362353
2,59.1913,568,533,0.0323195,4.30225e-05
2,120.027,45302,191461,0.0566684,0.00851351
2,33.3785,1807,4896,0.0213801,-0.00336373
2,120.55,76456,139982,0.0704431,0.00450303
2,34.0693,4572,7441,0.0189833,-0.000246605
2,97.897,640,671,0.0597375,0.0044404
2,33.8779,1875,4895,0.0213344,-0.00332529
2,120.003,744651,351048,0.0853465,0.0199789
2,0.086332,1088,3703,-0.014296,0.0173082
2,109.724,1.19697e+06,586716,0.0384216,0.0230657
2,34.3474,1883,4897,0.0204814,-0.00335529
2,34.0888,12924,14323,0.0156729,-0.00121799
2,0.196981,1032,3635,-0.0126636,0.00793566
2,33.2028,1874,4965,0.0204965,-0.00338544
2,33.2508,1739,4827,0.0215314,-0.00277537
2,0.742871,973,3829,-0.013514,0.0081337
2,90.4189,58235,33009,0.0370676,0.0124437
2,58.8599,432,526,0.0252456,-0.00431034
2,120.014,201198,406221,0.0652019,0.0137578
2,13.4817,228,322,-0.0150761,-0.00457976
2,0.497302,1141,4633,-0.0143299,0.00515775
2,0.146418,964,3567,-0.0134516,0.00637069
2,74.2028,669,568,0.0308362,0.000667508
2,43.83,364,458,0.0220277,-0.000895916
2,54.7682,147636,251322,0.0235271,0.00599618
2,120.011,202093,408666,0.0651943,0.0137711
2,0.415709,1153,4100,-0.0117676,0.00299242
2,33.682,1806,4827,0.0214546,-0.00300632
2,119.649,873,772,0.0370469,0.000783039
2,120.817,544,544,0.0822289,0.00159575
2,0.576657,1085,4101,0.000900006,0.00632169
2,105.753,544,544,0.0410343,0.000350865
2,33.9374,6316,8829,0.0142902,0.0014458
2,120.929,44312,32741,0.11227,0.121664
2,33.2495,1807,4896,0.0213991,-0.00341927
2,0.113398,1020,3635,-0.0126277,0.00891007
2,33.2242,1807,4895,0.0205228,-0.00342651
2,75.5193,408,340,0.0331715,0.00098668
2,4.08923,1579,4617,-0.0146605,-0.00526933
2,120.637,76173,45399,0.156912,0.0111178
2,34.0826,1807,4896,0.0205486,-0.00339596
2,33.7021,1874,4896,0.0213335,-0.00332746
2,2.24933,1085,4032,-0.0128109,0.00596411
2,120.762,49836,85679,0.0718189,0.00668859
2,0.117453,964,3567,-0.0134509,0.00637811
2,33.6749,1739,4829,0.0215361,-0.00277525
2,120.769,34026,28547,0.0906199,0.00687318
2,120.04,370678,152926,0.204142,0.0468253
2,34.0715,1807,4897,0.0205045,-0.00336383
2,122.515,42525,75437,0.153765,0.0110999
2,49.2812,483897,263270,0.0340061,0.0191267
2,33.6751,1808,4828,0.0213332,-0.00327179
2,1.87149,1053,3940,-0.0131579,0.00678514
2,34.0774,1807,4896,0.0213873,-0.00336384
2,101.494,262907,632819,0.0162977,0.033976
2,123.814,18178,41935,0.403763,0.0157261
2,109.461,518011,286269,0.0287989,0.0223818
2,34.0826,1806,4827,0.0214114,-0.0033513
2,33.7617,1807,4896,0.0205045,-0.00336734
2,120.732,43438,32292,0.221852,0.0319202
2,120.838,49207,91700,0.0646565,0.00529178
2,33.8619,1875,4963,0.0204674,-0.00338713
2,0.930797,1017,4031,0.00120891,0.00654655
2,33.4129,1740,4827,0.0215193,-0.00286363
2,33.5825,1739,4760,0.0212897,-0.00266796
2,86.3548,117912,30524,0.0182736,0.0136124
2,0.533628,1017,3963,0.00213069,0.00677957
2,33.2216,1807,4896,0.0214374,-0.00342463
2,33.4058,1739,4827,0.0215504,-0.00286496
2,33.9604,1807,4827,0.020436,-0.00329305
2,34.058,1806,4895,0.0213881,-0.00336376
2,1.25086,917,3803,-0.0118327,0.00833454
2,120.692,47341,85565,0.0713177,0.00777407
2,5.13377,1153,4167,0.00188212,0.0031178
2,119.23,798,704,0.0378681,0.000612995
2,34.1735,1739,4828,0.021423,-0.00272838
2,34.0328,1875,4896,0.0200036,-0.00391947
2,22.0379,985,3431,-0.0117805,0.00597914
2,34.074,3595,6474,0.0152947,-0.000491144
2,120.681,42151,31274,0.212259,0.0290511
2,121.424,55147,125890,0.0829787,0.0116252
2,65.0347,24682,95774,0.015016,0.00282048
2,120.107,47477,196297,0.0746284,0.0083172
2,33.82,1807,4828,0.0205006,-0.00335162
2,33.2927,1875,4964,0.0213426,-0.00338705
2,33.4867,1807,4827,0.0204926,-0.00335168
2,1.59675,1053,3941,-0.0117909,0.00575913
2,120.052,202020,323665,0.0737668,0.0132578
2,33.6161,1875,4965,0.0204605,-0.00336791
2,33.4441,1807,4895,0.0204975,-0.00336369
2,120.979,41968,29324,0.226916,0.0298451
2,122.728,6904,11272,0.223449,0.0452766
2,34.4456,1831,4841,0.0216994,-0.0024722
2,34.0855,1807,4828,0.0205336,-0.00336061
2,34.0799,1740,4760,0.0212554,-0.00267195
2,120.009,322143,124966,0.198382,0.0458731
2,33.4304,1875,4965,0.0202337,-0.00342343
2,1.1476,1053,3940,-0.0123923,0.00576867
2,34.0593,2154,4829,0.0188922,-0.00279482
2,33.2296,1807,4761,0.0116002,-0.00285875
2,120.031,316949,170726,0.0887205,0.0173769
2,127.325,8726,15711,0.0893192,0.00269932
2,120.017,608526,305836,0.083531,0.0203761
2,120.035,748898,356642,0.0895139,0.019644
2,34.0894,1807,4827,0.0204996,-0.00334985
2,33.4654,1806,4895,0.021415,-0.00338495
2,35.5875,3288,5959,0.0154425,-0.00276283
2,90.1177,159561,301707,0.0156475,0.00553214
2,15.081,565,206,-0.0199085,0.0037512
2,122.206,25737,45961,0.148637,0.0109684
2,28.0421,39117,109935,-0.0279057,0.0499045
2,33.9143,12316,15126,0.0159718,-0.00143639
2,105.625,986572,555866,0.03748,0.0204937
2,94.1896,866064,496671,0.0341342,0.0218192
2,120.384,98303,48495,0.0758793,0.00668062
2,120.501,265245,506196,0.0767858,0.0134102
2,34.0807,4828,7626,0.0149252,-0.000628231
2,33.9291,1807,4896,0.0205045,-0.00336379
2,34.0916,1807,4828,0.0204798,-0.00331103
2,35.0759,3351,5937,0.0155395,-0.000605171
2,120.677,19308,61007,0.344319,0.0141137
2,33.3307,1807,4828,0.0211895,-0.00337229
2,120.887,40803,29212,0.224098,0.0298714
2,105.728,544,476,0.03805,0.0015847
2,126.494,9066,15415,0.0894594,0.00306073
2,90.3782,152506,357319,0.0209924,0.006786
2,0.093474,964,3567,-0.0134585,0.00637333
2,105.743,448,496,0.0389503,-0.00426328
2,33.828,1739,4828,0.0204444,-0.00311864
2,33.686,1806,4829,0.020451,-0.00332434
2,33.6651,1807,4828,0.0201553,-0.00339318
2,34.1143,1807,4828,0.0204791,-0.0033157
2,120.001,685763,315271,0.0629846,0.0366483
2,120.9,163670,40750,0.138595,0.0164238
2,34.0582,1807,4896,0.0205049,-0.00336383
2,18.3212,1511,4550,-0.0141587,-0.00888625
2,0.1639,1085,4100,0.000323246,0.00655043
2,33.2307,4709,7575,0.0189755,0.000148092
2,90.0556,96345,195365,0.0204314,0.0047617
2,18.2889,1579,4551,-0.0135864,-0.0066156
2,15.119,112,124,-0.0131703,-0.00610448
2,120.946,25740,20073,0.0917928,0.00381933
2,33.7993,1875,4895,0.0163068,-0.00362253
2,120.062,226506,391392,0.0730614,0.0136878
2,120.385,252988,158787,0.0905736,0.0127051
2,93.7226,388846,141164,0.0264649,0.053702
2,33.83,1807,4760,0.0163545,-0.00296542
2,120.008,683379,327021,0.0849627,0.0195944
2,33.7694,5130,7855,0.0189284,-7.43302e-05
2,120.643,78148,47488,0.15654,0.0129481
2,105.728,544,476,0.0380626,0.0013973
2,2.0989,1085,4031,-0.0125426,0.00648939
2,34.3074,1807,4895,0.0204556,-0.00333662
2,0.186304,1032,3635,-0.0123105,0.00798646
2,0.124272,1032,3635,-0.0126609,0.00795625
2,34.0723,1806,4828,0.0205334,-0.00334535
2,127.929,3464,8534,0.235921,0.00557004
2,1.11952,1153,4168,-0.0136699,0.00319958
2,0.16931,964,3567,-0.0134498,0.00638181
2,7.17123,1085,4108,0.00220371,0.00900145
2,34.0329,1899,4828,0.0165989,-0.00323507
2,33.2682,1807,4828,0.0161641,-0.00357166
2,104.176,826322,498218,0.0355312,0.0207205
2,34.0855,1807,4828,0.0205361,-0.0033492
2,33.1942,1807,4896,0.0214081,-0.00342624
2,122.136,21592,33358,0.0833817,0.00344497
2,0.594274,1141,4635,-0.0136233,0.00573746
2,120.018,391228,200627,0.0843879,0.0178085
2,97.8816,733,584,0.0321017,0.000770652
2,120.071,196310,380078,0.0697235,0.0137068
2,0.948812,1153,4101,-0.011837,0.00254562
2,43.5551,116389,254921,0.015632,0.0085026
2,34.0783,9341,11589,0.0193196,0.00135972
2,33.4478,1807,4897,0.0205039,-0.00338787
2,33.5118,4842,7674,0.0189322,-0.000195376
2,120.534,50505,90137,0.0719833,0.00680918
2,33.4708,1740,4760,0.021508,-0.00275313
2,33.4853,1807,4895,0.0213806,-0.00336345
2,34.0834,1806,4895,0.020542,-0.00336878
2,33.8723,8184,10632,0.0143398,-0.00674756
2,33.3588,1875,4964,0.0204608,-0.00338706
2,120.709,31716,27941,0.0907767,0.00669567
2,118.368,305726,549091,0.0322217,0.0193174
2,18.1889,1578,4551,-0.0135871,-0.00661549
2,33.8623,1807,4829,0.020223,-0.00342614
2,0.206494,1085,4031,-0.0138372,0.00647859
2,120.598,25755,54108,0.0586446,0.00974504
2,0.116091,1100,3703,-0.0138656,0.00356358
2,39.5333,15606,11111,0.0257564,0.0490921
2,120.772,22353,35538,0.0692698,0.00510573
2,120.674,127688,39253,0.231467,0.0320169
2,33.5649,1806,4829,0.0205342,-0.00336042
2,0.36951,985,3872,-0.0123971,0.00895099
2,33.1996,4887,7704,0.0189253,-0.000796272
2,38.521,27415,38891,0.0167969,0.00523594
2,105.743,448,496,0.0402951,-0.00585858
2,33.9486,1807,4897,0.0213873,-0.00336373
2,121.09,612,476,0.0914618,0.000634513
2,33.1946,1740,4760,0.0215398,-0.00286117
2,34.0614,1875,4897,0.0204809,-0.00331782
2,0.724156,985,3871,-0.0132181,0.0173568
2,120.544,79996,43952,0.0927821,0.00766002
2,33.6626,1807,4897,0.0201776,-0.00385614
2,34.0893,1807,4828,0.0213459,-0.00329138
2,98.3495,44103,148672,0.015583,0.0121285
2,33.3084,1807,4897,0.0214056,-0.00342646
2,33.5742,1943,5020,0.0107806,-0.00262
2,33.3902,1739,4828,0.0205289,-0.0031547
2,6.34227,44382,29089,-0.0163749,0.00835922
2,90.1503,101042,205462,0.0224881,0.00522898
2,33.6164,1740,4828,0.0215193,-0.0028636
2,33.6362,1967,4976,0.0151889,-0.0025128
2,1.61529,1017,3965,0.00258613,0.00656919
2,33.6471,1739,4827,0.0215258,-0.00276982
2,33.8601,1807,4896,0.0203278,-0.00336547
2,0.253753,1153,4169,-0.0129412,0.00311095
2,34.5558,94496,64138,0.0131241,0.00710091
2,34.0593,1807,4895,0.0213873,-0.00336743
2,0.479905,1053,3939,-0.0125859,0.0092527
2,33.1281,1739,4828,-0.0194957,-0.00473955
2,120.019,459026,181987,0.193507,0.0469871
2,120.503,153611,367260,0.0651187,0.00685252
2,33.8532,1807,4896,0.0205468,-0.0033622
2,33.2057,1807,4828,0.0213335,-0.00327986
2,33.8834,3986,6941,0.01501,-6.31362e-05
2,0.538465,1053,3940,-0.0125573,0.00648851
2,0.491171,985,3872,-0.0124564,0.0075181
2,33.5942,1807,4827,0.0204926,-0.00335526
2,90.1168,102156,208352,0.022501,0.00808816
2,95.1556,23851,35988,0.0196435,0.00577717
2,4.50184,1621,1160,-0.00162404,-0.00812608
2,120.044,200652,404618,0.069937,0.0137475
2,33.9434,1807,4828,0.0224245,-0.00304821
2,33.1813,1807,4895,0.0214086,-0.00341724
2,0.781984,1482,4236,-0.0150413,-0.00503965
2,33.8618,1807,4828,0.0204994,-0.00335134
2,120.008,392409,252771,0.0845578,0.0175847
2,99.6188,919933,503971,0.0355006,0.0212336
2,34.0539,1807,4896,0.0205101,-0.00337102
2,46.6145,123091,283197,0.0156247,0.0085094
2,120.647,76842,44821,0.156818,0.0116986
2,0.100878,1032,3635,-0.0126673,0.0090183
2,120.009,74230,40973,0.0872755,0.00783643
2,121.519,15842,25567,0.190039,0.0152128
2,120.252,208983,43788,0.143822,0.118617
2,33.9855,4581,7370,0.0190042,0.000376917
2,33.3837,1807,4829,0.0204926,-0.00334823
2,0.834125,985,3873,-0.012044,0.00861677
2,33.5725,1807,4896,0.0204974,-0.00336739
2,120.593,43276,32041,0.212484,0.0319143
2,120.043,382322,199590,0.0891354,0.0179987
2,33.2514,1807,4896,0.0214,-0.00341923
2,120.024,194008,374057,0.065494,0.0137414
2,1.79929,1085,4100,0.00243239,0.00589061
2,0.780785,985,3872,-0.0123619,0.00746417
2,121.64,97422,54915,0.093407,0.00561888
2,119.638,873,772,0.0370469,0.000783039
2,120.374,29895,47681,0.0736276,0.00713244
2,122.191,6125,10632,0.0735407,-0.00111024
2,120.002,386321,191126,0.0849023,0.0177979
2,104.148,2.23426e+06,4.1561e+06,0.021221,0.0221564
2,1.13231,1053,3940,-0.0123212,0.00578595
2,33.1982,1807,4896,0.0205612,-0.00341739
2,33.598,1875,4896,0.0204996,-0.00338093
2,0.850389,1085,4100,0.00223195,0.00569774
2,120.379,30878,27635,0.0904525,0.00691544
2,0.134885,1053,3940,-0.012721,0.00655501
2,33.5244,1875,4895,0.0204849,-0.00338509
2,34.0419,1807,4829,0.0213824,-0.00334985
2,90.9552,855185,488986,0.0334895,0.0219353
2,0.109721,1032,3635,-0.0126672,0.00900118
2,1.13424,985,3873,-0.0120037,0.00995448
2,34.0918,1806,4828,0.0204442,-0.00331539
2,33.8151,1806,4829,0.0204998,-0.00335526
2,90.639,392,434,0.0307588,-0.0059402
2,33.2958,1807,4827,0.0213754,-0.00335153
2,75.2143,15689,27131,0.0208208,0.00129356
2,2.6846,1085,4033,-0.0125203,0.00587602
2,122.253,25450,45839,0.151079,0.0104846
2,33.7855,4582,7508,0.0188281,-0.00038744
2,15.1039,136,68,-0.0111436,-0.00209094
2,16.2072,1032,1578,-0.0167615,-0.00277424
2,33.3339,1807,4895,0.0204399,-0.00332215
2,33.3538,1806,4896,0.0204836,-0.00332853
2,33.178,1875,4963,0.0203373,-0.0034372
2,33.6053,1874,4896,0.020465,-0.00337651
2,1.42701,1053,3940,-0.0123752,0.00565851
2,91.9502,868042,486540,0.0357577,0.0207169
2,120.001,204798,440886,0.0654059,0.0157932
2,120.907,27576,71644,0.391173,0.0345573
2,37.7049,15634,21508,0.0168594,0.00464447
2,33.2106,5449,8186,0.0109195,-0.00188903
2,38.2495,64544,130064,0.0172072,0.00847012
2,120.094,306363,200656,0.0900873,0.019607
2,33.3438,1807,4896,0.0213362,-0.00332684
2,120.696,43519,32266,0.112338,0.121763
2,119.528,873,772,0.0370387,0.000785594
2,33.7835,1806,4897,0.0205398,-0.00333263
2,120.074,539792,267055,0.088858,0.0195499
2,33.5131,1875,4895,0.0204644,-0.00338101
2,121.001,42108,74732,0.153238,0.0106911
2,33.6063,1806,4896,0.0213814,-0.00336742
2,120.028,135906,272498,0.0644807,0.00991228
2,33.7998,1807,4896,0.0204552,-0.00333675
2,120.012,209456,40352,0.092389,0.0328128
2,34.0569,4982,7537,0.0186542,-0.000471192
2,120.009,361886,198957,0.0845916,0.0175314
2,33.5008,1875,4963,0.02046,-0.00338713
2,34.0827,1875,4964,0.0204484,-0.0033185
2,120.115,41999,31823,0.213148,0.0290285
2,34.0558,1807,4828,0.0210842,-0.00388612
2,33.5095,1875,4963,0.0204611,-0.00338484
2,121.035,23313,15398,0.0765112,0.0043254
2,5.37948,1153,4099,0.00246862,0.00244856
2,33.5487,1875,4964,0.02046,-0.003385
2,74.2235,669,568,0.0308362,0.000667508
2,120.644,77267,45617,0.157516,0.0112403
2,33.388,1875,4896,0.0213775,-0.00337874
2,33.6432,1875,4963,0.0231364,-0.000895241
2,0.176052,1085,4033,-0.0143695,0.00647182
2,120.589,31416,39971,0.0713881,0.00621939
2,98.0119,640,733,0.0597664,0.00797021
2,34.0652,1806,4828,0.0204491,-0.00330922
2,33.7062,1807,4896,0.0214732,-0.00301632
2,120.009,515629,317936,0.0773914,0.019481
2,90.6394,476,476,0.0366725,-0.000200498
2,1.53743,985,3872,-0.0131306,0.0173022
2,33.2634,1739,4761,0.0215089,-0.00285999
2,120.724,75287,42649,0.091256,0.00856383
2,1.93229,1209,4702,-0.012259,-0.000517488
2,33.273,1807,4895,0.020516,-0.00341534
2,120.641,37887,83117,0.0768214,0.0108069
2,53.3622,226417,136519,0.0221748,0.0142645
2,120.15,29682,38392,0.0706337,0.00872768
2,29.737,80362,51889,-0.0150755,0.00683428
2,0.127638,1088,3703,-0.0147376,0.017309
2,0.960895,1153,4167,0.00167307,0.00377668
2,33.7051,1807,4828,0.0205288,-0.00335306
2,2.78225,1153,4100,-0.0125452,-0.000343324
2,33.2668,1807,4828,0.0204926,-0.00335166
2,120.844,76761,44357,0.09138,0.00856393
2,33.372,1875,4964,0.0204601,-0.00338713
2,31.701,12151,53206,-0.0136951,-0.00311891
2,120.538,202325,39172,0.0982922,0.0325492
2,33.2833,1807,4897,0.0204671,-0.00339216
2,33.4722,1806,4896,0.0211837,-0.00337655
2,1.11159,1085,4031,-0.0121598,0.00670245
2,123.338,15003,26691,0.333345,0.0216983
2,120.817,496,448,0.105021,0.000872896
2,90.4043,85195,157373,0.0197529,0.00485242
2,105.728,544,476,0.0380499,0.0014359
2,90.6239,476,408,0.0334286,0.000886719
2,120.026,587428,287330,0.0849042,0.0196873
2,0.163405,1032,3635,-0.0124442,0.00737526
2,34.0891,5810,8503,0.0162322,-0.00170728
2,1.45084,985,3872,-0.0130357,0.019539
2,90.6239,476,408,0.0334286,0.000863552
2,33.8776,1807,4827,0.0214178,-0.00336446
2,120.058,115101,82635,0.0892027,0.00647996
2,34.074,1874,4964,0.0204795,-0.00332723
2,71.1418,96900,193582,0.00377095,0.0225751
2,33.7224,1875,4828,0.0204566,-0.00333902
2,34.1496,1806,4828,0.0213821,-0.00334592
2,0.096969,1156,3771,-0.0141214,0.0040829
2,0.163315,1032,3635,-0.0126371,0.00901321
2,63.8679,16177,26341,0.00803878,0.0400529
2,33.8101,3036,5948,0.0150476,-0.00211719
2,33.4975,1806,4827,0.0204991,-0.00335891
2,33.4757,1807,4827,0.0213754,-0.00335166
2,3.43855,1512,4482,-0.013489,-0.00668114
2,120.432,18738,28284,0.0697992,0.00145294
2,90.6239,476,408,0.034458,0.000792183
2,121.252,38931,66612,0.06888,0.00733599
2,103.179,864004,496292,0.0354989,0.0217431
2,121.527,6301,10052,0.113237,0.00889861
2,120.815,496,448,0.104687,0.00143905
2,120.899,224482,44269,0.100631,0.0324744
2,37.4289,16869,21407,0.0160063,0.00435161
2,98.609,159302,307617,0.0212335,0.00889423
2,6.09483,917,3736,0.00114183,0.00970645
2,120.01,258014,483164,0.0713512,0.0134889
2,120.286,154116,219976,0.0726854,0.0103255
2,34.0823,1806,4827,0.0204439,-0.00331506
2,120.218,332322,153204,0.201155,0.0449855
2,34.0768,1875,4895,0.0204381,-0.00332612
2,105.743,448,496,0.0381398,-0.00453903
2,4.08693,1511,4550,-0.0136429,-0.00629972
2,120.971,187826,297142,0.0794079,0.0140844
2,90.8123,226272,126315,0.0337663,0.0140965
2,4.10668,1512,4481,-0.0137012,-0.00672616
2,33.3254,1807,4828,0.0205341,-0.00334932
2,34.063,1875,4895,0.0213346,-0.0033275
2,3.80871,1153,4101,-0.0119747,0.00202614
2,97.9101,733,584,0.0320327,0.000683454
2,34.1534,4827,7580,0.0142537,-7.63135e-05
2,33.5008,1807,4827,0.0201409,-0.00339161
2,1.75202,985,3872,-0.0131466,0.0172146
2,120.047,154598,240257,0.0689172,0.00844409
2,7.65666,985,3872,-0.0117058,0.00850966
2,33.2832,1808,4826,0.0204926,-0.00335168
2,69.1659,233931,115415,0.0341423,0.0135719
2,119.562,873,772,0.0370387,0.000785594
2,34.1034,6754,9167,0.0167229,-0.00748436
2,0.534541,1085,4031,-0.0126106,0.00766094
2,39.5231,2113,6505,0.0124179,-0.00410656
2,33.9315,6213,8685,0.0141507,-0.0018965
2,104.948,21628,42645,0.0240473,0.00421475
2,34.0897,1807,4828,0.0214177,-0.00337483
2,33.4474,1807,4895,0.0204973,-0.00336724
2,120.832,504,496,0.133451,-0.00160298
2,34.0092,1807,4895,0.0213873,-0.00336383
2,33.8377,1875,4897,0.0204791,-0.00345727
2,120.003,346622,728509,0.0623142,0.0201369
2,120.041,315342,161249,0.0890845,0.0184415
2,73.2459,120970,243382,0.0200572,0.00526667
2,34.0473,7958,11387,0.014864,0.000326312
2,1.49216,1053,3940,-0.0119204,0.00701721
2,120.046,139137,264190,0.0681684,0.0101544
2,33.5887,5414,8458,0.014922,0.000273522
2,33.5723,1807,4896,0.0202332,-0.00335209
2,119.6,873,772,0.0370387,0.000785594
2,2.83469,985,3941,-0.013055,0.0155035
2,1.15316,1153,4099,-0.0121831,0.00190159
2,6.83983,917,3803,-0.0123854,0.0100674
2,0.722403,985,3872,-0.0123738,0.00745038
2,34.085,1807,4896,0.0213872,-0.00336383
2,120.817,496,448,0.10502,0.00137327
2,34.0971,1739,4759,0.0213784,-0.00271596
2,90.6393,476,408,0.0367204,-0.000199989
2,33.2263,1807,4828,0.0204198,-0.00327651
2,39.0992,3401,6479,0.0159406,-0.00182772
2,33.642,1807,4897,0.0210754,-0.00340982
2,33.8503,1807,4895,0.020454,-0.0033267
2,0.128811,1032,3635,-0.0126664,0.00903303
2,34.098,1875,4896,0.0202,-0.00335241
2,33.7216,1875,4895,0.0204371,-0.00335
2,35.7598,16033,23202,0.0159546,0.00217515
2,30.2082,204,136,-0.0130235,-0.00118974
2,35.4912,6842,6497,0.0146125,-0.000890873
2,33.5819,1875,5090,0.0199561,-0.00397479
2,1.03761,1085,4031,-0.0125682,0.00570689
2,1.63803,917,3805,-0.0130534,0.0187423
2,120.82,25469,19177,0.0918062,0.00379462
2,34.0742,7273,10802,0.0184166,0.00154038
2,33.3094,1807,4829,0.0213565,-0.00331654
2,120.019,152482,215194,0.0641745,0.00849757
2,0.122751,1032,3635,-0.0126662,0.00792882
2,120.033,215385,41477,0.0995236,0.0328551
2,120.012,31136,39177,0.0663467,0.00595643
2,105.767,544,544,0.041467,0.000125708
2,0.175978,852,3499,-0.0138695,0.00867893
2,33.6152,10234,13332,0.0163309,-0.00575712
2,120.362,26047,47346,0.212589,0.0110349
2,33.792,1808,4895,0.0204717,-0.00332385
2,34.0759,1875,4897,0.0204828,-0.0033236
2,105.728,544,476,0.0390666,0.00144703
2,25.043,24399,49031,-0.0148905,0.0102335
2,39.2357,24739,14762,0.0163338,0.00564594
2,41.9658,458,604,0.0256566,0.000760952
2,89.5935,15638,21565,0.0195757,0.00601873
2,33.3614,1806,4897,0.0204994,-0.00336723
2,33.7349,2009,4895,0.0204946,-0.00277895
2,120.37,31961,28032,0.0904776,0.00689053
2,105.728,544,476,0.0380499,0.00143561
2,34.0943,1806,4896,0.0213882,-0.00336352
2,33.9603,1807,4829,0.0205351,-0.00335492
2,60.9173,14946,23842,0.00106179,0.0373526
2,89.5191,16249,21903,0.0201788,0.00415046
2,33.3827,1807,4897,0.0213291,-0.00332704
2,122.43,16423,34582,0.335705,0.021999
2,74.2573,669,568,0.0308362,0.000667508
2,34.2049,4176,7177,0.0190185,0.00029658
2,34.0569,1739,4760,0.0214964,-0.00275557
2,33.2909,1807,4897,0.0205164,-0.00341928
2,33.9518,1875,4897,0.0204835,-0.00332342
2,34.0486,1807,4895,0.0213881,-0.0033638
2,120.425,83373,130020,0.0709053,0.00678971
2,108.609,22728,119657,0.0460545,0.0544428
2,34.07,1875,4897,0.0213327,-0.00332746
2,33.6987,1875,4897,0.0204365,-0.0033479
2,90.1356,63816,121171,0.0231808,0.0081914
2,119.655,873,772,0.0370469,0.000783039
2,6.95417,1053,3939,-0.0119789,0.00671565
2,121.894,5783,9738,0.0749938,-0.00151642
2,120.818,49870,105605,0.0645807,0.00534319
2,1.95852,1029,4033,0.00272358,0.00596556
2,120.131,25556,50321,0.0687406,0.00518051
2,34.0595,1875,4896,0.0204809,-0.0033233
2,4.97476,1153,4099,-0.0116659,0.00268051
2,120.726,78713,46933,0.225063,0.033207
2,33.5991,1807,4827,0.0215266,-0.00304559
2,120.371,40734,30859,0.211148,0.0293083
2,120.88,32306,28051,0.0915459,0.00857639
2,105.728,544,476,0.0380258,0.0014143
2,34.0574,1875,5021,0.0199559,-0.00392051
2,40.1901,27505,39188,0.0166547,0.00551308
2,120.118,27063,52131,0.41718,0.0273809
2,1.82008,1053,3940,-0.0120096,0.0159579
2,104.286,182560,35519,0.0217771,0.0309134
2,34.1022,1807,4828,0.0204997,-0.00335346
2,33.2437,1807,4828,0.0205215,-0.00335292
2,120.067,360327,753575,0.0664183,0.018625
2,120.456,26639,20178,0.0916292,0.00381241
2,103.372,2.21077e+06,1.19064e+06,0.0359388,0.0210666
2,51.7144,135225,214667,0.0234019,0.00556777
2,33.9146,1739,4827,0.0215549,-0.00277073
2,25.5351,1053,3500,-0.0116814,0.00435082
2,1.60129,1053,3940,-0.0119781,0.00700992
2,30.2231,168,124,-0.0123325,-0.0136622
2,33.2673,1807,4896,0.020217,-0.00340958
2,2.11366,985,3872,-0.0118934,0.00871091
2,15.1039,136,68,-0.0111436,-0.00209094
2,0.102482,1100,3703,-0.0138647,0.00357453
2,120.17,28020,21004,0.090708,0.00702109
2,33.8743,6727,9280,0.0155864,-0.00809738
2,120.021,704173,334020,0.0853263,0.0204936
2,0.0963,896,3567,-0.0135858,0.00775439
2,102.567,317937,164961,0.0348761,0.0186915
2,120.005,45889,31800,0.198004,0.0324851
2,33.6927,1875,4897,0.0202816,-0.00340722
2,120.969,27887,50202,0.428383,0.0250289
2,0.600919,1153,4167,0.00141839,0.00437319
2,2.34889,1141,4634,0.00236366,0.0039655
2,120.058,322467,732643,0.0622142,0.0337018
2,120.007,736888,352841,0.0840543,0.0206977
2,20.7131,12705,7221,-0.0137967,0.00402516
2,120.028,33772,27998,0.087486,0.00892455
2,7.60791,13719,3628,-0.0175276,-8.75413e-05
2,0.185424,1032,3635,-0.0123096,0.00801465
2,33.8865,1875,4897,0.0153701,-0.00355968
2,121.024,35558,54542,0.070756,0.00554016
2,90.6699,330924,751030,0.0181041,0.0199422
2,34.0848,1874,4963,0.0204485,-0.0033291
2,38.1058,12664,19942,0.0170482,0.00170831
2,34.0579,1807,4896,0.0204862,-0.00332972
2,33.3931,7234,11101,0.0146889,0.0028465
2,106.05,11424,19968,0.0407031,0.00148061
2,2.89512,1085,4032,-0.0127609,0.00580317
2,66.1742,26032,65932,0.0145781,0.00861765
2,33.6818,1875,4964,0.0204982,-0.00338279
2,0.121714,964,3635,-0.0127494,0.008144
2,1.44378,1053,3940,-0.0119686,0.00701294
2,33.7137,1807,4897,0.0204782,-0.00329248
2,34.0617,1807,4828,0.0153032,-0.00356608
2,34.0658,1807,4828,0.0213824,-0.00334982
2,33.9837,1807,4828,0.0345154,-0.00310499
2,0.278598,985,3873,-0.012493,0.00748713
2,33.2014,1806,4828,0.0204212,-0.00327479
2,120.937,75120,43089,0.0912161,0.00754911
2,134.779,19180,30606,0.421524,0.0159148
2,105.738,544,476,0.0380439,0.00157972
2,34.0969,1807,4828,0.0204357,-0.00331857
2,0.974558,1153,4101,-0.0119069,0.00194195
2,34.2239,1808,4908,0.0203051,-0.00291682
2,34.0746,1807,4897,0.0213873,-0.0033638
2,34.1076,1875,4963,0.0202604,-0.00327591
2,4.89913,1161,4101,0.00272977,0.0020965
2,1.18311,1017,3964,0.00289204,0.00708437
2,120.817,496,448,0.10502,0.00140439
2,120.97,235532,41311,0.181608,0.151385
2,119.602,805,772,0.0371105,0.000871616
2,33.5246,1807,4827,0.0204991,-0.00335885
2,120.087,50783,83453,0.0713205,0.00779102
2,120.817,434,448,0.104404,0.00031057
2,5.46298,985,3872,-0.0129673,0.0171857
2,52.7334,141281,226284,0.0233967,0.00567355
2,33.5242,2166,4827,0.0157862,-0.00208932
2,97.8245,640,733,0.0596079,0.00806426
2,120.817,496,448,0.104687,0.00143879
2,75.8028,27502,57478,0.0144904,0.00861776
2,33.4771,3071,6005,0.0184269,-0.000879441
2,120.816,496,448,0.104687,0.00139958
2,34.0752,1875,4897,0.0213287,-0.00345816
2,1.70148,1153,4099,-0.0114186,0.00147432
2,34.0756,1739,4829,0.0205366,-0.00315325
2,1.70893,917,3804,-0.0121746,0.00840404
2,33.6622,1807,4828,0.0204845,-0.00331551
2,0.131183,1032,3635,-0.0126382,0.00901444
2,34.6264,1899,4828,0.0175427,-0.00331035
2,120.094,287477,570415,0.0655084,0.0170942
2,34.0991,1808,4829,0.020451,-0.00331771
2,33.8734,1739,4827,0.0215613,-0.00277292
2,34.1607,1875,4897,0.0210378,-0.00385824
2,14.0634,23924,46458,-0.0156541,0.0115309
2,0.334278,1053,3939,-0.0125439,0.00664348
2,34.0863,1807,4896,0.0205042,-0.0033635
2,58.7569,432,526,0.025454,-0.00412997
2,0.846122,985,3871,-0.0120491,0.00872374
2,0.15519,1032,3635,-0.012664,0.00794599
2,0.122907,1032,3635,-0.0126666,0.00795703
2,120.733,162782,50562,0.0721338,0.0325376
2,34.0408,1875,4895,0.0154037,-0.00356688
2,105.743,448,496,0.0384121,-0.00421457
2,121.701,43893,65411,0.0714365,0.00481164
2,119.613,805,772,0.0371105,0.000871616
2,33.3763,1807,4894,0.0204461,-0.00332324
2,123.472,4841,13037,0.0714484,-0.00132962
2,36.2939,12261,19458,0.015886,0.00120059
2,34.0697,1875,4963,0.0201927,-0.0034564
2,0.235284,1017,4032,0.00237969,0.00733982
2,33.6223,1807,4829,0.0204947,-0.00335154
2,120.533,291085,60282,0.0786249,0.0397693
2,38.6029,104165,184260,0.0220318,0.00566524
2,0.110466,1100,3703,-0.0128901,0.00347539
2,57.1994,153772,268383,0.0232551,0.00665089
2,120.282,243843,157239,0.0922657,0.014535
2,42.9491,1257,4293,0.0174367,9.75311e-05
2,3.68681,1511,4482,-0.0134901,-0.00666776
2,34.1398,1875,4895,0.0201639,-0.00386868
2,33.3934,1807,4896,0.0204479,-0.00333174
2,106.606,140588,273670,0.0248724,0.00879775
2,34.048,11590,13522,0.0158317,-0.000799405
2,33.9084,1739,4759,0.0215438,-0.00285164
2,50.4448,235572,394188,0.0198908,0.0134063
2,90.2007,24315,39663,0.0186195,0.00458247
2,33.1785,1807,4897,0.0204704,-0.00339179
2,33.5385,1874,4965,0.0204583,-0.00338477
2,120.917,23343,36584,0.0708379,0.00513437
2,1.18356,917,3804,-0.0130254,0.00839685
2,34.0411,6035,8905,0.0144219,-0.0079218
2,120.492,18083,27755,0.0728423,0.00163567
2,34.3559,320034,170504,0.0123377,0.0194944
2,33.185,1807,4896,0.0204697,-0.00338643
2,120.018,202852,411179,0.0597789,0.0157494
2,6.19119,2505,5309,-0.0128543,-0.00653956
2,120.684,534416,270426,0.090092,0.0194122
2,120.065,308931,639305,0.0679229,0.0189218
2,33.4273,1807,4828,0.0204927,-0.00335165
2,0.078865,1443,4356,-0.014256,-0.00512713
2,34.293,1807,4895,0.0205423,-0.00338906
2,7.86242,1017,4032,0.00194037,0.00581411
2,63.8416,86564,22450,0.0179143,0.0163
2,33.3725,1807,4827,0.0204659,-0.00331879
2,120.261,152303,41265,0.175164,0.0329646
2,1.30792,1085,4033,-0.0124398,0.00581308
2,1.34757,917,3804,-0.0123507,0.00853453
2,15.4936,677,282,-0.0114915,0.00296983
2,33.2085,1875,4896,0.020425,-0.00350714
2,34.0607,1738,4828,0.0215263,-0.00285826
2,129.206,7513,13954,0.217312,0.00786623
2,120.6,46405,79080,0.151272,0.0124564
2,33.8147,1875,4895,0.021358,-0.00331181
2,34.0853,1807,4895,0.0201798,-0.0038755
2,120.393,58828,193494,0.077392,-0.00087677
2,33.348,1807,4827,0.0213751,-0.00334769
2,38.0835,10401,13148,0.0154941,0.00396303
2,0.015529,254,160,-0.0190155,0.000319175
2,105.743,448,496,0.0376441,-0.00782471
2,120.222,61770,213116,0.0594052,0.0124145
2,33.5354,1807,4897,0.0205333,-0.00337493
2,120.993,122513,38329,0.229643,0.0312978
2,120.101,42524,74320,0.154551,0.010245
2,120.832,612,544,0.0892412,0.000575193
2,120.032,562594,275547,0.0876585,0.0203142
2,34.0659,1806,4897,0.0204838,-0.00332872
2,120.63,45110,33433,0.209974,0.0321646
2,33.6713,1807,4896,0.0203275,-0.0033731
2,3.77088,1085,4040,-0.0128081,0.00859832
2,120.011,557353,274760,0.0848972,0.0195803
2,34.0877,1807,4896,0.0213873,-0.00336384
2,0.096425,1032,3635,-0.0132021,0.00669548
2,105.33,1.0182e+06,565163,0.0360848,0.0215456
2,33.8808,1806,4896,0.0204602,-0.00329881
2,33.2657,1807,4829,0.0204734,-0.00331668
2,7.21766,1053,3941,-0.012012,0.00488233
2,120.008,754221,356820,0.0853605,0.0201027
2,120.618,91369,215043,0.267448,0.0214388
2,33.681,1807,4896,0.0205042,-0.00335985
2,33.7073,1807,4895,0.0205154,-0.00332834
2,33.6518,1739,4760,0.0215515,-0.00286489
2,33.5983,1807,4895,0.0205263,-0.00336527
2,120.004,26903,51125,0.205958,0.0163507
2,34.2286,13532,15842,0.0172183,-0.00504466
2,33.6268,1807,4829,0.0152808,-0.003568
2,34.1374,1875,4965,0.0204464,-0.00332539
2,105.744,544,544,0.0413741,1.56496e-05
2,34.0759,1807,4828,0.0213824,-0.00334987
2,120.026,743685,350528,0.0853657,0.0196759
2,33.9076,1808,4829,0.0202272,-0.00335198
2,120.028,73155,179028,0.273804,0.0325268
2,34.0562,1807,4828,0.0204354,-0.00331446
2,0.383972,1085,4101,0.000971933,0.00639849
2,56.8952,151432,249104,0.0232254,0.00639926
2,33.7443,1807,4897,0.020459,-0.00329604
2,120.817,496,448,0.105885,0.000901303
2,120.405,47337,104712,0.059345,0.0107221
2,33.7353,2234,4897,0.0157874,-0.00204074
2,54.0822,145694,271054,0.0227988,0.00586118
2,33.9067,1807,4895,0.0224049,-0.00304298
2,34.088,1807,5022,0.0199621,-0.00384901
2,19.2971,1647,4618,-0.0145947,-0.0053371
2,105.744,544,544,0.0414071,3.76871e-05
2,120.046,722850,352776,0.0895062,0.0196897
2,85.5227,2009,7532,0.0201606,-0.0067363
2,33.9615,3635,6556,0.015734,-0.00103522
2,35.1811,12730,18684,0.0150615,0.0023031
2,0.277373,1085,4101,0.000972608,0.00655187
2,34.0805,1874,4965,0.0204468,-0.00332917
2,96.8272,352801,224121,0.0356017,0.0207629
2,90.0834,55836,93901,0.0231831,0.00787683
2,1.94146,1085,4031,-0.0125322,0.0056581
2,108.378,21006,90236,0.0551671,0.0457173
2,2.13189,1053,3940,-0.0131575,0.0156698
2,98.4245,492547,853992,0.0213516,0.0211655
2,33.2771,1874,4829,0.0204978,-0.00338696
2,120.882,28471,67649,0.0588114,0.0101407
2,120.781,28848,84305,0.0585245,0.00872711
2,120,220575,422744,0.0659553,0.0142761
2,119.527,873,772,0.0370387,0.000785594
2,33.8639,1807,4895,0.020542,-0.00336909
2,97.9514,733,640,0.0320294,0.000662978
2,34.1022,1874,4963,0.0204356,-0.00330621
2,34.5492,1883,4828,0.0205272,-0.0033641
2,33.6528,1875,4896,0.0204797,-0.00331227
2,95.8694,640,733,0.037746,0.00118586
2,90.17,101060,199001,0.0224985,0.00808995
2,19.7826,7327,26195,-0.0223267,0.0140708
2,120.817,544,544,0.0823561,0.00145833
2,33.5167,1806,4897,0.0213814,-0.00336748
2,33.677,1807,4897,0.0213873,-0.00336383
2,1.63539,1085,4032,-0.0123552,0.00567938
2,34.0843,1739,4760,0.0215249,-0.00275772
2,33.7261,1875,4896,0.0203129,-0.00336833
2,30.2044,136,136,-0.0144262,-0.00264002
2,120.19,24333,37117,0.0701036,0.00486305
2,37.7823,4650,6844,0.0195898,-0.00103581
2,120.418,20002,26178,0.0711973,0.00195768
2,121.353,33880,54613,0.0698783,0.00656439
2,4.7773,1153,4108,-0.0129325,0.00810411
2,1.1407,985,3872,-0.0119218,0.00753644
2,18.471,1647,4686,-0.0158045,-0.00569946
2,0.467893,1153,4100,-0.011901,0.00162827
2,120.621,113732,242267,0.0660966,0.00601398
2,33.8418,4825,7841,0.0188606,-0.00126224
2,90.1642,158879,348446,0.0159836,0.0235205
2,58.6236,432,526,0.0391798,-0.00351816
2,34.1775,1806,4897,0.0204837,-0.00332803
2,34.0808,1807,4828,0.0205411,-0.00334746
2,120.04,125550,342183,0.219985,0.0327633
2,120.671,76962,45883,0.156553,0.0128034
2,33.3558,1807,4896,0.0205396,-0.00336437
2,1.22797,985,3871,-0.013134,0.00689705
2,33.614,1808,4897,0.0205038,-0.00337108
2,34.0564,1739,4759,0.0215573,-0.0027243
2,122.524,43497,76599,0.156517,0.0112989
2,58.8283,432,526,0.0249346,-0.00434976
2,120.611,74360,41452,0.0926238,0.00778482
2,33.7348,1808,4828,0.0204461,-0.00331675
2,34.1565,6146,8919,0.0166775,-0.00794764
2,33.1859,1807,4895,0.0205604,-0.00341667
2,34.058,8616,11714,0.0163874,-0.00605982
2,33.5317,1807,4828,0.0204656,-0.00329166
2,0.143688,1088,3703,-0.0138953,0.00741447
2,11.5733,1141,4642,-0.0125382,0.00587351
2,107.239,25506,45055,0.0332393,0.0115906
2,120.72,47729,84444,0.0711128,0.00865102
2,34.0731,1807,4895,0.0205468,-0.0033622
2,34.0849,1808,4896,0.020511,-0.00337107
2,120.148,56428,182844,0.0775312,-0.000637948
2,34.1238,2098,4828,0.0194165,-0.000803761
2,120.84,30946,27840,0.0906189,0.0069133
2,34.0781,1875,4896,0.0213345,-0.00332765
2,90.5033,305777,151955,0.035906,0.0174806
2,34.0129,1806,4759,0.0124908,-0.0028547
2,34.0793,4355,7190,0.0189772,0.000319729
2,93.7137,20010,35639,0.0206863,0.00402471
2,120.706,163971,246207,0.0656065,0.00857979
2,89.4167,15642,21449,0.0195737,0.00607577
2,119.69,873,772,0.0370469,0.000783039
2,34.1078,1807,4829,0.0214239,-0.00334746
2,43.3327,29901,17858,0.0175275,0.008578
2,34.0781,1875,4964,0.0204489,-0.00332956
2,33.4179,1807,4896,0.0204467,-0.00332279
2,33.5418,1806,4897,0.0213823,-0.00336737
2,34.0481,1739,4829,0.0356657,-0.00336038
2,120.52,512148,258919,0.090388,0.0194254
2,75.535,336,372,0.032626,0.00317174
2,99.4447,499573,794886,0.0214263,0.0205263
2,1.14448,1153,4100,-0.0118248,0.0024187
2,33.698,1739,4827,0.0224075,-0.00286365
2,120.74,24119,35362,0.0692767,0.00435596
2,59.2972,601,500,0.026918,0.00060981
2,126.309,8584,15573,0.0900096,0.00302638
2,105.521,98310,166768,0.0278544,0.0049688
2,120.589,26208,21070,0.0918078,0.0037922
2,120.532,30187,57706,0.0731278,0.00606227
2,34.0625,1807,4829,0.0214178,-0.00335491
2,120.047,201886,375778,0.0686913,0.013281
2,75.4729,54113,125668,0.0180788,0.00590365
2,34.0691,1807,4896,0.0205389,-0.00336313
2,34.073,1807,4896,0.0205335,-0.0033654
2,103.601,845218,499276,0.0355467,0.0211536
2,33.6335,1807,4828,0.0199389,-0.00391874
2,33.6431,1807,4828,0.0213826,-0.00335163
2,120.983,30623,138655,0.0638596,0.00257808
2,54.2616,432,526,0.0246395,-0.0045573
2,34.0555,1739,4828,0.0215524,-0.00276824
2,34.0762,1806,4896,0.0213229,-0.00329809
2,39.1775,24038,30675,0.0163924,0.00601985
2,33.5271,1806,4896,0.0204986,-0.00336746
2,33.5448,1738,4829,0.021519,-0.00286318
2,120.22,24303,46394,0.0712804,0.00478606
2,40.5343,15056,10005,0.00169902,0.0101863
2,33.57,1875,4965,0.0204544,-0.00338199
2,33.6021,1807,4896,0.0213866,-0.00337102
2,120.921,234549,41471,0.181685,0.151279
2,33.2694,1739,4828,0.0215194,-0.00286323
2,34.0823,1739,4760,0.0215251,-0.00275734
2,1.53317,1085,4033,-0.0125296,0.00573604
2,120.385,48368,217740,0.0746269,0.0082388
2,120.024,252277,400548,0.0691931,0.0133454
2,34.0557,1807,4827,0.02045,-0.00331884
2,34.0407,3374,6031,0.0153988,-0.0024298
2,120.025,26430,19631,0.0860382,0.00371486
2,120.01,501921,182377,0.190484,0.0447763
2,2.89672,1017,4033,0.00252719,0.0083896
2,120.522,290487,190083,0.09099,0.0185552
2,134.813,21371,41498,0.0702052,0.00428953
2,33.5109,1807,4828,0.0205326,-0.00335992
2,34.0871,1807,4828,0.0153405,-0.00356977
2,105.743,544,544,0.041612,-6.388e-05
2,119.755,873,772,0.0374521,0.000783215
2,17.5343,4854,4036,-0.0144546,0.00294905
2,94.006,493906,829608,0.0214261,0.0204583
2,33.7044,1806,4827,0.0205349,-0.00336428
2,120.003,324233,789450,0.058081,0.0384467
2,1.85107,1085,4033,-0.0124752,0.00568335
2,0.108416,964,3567,-0.0134565,0.0063701
2,119.982,873,772,0.0425655,0.000892639
2,0.138614,1085,4032,-0.0133398,0.00641448
2,90.5605,154900,366674,0.0209557,0.00694295
2,101.62,1.00449e+06,1.46674e+06,0.0299137,0.0631254
2,120.705,79223,45025,0.156545,0.0128034
2,112.673,1.06716e+06,616684,0.039219,0.0194925
2,120.031,271930,164575,0.0918943,0.0146439
2,122.047,24874,40146,0.0733455,0.00344068
2,34.0472,1875,4964,0.0204757,-0.00332717
2,0.137343,964,3567,-0.0134569,0.00639043
2,123.68,18433,31664,0.0724863,0.000998958
2,34.0638,1807,4897,0.0213869,-0.00335989
2,120.005,635809,312711,0.0846355,0.0196277
2,34.4616,2438,5057,0.0189444,-0.00296907
2,33.1884,1806,4828,0.0152814,-0.00356697
2,120.031,750265,357130,0.0895217,0.0196416
2,60.8507,22809,16926,0.0299725,0.0544334
2,120.559,27396,47077,0.42064,0.0294991
2,1.15905,1085,4033,-0.0124263,0.00583253
2,1.60157,1153,4168,0.00214518,0.00459112
2,33.7698,1875,4964,0.0204534,-0.00340613
2,119.446,873,772,0.0351281,0.000785594
2,75.3932,53951,127135,0.0177475,0.00594338
2,34.0984,1739,4828,0.0215263,-0.0028628
2,2.90111,985,3872,-0.0119176,0.00656937
2,89.626,15638,21403,0.0139341,0.00246395
2,120.062,136756,275603,0.068144,0.00983432
2,34.0779,1739,4828,0.021557,-0.00285584
2,120.047,535803,314789,0.0816473,0.021019
2,120.217,26841,52053,0.417651,0.00913087
2,126.576,8577,15619,0.0899322,0.00256707
2,33.5917,1807,4828,0.0204925,-0.00335503
2,33.63,1875,4963,0.0213436,-0.00338704
2,120.663,42708,31368,0.210199,0.0323836
2,120.002,138768,265070,0.0647287,0.0101463
2,33.4008,1943,5157,0.0190736,-0.00350787
2,4.12221,1579,4618,-0.0146645,-0.00529005
2,0.590706,1085,4033,-0.0139017,0.00534677
2,33.9671,1807,4828,0.0201981,-0.00333587
2,33.2438,1807,4828,0.0213754,-0.00335163
2,33.202,1874,4964,0.020467,-0.00338264
2,120.875,47284,28902,0.213942,0.0316619
2,33.6677,1875,4964,0.0213991,-0.00340365
2,1.5963,917,3803,-0.0117842,0.00851191
2,119.529,873,772,0.0370387,0.000785594
2,120.017,746315,358841,0.0853643,0.0190484
2,33.5836,1875,4896,0.0153201,-0.00361841
2,116.735,10587,18692,0.0229694,0.00453524
2,34.0694,1739,4759,0.0215163,-0.00284597
2,0.094789,1032,3635,-0.012667,0.00794035
2,119.68,873,772,0.0370469,0.000783039
2,120.489,40813,71873,0.153548,0.0126075
2,33.3855,1875,4896,0.0204652,-0.00338305
2,33.6389,1807,4897,0.0203171,-0.00342763
2,120.063,168978,302067,0.0691226,0.0083873
2,1.66227,1141,4633,0.00237537,0.0039756
2,120.013,392770,707122,0.070952,0.020193
2,120.842,311422,194050,0.0903465,0.0190484
2,105.738,476,476,0.0381377,0.00133047
2,34.0694,1807,4897,0.0213374,-0.00332786
2,2.07789,1153,4101,0.00302722,0.00326569
2,34.1284,1807,4896,0.0205045,-0.00336379
2,36.1199,23562,35600,0.0156305,0.00512816
2,4.63528,1017,4031,0.00280305,0.00629318
2,90.4146,306467,629129,0.0212508,0.0184094
2,20.4046,2676,9209,-0.0140036,-0.0120913
2,2.74146,985,3871,-0.011836,0.00742336
2,120.667,76210,46321,0.15708,0.0109683
2,120.593,82439,211701,0.163778,0.0188321
2,33.2669,1806,4896,0.0214013,-0.00342286
2,33.7645,1807,4827,0.0212221,-0.0030592
2,120.097,42334,28987,0.232969,0.0315292
2,0.09885,1032,3635,-0.0126676,0.0079395
2,34.0613,1807,4827,0.0201465,-0.00340537
2,119.74,873,772,0.0374521,0.000783215
2,34.0863,1807,4896,0.0205045,-0.00336385
2,33.277,1807,4897,0.0204654,-0.00338262
2,33.8827,1808,4828,0.0213822,-0.00334768
2,33.2035,1807,4896,0.0205531,-0.00344053
2,120.555,91360,252933,0.223758,0.0201111
2,28.5527,893,3499,-0.012472,0.0050208
2,33.8574,1807,4827,0.0205006,-0.00335162
2,33.8583,1807,4896,0.020484,-0.00332961
2,33.7047,1739,4761,0.0224255,-0.00286017
2,34.0747,1807,4896,0.0214288,-0.00336147
2,33.7427,1875,4896,0.0213352,-0.00332771
2,19.2887,1647,4618,-0.0145857,-0.00537711
2,34.0722,1738,4829,0.021526,-0.00286235
2,120.028,326091,174625,0.0840957,0.0172622
2,120.026,314170,504019,0.0681135,0.0173749
2,97.9502,733,584,0.0320394,0.000679111
2,0.081959,1032,3635,-0.0132854,0.00671456
2,34.087,1807,4828,0.0205399,-0.00337768
2,1.53511,1153,4100,-0.0115912,0.00194405
2,120.01,713816,348644,0.0852449,0.0196641
2,35.9822,5291,8134,0.00999228,-0.00020014
2,33.4096,1807,4828,0.0223285,-0.00300478
2,90.1404,157814,312755,0.0156266,0.00565052
2,46.705,59890,16127,0.026779,0.022156
2,1.89049,1153,4099,0.00299314,0.00377679
2,33.6487,6151,8760,0.0182512,-0.000263851
2,120.655,78721,46028,0.156476,0.0122982
2,120.954,75367,43075,0.091254,0.00854516
2,33.1689,1807,4829,0.0205007,-0.00335457
2,120.035,319316,690801,0.0624361,0.0363394
2,34.0862,1807,4896,0.0213873,-0.00336382
2,34.1503,1807,4829,0.0204997,-0.00335342
2,2.3,985,3872,-0.0121994,0.00879889
2,105.728,544,476,0.0390186,0.00144789
2,75.3511,98587,187838,0.0198231,0.00482874
2,34.1039,1943,5156,0.0191008,-0.00350697
2,34.0673,4807,7660,0.0189326,0.000107276
2,94.9839,602348,280218,0.0355089,0.0216796
2,34.0783,1806,4896,0.0205058,-0.00336748
2,33.3042,5957,8606,0.0197838,-0.00133298
2,120.753,46854,85318,0.0717548,0.00725454
2,34.0942,1875,4896,0.0202631,-0.00336508
2,121.193,16256,27527,0.0919256,0.00232576
2,0.1364,964,3567,-0.0134521,0.00638331
2,34.0693,1807,4828,0.0213828,-0.00334587
2,0.476807,1085,4032,-0.0138524,0.00569102
2,120.738,58718,259720,0.07482,0.00805541
2,1.66336,1017,3964,0.00261843,0.00664897
2,33.3351,1943,4828,0.0195984,-0.0029593
2,90.2115,136538,266901,0.014964,0.00635259
2,33.581,1807,4897,0.0204974,-0.00336385
2,33.2253,1807,4897,0.0214281,-0.00342071
2,33.9427,5874,8435,0.0115654,-0.000787241
2,34.0727,4344,6678,0.0170849,-0.00252304
2,120.035,43396,221753,0.160045,0.0610396
2,119.675,873,772,0.0370469,0.000783039
2,1.90233,1085,4032,-0.012433,0.00564659
2,33.7768,1807,4828,0.0204799,-0.00331284
2,120.841,168618,44061,0.135825,0.01722
2,34.0748,1807,4897,0.0205045,-0.00336383
2,120.01,212304,333471,0.0667261,0.0145646
2,33.7781,1738,4827,0.0214546,-0.00273443
2,121.516,20827,103397,0.132192,0.0506968
2,119.63,873,772,0.0370469,0.000783039
2,33.6305,1874,4963,0.0204618,-0.0033871
2,0.100873,964,3567,-0.0134834,0.00452897
2,108.013,14406,27441,0.0523428,0.0160342
2,60.431,280,310,0.0230049,0.00148336
2,33.3669,1807,4829,0.0202422,-0.00337442
2,33.2486,1807,4896,0.0201882,-0.00346527
2,34.1081,1875,4896,0.0204538,-0.00332758
2,89.6201,15891,21852,0.0214345,0.00602779
2,33.4895,1875,4896,0.0205448,-0.00340504
2,34.0747,1807,4828,0.0204794,-0.00332073
2,0.59107,1017,4032,0.00153821,0.00681475
2,84.183,108925,28770,0.0286908,0.0215737
2,33.9185,1875,4964,0.0213502,-0.00337398
2,121.223,56106,131931,0.0735616,0.00896623
2,0.102466,1100,3703,-0.0128948,0.00348365
2,33.7909,4049,7079,0.0146815,-2.92749e-05
2,19.2242,1579,4618,-0.0158015,-0.00570153
2,28.1301,21766,14196,-0.0229884,0.0086965
2,33.6235,5732,8149,0.0142865,0.000741885
2,0.4259,1153,4167,-0.0127651,0.0038691
2,0.09193,1020,3635,-0.0126319,0.00888408
2,123.164,4300,11761,0.072253,-0.00120325
2,95.1036,492996,869752,0.0213882,0.0212322
2,33.7448,1875,4964,0.0204962,-0.00338295
2,92.4093,849141,487809,0.034113,0.0218039
2,120.364,47296,116337,0.0595363,0.0114359
2,120.014,685515,331045,0.0853814,0.0203178
2,22.8767,985,3424,-0.0125606,0.00278912
2,98.5002,282128,603739,0.0221021,0.0146001
2,0.787635,1209,4702,-0.0124487,-0.000521057
2,1.838,1085,4033,-0.0124754,0.00569574
2,34.083,1807,4827,0.0205336,-0.0033608
2,36.7974,15773,24550,0.0152735,0.00228809
2,77.7852,12635,25496,0.018773,-0.000249898
2,122.79,6299,10972,0.0734737,-0.00125776
2,89.4103,15984,21591,0.0140198,0.00181291
2,94.5815,492758,895076,0.020003,0.0219657
2,92.5648,862921,487236,0.0355206,0.0212265
2,120.003,370622,198110,0.0840692,0.0173005
2,0.0922,1100,3703,-0.0143806,0.00360203
2,34.0557,1807,4828,0.0213824,-0.00334984
2,120.666,50659,88298,0.0713259,0.00910221
2,34.0407,1806,4829,0.0204993,-0.00334951
2,34.0912,3972,6859,0.0153519,0.000390492
2,2.47251,1053,3940,-0.013178,0.0159342
2,34.0746,1875,4964,0.0204484,-0.00333169
2,33.5438,1807,4829,0.0204925,-0.00335147
2,120.008,558992,267878,0.0837671,0.0202328
2,120.68,54647,126714,0.0697661,0.00590777
2,38.1645,12182,17766,0.016586,0.00112295
2,0.258833,1085,4033,-0.0138429,0.00650007
2,33.1991,1807,4895,0.0214083,-0.00341336
2,33.2034,1875,4896,0.020473,-0.00338118
2,34.0628,3766,6452,0.0184082,-0.00154441
2,35.4074,15164,20624,0.0156979,0.00180404
2,33.8548,1807,4828,0.0204794,-0.0033201
2,60.416,340,272,0.0311907,0.000964423
2,119.642,873,772,0.0392741,0.00115359
2,89.7144,66454,110112,0.0200087,0.00705927
2,34.0811,1875,4963,0.020486,-0.00330501
2,33.9495,1807,4829,0.0214247,-0.00334827
2,120.803,23680,36590,0.0699875,0.00502108
2,120.246,212220,40698,0.119024,0.117324
2,34.1021,1807,4829,0.0203187,-0.00330496
2,34.0744,6776,9722,0.0153923,-0.00105081
2,0.430761,1085,4032,-0.0137574,0.00564193
2,0.481241,1153,4100,-0.0124644,0.00278561
2,0.559708,1053,3939,-0.0125597,0.00652962
2,34.1285,1808,4827,0.0215338,-0.00304472
2,0.166775,1032,3635,-0.0129294,0.00657245
2,120.002,301242,596687,0.0612531,0.0170204
2,34.056,1807,4828,0.0204996,-0.00334986
2,0.200562,964,3567,-0.0134545,0.00639031
2,105.743,448,496,0.0402857,-0.00542899
2,33.5053,1874,4965,0.0213412,-0.00338478
2,120.339,204871,42169,0.126696,0.115529
2,120.504,181973,53023,0.0725625,0.0350018
2,1.7973,985,3873,-0.0124512,0.00742324
2,33.3064,1807,4828,0.0204926,-0.00335156
2,7.96437,4017,2566,-0.0161299,-0.00107487
2,34.0577,1807,4828,0.0204631,-0.00329126
2,7.84326,917,3804,-0.011782,0.00829863
2,34.0402,1807,4897,0.0202878,-0.00333392
2,120.042,371488,193147,0.0893553,0.0191648
2,50.0822,202725,75448,0.021276,0.0304132
2,86.3377,362497,130893,0.0255044,0.0432115
2,34.0622,1807,4829,0.0204356,-0.00331598
2,36.8725,18686,27144,0.0162407,0.00117257
2,120.547,16142,27459,0.0915707,0.0025684
2,33.8401,1807,4895,0.0204597,-0.00332712
2,120.009,387926,199688,0.0849069,0.0177545
2,33.8725,1807,4828,0.0204998,-0.00335154
2,34.0844,1739,4761,0.0215314,-0.00268798
2,33.4166,1807,4896,0.0204678,-0.00331635
2,33.2453,1807,4761,0.0214993,-0.00280647
2,97.9476,733,584,0.0320394,0.000679111
2,120.31,32056,27352,0.0904648,0.00688843
2,120.073,301552,509661,0.0739449,0.0175686
2,120,407925,673638,0.0725618,0.0200322
2,34.0804,1807,4896,0.0204815,-0.00329093
2,0.120832,1032,3635,-0.0126635,0.00794029
2,26.7392,44811,82329,-0.0162232,0.0092326
2,58.838,432,526,0.0252449,-0.00424443
2,34.0851,1739,4759,0.0215361,-0.00268345
