atributo,classe,x,densidade
FlowBytesReceived,Non-DoH,0,0.000726537
FlowBytesReceived,Non-DoH,43.8596,0.000778561
FlowBytesReceived,Non-DoH,87.7193,0.000808358
FlowBytesReceived,Non-DoH,131.579,0.000813589
FlowBytesReceived,Non-DoH,175.439,0.000794243
FlowBytesReceived,Non-DoH,219.298,0.000752592
FlowBytesReceived,Non-DoH,263.158,0.000692796
FlowBytesReceived,Non-DoH,307.018,0.000620246
FlowBytesReceived,Non-DoH,350.877,0.000540793
FlowBytesReceived,Non-DoH,394.737,0.000460008
FlowBytesReceived,Non-DoH,438.596,0.000382603
FlowBytesReceived,Non-DoH,482.456,0.000312076
FlowBytesReceived,Non-DoH,526.316,0.000250595
FlowBytesReceived,Non-DoH,570.175,0.000199094
FlowBytesReceived,Non-DoH,614.035,0.0001575
FlowBytesReceived,Non-DoH,657.895,0.000125024
FlowBytesReceived,Non-DoH,701.754,0.000100457
FlowBytesReceived,Non-DoH,745.614,8.24195e-05
FlowBytesReceived,Non-DoH,789.474,6.95428e-05
FlowBytesReceived,Non-DoH,833.333,6.0588e-05
FlowBytesReceived,Non-DoH,877.193,5.45033e-05
FlowBytesReceived,Non-DoH,921.053,5.04396e-05
FlowBytesReceived,Non-DoH,964.912,4.77393e-05
FlowBytesReceived,Non-DoH,1008.77,4.59108e-05
FlowBytesReceived,Non-DoH,1052.63,4.4599e-05
FlowBytesReceived,Non-DoH,1096.49,4.3556e-05
FlowBytesReceived,Non-DoH,1140.35,4.26164e-05
FlowBytesReceived,Non-DoH,1184.21,4.16759e-05
FlowBytesReceived,Non-DoH,1228.07,4.06748e-05
FlowBytesReceived,Non-DoH,1271.93,3.95849e-05
FlowBytesReceived,Non-DoH,1315.79,3.83988e-05
FlowBytesReceived,Non-DoH,1359.65,3.71228e-05
FlowBytesReceived,Non-DoH,1403.51,3.57714e-05
FlowBytesReceived,Non-DoH,1447.37,3.43631e-05
FlowBytesReceived,Non-DoH,1491.23,3.29185e-05
FlowBytesReceived,Non-DoH,1535.09,3.14591e-05
FlowBytesReceived,Non-DoH,1578.95,3.00063e-05
FlowBytesReceived,Non-DoH,1622.81,2.85812e-05
FlowBytesReceived,Non-DoH,1666.67,2.72044e-05
FlowBytesReceived,Non-DoH,1710.53,2.58955e-05
FlowBytesReceived,Non-DoH,1754.39,2.46722e-05
FlowBytesReceived,Non-DoH,1798.25,2.35495e-05
FlowBytesReceived,Non-DoH,1842.11,2.25391e-05
FlowBytesReceived,Non-DoH,1885.96,2.1648e-05
FlowBytesReceived,Non-DoH,1929.82,2.0878e-05
FlowBytesReceived,Non-DoH,1973.68,2.02258e-05
FlowBytesReceived,Non-DoH,2017.54,1.96832e-05
FlowBytesReceived,Non-DoH,2061.4,1.9238e-05
FlowBytesReceived,Non-DoH,2105.26,1.88759e-05
FlowBytesReceived,Non-DoH,2149.12,1.85822e-05
FlowBytesReceived,Non-DoH,2192.98,1.83436e-05
FlowBytesReceived,Non-DoH,2236.84,1.81499e-05
FlowBytesReceived,Non-DoH,2280.7,1.79946e-05
FlowBytesReceived,Non-DoH,2324.56,1.78749e-05
FlowBytesReceived,Non-DoH,2368.42,1.77909e-05
FlowBytesReceived,Non-DoH,2412.28,1.77441e-05
FlowBytesReceived,Non-DoH,2456.14,1.77355e-05
FlowBytesReceived,Non-DoH,2500,1.77649e-05
FlowBytesReceived,Non-DoH,2543.86,1.783e-05
FlowBytesReceived,Non-DoH,2587.72,1.7928e-05
FlowBytesReceived,Non-DoH,2631.58,1.80578e-05
FlowBytesReceived,Non-DoH,2675.44,1.82242e-05
FlowBytesReceived,Non-DoH,2719.3,1.84413e-05
FlowBytesReceived,Non-DoH,2763.16,1.8737e-05
FlowBytesReceived,Non-DoH,2807.02,1.91549e-05
FlowBytesReceived,Non-DoH,2850.88,1.97539e-05
FlowBytesReceived,Non-DoH,2894.74,2.06054e-05
FlowBytesReceived,Non-DoH,2938.6,2.17871e-05
FlowBytesReceived,Non-DoH,2982.46,2.33738e-05
FlowBytesReceived,Non-DoH,3026.32,2.54273e-05
FlowBytesReceived,Non-DoH,3070.18,2.79865e-05
FlowBytesReceived,Non-DoH,3114.04,3.10583e-05
FlowBytesReceived,Non-DoH,3157.89,3.46134e-05
FlowBytesReceived,Non-DoH,3201.75,3.85866e-05
FlowBytesReceived,Non-DoH,3245.61,4.28814e-05
FlowBytesReceived,Non-DoH,3289.47,4.73803e-05
FlowBytesReceived,Non-DoH,3333.33,5.19569e-05
FlowBytesReceived,Non-DoH,3377.19,5.64876e-05
FlowBytesReceived,Non-DoH,3421.05,6.08617e-05
FlowBytesReceived,Non-DoH,3464.91,6.49866e-05
FlowBytesReceived,Non-DoH,3508.77,6.87889e-05
FlowBytesReceived,Non-DoH,3552.63,7.22125e-05
FlowBytesReceived,Non-DoH,3596.49,7.52148e-05
FlowBytesReceived,Non-DoH,3640.35,7.77657e-05
FlowBytesReceived,Non-DoH,3684.21,7.98481e-05
FlowBytesReceived,Non-DoH,3728.07,8.14622e-05
FlowBytesReceived,Non-DoH,3771.93,8.26305e-05
FlowBytesReceived,Non-DoH,3815.79,8.34025e-05
FlowBytesReceived,Non-DoH,3859.65,8.38545e-05
FlowBytesReceived,Non-DoH,3903.51,8.40848e-05
FlowBytesReceived,Non-DoH,3947.37,8.4204e-05
FlowBytesReceived,Non-DoH,3991.23,8.4321e-05
FlowBytesReceived,Non-DoH,4035.09,8.45294e-05
FlowBytesReceived,Non-DoH,4078.95,8.48956e-05
FlowBytesReceived,Non-DoH,4122.81,8.54521e-05
FlowBytesReceived,Non-DoH,4166.67,8.61959e-05
FlowBytesReceived,Non-DoH,4210.53,8.70923e-05
FlowBytesReceived,Non-DoH,4254.39,8.80827e-05
FlowBytesReceived,Non-DoH,4298.25,8.90928e-05
FlowBytesReceived,Non-DoH,4342.11,9.0043e-05
FlowBytesReceived,Non-DoH,4385.96,9.08554e-05
FlowBytesReceived,Non-DoH,4429.82,9.14606e-05
FlowBytesReceived,Non-DoH,4473.68,9.1802e-05
FlowBytesReceived,Non-DoH,4517.54,9.18387e-05
FlowBytesReceived,Non-DoH,4561.4,9.15473e-05
FlowBytesReceived,Non-DoH,4605.26,9.09225e-05
FlowBytesReceived,Non-DoH,4649.12,8.99762e-05
FlowBytesReceived,Non-DoH,4692.98,8.87369e-05
FlowBytesReceived,Non-DoH,4736.84,8.72465e-05
FlowBytesReceived,Non-DoH,4780.7,8.5557e-05
FlowBytesReceived,Non-DoH,4824.56,8.37266e-05
FlowBytesReceived,Non-DoH,4868.42,8.18149e-05
FlowBytesReceived,Non-DoH,4912.28,7.98788e-05
FlowBytesReceived,Non-DoH,4956.14,7.79689e-05
FlowBytesReceived,Non-DoH,5000,7.61272e-05
FlowBytesReceived,Non-DoH,5043.86,7.43859e-05
FlowBytesReceived,Non-DoH,5087.72,7.27675e-05
FlowBytesReceived,Non-DoH,5131.58,7.12869e-05
FlowBytesReceived,Non-DoH,5175.44,6.99529e-05
FlowBytesReceived,Non-DoH,5219.3,6.87714e-05
FlowBytesReceived,Non-DoH,5263.16,6.77477e-05
FlowBytesReceived,Non-DoH,5307.02,6.68876e-05
FlowBytesReceived,Non-DoH,5350.88,6.61992e-05
FlowBytesReceived,Non-DoH,5394.74,6.56919e-05
FlowBytesReceived,Non-DoH,5438.6,6.53756e-05
FlowBytesReceived,Non-DoH,5482.46,6.52592e-05
FlowBytesReceived,Non-DoH,5526.32,6.53478e-05
FlowBytesReceived,Non-DoH,5570.18,6.56409e-05
FlowBytesReceived,Non-DoH,5614.04,6.61297e-05
FlowBytesReceived,Non-DoH,5657.89,6.67962e-05
FlowBytesReceived,Non-DoH,5701.75,6.76121e-05
FlowBytesReceived,Non-DoH,5745.61,6.85396e-05
FlowBytesReceived,Non-DoH,5789.47,6.95328e-05
FlowBytesReceived,Non-DoH,5833.33,7.05404e-05
FlowBytesReceived,Non-DoH,5877.19,7.15105e-05
FlowBytesReceived,Non-DoH,5921.05,7.2394e-05
FlowBytesReceived,Non-DoH,5964.91,7.31502e-05
FlowBytesReceived,Non-DoH,6008.77,7.37506e-05
FlowBytesReceived,Non-DoH,6052.63,7.41817e-05
FlowBytesReceived,Non-DoH,6096.49,7.44458e-05
FlowBytesReceived,Non-DoH,6140.35,7.45601e-05
FlowBytesReceived,Non-DoH,6184.21,7.45528e-05
FlowBytesReceived,Non-DoH,6228.07,7.44585e-05
FlowBytesReceived,Non-DoH,6271.93,7.43116e-05
FlowBytesReceived,Non-DoH,6315.79,7.41406e-05
FlowBytesReceived,Non-DoH,6359.65,7.39633e-05
FlowBytesReceived,Non-DoH,6403.51,7.37833e-05
FlowBytesReceived,Non-DoH,6447.37,7.35901e-05
FlowBytesReceived,Non-DoH,6491.23,7.33604e-05
FlowBytesReceived,Non-DoH,6535.09,7.30621e-05
FlowBytesReceived,Non-DoH,6578.95,7.26596e-05
FlowBytesReceived,Non-DoH,6622.81,7.21193e-05
FlowBytesReceived,Non-DoH,6666.67,7.14148e-05
FlowBytesReceived,Non-DoH,6710.53,7.05313e-05
FlowBytesReceived,Non-DoH,6754.39,6.94671e-05
FlowBytesReceived,Non-DoH,6798.25,6.82345e-05
FlowBytesReceived,Non-DoH,6842.11,6.68581e-05
FlowBytesReceived,Non-DoH,6885.96,6.53719e-05
FlowBytesReceived,Non-DoH,6929.82,6.38155e-05
FlowBytesReceived,Non-DoH,6973.68,6.223e-05
FlowBytesReceived,Non-DoH,7017.54,6.06549e-05
FlowBytesReceived,Non-DoH,7061.4,5.91243e-05
FlowBytesReceived,Non-DoH,7105.26,5.76655e-05
FlowBytesReceived,Non-DoH,7149.12,5.62972e-05
FlowBytesReceived,Non-DoH,7192.98,5.50291e-05
FlowBytesReceived,Non-DoH,7236.84,5.38618e-05
FlowBytesReceived,Non-DoH,7280.7,5.2787e-05
FlowBytesReceived,Non-DoH,7324.56,5.17885e-05
FlowBytesReceived,Non-DoH,7368.42,5.08434e-05
FlowBytesReceived,Non-DoH,7412.28,4.99238e-05
FlowBytesReceived,Non-DoH,7456.14,4.89995e-05
FlowBytesReceived,Non-DoH,7500,4.80412e-05
FlowBytesReceived,Non-DoH,7543.86,4.70233e-05
FlowBytesReceived,Non-DoH,7587.72,4.59277e-05
FlowBytesReceived,Non-DoH,7631.58,4.47463e-05
FlowBytesReceived,Non-DoH,7675.44,4.34825e-05
FlowBytesReceived,Non-DoH,7719.3,4.21516e-05
FlowBytesReceived,Non-DoH,7763.16,4.07794e-05
FlowBytesReceived,Non-DoH,7807.02,3.93986e-05
FlowBytesReceived,Non-DoH,7850.88,3.80457e-05
FlowBytesReceived,Non-DoH,7894.74,3.67555e-05
FlowBytesReceived,Non-DoH,7938.6,3.55575e-05
FlowBytesReceived,Non-DoH,7982.46,3.44719e-05
FlowBytesReceived,Non-DoH,8026.32,3.35082e-05
FlowBytesReceived,Non-DoH,8070.18,3.26644e-05
FlowBytesReceived,Non-DoH,8114.04,3.19283e-05
FlowBytesReceived,Non-DoH,8157.89,3.12796e-05
FlowBytesReceived,Non-DoH,8201.75,3.06929e-05
FlowBytesReceived,Non-DoH,8245.61,3.01408e-05
FlowBytesReceived,Non-DoH,8289.47,2.95967e-05
FlowBytesReceived,Non-DoH,8333.33,2.90367e-05
FlowBytesReceived,Non-DoH,8377.19,2.8442e-05
FlowBytesReceived,Non-DoH,8421.05,2.77996e-05
FlowBytesReceived,Non-DoH,8464.91,2.71031e-05
FlowBytesReceived,Non-DoH,8508.77,2.63529e-05
FlowBytesReceived,Non-DoH,8552.63,2.55556e-05
FlowBytesReceived,Non-DoH,8596.49,2.47233e-05
FlowBytesReceived,Non-DoH,8640.35,2.38723e-05
FlowBytesReceived,Non-DoH,8684.21,2.30212e-05
FlowBytesReceived,Non-DoH,8728.07,2.21888e-05
FlowBytesReceived,Non-DoH,8771.93,2.13926e-05
FlowBytesReceived,Non-DoH,8815.79,2.06464e-05
FlowBytesReceived,Non-DoH,8859.65,1.99595e-05
FlowBytesReceived,Non-DoH,8903.51,1.93363e-05
FlowBytesReceived,Non-DoH,8947.37,1.87761e-05
FlowBytesReceived,Non-DoH,8991.23,1.8274e-05
FlowBytesReceived,Non-DoH,9035.09,1.78221e-05
FlowBytesReceived,Non-DoH,9078.95,1.74108e-05
FlowBytesReceived,Non-DoH,9122.81,1.703e-05
FlowBytesReceived,Non-DoH,9166.67,1.667e-05
FlowBytesReceived,Non-DoH,9210.53,1.63226e-05
FlowBytesReceived,Non-DoH,9254.39,1.59814e-05
FlowBytesReceived,Non-DoH,9298.25,1.56419e-05
FlowBytesReceived,Non-DoH,9342.11,1.53011e-05
FlowBytesReceived,Non-DoH,9385.96,1.4958e-05
FlowBytesReceived,Non-DoH,9429.82,1.46127e-05
FlowBytesReceived,Non-DoH,9473.68,1.42666e-05
FlowBytesReceived,Non-DoH,9517.54,1.39219e-05
FlowBytesReceived,Non-DoH,9561.4,1.35815e-05
FlowBytesReceived,Non-DoH,9605.26,1.32488e-05
FlowBytesReceived,Non-DoH,9649.12,1.29276e-05
FlowBytesReceived,Non-DoH,9692.98,1.26215e-05
FlowBytesReceived,Non-DoH,9736.84,1.23336e-05
FlowBytesReceived,Non-DoH,9780.7,1.20663e-05
FlowBytesReceived,Non-DoH,9824.56,1.18211e-05
FlowBytesReceived,Non-DoH,9868.42,1.1598e-05
FlowBytesReceived,Non-DoH,9912.28,1.13957e-05
FlowBytesReceived,Non-DoH,9956.14,1.12116e-05
FlowBytesReceived,Non-DoH,10000,1.10425e-05
FlowBytesReceived,Non-DoH,10043.9,1.08844e-05
FlowBytesReceived,Non-DoH,10087.7,1.07335e-05
FlowBytesReceived,Non-DoH,10131.6,1.05865e-05
FlowBytesReceived,Non-DoH,10175.4,1.04408e-05
FlowBytesReceived,Non-DoH,10219.3,1.02946e-05
FlowBytesReceived,Non-DoH,10263.2,1.01472e-05
FlowBytesReceived,Non-DoH,10307,9.99831e-06
FlowBytesReceived,Non-DoH,10350.9,9.84818e-06
FlowBytesReceived,Non-DoH,10394.7,9.69701e-06
FlowBytesReceived,Non-DoH,10438.6,9.54481e-06
FlowBytesReceived,Non-DoH,10482.5,9.39118e-06
FlowBytesReceived,Non-DoH,10526.3,9.23539e-06
FlowBytesReceived,Non-DoH,10570.2,9.07646e-06
FlowBytesReceived,Non-DoH,10614,8.91342e-06
FlowBytesReceived,Non-DoH,10657.9,8.74564e-06
FlowBytesReceived,Non-DoH,10701.8,8.57308e-06
FlowBytesReceived,Non-DoH,10745.6,8.39652e-06
FlowBytesReceived,Non-DoH,10789.5,8.21756e-06
FlowBytesReceived,Non-DoH,10833.3,8.0386e-06
FlowBytesReceived,Non-DoH,10877.2,7.86252e-06
FlowBytesReceived,Non-DoH,10921.1,7.69244e-06
FlowBytesReceived,Non-DoH,10964.9,7.53128e-06
FlowBytesReceived,Non-DoH,11008.8,7.38143e-06
FlowBytesReceived,Non-DoH,11052.6,7.24452e-06
FlowBytesReceived,Non-DoH,11096.5,7.12131e-06
FlowBytesReceived,Non-DoH,11140.4,7.01165e-06
FlowBytesReceived,Non-DoH,11184.2,6.91467e-06
FlowBytesReceived,Non-DoH,11228.1,6.82899e-06
FlowBytesReceived,Non-DoH,11271.9,6.75298e-06
FlowBytesReceived,Non-DoH,11315.8,6.68502e-06
FlowBytesReceived,Non-DoH,11359.6,6.62367e-06
FlowBytesReceived,Non-DoH,11403.5,6.56787e-06
FlowBytesReceived,Non-DoH,11447.4,6.51687e-06
FlowBytesReceived,Non-DoH,11491.2,6.47019e-06
FlowBytesReceived,Non-DoH,11535.1,6.4275e-06
FlowBytesReceived,Non-DoH,11578.9,6.38835e-06
FlowBytesReceived,Non-DoH,11622.8,6.3521e-06
FlowBytesReceived,Non-DoH,11666.7,6.31771e-06
FlowBytesReceived,Non-DoH,11710.5,6.28381e-06
FlowBytesReceived,Non-DoH,11754.4,6.24875e-06
FlowBytesReceived,Non-DoH,11798.2,6.21088e-06
FlowBytesReceived,Non-DoH,11842.1,6.16877e-06
FlowBytesReceived,Non-DoH,11886,6.12151e-06
FlowBytesReceived,Non-DoH,11929.8,6.06894e-06
FlowBytesReceived,Non-DoH,11973.7,6.01164e-06
FlowBytesReceived,Non-DoH,12017.5,5.95091e-06
FlowBytesReceived,Non-DoH,12061.4,5.88848e-06
FlowBytesReceived,Non-DoH,12105.3,5.82618e-06
FlowBytesReceived,Non-DoH,12149.1,5.76557e-06
FlowBytesReceived,Non-DoH,12193,5.70767e-06
FlowBytesReceived,Non-DoH,12236.8,5.65279e-06
FlowBytesReceived,Non-DoH,12280.7,5.60059e-06
FlowBytesReceived,Non-DoH,12324.6,5.55019e-06
FlowBytesReceived,Non-DoH,12368.4,5.50056e-06
FlowBytesReceived,Non-DoH,12412.3,5.45083e-06
FlowBytesReceived,Non-DoH,12456.1,5.40063e-06
FlowBytesReceived,Non-DoH,12500,5.35032e-06
FlowBytesReceived,Non-DoH,12543.9,5.30108e-06
FlowBytesReceived,Non-DoH,12587.7,5.25477e-06
FlowBytesReceived,Non-DoH,12631.6,5.2137e-06
FlowBytesReceived,Non-DoH,12675.4,5.18022e-06
FlowBytesReceived,Non-DoH,12719.3,5.15636e-06
FlowBytesReceived,Non-DoH,12763.2,5.14338e-06
FlowBytesReceived,Non-DoH,12807,5.1415e-06
FlowBytesReceived,Non-DoH,12850.9,5.1498e-06
FlowBytesReceived,Non-DoH,12894.7,5.16618e-06
FlowBytesReceived,Non-DoH,12938.6,5.18762e-06
FlowBytesReceived,Non-DoH,12982.5,5.21039e-06
FlowBytesReceived,Non-DoH,13026.3,5.23051e-06
FlowBytesReceived,Non-DoH,13070.2,5.24407e-06
FlowBytesReceived,Non-DoH,13114,5.2476e-06
FlowBytesReceived,Non-DoH,13157.9,5.23843e-06
FlowBytesReceived,Non-DoH,13201.8,5.21481e-06
FlowBytesReceived,Non-DoH,13245.6,5.17613e-06
FlowBytesReceived,Non-DoH,13289.5,5.12291e-06
FlowBytesReceived,Non-DoH,13333.3,5.05673e-06
FlowBytesReceived,Non-DoH,13377.2,4.98005e-06
FlowBytesReceived,Non-DoH,13421.1,4.89602e-06
FlowBytesReceived,Non-DoH,13464.9,4.80811e-06
FlowBytesReceived,Non-DoH,13508.8,4.71985e-06
FlowBytesReceived,Non-DoH,13552.6,4.63451e-06
FlowBytesReceived,Non-DoH,13596.5,4.55483e-06
FlowBytesReceived,Non-DoH,13640.4,4.4829e-06
FlowBytesReceived,Non-DoH,13684.2,4.42007e-06
FlowBytesReceived,Non-DoH,13728.1,4.36701e-06
FlowBytesReceived,Non-DoH,13771.9,4.32381e-06
FlowBytesReceived,Non-DoH,13815.8,4.29019e-06
FlowBytesReceived,Non-DoH,13859.6,4.26566e-06
FlowBytesReceived,Non-DoH,13903.5,4.24969e-06
FlowBytesReceived,Non-DoH,13947.4,4.24184e-06
FlowBytesReceived,Non-DoH,13991.2,4.24179e-06
FlowBytesReceived,Non-DoH,14035.1,4.2493e-06
FlowBytesReceived,Non-DoH,14078.9,4.26414e-06
FlowBytesReceived,Non-DoH,14122.8,4.28595e-06
FlowBytesReceived,Non-DoH,14166.7,4.31412e-06
FlowBytesReceived,Non-DoH,14210.5,4.34772e-06
FlowBytesReceived,Non-DoH,14254.4,4.38546e-06
FlowBytesReceived,Non-DoH,14298.2,4.42566e-06
FlowBytesReceived,Non-DoH,14342.1,4.46637e-06
FlowBytesReceived,Non-DoH,14386,4.50549e-06
FlowBytesReceived,Non-DoH,14429.8,4.54087e-06
FlowBytesReceived,Non-DoH,14473.7,4.57049e-06
FlowBytesReceived,Non-DoH,14517.5,4.59266e-06
FlowBytesReceived,Non-DoH,14561.4,4.60617e-06
FlowBytesReceived,Non-DoH,14605.3,4.61041e-06
FlowBytesReceived,Non-DoH,14649.1,4.6055e-06
FlowBytesReceived,Non-DoH,14693,4.59227e-06
FlowBytesReceived,Non-DoH,14736.8,4.57216e-06
FlowBytesReceived,Non-DoH,14780.7,4.54706e-06
FlowBytesReceived,Non-DoH,14824.6,4.51898e-06
FlowBytesReceived,Non-DoH,14868.4,4.48978e-06
FlowBytesReceived,Non-DoH,14912.3,4.4609e-06
FlowBytesReceived,Non-DoH,14956.1,4.43319e-06
FlowBytesReceived,Non-DoH,15000,4.40689e-06
FlowBytesReceived,Non-DoH,15043.9,4.38173e-06
FlowBytesReceived,Non-DoH,15087.7,4.35714e-06
FlowBytesReceived,Non-DoH,15131.6,4.33255e-06
FlowBytesReceived,Non-DoH,15175.4,4.30759e-06
FlowBytesReceived,Non-DoH,15219.3,4.28228e-06
FlowBytesReceived,Non-DoH,15263.2,4.25703e-06
FlowBytesReceived,Non-DoH,15307,4.23261e-06
FlowBytesReceived,Non-DoH,15350.9,4.20992e-06
FlowBytesReceived,Non-DoH,15394.7,4.18985e-06
FlowBytesReceived,Non-DoH,15438.6,4.173e-06
FlowBytesReceived,Non-DoH,15482.5,4.15956e-06
FlowBytesReceived,Non-DoH,15526.3,4.14914e-06
FlowBytesReceived,Non-DoH,15570.2,4.14079e-06
FlowBytesReceived,Non-DoH,15614,4.133e-06
FlowBytesReceived,Non-DoH,15657.9,4.12382e-06
FlowBytesReceived,Non-DoH,15701.8,4.11108e-06
FlowBytesReceived,Non-DoH,15745.6,4.09262e-06
FlowBytesReceived,Non-DoH,15789.5,4.06658e-06
FlowBytesReceived,Non-DoH,15833.3,4.0317e-06
FlowBytesReceived,Non-DoH,15877.2,3.98757e-06
FlowBytesReceived,Non-DoH,15921.1,3.93474e-06
FlowBytesReceived,Non-DoH,15964.9,3.87477e-06
FlowBytesReceived,Non-DoH,16008.8,3.81001e-06
FlowBytesReceived,Non-DoH,16052.6,3.74334e-06
FlowBytesReceived,Non-DoH,16096.5,3.67777e-06
FlowBytesReceived,Non-DoH,16140.4,3.6161e-06
FlowBytesReceived,Non-DoH,16184.2,3.56056e-06
FlowBytesReceived,Non-DoH,16228.1,3.51265e-06
FlowBytesReceived,Non-DoH,16271.9,3.4731e-06
FlowBytesReceived,Non-DoH,16315.8,3.44199e-06
FlowBytesReceived,Non-DoH,16359.6,3.41885e-06
FlowBytesReceived,Non-DoH,16403.5,3.40291e-06
FlowBytesReceived,Non-DoH,16447.4,3.3932e-06
FlowBytesReceived,Non-DoH,16491.2,3.38865e-06
FlowBytesReceived,Non-DoH,16535.1,3.38804e-06
FlowBytesReceived,Non-DoH,16578.9,3.39006e-06
FlowBytesReceived,Non-DoH,16622.8,3.39321e-06
FlowBytesReceived,Non-DoH,16666.7,3.39589e-06
FlowBytesReceived,Non-DoH,16710.5,3.39641e-06
FlowBytesReceived,Non-DoH,16754.4,3.39312e-06
FlowBytesReceived,Non-DoH,16798.2,3.38454e-06
FlowBytesReceived,Non-DoH,16842.1,3.36942e-06
FlowBytesReceived,Non-DoH,16886,3.34668e-06
FlowBytesReceived,Non-DoH,16929.8,3.31542e-06
FlowBytesReceived,Non-DoH,16973.7,3.27468e-06
FlowBytesReceived,Non-DoH,17017.5,3.2233e-06
FlowBytesReceived,Non-DoH,17061.4,3.15973e-06
FlowBytesReceived,Non-DoH,17105.3,3.082e-06
FlowBytesReceived,Non-DoH,17149.1,2.98779e-06
FlowBytesReceived,Non-DoH,17193,2.87468e-06
FlowBytesReceived,Non-DoH,17236.8,2.74055e-06
FlowBytesReceived,Non-DoH,17280.7,2.58407e-06
FlowBytesReceived,Non-DoH,17324.6,2.40522e-06
FlowBytesReceived,Non-DoH,17368.4,2.20566e-06
FlowBytesReceived,Non-DoH,17412.3,1.98892e-06
FlowBytesReceived,Non-DoH,17456.1,1.76032e-06
FlowBytesReceived,Non-DoH,17500,1.52655e-06
FlowBytesReceived,Benign-DoH,0,0.000405317
FlowBytesReceived,Benign-DoH,43.8596,0.000427684
FlowBytesReceived,Benign-DoH,87.7193,0.000447119
FlowBytesReceived,Benign-DoH,131.579,0.00046313
FlowBytesReceived,Benign-DoH,175.439,0.000475308
FlowBytesReceived,Benign-DoH,219.298,0.000483338
FlowBytesReceived,Benign-DoH,263.158,0.000487019
FlowBytesReceived,Benign-DoH,307.018,0.000486269
FlowBytesReceived,Benign-DoH,350.877,0.000481131
FlowBytesReceived,Benign-DoH,394.737,0.000471771
FlowBytesReceived,Benign-DoH,438.596,0.000458469
FlowBytesReceived,Benign-DoH,482.456,0.000441609
FlowBytesReceived,Benign-DoH,526.316,0.000421659
FlowBytesReceived,Benign-DoH,570.175,0.000399154
FlowBytesReceived,Benign-DoH,614.035,0.000374668
FlowBytesReceived,Benign-DoH,657.895,0.000348796
FlowBytesReceived,Benign-DoH,701.754,0.000322129
FlowBytesReceived,Benign-DoH,745.614,0.000295231
FlowBytesReceived,Benign-DoH,789.474,0.000268625
FlowBytesReceived,Benign-DoH,833.333,0.000242773
FlowBytesReceived,Benign-DoH,877.193,0.000218067
FlowBytesReceived,Benign-DoH,921.053,0.000194824
FlowBytesReceived,Benign-DoH,964.912,0.000173282
FlowBytesReceived,Benign-DoH,1008.77,0.000153599
FlowBytesReceived,Benign-DoH,1052.63,0.000135862
FlowBytesReceived,Benign-DoH,1096.49,0.000120091
FlowBytesReceived,Benign-DoH,1140.35,0.000106249
FlowBytesReceived,Benign-DoH,1184.21,9.42526e-05
FlowBytesReceived,Benign-DoH,1228.07,8.39828e-05
FlowBytesReceived,Benign-DoH,1271.93,7.52953e-05
FlowBytesReceived,Benign-DoH,1315.79,6.80308e-05
FlowBytesReceived,Benign-DoH,1359.65,6.20235e-05
FlowBytesReceived,Benign-DoH,1403.51,5.71091e-05
FlowBytesReceived,Benign-DoH,1447.37,5.31302e-05
FlowBytesReceived,Benign-DoH,1491.23,4.99409e-05
FlowBytesReceived,Benign-DoH,1535.09,4.74099e-05
FlowBytesReceived,Benign-DoH,1578.95,4.54223e-05
FlowBytesReceived,Benign-DoH,1622.81,4.38797e-05
FlowBytesReceived,Benign-DoH,1666.67,4.27001e-05
FlowBytesReceived,Benign-DoH,1710.53,4.18171e-05
FlowBytesReceived,Benign-DoH,1754.39,4.11778e-05
FlowBytesReceived,Benign-DoH,1798.25,4.07413e-05
FlowBytesReceived,Benign-DoH,1842.11,4.04767e-05
FlowBytesReceived,Benign-DoH,1885.96,4.03609e-05
FlowBytesReceived,Benign-DoH,1929.82,4.03771e-05
FlowBytesReceived,Benign-DoH,1973.68,4.05127e-05
FlowBytesReceived,Benign-DoH,2017.54,4.07576e-05
FlowBytesReceived,Benign-DoH,2061.4,4.11035e-05
FlowBytesReceived,Benign-DoH,2105.26,4.15421e-05
FlowBytesReceived,Benign-DoH,2149.12,4.20646e-05
FlowBytesReceived,Benign-DoH,2192.98,4.26609e-05
FlowBytesReceived,Benign-DoH,2236.84,4.33193e-05
FlowBytesReceived,Benign-DoH,2280.7,4.40262e-05
FlowBytesReceived,Benign-DoH,2324.56,4.4766e-05
FlowBytesReceived,Benign-DoH,2368.42,4.55215e-05
FlowBytesReceived,Benign-DoH,2412.28,4.62737e-05
FlowBytesReceived,Benign-DoH,2456.14,4.7003e-05
FlowBytesReceived,Benign-DoH,2500,4.76892e-05
FlowBytesReceived,Benign-DoH,2543.86,4.83125e-05
FlowBytesReceived,Benign-DoH,2587.72,4.88542e-05
FlowBytesReceived,Benign-DoH,2631.58,4.92971e-05
FlowBytesReceived,Benign-DoH,2675.44,4.9627e-05
FlowBytesReceived,Benign-DoH,2719.3,4.98322e-05
FlowBytesReceived,Benign-DoH,2763.16,4.99051e-05
FlowBytesReceived,Benign-DoH,2807.02,4.98419e-05
FlowBytesReceived,Benign-DoH,2850.88,4.96428e-05
FlowBytesReceived,Benign-DoH,2894.74,4.93123e-05
FlowBytesReceived,Benign-DoH,2938.6,4.88588e-05
FlowBytesReceived,Benign-DoH,2982.46,4.82942e-05
FlowBytesReceived,Benign-DoH,3026.32,4.76339e-05
FlowBytesReceived,Benign-DoH,3070.18,4.68957e-05
FlowBytesReceived,Benign-DoH,3114.04,4.60999e-05
FlowBytesReceived,Benign-DoH,3157.89,4.52684e-05
FlowBytesReceived,Benign-DoH,3201.75,4.44246e-05
FlowBytesReceived,Benign-DoH,3245.61,4.35926e-05
FlowBytesReceived,Benign-DoH,3289.47,4.27974e-05
FlowBytesReceived,Benign-DoH,3333.33,4.20647e-05
FlowBytesReceived,Benign-DoH,3377.19,4.14205e-05
FlowBytesReceived,Benign-DoH,3421.05,4.08911e-05
FlowBytesReceived,Benign-DoH,3464.91,4.05031e-05
FlowBytesReceived,Benign-DoH,3508.77,4.02831e-05
FlowBytesReceived,Benign-DoH,3552.63,4.02574e-05
FlowBytesReceived,Benign-DoH,3596.49,4.04517e-05
FlowBytesReceived,Benign-DoH,3640.35,4.08903e-05
FlowBytesReceived,Benign-DoH,3684.21,4.15951e-05
FlowBytesReceived,Benign-DoH,3728.07,4.25851e-05
FlowBytesReceived,Benign-DoH,3771.93,4.38751e-05
FlowBytesReceived,Benign-DoH,3815.79,4.54744e-05
FlowBytesReceived,Benign-DoH,3859.65,4.73859e-05
FlowBytesReceived,Benign-DoH,3903.51,4.9605e-05
FlowBytesReceived,Benign-DoH,3947.37,5.21187e-05
FlowBytesReceived,Benign-DoH,3991.23,5.49051e-05
FlowBytesReceived,Benign-DoH,4035.09,5.79333e-05
FlowBytesReceived,Benign-DoH,4078.95,6.11637e-05
FlowBytesReceived,Benign-DoH,4122.81,6.45486e-05
FlowBytesReceived,Benign-DoH,4166.67,6.80338e-05
FlowBytesReceived,Benign-DoH,4210.53,7.15601e-05
FlowBytesReceived,Benign-DoH,4254.39,7.50656e-05
FlowBytesReceived,Benign-DoH,4298.25,7.84881e-05
FlowBytesReceived,Benign-DoH,4342.11,8.17679e-05
FlowBytesReceived,Benign-DoH,4385.96,8.48504e-05
FlowBytesReceived,Benign-DoH,4429.82,8.76886e-05
FlowBytesReceived,Benign-DoH,4473.68,9.02451e-05
FlowBytesReceived,Benign-DoH,4517.54,9.24942e-05
FlowBytesReceived,Benign-DoH,4561.4,9.44225e-05
FlowBytesReceived,Benign-DoH,4605.26,9.60296e-05
FlowBytesReceived,Benign-DoH,4649.12,9.73274e-05
FlowBytesReceived,Benign-DoH,4692.98,9.83392e-05
FlowBytesReceived,Benign-DoH,4736.84,9.90978e-05
FlowBytesReceived,Benign-DoH,4780.7,9.96431e-05
FlowBytesReceived,Benign-DoH,4824.56,0.00010002
FlowBytesReceived,Benign-DoH,4868.42,0.000100274
FlowBytesReceived,Benign-DoH,4912.28,0.00010045
FlowBytesReceived,Benign-DoH,4956.14,0.000100591
FlowBytesReceived,Benign-DoH,5000,0.000100732
FlowBytesReceived,Benign-DoH,5043.86,0.000100901
FlowBytesReceived,Benign-DoH,5087.72,0.000101119
FlowBytesReceived,Benign-DoH,5131.58,0.000101396
FlowBytesReceived,Benign-DoH,5175.44,0.000101737
FlowBytesReceived,Benign-DoH,5219.3,0.000102135
FlowBytesReceived,Benign-DoH,5263.16,0.000102579
FlowBytesReceived,Benign-DoH,5307.02,0.000103051
FlowBytesReceived,Benign-DoH,5350.88,0.00010353
FlowBytesReceived,Benign-DoH,5394.74,0.00010399
FlowBytesReceived,Benign-DoH,5438.6,0.000104407
FlowBytesReceived,Benign-DoH,5482.46,0.000104752
FlowBytesReceived,Benign-DoH,5526.32,0.000105001
FlowBytesReceived,Benign-DoH,5570.18,0.000105125
FlowBytesReceived,Benign-DoH,5614.04,0.000105102
FlowBytesReceived,Benign-DoH,5657.89,0.000104905
FlowBytesReceived,Benign-DoH,5701.75,0.000104514
FlowBytesReceived,Benign-DoH,5745.61,0.000103906
FlowBytesReceived,Benign-DoH,5789.47,0.000103062
FlowBytesReceived,Benign-DoH,5833.33,0.000101965
FlowBytesReceived,Benign-DoH,5877.19,0.0001006
FlowBytesReceived,Benign-DoH,5921.05,9.89547e-05
FlowBytesReceived,Benign-DoH,5964.91,9.70233e-05
FlowBytesReceived,Benign-DoH,6008.77,9.48034e-05
FlowBytesReceived,Benign-DoH,6052.63,9.22986e-05
FlowBytesReceived,Benign-DoH,6096.49,8.95192e-05
FlowBytesReceived,Benign-DoH,6140.35,8.64822e-05
FlowBytesReceived,Benign-DoH,6184.21,8.32113e-05
FlowBytesReceived,Benign-DoH,6228.07,7.97369e-05
FlowBytesReceived,Benign-DoH,6271.93,7.60953e-05
FlowBytesReceived,Benign-DoH,6315.79,7.23278e-05
FlowBytesReceived,Benign-DoH,6359.65,6.84794e-05
FlowBytesReceived,Benign-DoH,6403.51,6.45975e-05
FlowBytesReceived,Benign-DoH,6447.37,6.07304e-05
FlowBytesReceived,Benign-DoH,6491.23,5.69256e-05
FlowBytesReceived,Benign-DoH,6535.09,5.32285e-05
FlowBytesReceived,Benign-DoH,6578.95,4.96812e-05
FlowBytesReceived,Benign-DoH,6622.81,4.63214e-05
FlowBytesReceived,Benign-DoH,6666.67,4.31818e-05
FlowBytesReceived,Benign-DoH,6710.53,4.0289e-05
FlowBytesReceived,Benign-DoH,6754.39,3.7664e-05
FlowBytesReceived,Benign-DoH,6798.25,3.53217e-05
FlowBytesReceived,Benign-DoH,6842.11,3.32711e-05
FlowBytesReceived,Benign-DoH,6885.96,3.15155e-05
FlowBytesReceived,Benign-DoH,6929.82,3.00529e-05
FlowBytesReceived,Benign-DoH,6973.68,2.88763e-05
FlowBytesReceived,Benign-DoH,7017.54,2.7974e-05
FlowBytesReceived,Benign-DoH,7061.4,2.73301e-05
FlowBytesReceived,Benign-DoH,7105.26,2.69245e-05
FlowBytesReceived,Benign-DoH,7149.12,2.67338e-05
FlowBytesReceived,Benign-DoH,7192.98,2.67311e-05
FlowBytesReceived,Benign-DoH,7236.84,2.68869e-05
FlowBytesReceived,Benign-DoH,7280.7,2.7169e-05
FlowBytesReceived,Benign-DoH,7324.56,2.75439e-05
FlowBytesReceived,Benign-DoH,7368.42,2.79767e-05
FlowBytesReceived,Benign-DoH,7412.28,2.84325e-05
FlowBytesReceived,Benign-DoH,7456.14,2.88767e-05
FlowBytesReceived,Benign-DoH,7500,2.92766e-05
FlowBytesReceived,Benign-DoH,7543.86,2.96017e-05
FlowBytesReceived,Benign-DoH,7587.72,2.98251e-05
FlowBytesReceived,Benign-DoH,7631.58,2.99237e-05
FlowBytesReceived,Benign-DoH,7675.44,2.98799e-05
FlowBytesReceived,Benign-DoH,7719.3,2.96808e-05
FlowBytesReceived,Benign-DoH,7763.16,2.93198e-05
FlowBytesReceived,Benign-DoH,7807.02,2.87955e-05
FlowBytesReceived,Benign-DoH,7850.88,2.81124e-05
FlowBytesReceived,Benign-DoH,7894.74,2.72799e-05
FlowBytesReceived,Benign-DoH,7938.6,2.6312e-05
FlowBytesReceived,Benign-DoH,7982.46,2.52264e-05
FlowBytesReceived,Benign-DoH,8026.32,2.40436e-05
FlowBytesReceived,Benign-DoH,8070.18,2.2786e-05
FlowBytesReceived,Benign-DoH,8114.04,2.14768e-05
FlowBytesReceived,Benign-DoH,8157.89,2.01393e-05
FlowBytesReceived,Benign-DoH,8201.75,1.87958e-05
FlowBytesReceived,Benign-DoH,8245.61,1.74671e-05
FlowBytesReceived,Benign-DoH,8289.47,1.61717e-05
FlowBytesReceived,Benign-DoH,8333.33,1.49255e-05
FlowBytesReceived,Benign-DoH,8377.19,1.37417e-05
FlowBytesReceived,Benign-DoH,8421.05,1.26303e-05
FlowBytesReceived,Benign-DoH,8464.91,1.15987e-05
FlowBytesReceived,Benign-DoH,8508.77,1.06514e-05
FlowBytesReceived,Benign-DoH,8552.63,9.79019e-06
FlowBytesReceived,Benign-DoH,8596.49,9.01502e-06
FlowBytesReceived,Benign-DoH,8640.35,8.32379e-06
FlowBytesReceived,Benign-DoH,8684.21,7.71302e-06
FlowBytesReceived,Benign-DoH,8728.07,7.17808e-06
FlowBytesReceived,Benign-DoH,8771.93,6.71363e-06
FlowBytesReceived,Benign-DoH,8815.79,6.31388e-06
FlowBytesReceived,Benign-DoH,8859.65,5.97286e-06
FlowBytesReceived,Benign-DoH,8903.51,5.68468e-06
FlowBytesReceived,Benign-DoH,8947.37,5.44369e-06
FlowBytesReceived,Benign-DoH,8991.23,5.24461e-06
FlowBytesReceived,Benign-DoH,9035.09,5.08263e-06
FlowBytesReceived,Benign-DoH,9078.95,4.95342e-06
FlowBytesReceived,Benign-DoH,9122.81,4.85323e-06
FlowBytesReceived,Benign-DoH,9166.67,4.77877e-06
FlowBytesReceived,Benign-DoH,9210.53,4.72725e-06
FlowBytesReceived,Benign-DoH,9254.39,4.69627e-06
FlowBytesReceived,Benign-DoH,9298.25,4.68377e-06
FlowBytesReceived,Benign-DoH,9342.11,4.68798e-06
FlowBytesReceived,Benign-DoH,9385.96,4.70726e-06
FlowBytesReceived,Benign-DoH,9429.82,4.74011e-06
FlowBytesReceived,Benign-DoH,9473.68,4.78502e-06
FlowBytesReceived,Benign-DoH,9517.54,4.84047e-06
FlowBytesReceived,Benign-DoH,9561.4,4.90484e-06
FlowBytesReceived,Benign-DoH,9605.26,4.97638e-06
FlowBytesReceived,Benign-DoH,9649.12,5.05321e-06
FlowBytesReceived,Benign-DoH,9692.98,5.13331e-06
FlowBytesReceived,Benign-DoH,9736.84,5.21453e-06
FlowBytesReceived,Benign-DoH,9780.7,5.29465e-06
FlowBytesReceived,Benign-DoH,9824.56,5.37139e-06
FlowBytesReceived,Benign-DoH,9868.42,5.44253e-06
FlowBytesReceived,Benign-DoH,9912.28,5.5059e-06
FlowBytesReceived,Benign-DoH,9956.14,5.55953e-06
FlowBytesReceived,Benign-DoH,10000,5.60166e-06
FlowBytesReceived,Benign-DoH,10043.9,5.63087e-06
FlowBytesReceived,Benign-DoH,10087.7,5.64607e-06
FlowBytesReceived,Benign-DoH,10131.6,5.64657e-06
FlowBytesReceived,Benign-DoH,10175.4,5.63213e-06
FlowBytesReceived,Benign-DoH,10219.3,5.60292e-06
FlowBytesReceived,Benign-DoH,10263.2,5.55955e-06
FlowBytesReceived,Benign-DoH,10307,5.50299e-06
FlowBytesReceived,Benign-DoH,10350.9,5.43457e-06
FlowBytesReceived,Benign-DoH,10394.7,5.35587e-06
FlowBytesReceived,Benign-DoH,10438.6,5.26867e-06
FlowBytesReceived,Benign-DoH,10482.5,5.17486e-06
FlowBytesReceived,Benign-DoH,10526.3,5.07635e-06
FlowBytesReceived,Benign-DoH,10570.2,4.97497e-06
FlowBytesReceived,Benign-DoH,10614,4.87244e-06
FlowBytesReceived,Benign-DoH,10657.9,4.77028e-06
FlowBytesReceived,Benign-DoH,10701.8,4.66974e-06
FlowBytesReceived,Benign-DoH,10745.6,4.5718e-06
FlowBytesReceived,Benign-DoH,10789.5,4.47715e-06
FlowBytesReceived,Benign-DoH,10833.3,4.38615e-06
FlowBytesReceived,Benign-DoH,10877.2,4.2989e-06
FlowBytesReceived,Benign-DoH,10921.1,4.21525e-06
FlowBytesReceived,Benign-DoH,10964.9,4.13481e-06
FlowBytesReceived,Benign-DoH,11008.8,4.05706e-06
FlowBytesReceived,Benign-DoH,11052.6,3.98133e-06
FlowBytesReceived,Benign-DoH,11096.5,3.90695e-06
FlowBytesReceived,Benign-DoH,11140.4,3.8332e-06
FlowBytesReceived,Benign-DoH,11184.2,3.75945e-06
FlowBytesReceived,Benign-DoH,11228.1,3.68517e-06
FlowBytesReceived,Benign-DoH,11271.9,3.60994e-06
FlowBytesReceived,Benign-DoH,11315.8,3.53352e-06
FlowBytesReceived,Benign-DoH,11359.6,3.45587e-06
FlowBytesReceived,Benign-DoH,11403.5,3.37708e-06
FlowBytesReceived,Benign-DoH,11447.4,3.29746e-06
FlowBytesReceived,Benign-DoH,11491.2,3.21746e-06
FlowBytesReceived,Benign-DoH,11535.1,3.13766e-06
FlowBytesReceived,Benign-DoH,11578.9,3.05874e-06
FlowBytesReceived,Benign-DoH,11622.8,2.98145e-06
FlowBytesReceived,Benign-DoH,11666.7,2.90659e-06
FlowBytesReceived,Benign-DoH,11710.5,2.83492e-06
FlowBytesReceived,Benign-DoH,11754.4,2.7672e-06
FlowBytesReceived,Benign-DoH,11798.2,2.70413e-06
FlowBytesReceived,Benign-DoH,11842.1,2.64631e-06
FlowBytesReceived,Benign-DoH,11886,2.59428e-06
FlowBytesReceived,Benign-DoH,11929.8,2.54846e-06
FlowBytesReceived,Benign-DoH,11973.7,2.5092e-06
FlowBytesReceived,Benign-DoH,12017.5,2.47673e-06
FlowBytesReceived,Benign-DoH,12061.4,2.4512e-06
FlowBytesReceived,Benign-DoH,12105.3,2.43266e-06
FlowBytesReceived,Benign-DoH,12149.1,2.42109e-06
FlowBytesReceived,Benign-DoH,12193,2.41636e-06
FlowBytesReceived,Benign-DoH,12236.8,2.41828e-06
FlowBytesReceived,Benign-DoH,12280.7,2.42653e-06
FlowBytesReceived,Benign-DoH,12324.6,2.44073e-06
FlowBytesReceived,Benign-DoH,12368.4,2.46038e-06
FlowBytesReceived,Benign-DoH,12412.3,2.48486e-06
FlowBytesReceived,Benign-DoH,12456.1,2.51347e-06
FlowBytesReceived,Benign-DoH,12500,2.54542e-06
FlowBytesReceived,Benign-DoH,12543.9,2.57981e-06
FlowBytesReceived,Benign-DoH,12587.7,2.61572e-06
FlowBytesReceived,Benign-DoH,12631.6,2.65215e-06
FlowBytesReceived,Benign-DoH,12675.4,2.68815e-06
FlowBytesReceived,Benign-DoH,12719.3,2.72276e-06
FlowBytesReceived,Benign-DoH,12763.2,2.75512e-06
FlowBytesReceived,Benign-DoH,12807,2.78445e-06
FlowBytesReceived,Benign-DoH,12850.9,2.81012e-06
FlowBytesReceived,Benign-DoH,12894.7,2.83165e-06
FlowBytesReceived,Benign-DoH,12938.6,2.84873e-06
FlowBytesReceived,Benign-DoH,12982.5,2.86122e-06
FlowBytesReceived,Benign-DoH,13026.3,2.86914e-06
FlowBytesReceived,Benign-DoH,13070.2,2.87268e-06
FlowBytesReceived,Benign-DoH,13114,2.87214e-06
FlowBytesReceived,Benign-DoH,13157.9,2.86794e-06
FlowBytesReceived,Benign-DoH,13201.8,2.86054e-06
FlowBytesReceived,Benign-DoH,13245.6,2.85043e-06
FlowBytesReceived,Benign-DoH,13289.5,2.83812e-06
FlowBytesReceived,Benign-DoH,13333.3,2.82404e-06
FlowBytesReceived,Benign-DoH,13377.2,2.80859e-06
FlowBytesReceived,Benign-DoH,13421.1,2.79205e-06
FlowBytesReceived,Benign-DoH,13464.9,2.77465e-06
FlowBytesReceived,Benign-DoH,13508.8,2.75647e-06
FlowBytesReceived,Benign-DoH,13552.6,2.73755e-06
FlowBytesReceived,Benign-DoH,13596.5,2.71781e-06
FlowBytesReceived,Benign-DoH,13640.4,2.69714e-06
FlowBytesReceived,Benign-DoH,13684.2,2.67539e-06
FlowBytesReceived,Benign-DoH,13728.1,2.65238e-06
FlowBytesReceived,Benign-DoH,13771.9,2.62797e-06
FlowBytesReceived,Benign-DoH,13815.8,2.60205e-06
FlowBytesReceived,Benign-DoH,13859.6,2.57459e-06
FlowBytesReceived,Benign-DoH,13903.5,2.5456e-06
FlowBytesReceived,Benign-DoH,13947.4,2.5152e-06
FlowBytesReceived,Benign-DoH,13991.2,2.48358e-06
FlowBytesReceived,Benign-DoH,14035.1,2.45103e-06
FlowBytesReceived,Benign-DoH,14078.9,2.4179e-06
FlowBytesReceived,Benign-DoH,14122.8,2.38457e-06
FlowBytesReceived,Benign-DoH,14166.7,2.3515e-06
FlowBytesReceived,Benign-DoH,14210.5,2.31914e-06
FlowBytesReceived,Benign-DoH,14254.4,2.28793e-06
FlowBytesReceived,Benign-DoH,14298.2,2.2583e-06
FlowBytesReceived,Benign-DoH,14342.1,2.23063e-06
FlowBytesReceived,Benign-DoH,14386,2.20527e-06
FlowBytesReceived,Benign-DoH,14429.8,2.18247e-06
FlowBytesReceived,Benign-DoH,14473.7,2.16244e-06
FlowBytesReceived,Benign-DoH,14517.5,2.1453e-06
FlowBytesReceived,Benign-DoH,14561.4,2.13111e-06
FlowBytesReceived,Benign-DoH,14605.3,2.11988e-06
FlowBytesReceived,Benign-DoH,14649.1,2.11152e-06
FlowBytesReceived,Benign-DoH,14693,2.10592e-06
FlowBytesReceived,Benign-DoH,14736.8,2.10289e-06
FlowBytesReceived,Benign-DoH,14780.7,2.10222e-06
FlowBytesReceived,Benign-DoH,14824.6,2.10364e-06
FlowBytesReceived,Benign-DoH,14868.4,2.10687e-06
FlowBytesReceived,Benign-DoH,14912.3,2.11156e-06
FlowBytesReceived,Benign-DoH,14956.1,2.11737e-06
FlowBytesReceived,Benign-DoH,15000,2.12394e-06
FlowBytesReceived,Benign-DoH,15043.9,2.13088e-06
FlowBytesReceived,Benign-DoH,15087.7,2.13784e-06
FlowBytesReceived,Benign-DoH,15131.6,2.14445e-06
FlowBytesReceived,Benign-DoH,15175.4,2.15038e-06
FlowBytesReceived,Benign-DoH,15219.3,2.15537e-06
FlowBytesReceived,Benign-DoH,15263.2,2.15917e-06
FlowBytesReceived,Benign-DoH,15307,2.16164e-06
FlowBytesReceived,Benign-DoH,15350.9,2.16271e-06
FlowBytesReceived,Benign-DoH,15394.7,2.16238e-06
FlowBytesReceived,Benign-DoH,15438.6,2.16077e-06
FlowBytesReceived,Benign-DoH,15482.5,2.15807e-06
FlowBytesReceived,Benign-DoH,15526.3,2.15456e-06
FlowBytesReceived,Benign-DoH,15570.2,2.15058e-06
FlowBytesReceived,Benign-DoH,15614,2.14654e-06
FlowBytesReceived,Benign-DoH,15657.9,2.14288e-06
FlowBytesReceived,Benign-DoH,15701.8,2.14003e-06
FlowBytesReceived,Benign-DoH,15745.6,2.13844e-06
FlowBytesReceived,Benign-DoH,15789.5,2.13851e-06
FlowBytesReceived,Benign-DoH,15833.3,2.1406e-06
FlowBytesReceived,Benign-DoH,15877.2,2.14498e-06
FlowBytesReceived,Benign-DoH,15921.1,2.15187e-06
FlowBytesReceived,Benign-DoH,15964.9,2.16139e-06
FlowBytesReceived,Benign-DoH,16008.8,2.17356e-06
FlowBytesReceived,Benign-DoH,16052.6,2.18834e-06
FlowBytesReceived,Benign-DoH,16096.5,2.20558e-06
FlowBytesReceived,Benign-DoH,16140.4,2.22512e-06
FlowBytesReceived,Benign-DoH,16184.2,2.24669e-06
FlowBytesReceived,Benign-DoH,16228.1,2.27004e-06
FlowBytesReceived,Benign-DoH,16271.9,2.29486e-06
FlowBytesReceived,Benign-DoH,16315.8,2.32088e-06
FlowBytesReceived,Benign-DoH,16359.6,2.34781e-06
FlowBytesReceived,Benign-DoH,16403.5,2.37537e-06
FlowBytesReceived,Benign-DoH,16447.4,2.4033e-06
FlowBytesReceived,Benign-DoH,16491.2,2.43135e-06
FlowBytesReceived,Benign-DoH,16535.1,2.45924e-06
FlowBytesReceived,Benign-DoH,16578.9,2.48668e-06
FlowBytesReceived,Benign-DoH,16622.8,2.51334e-06
FlowBytesReceived,Benign-DoH,16666.7,2.53882e-06
FlowBytesReceived,Benign-DoH,16710.5,2.56262e-06
FlowBytesReceived,Benign-DoH,16754.4,2.58417e-06
FlowBytesReceived,Benign-DoH,16798.2,2.60276e-06
FlowBytesReceived,Benign-DoH,16842.1,2.61757e-06
FlowBytesReceived,Benign-DoH,16886,2.6277e-06
FlowBytesReceived,Benign-DoH,16929.8,2.63216e-06
FlowBytesReceived,Benign-DoH,16973.7,2.62988e-06
FlowBytesReceived,Benign-DoH,17017.5,2.61982e-06
FlowBytesReceived,Benign-DoH,17061.4,2.60095e-06
FlowBytesReceived,Benign-DoH,17105.3,2.57237e-06
FlowBytesReceived,Benign-DoH,17149.1,2.53329e-06
FlowBytesReceived,Benign-DoH,17193,2.48316e-06
FlowBytesReceived,Benign-DoH,17236.8,2.42164e-06
FlowBytesReceived,Benign-DoH,17280.7,2.34871e-06
FlowBytesReceived,Benign-DoH,17324.6,2.26466e-06
FlowBytesReceived,Benign-DoH,17368.4,2.17008e-06
FlowBytesReceived,Benign-DoH,17412.3,2.06589e-06
FlowBytesReceived,Benign-DoH,17456.1,1.95327e-06
FlowBytesReceived,Benign-DoH,17500,1.83368e-06
FlowBytesReceived,Malicious-DoH,0,3.68146e-05
FlowBytesReceived,Malicious-DoH,43.8596,4.73533e-05
FlowBytesReceived,Malicious-DoH,87.7193,5.9847e-05
FlowBytesReceived,Malicious-DoH,131.579,7.42638e-05
FlowBytesReceived,Malicious-DoH,175.439,9.03685e-05
FlowBytesReceived,Malicious-DoH,219.298,0.00010767
FlowBytesReceived,Malicious-DoH,263.158,0.000125402
FlowBytesReceived,Malicious-DoH,307.018,0.000142551
FlowBytesReceived,Malicious-DoH,350.877,0.00015795
FlowBytesReceived,Malicious-DoH,394.737,0.000170414
FlowBytesReceived,Malicious-DoH,438.596,0.000178909
FlowBytesReceived,Malicious-DoH,482.456,0.00018271
FlowBytesReceived,Malicious-DoH,526.316,0.000181511
FlowBytesReceived,Malicious-DoH,570.175,0.000175467
FlowBytesReceived,Malicious-DoH,614.035,0.000165151
FlowBytesReceived,Malicious-DoH,657.895,0.000151453
FlowBytesReceived,Malicious-DoH,701.754,0.000135441
FlowBytesReceived,Malicious-DoH,745.614,0.000118207
FlowBytesReceived,Malicious-DoH,789.474,0.000100755
FlowBytesReceived,Malicious-DoH,833.333,8.39168e-05
FlowBytesReceived,Malicious-DoH,877.193,6.83174e-05
FlowBytesReceived,Malicious-DoH,921.053,5.43721e-05
FlowBytesReceived,Malicious-DoH,964.912,4.23073e-05
FlowBytesReceived,Malicious-DoH,1008.77,3.21912e-05
FlowBytesReceived,Malicious-DoH,1052.63,2.39676e-05
FlowBytesReceived,Malicious-DoH,1096.49,1.74886e-05
FlowBytesReceived,Malicious-DoH,1140.35,1.2545e-05
FlowBytesReceived,Malicious-DoH,1184.21,8.89489e-06
FlowBytesReceived,Malicious-DoH,1228.07,6.28879e-06
FlowBytesReceived,Malicious-DoH,1271.93,4.48998e-06
FlowBytesReceived,Malicious-DoH,1315.79,3.28925e-06
FlowBytesReceived,Malicious-DoH,1359.65,2.51318e-06
FlowBytesReceived,Malicious-DoH,1403.51,2.02629e-06
FlowBytesReceived,Malicious-DoH,1447.37,1.72856e-06
FlowBytesReceived,Malicious-DoH,1491.23,1.55004e-06
FlowBytesReceived,Malicious-DoH,1535.09,1.44427e-06
FlowBytesReceived,Malicious-DoH,1578.95,1.38189e-06
FlowBytesReceived,Malicious-DoH,1622.81,1.34521e-06
FlowBytesReceived,Malicious-DoH,1666.67,1.32396e-06
FlowBytesReceived,Malicious-DoH,1710.53,1.31237e-06
FlowBytesReceived,Malicious-DoH,1754.39,1.30711e-06
FlowBytesReceived,Malicious-DoH,1798.25,1.30609e-06
FlowBytesReceived,Malicious-DoH,1842.11,1.30773e-06
FlowBytesReceived,Malicious-DoH,1885.96,1.31061e-06
FlowBytesReceived,Malicious-DoH,1929.82,1.31331e-06
FlowBytesReceived,Malicious-DoH,1973.68,1.3144e-06
FlowBytesReceived,Malicious-DoH,2017.54,1.31247e-06
FlowBytesReceived,Malicious-DoH,2061.4,1.30624e-06
FlowBytesReceived,Malicious-DoH,2105.26,1.2947e-06
FlowBytesReceived,Malicious-DoH,2149.12,1.27719e-06
FlowBytesReceived,Malicious-DoH,2192.98,1.25362e-06
FlowBytesReceived,Malicious-DoH,2236.84,1.22449e-06
FlowBytesReceived,Malicious-DoH,2280.7,1.19093e-06
FlowBytesReceived,Malicious-DoH,2324.56,1.15461e-06
FlowBytesReceived,Malicious-DoH,2368.42,1.11761e-06
FlowBytesReceived,Malicious-DoH,2412.28,1.08224e-06
FlowBytesReceived,Malicious-DoH,2456.14,1.05087e-06
FlowBytesReceived,Malicious-DoH,2500,1.02591e-06
FlowBytesReceived,Malicious-DoH,2543.86,1.00991e-06
FlowBytesReceived,Malicious-DoH,2587.72,1.00598e-06
FlowBytesReceived,Malicious-DoH,2631.58,1.01875e-06
FlowBytesReceived,Malicious-DoH,2675.44,1.05603e-06
FlowBytesReceived,Malicious-DoH,2719.3,1.13157e-06
FlowBytesReceived,Malicious-DoH,2763.16,1.26911e-06
FlowBytesReceived,Malicious-DoH,2807.02,1.50815e-06
FlowBytesReceived,Malicious-DoH,2850.88,1.91117e-06
FlowBytesReceived,Malicious-DoH,2894.74,2.57219e-06
FlowBytesReceived,Malicious-DoH,2938.6,3.62558e-06
FlowBytesReceived,Malicious-DoH,2982.46,5.25348e-06
FlowBytesReceived,Malicious-DoH,3026.32,7.68927e-06
FlowBytesReceived,Malicious-DoH,3070.18,1.1214e-05
FlowBytesReceived,Malicious-DoH,3114.04,1.61424e-05
FlowBytesReceived,Malicious-DoH,3157.89,2.2797e-05
FlowBytesReceived,Malicious-DoH,3201.75,3.14689e-05
FlowBytesReceived,Malicious-DoH,3245.61,4.23707e-05
FlowBytesReceived,Malicious-DoH,3289.47,5.55883e-05
FlowBytesReceived,Malicious-DoH,3333.33,7.10435e-05
FlowBytesReceived,Malicious-DoH,3377.19,8.84796e-05
FlowBytesReceived,Malicious-DoH,3421.05,0.00010748
FlowBytesReceived,Malicious-DoH,3464.91,0.000127519
FlowBytesReceived,Malicious-DoH,3508.77,0.000148042
FlowBytesReceived,Malicious-DoH,3552.63,0.000168546
FlowBytesReceived,Malicious-DoH,3596.49,0.000188643
FlowBytesReceived,Malicious-DoH,3640.35,0.000208078
FlowBytesReceived,Malicious-DoH,3684.21,0.000226685
FlowBytesReceived,Malicious-DoH,3728.07,0.000244302
FlowBytesReceived,Malicious-DoH,3771.93,0.000260651
FlowBytesReceived,Malicious-DoH,3815.79,0.000275245
FlowBytesReceived,Malicious-DoH,3859.65,0.000287351
FlowBytesReceived,Malicious-DoH,3903.51,0.000296042
FlowBytesReceived,Malicious-DoH,3947.37,0.000300347
FlowBytesReceived,Malicious-DoH,3991.23,0.000299473
FlowBytesReceived,Malicious-DoH,4035.09,0.000293044
FlowBytesReceived,Malicious-DoH,4078.95,0.000281314
FlowBytesReceived,Malicious-DoH,4122.81,0.000265296
FlowBytesReceived,Malicious-DoH,4166.67,0.000246777
FlowBytesReceived,Malicious-DoH,4210.53,0.000228234
FlowBytesReceived,Malicious-DoH,4254.39,0.000212657
FlowBytesReceived,Malicious-DoH,4298.25,0.00020332
FlowBytesReceived,Malicious-DoH,4342.11,0.000203528
FlowBytesReceived,Malicious-DoH,4385.96,0.000216338
FlowBytesReceived,Malicious-DoH,4429.82,0.000244245
FlowBytesReceived,Malicious-DoH,4473.68,0.000288825
FlowBytesReceived,Malicious-DoH,4517.54,0.00035033
FlowBytesReceived,Malicious-DoH,4561.4,0.000427288
FlowBytesReceived,Malicious-DoH,4605.26,0.000516199
FlowBytesReceived,Malicious-DoH,4649.12,0.000611465
FlowBytesReceived,Malicious-DoH,4692.98,0.000705669
FlowBytesReceived,Malicious-DoH,4736.84,0.000790269
FlowBytesReceived,Malicious-DoH,4780.7,0.000856662
FlowBytesReceived,Malicious-DoH,4824.56,0.000897455
FlowBytesReceived,Malicious-DoH,4868.42,0.00090768
FlowBytesReceived,Malicious-DoH,4912.28,0.000885661
FlowBytesReceived,Malicious-DoH,4956.14,0.000833332
FlowBytesReceived,Malicious-DoH,5000,0.000755887
FlowBytesReceived,Malicious-DoH,5043.86,0.00066087
FlowBytesReceived,Malicious-DoH,5087.72,0.000556906
FlowBytesReceived,Malicious-DoH,5131.58,0.000452376
FlowBytesReceived,Malicious-DoH,5175.44,0.000354318
FlowBytesReceived,Malicious-DoH,5219.3,0.000267732
FlowBytesReceived,Malicious-DoH,5263.16,0.000195362
FlowBytesReceived,Malicious-DoH,5307.02,0.000137892
FlowBytesReceived,Malicious-DoH,5350.88,9.44173e-05
FlowBytesReceived,Malicious-DoH,5394.74,6.30276e-05
FlowBytesReceived,Malicious-DoH,5438.6,4.1366e-05
FlowBytesReceived,Malicious-DoH,5482.46,2.70647e-05
FlowBytesReceived,Malicious-DoH,5526.32,1.80266e-05
FlowBytesReceived,Malicious-DoH,5570.18,1.25601e-05
FlowBytesReceived,Malicious-DoH,5614.04,9.4021e-06
FlowBytesReceived,Malicious-DoH,5657.89,7.67152e-06
FlowBytesReceived,Malicious-DoH,5701.75,6.79123e-06
FlowBytesReceived,Malicious-DoH,5745.61,6.40511e-06
FlowBytesReceived,Malicious-DoH,5789.47,6.30542e-06
FlowBytesReceived,Malicious-DoH,5833.33,6.37661e-06
FlowBytesReceived,Malicious-DoH,5877.19,6.5559e-06
FlowBytesReceived,Malicious-DoH,5921.05,6.80797e-06
FlowBytesReceived,Malicious-DoH,5964.91,7.11016e-06
FlowBytesReceived,Malicious-DoH,6008.77,7.44496e-06
FlowBytesReceived,Malicious-DoH,6052.63,7.79696e-06
FlowBytesReceived,Malicious-DoH,6096.49,8.15235e-06
FlowBytesReceived,Malicious-DoH,6140.35,8.49958e-06
FlowBytesReceived,Malicious-DoH,6184.21,8.8305e-06
FlowBytesReceived,Malicious-DoH,6228.07,9.14143e-06
FlowBytesReceived,Malicious-DoH,6271.93,9.43407e-06
FlowBytesReceived,Malicious-DoH,6315.79,9.71599e-06
FlowBytesReceived,Malicious-DoH,6359.65,1.00006e-05
FlowBytesReceived,Malicious-DoH,6403.51,1.03062e-05
FlowBytesReceived,Malicious-DoH,6447.37,1.06547e-05
FlowBytesReceived,Malicious-DoH,6491.23,1.10685e-05
FlowBytesReceived,Malicious-DoH,6535.09,1.15678e-05
FlowBytesReceived,Malicious-DoH,6578.95,1.21665e-05
FlowBytesReceived,Malicious-DoH,6622.81,1.28696e-05
FlowBytesReceived,Malicious-DoH,6666.67,1.36705e-05
FlowBytesReceived,Malicious-DoH,6710.53,1.45507e-05
FlowBytesReceived,Malicious-DoH,6754.39,1.54812e-05
FlowBytesReceived,Malicious-DoH,6798.25,1.64255e-05
FlowBytesReceived,Malicious-DoH,6842.11,1.73437e-05
FlowBytesReceived,Malicious-DoH,6885.96,1.81981e-05
FlowBytesReceived,Malicious-DoH,6929.82,1.89572e-05
FlowBytesReceived,Malicious-DoH,6973.68,1.95995e-05
FlowBytesReceived,Malicious-DoH,7017.54,2.01153e-05
FlowBytesReceived,Malicious-DoH,7061.4,2.05067e-05
FlowBytesReceived,Malicious-DoH,7105.26,2.07856e-05
FlowBytesReceived,Malicious-DoH,7149.12,2.09706e-05
FlowBytesReceived,Malicious-DoH,7192.98,2.10834e-05
FlowBytesReceived,Malicious-DoH,7236.84,2.11454e-05
FlowBytesReceived,Malicious-DoH,7280.7,2.11752e-05
FlowBytesReceived,Malicious-DoH,7324.56,2.11871e-05
FlowBytesReceived,Malicious-DoH,7368.42,2.11908e-05
FlowBytesReceived,Malicious-DoH,7412.28,2.11925e-05
FlowBytesReceived,Malicious-DoH,7456.14,2.1195e-05
FlowBytesReceived,Malicious-DoH,7500,2.11996e-05
FlowBytesReceived,Malicious-DoH,7543.86,2.12061e-05
FlowBytesReceived,Malicious-DoH,7587.72,2.12132e-05
FlowBytesReceived,Malicious-DoH,7631.58,2.12185e-05
FlowBytesReceived,Malicious-DoH,7675.44,2.12184e-05
FlowBytesReceived,Malicious-DoH,7719.3,2.12083e-05
FlowBytesReceived,Malicious-DoH,7763.16,2.11835e-05
FlowBytesReceived,Malicious-DoH,7807.02,2.11397e-05
FlowBytesReceived,Malicious-DoH,7850.88,2.10742e-05
FlowBytesReceived,Malicious-DoH,7894.74,2.09869e-05
FlowBytesReceived,Malicious-DoH,7938.6,2.08801e-05
FlowBytesReceived,Malicious-DoH,7982.46,2.0758e-05
FlowBytesReceived,Malicious-DoH,8026.32,2.06257e-05
FlowBytesReceived,Malicious-DoH,8070.18,2.04878e-05
FlowBytesReceived,Malicious-DoH,8114.04,2.03467e-05
FlowBytesReceived,Malicious-DoH,8157.89,2.02026e-05
FlowBytesReceived,Malicious-DoH,8201.75,2.00529e-05
FlowBytesReceived,Malicious-DoH,8245.61,1.98934e-05
FlowBytesReceived,Malicious-DoH,8289.47,1.97194e-05
FlowBytesReceived,Malicious-DoH,8333.33,1.95267e-05
FlowBytesReceived,Malicious-DoH,8377.19,1.93127e-05
FlowBytesReceived,Malicious-DoH,8421.05,1.90767e-05
FlowBytesReceived,Malicious-DoH,8464.91,1.88188e-05
FlowBytesReceived,Malicious-DoH,8508.77,1.854e-05
FlowBytesReceived,Malicious-DoH,8552.63,1.82406e-05
FlowBytesReceived,Malicious-DoH,8596.49,1.79201e-05
FlowBytesReceived,Malicious-DoH,8640.35,1.75773e-05
FlowBytesReceived,Malicious-DoH,8684.21,1.72114e-05
FlowBytesReceived,Malicious-DoH,8728.07,1.68231e-05
FlowBytesReceived,Malicious-DoH,8771.93,1.64159e-05
FlowBytesReceived,Malicious-DoH,8815.79,1.59972e-05
FlowBytesReceived,Malicious-DoH,8859.65,1.55776e-05
FlowBytesReceived,Malicious-DoH,8903.51,1.51704e-05
FlowBytesReceived,Malicious-DoH,8947.37,1.47888e-05
FlowBytesReceived,Malicious-DoH,8991.23,1.44442e-05
FlowBytesReceived,Malicious-DoH,9035.09,1.41437e-05
FlowBytesReceived,Malicious-DoH,9078.95,1.3889e-05
FlowBytesReceived,Malicious-DoH,9122.81,1.36764e-05
FlowBytesReceived,Malicious-DoH,9166.67,1.34979e-05
FlowBytesReceived,Malicious-DoH,9210.53,1.33432e-05
FlowBytesReceived,Malicious-DoH,9254.39,1.32024e-05
FlowBytesReceived,Malicious-DoH,9298.25,1.30679e-05
FlowBytesReceived,Malicious-DoH,9342.11,1.29356e-05
FlowBytesReceived,Malicious-DoH,9385.96,1.28049e-05
FlowBytesReceived,Malicious-DoH,9429.82,1.26778e-05
FlowBytesReceived,Malicious-DoH,9473.68,1.25571e-05
FlowBytesReceived,Malicious-DoH,9517.54,1.24444e-05
FlowBytesReceived,Malicious-DoH,9561.4,1.23386e-05
FlowBytesReceived,Malicious-DoH,9605.26,1.22353e-05
FlowBytesReceived,Malicious-DoH,9649.12,1.21275e-05
FlowBytesReceived,Malicious-DoH,9692.98,1.20062e-05
FlowBytesReceived,Malicious-DoH,9736.84,1.18632e-05
FlowBytesReceived,Malicious-DoH,9780.7,1.16918e-05
FlowBytesReceived,Malicious-DoH,9824.56,1.14886e-05
FlowBytesReceived,Malicious-DoH,9868.42,1.12536e-05
FlowBytesReceived,Malicious-DoH,9912.28,1.09898e-05
FlowBytesReceived,Malicious-DoH,9956.14,1.07026e-05
FlowBytesReceived,Malicious-DoH,10000,1.03982e-05
FlowBytesReceived,Malicious-DoH,10043.9,1.00836e-05
FlowBytesReceived,Malicious-DoH,10087.7,9.76551e-06
FlowBytesReceived,Malicious-DoH,10131.6,9.45013e-06
FlowBytesReceived,Malicious-DoH,10175.4,9.14333e-06
FlowBytesReceived,Malicious-DoH,10219.3,8.85034e-06
FlowBytesReceived,Malicious-DoH,10263.2,8.57562e-06
FlowBytesReceived,Malicious-DoH,10307,8.32257e-06
FlowBytesReceived,Malicious-DoH,10350.9,8.09316e-06
FlowBytesReceived,Malicious-DoH,10394.7,7.88761e-06
FlowBytesReceived,Malicious-DoH,10438.6,7.70421e-06
FlowBytesReceived,Malicious-DoH,10482.5,7.53935e-06
FlowBytesReceived,Malicious-DoH,10526.3,7.38783e-06
FlowBytesReceived,Malicious-DoH,10570.2,7.24342e-06
FlowBytesReceived,Malicious-DoH,10614,7.09967e-06
FlowBytesReceived,Malicious-DoH,10657.9,6.95077e-06
FlowBytesReceived,Malicious-DoH,10701.8,6.7924e-06
FlowBytesReceived,Malicious-DoH,10745.6,6.62229e-06
FlowBytesReceived,Malicious-DoH,10789.5,6.44037e-06
FlowBytesReceived,Malicious-DoH,10833.3,6.2487e-06
FlowBytesReceived,Malicious-DoH,10877.2,6.05088e-06
FlowBytesReceived,Malicious-DoH,10921.1,5.8514e-06
FlowBytesReceived,Malicious-DoH,10964.9,5.65495e-06
FlowBytesReceived,Malicious-DoH,11008.8,5.4658e-06
FlowBytesReceived,Malicious-DoH,11052.6,5.28737e-06
FlowBytesReceived,Malicious-DoH,11096.5,5.12199e-06
FlowBytesReceived,Malicious-DoH,11140.4,4.97081e-06
FlowBytesReceived,Malicious-DoH,11184.2,4.83383e-06
FlowBytesReceived,Malicious-DoH,11228.1,4.71005e-06
FlowBytesReceived,Malicious-DoH,11271.9,4.5977e-06
FlowBytesReceived,Malicious-DoH,11315.8,4.49449e-06
FlowBytesReceived,Malicious-DoH,11359.6,4.39793e-06
FlowBytesReceived,Malicious-DoH,11403.5,4.30567e-06
FlowBytesReceived,Malicious-DoH,11447.4,4.21578e-06
FlowBytesReceived,Malicious-DoH,11491.2,4.12703e-06
FlowBytesReceived,Malicious-DoH,11535.1,4.03904e-06
FlowBytesReceived,Malicious-DoH,11578.9,3.95233e-06
FlowBytesReceived,Malicious-DoH,11622.8,3.86815e-06
FlowBytesReceived,Malicious-DoH,11666.7,3.78816e-06
FlowBytesReceived,Malicious-DoH,11710.5,3.71402e-06
FlowBytesReceived,Malicious-DoH,11754.4,3.64688e-06
FlowBytesReceived,Malicious-DoH,11798.2,3.58705e-06
FlowBytesReceived,Malicious-DoH,11842.1,3.53379e-06
FlowBytesReceived,Malicious-DoH,11886,3.48536e-06
FlowBytesReceived,Malicious-DoH,11929.8,3.43935e-06
FlowBytesReceived,Malicious-DoH,11973.7,3.39313e-06
FlowBytesReceived,Malicious-DoH,12017.5,3.34434e-06
FlowBytesReceived,Malicious-DoH,12061.4,3.29137e-06
FlowBytesReceived,Malicious-DoH,12105.3,3.23362e-06
FlowBytesReceived,Malicious-DoH,12149.1,3.17154e-06
FlowBytesReceived,Malicious-DoH,12193,3.10651e-06
FlowBytesReceived,Malicious-DoH,12236.8,3.04051e-06
FlowBytesReceived,Malicious-DoH,12280.7,2.97569e-06
FlowBytesReceived,Malicious-DoH,12324.6,2.91397e-06
FlowBytesReceived,Malicious-DoH,12368.4,2.85674e-06
FlowBytesReceived,Malicious-DoH,12412.3,2.80466e-06
FlowBytesReceived,Malicious-DoH,12456.1,2.7577e-06
FlowBytesReceived,Malicious-DoH,12500,2.71527e-06
FlowBytesReceived,Malicious-DoH,12543.9,2.67646e-06
FlowBytesReceived,Malicious-DoH,12587.7,2.64032e-06
FlowBytesReceived,Malicious-DoH,12631.6,2.60607e-06
FlowBytesReceived,Malicious-DoH,12675.4,2.57321e-06
FlowBytesReceived,Malicious-DoH,12719.3,2.54162e-06
FlowBytesReceived,Malicious-DoH,12763.2,2.51143e-06
FlowBytesReceived,Malicious-DoH,12807,2.483e-06
FlowBytesReceived,Malicious-DoH,12850.9,2.4567e-06
FlowBytesReceived,Malicious-DoH,12894.7,2.43276e-06
FlowBytesReceived,Malicious-DoH,12938.6,2.41112e-06
FlowBytesReceived,Malicious-DoH,12982.5,2.39142e-06
FlowBytesReceived,Malicious-DoH,13026.3,2.37293e-06
FlowBytesReceived,Malicious-DoH,13070.2,2.35479e-06
FlowBytesReceived,Malicious-DoH,13114,2.33618e-06
FlowBytesReceived,Malicious-DoH,13157.9,2.3166e-06
FlowBytesReceived,Malicious-DoH,13201.8,2.29611e-06
FlowBytesReceived,Malicious-DoH,13245.6,2.27545e-06
FlowBytesReceived,Malicious-DoH,13289.5,2.25608e-06
FlowBytesReceived,Malicious-DoH,13333.3,2.24004e-06
FlowBytesReceived,Malicious-DoH,13377.2,2.22977e-06
FlowBytesReceived,Malicious-DoH,13421.1,2.22789e-06
FlowBytesReceived,Malicious-DoH,13464.9,2.237e-06
FlowBytesReceived,Malicious-DoH,13508.8,2.25961e-06
FlowBytesReceived,Malicious-DoH,13552.6,2.29808e-06
FlowBytesReceived,Malicious-DoH,13596.5,2.35472e-06
FlowBytesReceived,Malicious-DoH,13640.4,2.43184e-06
FlowBytesReceived,Malicious-DoH,13684.2,2.53184e-06
FlowBytesReceived,Malicious-DoH,13728.1,2.65708e-06
FlowBytesReceived,Malicious-DoH,13771.9,2.80969e-06
FlowBytesReceived,Malicious-DoH,13815.8,2.99115e-06
FlowBytesReceived,Malicious-DoH,13859.6,3.20171e-06
FlowBytesReceived,Malicious-DoH,13903.5,3.43974e-06
FlowBytesReceived,Malicious-DoH,13947.4,3.70122e-06
FlowBytesReceived,Malicious-DoH,13991.2,3.97933e-06
FlowBytesReceived,Malicious-DoH,14035.1,4.26451e-06
FlowBytesReceived,Malicious-DoH,14078.9,4.54485e-06
FlowBytesReceived,Malicious-DoH,14122.8,4.80695e-06
FlowBytesReceived,Malicious-DoH,14166.7,5.03713e-06
FlowBytesReceived,Malicious-DoH,14210.5,5.22278e-06
FlowBytesReceived,Malicious-DoH,14254.4,5.35373e-06
FlowBytesReceived,Malicious-DoH,14298.2,5.42333e-06
FlowBytesReceived,Malicious-DoH,14342.1,5.42915e-06
FlowBytesReceived,Malicious-DoH,14386,5.3731e-06
FlowBytesReceived,Malicious-DoH,14429.8,5.26109e-06
FlowBytesReceived,Malicious-DoH,14473.7,5.10216e-06
FlowBytesReceived,Malicious-DoH,14517.5,4.90743e-06
FlowBytesReceived,Malicious-DoH,14561.4,4.6888e-06
FlowBytesReceived,Malicious-DoH,14605.3,4.45793e-06
FlowBytesReceived,Malicious-DoH,14649.1,4.2254e-06
FlowBytesReceived,Malicious-DoH,14693,4.00024e-06
FlowBytesReceived,Malicious-DoH,14736.8,3.78995e-06
FlowBytesReceived,Malicious-DoH,14780.7,3.60085e-06
FlowBytesReceived,Malicious-DoH,14824.6,3.43877e-06
FlowBytesReceived,Malicious-DoH,14868.4,3.31009e-06
FlowBytesReceived,Malicious-DoH,14912.3,3.22279e-06
FlowBytesReceived,Malicious-DoH,14956.1,3.18761e-06
FlowBytesReceived,Malicious-DoH,15000,3.21912e-06
FlowBytesReceived,Malicious-DoH,15043.9,3.33619e-06
FlowBytesReceived,Malicious-DoH,15087.7,3.56178e-06
FlowBytesReceived,Malicious-DoH,15131.6,3.92136e-06
FlowBytesReceived,Malicious-DoH,15175.4,4.43962e-06
FlowBytesReceived,Malicious-DoH,15219.3,5.13548e-06
FlowBytesReceived,Malicious-DoH,15263.2,6.01566e-06
FlowBytesReceived,Malicious-DoH,15307,7.06796e-06
FlowBytesReceived,Malicious-DoH,15350.9,8.2558e-06
FlowBytesReceived,Malicious-DoH,15394.7,9.51603e-06
FlowBytesReceived,Malicious-DoH,15438.6,1.07615e-05
FlowBytesReceived,Malicious-DoH,15482.5,1.18892e-05
FlowBytesReceived,Malicious-DoH,15526.3,1.27933e-05
FlowBytesReceived,Malicious-DoH,15570.2,1.33812e-05
FlowBytesReceived,Malicious-DoH,15614,1.35884e-05
FlowBytesReceived,Malicious-DoH,15657.9,1.33897e-05
FlowBytesReceived,Malicious-DoH,15701.8,1.28042e-05
FlowBytesReceived,Malicious-DoH,15745.6,1.18912e-05
FlowBytesReceived,Malicious-DoH,15789.5,1.074e-05
FlowBytesReceived,Malicious-DoH,15833.3,9.45484e-06
FlowBytesReceived,Malicious-DoH,15877.2,8.13938e-06
FlowBytesReceived,Malicious-DoH,15921.1,6.88268e-06
FlowBytesReceived,Malicious-DoH,15964.9,5.75059e-06
FlowBytesReceived,Malicious-DoH,16008.8,4.78234e-06
FlowBytesReceived,Malicious-DoH,16052.6,3.99222e-06
FlowBytesReceived,Malicious-DoH,16096.5,3.37458e-06
FlowBytesReceived,Malicious-DoH,16140.4,2.91058e-06
FlowBytesReceived,Malicious-DoH,16184.2,2.5746e-06
FlowBytesReceived,Malicious-DoH,16228.1,2.33963e-06
FlowBytesReceived,Malicious-DoH,16271.9,2.18083e-06
FlowBytesReceived,Malicious-DoH,16315.8,2.07739e-06
FlowBytesReceived,Malicious-DoH,16359.6,2.01315e-06
FlowBytesReceived,Malicious-DoH,16403.5,1.97626e-06
FlowBytesReceived,Malicious-DoH,16447.4,1.95839e-06
FlowBytesReceived,Malicious-DoH,16491.2,1.95388e-06
FlowBytesReceived,Malicious-DoH,16535.1,1.95883e-06
FlowBytesReceived,Malicious-DoH,16578.9,1.97051e-06
FlowBytesReceived,Malicious-DoH,16622.8,1.98685e-06
FlowBytesReceived,Malicious-DoH,16666.7,2.00623e-06
FlowBytesReceived,Malicious-DoH,16710.5,2.02739e-06
FlowBytesReceived,Malicious-DoH,16754.4,2.04932e-06
FlowBytesReceived,Malicious-DoH,16798.2,2.07125e-06
FlowBytesReceived,Malicious-DoH,16842.1,2.09247e-06
FlowBytesReceived,Malicious-DoH,16886,2.11215e-06
FlowBytesReceived,Malicious-DoH,16929.8,2.1291e-06
FlowBytesReceived,Malicious-DoH,16973.7,2.14151e-06
FlowBytesReceived,Malicious-DoH,17017.5,2.1469e-06
FlowBytesReceived,Malicious-DoH,17061.4,2.14217e-06
FlowBytesReceived,Malicious-DoH,17105.3,2.12386e-06
FlowBytesReceived,Malicious-DoH,17149.1,2.08851e-06
FlowBytesReceived,Malicious-DoH,17193,2.03311e-06
FlowBytesReceived,Malicious-DoH,17236.8,1.95559e-06
FlowBytesReceived,Malicious-DoH,17280.7,1.85511e-06
FlowBytesReceived,Malicious-DoH,17324.6,1.7324e-06
FlowBytesReceived,Malicious-DoH,17368.4,1.58977e-06
FlowBytesReceived,Malicious-DoH,17412.3,1.43107e-06
FlowBytesReceived,Malicious-DoH,17456.1,1.26149e-06
FlowBytesReceived,Malicious-DoH,17500,1.08707e-06
PacketLengthMean,Non-DoH,0,4.60936e-08
PacketLengthMean,Non-DoH,2.00501,1.03568e-07
PacketLengthMean,Non-DoH,4.01003,2.26447e-07
PacketLengthMean,Non-DoH,6.01504,4.81803e-07
PacketLengthMean,Non-DoH,8.02005,9.97545e-07
PacketLengthMean,Non-DoH,10.0251,2.00983e-06
PacketLengthMean,Non-DoH,12.0301,3.94048e-06
PacketLengthMean,Non-DoH,14.0351,7.51809e-06
PacketLengthMean,Non-DoH,16.0401,1.39584e-05
PacketLengthMean,Non-DoH,18.0451,2.52196e-05
PacketLengthMean,Non-DoH,20.0501,4.43423e-05
PacketLengthMean,Non-DoH,22.0551,7.58722e-05
PacketLengthMean,Non-DoH,24.0602,0.000126339
PacketLengthMean,Non-DoH,26.0652,0.000204735
PacketLengthMean,Non-DoH,28.0702,0.000322892
PacketLengthMean,Non-DoH,30.0752,0.000495614
PacketLengthMean,Non-DoH,32.0802,0.000740403
PacketLengthMean,Non-DoH,34.0852,0.00107659
PacketLengthMean,Non-DoH,36.0902,0.00152373
PacketLengthMean,Non-DoH,38.0952,0.0020993
PacketLengthMean,Non-DoH,40.1003,0.00281566
PacketLengthMean,Non-DoH,42.1053,0.00367678
PacketLengthMean,Non-DoH,44.1103,0.00467507
PacketLengthMean,Non-DoH,46.1153,0.00578898
PacketLengthMean,Non-DoH,48.1203,0.00698209
PacketLengthMean,Non-DoH,50.1253,0.00820415
PacketLengthMean,Non-DoH,52.1303,0.00939426
PacketLengthMean,Non-DoH,54.1353,0.0104862
PacketLengthMean,Non-DoH,56.1404,0.011415
PacketLengthMean,Non-DoH,58.1454,0.0121245
PacketLengthMean,Non-DoH,60.1504,0.0125737
PacketLengthMean,Non-DoH,62.1554,0.0127415
PacketLengthMean,Non-DoH,64.1604,0.012629
PacketLengthMean,Non-DoH,66.1654,0.0122587
PacketLengthMean,Non-DoH,68.1704,0.0116709
PacketLengthMean,Non-DoH,70.1754,0.0109181
PacketLengthMean,Non-DoH,72.1805,0.0100581
PacketLengthMean,Non-DoH,74.1855,0.00914754
PacketLengthMean,Non-DoH,76.1905,0.00823623
PacketLengthMean,Non-DoH,78.1955,0.00736348
PacketLengthMean,Non-DoH,80.2005,0.00655622
PacketLengthMean,Non-DoH,82.2055,0.00582918
PacketLengthMean,Non-DoH,84.2105,0.00518657
PacketLengthMean,Non-DoH,86.2155,0.00462454
PacketLengthMean,Non-DoH,88.2206,0.0041342
PacketLengthMean,Non-DoH,90.2256,0.00370427
PacketLengthMean,Non-DoH,92.2306,0.00332336
PacketLengthMean,Non-DoH,94.2356,0.00298156
PacketLengthMean,Non-DoH,96.2406,0.00267126
PacketLengthMean,Non-DoH,98.2456,0.00238745
PacketLengthMean,Non-DoH,100.251,0.00212741
PacketLengthMean,Non-DoH,102.256,0.00189022
PacketLengthMean,Non-DoH,104.261,0.00167603
PacketLengthMean,Non-DoH,106.266,0.00148536
PacketLengthMean,Non-DoH,108.271,0.00131855
PacketLengthMean,Non-DoH,110.276,0.00117532
PacketLengthMean,Non-DoH,112.281,0.00105463
PacketLengthMean,Non-DoH,114.286,0.000954657
PacketLengthMean,Non-DoH,116.291,0.000872975
PacketLengthMean,Non-DoH,118.296,0.00080681
PacketLengthMean,Non-DoH,120.301,0.000753326
PacketLengthMean,Non-DoH,122.306,0.000709884
PacketLengthMean,Non-DoH,124.311,0.00067423
PacketLengthMean,Non-DoH,126.316,0.000644593
PacketLengthMean,Non-DoH,128.321,0.000619704
PacketLengthMean,Non-DoH,130.326,0.000598734
PacketLengthMean,Non-DoH,132.331,0.0005812
PacketLengthMean,Non-DoH,134.336,0.000566845
PacketLengthMean,Non-DoH,136.341,0.00055553
PacketLengthMean,Non-DoH,138.346,0.000547146
PacketLengthMean,Non-DoH,140.351,0.000541562
PacketLengthMean,Non-DoH,142.356,0.000538591
PacketLengthMean,Non-DoH,144.361,0.000537996
PacketLengthMean,Non-DoH,146.366,0.000539502
PacketLengthMean,Non-DoH,148.371,0.000542811
PacketLengthMean,Non-DoH,150.376,0.000547627
PacketLengthMean,Non-DoH,152.381,0.000553662
PacketLengthMean,Non-DoH,154.386,0.000560638
PacketLengthMean,Non-DoH,156.391,0.000568281
PacketLengthMean,Non-DoH,158.396,0.000576304
PacketLengthMean,Non-DoH,160.401,0.000584401
PacketLengthMean,Non-DoH,162.406,0.000592239
PacketLengthMean,Non-DoH,164.411,0.000599457
PacketLengthMean,Non-DoH,166.416,0.000605688
PacketLengthMean,Non-DoH,168.421,0.000610585
PacketLengthMean,Non-DoH,170.426,0.000613847
PacketLengthMean,Non-DoH,172.431,0.000615263
PacketLengthMean,Non-DoH,174.436,0.000614733
PacketLengthMean,Non-DoH,176.441,0.000612287
PacketLengthMean,Non-DoH,178.446,0.000608081
PacketLengthMean,Non-DoH,180.451,0.000602385
PacketLengthMean,Non-DoH,182.456,0.000595542
PacketLengthMean,Non-DoH,184.461,0.000587938
PacketLengthMean,Non-DoH,186.466,0.000579952
PacketLengthMean,Non-DoH,188.471,0.000571923
PacketLengthMean,Non-DoH,190.476,0.000564126
PacketLengthMean,Non-DoH,192.481,0.000556761
PacketLengthMean,Non-DoH,194.486,0.00054996
PacketLengthMean,Non-DoH,196.491,0.000543804
PacketLengthMean,Non-DoH,198.496,0.000538341
PacketLengthMean,Non-DoH,200.501,0.000533616
PacketLengthMean,Non-DoH,202.506,0.000529687
PacketLengthMean,Non-DoH,204.511,0.000526639
PacketLengthMean,Non-DoH,206.516,0.000524588
PacketLengthMean,Non-DoH,208.521,0.000523676
PacketLengthMean,Non-DoH,210.526,0.000524059
PacketLengthMean,Non-DoH,212.531,0.000525894
PacketLengthMean,Non-DoH,214.536,0.000529326
PacketLengthMean,Non-DoH,216.541,0.000534474
PacketLengthMean,Non-DoH,218.546,0.000541429
PacketLengthMean,Non-DoH,220.551,0.00055025
PacketLengthMean,Non-DoH,222.556,0.00056097
PacketLengthMean,Non-DoH,224.561,0.000573605
PacketLengthMean,Non-DoH,226.566,0.000588171
PacketLengthMean,Non-DoH,228.571,0.000604693
PacketLengthMean,Non-DoH,230.576,0.00062322
PacketLengthMean,Non-DoH,232.581,0.000643834
PacketLengthMean,Non-DoH,234.586,0.000666656
PacketLengthMean,Non-DoH,236.591,0.000691842
PacketLengthMean,Non-DoH,238.596,0.000719577
PacketLengthMean,Non-DoH,240.602,0.000750063
PacketLengthMean,Non-DoH,242.607,0.000783499
PacketLengthMean,Non-DoH,244.612,0.000820069
PacketLengthMean,Non-DoH,246.617,0.000859913
PacketLengthMean,Non-DoH,248.622,0.00090312
PacketLengthMean,Non-DoH,250.627,0.000949698
PacketLengthMean,Non-DoH,252.632,0.000999564
PacketLengthMean,Non-DoH,254.637,0.00105253
PacketLengthMean,Non-DoH,256.642,0.00110826
PacketLengthMean,Non-DoH,258.647,0.00116632
PacketLengthMean,Non-DoH,260.652,0.00122611
PacketLengthMean,Non-DoH,262.657,0.00128691
PacketLengthMean,Non-DoH,264.662,0.0013479
PacketLengthMean,Non-DoH,266.667,0.00140824
PacketLengthMean,Non-DoH,268.672,0.00146709
PacketLengthMean,Non-DoH,270.677,0.00152373
PacketLengthMean,Non-DoH,272.682,0.00157763
PacketLengthMean,Non-DoH,274.687,0.00162851
PacketLengthMean,Non-DoH,276.692,0.00167637
PacketLengthMean,Non-DoH,278.697,0.00172147
PacketLengthMean,Non-DoH,280.702,0.00176429
PacketLengthMean,Non-DoH,282.707,0.00180542
PacketLengthMean,Non-DoH,284.712,0.00184545
PacketLengthMean,Non-DoH,286.717,0.00188481
PacketLengthMean,Non-DoH,288.722,0.00192372
PacketLengthMean,Non-DoH,290.727,0.00196207
PacketLengthMean,Non-DoH,292.732,0.00199947
PacketLengthMean,Non-DoH,294.737,0.00203528
PacketLengthMean,Non-DoH,296.742,0.00206868
PacketLengthMean,Non-DoH,298.747,0.00209886
PacketLengthMean,Non-DoH,300.752,0.0021251
PacketLengthMean,Non-DoH,302.757,0.00214686
PacketLengthMean,Non-DoH,304.762,0.0021639
PacketLengthMean,Non-DoH,306.767,0.00217619
PacketLengthMean,Non-DoH,308.772,0.00218397
PacketLengthMean,Non-DoH,310.777,0.00218759
PacketLengthMean,Non-DoH,312.782,0.0021875
PacketLengthMean,Non-DoH,314.787,0.0021841
PacketLengthMean,Non-DoH,316.792,0.00217776
PacketLengthMean,Non-DoH,318.797,0.00216877
PacketLengthMean,Non-DoH,320.802,0.00215734
PacketLengthMean,Non-DoH,322.807,0.00214368
PacketLengthMean,Non-DoH,324.812,0.00212802
PacketLengthMean,Non-DoH,326.817,0.00211064
PacketLengthMean,Non-DoH,328.822,0.00209191
PacketLengthMean,Non-DoH,330.827,0.00207225
PacketLengthMean,Non-DoH,332.832,0.00205213
PacketLengthMean,Non-DoH,334.837,0.00203198
PacketLengthMean,Non-DoH,336.842,0.00201218
PacketLengthMean,Non-DoH,338.847,0.00199297
PacketLengthMean,Non-DoH,340.852,0.00197445
PacketLengthMean,Non-DoH,342.857,0.00195655
PacketLengthMean,Non-DoH,344.862,0.00193907
PacketLengthMean,Non-DoH,346.867,0.00192172
PacketLengthMean,Non-DoH,348.872,0.00190417
PacketLengthMean,Non-DoH,350.877,0.00188612
PacketLengthMean,Non-DoH,352.882,0.00186736
PacketLengthMean,Non-DoH,354.887,0.00184778
PacketLengthMean,Non-DoH,356.892,0.00182745
PacketLengthMean,Non-DoH,358.897,0.00180655
PacketLengthMean,Non-DoH,360.902,0.00178539
PacketLengthMean,Non-DoH,362.907,0.00176436
PacketLengthMean,Non-DoH,364.912,0.00174384
PacketLengthMean,Non-DoH,366.917,0.00172417
PacketLengthMean,Non-DoH,368.922,0.00170562
PacketLengthMean,Non-DoH,370.927,0.00168829
PacketLengthMean,Non-DoH,372.932,0.00167214
PacketLengthMean,Non-DoH,374.937,0.00165697
PacketLengthMean,Non-DoH,376.942,0.00164248
PacketLengthMean,Non-DoH,378.947,0.00162825
PacketLengthMean,Non-DoH,380.952,0.00161385
PacketLengthMean,Non-DoH,382.957,0.00159885
PacketLengthMean,Non-DoH,384.962,0.0015829
PacketLengthMean,Non-DoH,386.967,0.00156571
PacketLengthMean,Non-DoH,388.972,0.00154711
PacketLengthMean,Non-DoH,390.977,0.00152706
PacketLengthMean,Non-DoH,392.982,0.00150557
PacketLengthMean,Non-DoH,394.987,0.00148275
PacketLengthMean,Non-DoH,396.992,0.00145873
PacketLengthMean,Non-DoH,398.997,0.00143369
PacketLengthMean,Non-DoH,401.003,0.00140777
PacketLengthMean,Non-DoH,403.008,0.00138115
PacketLengthMean,Non-DoH,405.013,0.00135397
PacketLengthMean,Non-DoH,407.018,0.00132635
PacketLengthMean,Non-DoH,409.023,0.00129842
PacketLengthMean,Non-DoH,411.028,0.00127031
PacketLengthMean,Non-DoH,413.033,0.00124213
PacketLengthMean,Non-DoH,415.038,0.001214
PacketLengthMean,Non-DoH,417.043,0.00118604
PacketLengthMean,Non-DoH,419.048,0.00115838
PacketLengthMean,Non-DoH,421.053,0.00113115
PacketLengthMean,Non-DoH,423.058,0.00110447
PacketLengthMean,Non-DoH,425.063,0.00107844
PacketLengthMean,Non-DoH,427.068,0.00105316
PacketLengthMean,Non-DoH,429.073,0.0010287
PacketLengthMean,Non-DoH,431.078,0.00100509
PacketLengthMean,Non-DoH,433.083,0.000982335
PacketLengthMean,Non-DoH,435.088,0.000960391
PacketLengthMean,Non-DoH,437.093,0.000939183
PacketLengthMean,Non-DoH,439.098,0.000918608
PacketLengthMean,Non-DoH,441.103,0.00089855
PacketLengthMean,Non-DoH,443.108,0.000878894
PacketLengthMean,Non-DoH,445.113,0.000859548
PacketLengthMean,Non-DoH,447.118,0.000840454
PacketLengthMean,Non-DoH,449.123,0.0008216
PacketLengthMean,Non-DoH,451.128,0.000803022
PacketLengthMean,Non-DoH,453.133,0.000784803
PacketLengthMean,Non-DoH,455.138,0.000767054
PacketLengthMean,Non-DoH,457.143,0.000749905
PacketLengthMean,Non-DoH,459.148,0.000733479
PacketLengthMean,Non-DoH,461.153,0.000717877
PacketLengthMean,Non-DoH,463.158,0.000703164
PacketLengthMean,Non-DoH,465.163,0.00068936
PacketLengthMean,Non-DoH,467.168,0.000676443
PacketLengthMean,Non-DoH,469.173,0.000664352
PacketLengthMean,Non-DoH,471.178,0.000652997
PacketLengthMean,Non-DoH,473.183,0.000642273
PacketLengthMean,Non-DoH,475.188,0.000632069
PacketLengthMean,Non-DoH,477.193,0.000622274
PacketLengthMean,Non-DoH,479.198,0.000612783
PacketLengthMean,Non-DoH,481.203,0.000603495
PacketLengthMean,Non-DoH,483.208,0.00059431
PacketLengthMean,Non-DoH,485.213,0.000585132
PacketLengthMean,Non-DoH,487.218,0.000575862
PacketLengthMean,Non-DoH,489.223,0.000566406
PacketLengthMean,Non-DoH,491.228,0.000556678
PacketLengthMean,Non-DoH,493.233,0.000546613
PacketLengthMean,Non-DoH,495.238,0.000536169
PacketLengthMean,Non-DoH,497.243,0.000525342
PacketLengthMean,Non-DoH,499.248,0.000514168
PacketLengthMean,Non-DoH,501.253,0.000502725
PacketLengthMean,Non-DoH,503.258,0.000491126
PacketLengthMean,Non-DoH,505.263,0.000479508
PacketLengthMean,Non-DoH,507.268,0.000468023
PacketLengthMean,Non-DoH,509.273,0.000456814
PacketLengthMean,Non-DoH,511.278,0.000446009
PacketLengthMean,Non-DoH,513.283,0.000435699
PacketLengthMean,Non-DoH,515.288,0.000425935
PacketLengthMean,Non-DoH,517.293,0.000416726
PacketLengthMean,Non-DoH,519.298,0.00040804
PacketLengthMean,Non-DoH,521.303,0.000399811
PacketLengthMean,Non-DoH,523.308,0.000391957
PacketLengthMean,Non-DoH,525.313,0.00038439
PacketLengthMean,Non-DoH,527.318,0.000377029
PacketLengthMean,Non-DoH,529.323,0.000369812
PacketLengthMean,Non-DoH,531.328,0.000362705
PacketLengthMean,Non-DoH,533.333,0.0003557
PacketLengthMean,Non-DoH,535.338,0.000348819
PacketLengthMean,Non-DoH,537.343,0.000342101
PacketLengthMean,Non-DoH,539.348,0.0003356
PacketLengthMean,Non-DoH,541.353,0.000329376
PacketLengthMean,Non-DoH,543.358,0.000323481
PacketLengthMean,Non-DoH,545.363,0.000317958
PacketLengthMean,Non-DoH,547.368,0.000312834
PacketLengthMean,Non-DoH,549.373,0.000308119
PacketLengthMean,Non-DoH,551.378,0.000303806
PacketLengthMean,Non-DoH,553.383,0.000299874
PacketLengthMean,Non-DoH,555.388,0.000296288
PacketLengthMean,Non-DoH,557.393,0.000293009
PacketLengthMean,Non-DoH,559.398,0.000289991
PacketLengthMean,Non-DoH,561.404,0.00028719
PacketLengthMean,Non-DoH,563.409,0.000284562
PacketLengthMean,Non-DoH,565.414,0.000282068
PacketLengthMean,Non-DoH,567.419,0.000279675
PacketLengthMean,Non-DoH,569.424,0.000277353
PacketLengthMean,Non-DoH,571.429,0.000275079
PacketLengthMean,Non-DoH,573.434,0.000272831
PacketLengthMean,Non-DoH,575.439,0.000270593
PacketLengthMean,Non-DoH,577.444,0.000268351
PacketLengthMean,Non-DoH,579.449,0.000266092
PacketLengthMean,Non-DoH,581.454,0.000263809
PacketLengthMean,Non-DoH,583.459,0.000261497
PacketLengthMean,Non-DoH,585.464,0.000259157
PacketLengthMean,Non-DoH,587.469,0.000256799
PacketLengthMean,Non-DoH,589.474,0.000254439
PacketLengthMean,Non-DoH,591.479,0.000252098
PacketLengthMean,Non-DoH,593.484,0.000249805
PacketLengthMean,Non-DoH,595.489,0.00024759
PacketLengthMean,Non-DoH,597.494,0.000245482
PacketLengthMean,Non-DoH,599.499,0.000243506
PacketLengthMean,Non-DoH,601.504,0.000241677
PacketLengthMean,Non-DoH,603.509,0.00024
PacketLengthMean,Non-DoH,605.514,0.00023847
PacketLengthMean,Non-DoH,607.519,0.000237069
PacketLengthMean,Non-DoH,609.524,0.000235773
PacketLengthMean,Non-DoH,611.529,0.000234555
PacketLengthMean,Non-DoH,613.534,0.000233384
PacketLengthMean,Non-DoH,615.539,0.000232233
PacketLengthMean,Non-DoH,617.544,0.000231078
PacketLengthMean,Non-DoH,619.549,0.000229904
PacketLengthMean,Non-DoH,621.554,0.000228698
PacketLengthMean,Non-DoH,623.559,0.000227457
PacketLengthMean,Non-DoH,625.564,0.00022618
PacketLengthMean,Non-DoH,627.569,0.000224874
PacketLengthMean,Non-DoH,629.574,0.000223548
PacketLengthMean,Non-DoH,631.579,0.000222219
PacketLengthMean,Non-DoH,633.584,0.000220903
PacketLengthMean,Non-DoH,635.589,0.000219621
PacketLengthMean,Non-DoH,637.594,0.000218397
PacketLengthMean,Non-DoH,639.599,0.000217251
PacketLengthMean,Non-DoH,641.604,0.0002162
PacketLengthMean,Non-DoH,643.609,0.000215259
PacketLengthMean,Non-DoH,645.614,0.000214433
PacketLengthMean,Non-DoH,647.619,0.000213722
PacketLengthMean,Non-DoH,649.624,0.000213119
PacketLengthMean,Non-DoH,651.629,0.000212612
PacketLengthMean,Non-DoH,653.634,0.000212186
PacketLengthMean,Non-DoH,655.639,0.000211826
PacketLengthMean,Non-DoH,657.644,0.000211519
PacketLengthMean,Non-DoH,659.649,0.000211254
PacketLengthMean,Non-DoH,661.654,0.000211026
PacketLengthMean,Non-DoH,663.659,0.000210832
PacketLengthMean,Non-DoH,665.664,0.000210671
PacketLengthMean,Non-DoH,667.669,0.000210545
PacketLengthMean,Non-DoH,669.674,0.000210453
PacketLengthMean,Non-DoH,671.679,0.000210392
PacketLengthMean,Non-DoH,673.684,0.000210354
PacketLengthMean,Non-DoH,675.689,0.000210331
PacketLengthMean,Non-DoH,677.694,0.00021031
PacketLengthMean,Non-DoH,679.699,0.000210274
PacketLengthMean,Non-DoH,681.704,0.000210209
PacketLengthMean,Non-DoH,683.709,0.000210101
PacketLengthMean,Non-DoH,685.714,0.000209941
PacketLengthMean,Non-DoH,687.719,0.000209724
PacketLengthMean,Non-DoH,689.724,0.000209454
PacketLengthMean,Non-DoH,691.729,0.000209143
PacketLengthMean,Non-DoH,693.734,0.000208812
PacketLengthMean,Non-DoH,695.739,0.00020849
PacketLengthMean,Non-DoH,697.744,0.000208209
PacketLengthMean,Non-DoH,699.749,0.000208004
PacketLengthMean,Non-DoH,701.754,0.000207907
PacketLengthMean,Non-DoH,703.759,0.000207944
PacketLengthMean,Non-DoH,705.764,0.000208132
PacketLengthMean,Non-DoH,707.769,0.000208474
PacketLengthMean,Non-DoH,709.774,0.000208966
PacketLengthMean,Non-DoH,711.779,0.00020959
PacketLengthMean,Non-DoH,713.784,0.000210326
PacketLengthMean,Non-DoH,715.789,0.000211147
PacketLengthMean,Non-DoH,717.794,0.000212031
PacketLengthMean,Non-DoH,719.799,0.000212958
PacketLengthMean,Non-DoH,721.805,0.000213911
PacketLengthMean,Non-DoH,723.81,0.000214882
PacketLengthMean,Non-DoH,725.815,0.000215864
PacketLengthMean,Non-DoH,727.82,0.000216852
PacketLengthMean,Non-DoH,729.825,0.00021784
PacketLengthMean,Non-DoH,731.83,0.000218818
PacketLengthMean,Non-DoH,733.835,0.000219772
PacketLengthMean,Non-DoH,735.84,0.000220682
PacketLengthMean,Non-DoH,737.845,0.000221525
PacketLengthMean,Non-DoH,739.85,0.000222275
PacketLengthMean,Non-DoH,741.855,0.000222906
PacketLengthMean,Non-DoH,743.86,0.000223393
PacketLengthMean,Non-DoH,745.865,0.000223717
PacketLengthMean,Non-DoH,747.87,0.000223866
PacketLengthMean,Non-DoH,749.875,0.000223835
PacketLengthMean,Non-DoH,751.88,0.000223629
PacketLengthMean,Non-DoH,753.885,0.000223263
PacketLengthMean,Non-DoH,755.89,0.00022276
PacketLengthMean,Non-DoH,757.895,0.000222148
PacketLengthMean,Non-DoH,759.9,0.000221461
PacketLengthMean,Non-DoH,761.905,0.000220726
PacketLengthMean,Non-DoH,763.91,0.000219966
PacketLengthMean,Non-DoH,765.915,0.000219185
PacketLengthMean,Non-DoH,767.92,0.000218367
PacketLengthMean,Non-DoH,769.925,0.000217466
PacketLengthMean,Non-DoH,771.93,0.000216403
PacketLengthMean,Non-DoH,773.935,0.000215066
PacketLengthMean,Non-DoH,775.94,0.000213307
PacketLengthMean,Non-DoH,777.945,0.00021095
PacketLengthMean,Non-DoH,779.95,0.0002078
PacketLengthMean,Non-DoH,781.955,0.000203656
PacketLengthMean,Non-DoH,783.96,0.000198327
PacketLengthMean,Non-DoH,785.965,0.000191654
PacketLengthMean,Non-DoH,787.97,0.00018353
PacketLengthMean,Non-DoH,789.975,0.000173919
PacketLengthMean,Non-DoH,791.98,0.000162869
PacketLengthMean,Non-DoH,793.985,0.000150524
PacketLengthMean,Non-DoH,795.99,0.000137119
PacketLengthMean,Non-DoH,797.995,0.000122967
PacketLengthMean,Non-DoH,800,0.00010844
PacketLengthMean,Benign-DoH,0,6.83074e-10
PacketLengthMean,Benign-DoH,2.00501,1.69665e-09
PacketLengthMean,Benign-DoH,4.01003,4.09036e-09
PacketLengthMean,Benign-DoH,6.01504,9.57184e-09
PacketLengthMean,Benign-DoH,8.02005,2.17428e-08
PacketLengthMean,Benign-DoH,10.0251,4.79453e-08
PacketLengthMean,Benign-DoH,12.0301,1.02639e-07
PacketLengthMean,Benign-DoH,14.0351,2.13329e-07
PacketLengthMean,Benign-DoH,16.0401,4.30519e-07
PacketLengthMean,Benign-DoH,18.0451,8.43684e-07
PacketLengthMean,Benign-DoH,20.0501,1.60568e-06
PacketLengthMean,Benign-DoH,22.0551,2.96816e-06
PacketLengthMean,Benign-DoH,24.0602,5.32998e-06
PacketLengthMean,Benign-DoH,26.0652,9.29924e-06
PacketLengthMean,Benign-DoH,28.0702,1.57667e-05
PacketLengthMean,Benign-DoH,30.0752,2.59842e-05
PacketLengthMean,Benign-DoH,32.0802,4.16366e-05
PacketLengthMean,Benign-DoH,34.0852,6.48919e-05
PacketLengthMean,Benign-DoH,36.0902,9.84099e-05
PacketLengthMean,Benign-DoH,38.0952,0.000145294
PacketLengthMean,Benign-DoH,40.1003,0.00020898
PacketLengthMean,Benign-DoH,42.1053,0.000293064
PacketLengthMean,Benign-DoH,44.1103,0.00040112
PacketLengthMean,Benign-DoH,46.1153,0.000536541
PacketLengthMean,Benign-DoH,48.1203,0.000702502
PacketLengthMean,Benign-DoH,50.1253,0.000902118
PacketLengthMean,Benign-DoH,52.1303,0.00113885
PacketLengthMean,Benign-DoH,54.1353,0.00141718
PacketLengthMean,Benign-DoH,56.1404,0.00174341
PacketLengthMean,Benign-DoH,58.1454,0.00212649
PacketLengthMean,Benign-DoH,60.1504,0.00257845
PacketLengthMean,Benign-DoH,62.1554,0.00311422
PacketLengthMean,Benign-DoH,64.1604,0.0037504
PacketLengthMean,Benign-DoH,66.1654,0.00450287
PacketLengthMean,Benign-DoH,68.1704,0.0053832
PacketLengthMean,Benign-DoH,70.1754,0.00639433
PacketLengthMean,Benign-DoH,72.1805,0.00752606
PacketLengthMean,Benign-DoH,74.1855,0.00875151
PacketLengthMean,Benign-DoH,76.1905,0.0100254
PacketLengthMean,Benign-DoH,78.1955,0.011285
PacketLengthMean,Benign-DoH,80.2005,0.0124545
PacketLengthMean,Benign-DoH,82.2055,0.0134521
PacketLengthMean,Benign-DoH,84.2105,0.0141999
PacketLengthMean,Benign-DoH,86.2155,0.0146334
PacketLengthMean,Benign-DoH,88.2206,0.0147112
PacketLengthMean,Benign-DoH,90.2256,0.0144212
PacketLengthMean,Benign-DoH,92.2306,0.0137831
PacketLengthMean,Benign-DoH,94.2356,0.012846
PacketLengthMean,Benign-DoH,96.2406,0.0116827
PacketLengthMean,Benign-DoH,98.2456,0.0103802
PacketLengthMean,Benign-DoH,100.251,0.00902951
PacketLengthMean,Benign-DoH,102.256,0.00771532
PacketLengthMean,Benign-DoH,104.261,0.00650855
PacketLengthMean,Benign-DoH,106.266,0.00546129
PacketLengthMean,Benign-DoH,108.271,0.00460529
PacketLengthMean,Benign-DoH,110.276,0.00395333
PacketLengthMean,Benign-DoH,112.281,0.00350283
PacketLengthMean,Benign-DoH,114.286,0.00324042
PacketLengthMean,Benign-DoH,116.291,0.00314658
PacketLengthMean,Benign-DoH,118.296,0.00319954
PacketLengthMean,Benign-DoH,120.301,0.0033778
PacketLengthMean,Benign-DoH,122.306,0.00366127
PacketLengthMean,Benign-DoH,124.311,0.00403115
PacketLengthMean,Benign-DoH,126.316,0.00446893
PacketLengthMean,Benign-DoH,128.321,0.00495506
PacketLengthMean,Benign-DoH,130.326,0.00546783
PacketLengthMean,Benign-DoH,132.331,0.00598284
PacketLengthMean,Benign-DoH,134.336,0.0064734
PacketLengthMean,Benign-DoH,136.341,0.00691191
PacketLengthMean,Benign-DoH,138.346,0.00727201
PacketLengthMean,Benign-DoH,140.351,0.00753114
PacketLengthMean,Benign-DoH,142.356,0.00767315
PacketLengthMean,Benign-DoH,144.361,0.0076902
PacketLengthMean,Benign-DoH,146.366,0.00758389
PacketLengthMean,Benign-DoH,148.371,0.007365
PacketLengthMean,Benign-DoH,150.376,0.00705221
PacketLengthMean,Benign-DoH,152.381,0.00666973
PacketLengthMean,Benign-DoH,154.386,0.00624439
PacketLengthMean,Benign-DoH,156.391,0.00580269
PacketLengthMean,Benign-DoH,158.396,0.00536814
PacketLengthMean,Benign-DoH,160.401,0.00495941
PacketLengthMean,Benign-DoH,162.406,0.00458926
PacketLengthMean,Benign-DoH,164.411,0.00426443
PacketLengthMean,Benign-DoH,166.416,0.00398614
PacketLengthMean,Benign-DoH,168.421,0.00375122
PacketLengthMean,Benign-DoH,170.426,0.0035533
PacketLengthMean,Benign-DoH,172.431,0.00338413
PacketLengthMean,Benign-DoH,174.436,0.00323471
PacketLengthMean,Benign-DoH,176.441,0.00309625
PacketLengthMean,Benign-DoH,178.446,0.00296089
PacketLengthMean,Benign-DoH,180.451,0.00282226
PacketLengthMean,Benign-DoH,182.456,0.00267582
PacketLengthMean,Benign-DoH,184.461,0.0025191
PacketLengthMean,Benign-DoH,186.466,0.00235174
PacketLengthMean,Benign-DoH,188.471,0.00217537
PacketLengthMean,Benign-DoH,190.476,0.00199336
PacketLengthMean,Benign-DoH,192.481,0.00181033
PacketLengthMean,Benign-DoH,194.486,0.00163167
PacketLengthMean,Benign-DoH,196.491,0.00146287
PacketLengthMean,Benign-DoH,198.496,0.00130905
PacketLengthMean,Benign-DoH,200.501,0.00117443
PacketLengthMean,Benign-DoH,202.506,0.00106204
PacketLengthMean,Benign-DoH,204.511,0.000973634
PacketLengthMean,Benign-DoH,206.516,0.000909684
PacketLengthMean,Benign-DoH,208.521,0.000869576
PacketLengthMean,Benign-DoH,210.526,0.000851854
PacketLengthMean,Benign-DoH,212.531,0.000854482
PacketLengthMean,Benign-DoH,214.536,0.000875091
PacketLengthMean,Benign-DoH,216.541,0.000911161
PacketLengthMean,Benign-DoH,218.546,0.000960133
PacketLengthMean,Benign-DoH,220.551,0.00101946
PacketLengthMean,Benign-DoH,222.556,0.00108662
PacketLengthMean,Benign-DoH,224.561,0.00115906
PacketLengthMean,Benign-DoH,226.566,0.0012342
PacketLengthMean,Benign-DoH,228.571,0.00130935
PacketLengthMean,Benign-DoH,230.576,0.00138174
PacketLengthMean,Benign-DoH,232.581,0.0014485
PacketLengthMean,Benign-DoH,234.586,0.00150669
PacketLengthMean,Benign-DoH,236.591,0.0015534
PacketLengthMean,Benign-DoH,238.596,0.00158582
PacketLengthMean,Benign-DoH,240.602,0.00160142
PacketLengthMean,Benign-DoH,242.607,0.00159815
PacketLengthMean,Benign-DoH,244.612,0.00157462
PacketLengthMean,Benign-DoH,246.617,0.00153034
PacketLengthMean,Benign-DoH,248.622,0.00146583
PacketLengthMean,Benign-DoH,250.627,0.00138277
PacketLengthMean,Benign-DoH,252.632,0.00128391
PacketLengthMean,Benign-DoH,254.637,0.00117294
PacketLengthMean,Benign-DoH,256.642,0.00105425
PacketLengthMean,Benign-DoH,258.647,0.00093253
PacketLengthMean,Benign-DoH,260.652,0.000812419
PacketLengthMean,Benign-DoH,262.657,0.000698126
PacketLengthMean,Benign-DoH,264.662,0.000593126
PacketLengthMean,Benign-DoH,266.667,0.000499977
PacketLengthMean,Benign-DoH,268.672,0.000420248
PacketLengthMean,Benign-DoH,270.677,0.000354573
PacketLengthMean,Benign-DoH,272.682,0.000302795
PacketLengthMean,Benign-DoH,274.687,0.000264163
PacketLengthMean,Benign-DoH,276.692,0.000237547
PacketLengthMean,Benign-DoH,278.697,0.000221624
PacketLengthMean,Benign-DoH,280.702,0.000215022
PacketLengthMean,Benign-DoH,282.707,0.000216402
PacketLengthMean,Benign-DoH,284.712,0.000224483
PacketLengthMean,Benign-DoH,286.717,0.000238033
PacketLengthMean,Benign-DoH,288.722,0.000255825
PacketLengthMean,Benign-DoH,290.727,0.000276606
PacketLengthMean,Benign-DoH,292.732,0.000299073
PacketLengthMean,Benign-DoH,294.737,0.000321884
PacketLengthMean,Benign-DoH,296.742,0.0003437
PacketLengthMean,Benign-DoH,298.747,0.000363247
PacketLengthMean,Benign-DoH,300.752,0.000379398
PacketLengthMean,Benign-DoH,302.757,0.000391251
PacketLengthMean,Benign-DoH,304.762,0.000398193
PacketLengthMean,Benign-DoH,306.767,0.000399929
PacketLengthMean,Benign-DoH,308.772,0.000396491
PacketLengthMean,Benign-DoH,310.777,0.000388203
PacketLengthMean,Benign-DoH,312.782,0.000375628
PacketLengthMean,Benign-DoH,314.787,0.000359494
PacketLengthMean,Benign-DoH,316.792,0.00034062
PacketLengthMean,Benign-DoH,318.797,0.000319841
PacketLengthMean,Benign-DoH,320.802,0.000297949
PacketLengthMean,Benign-DoH,322.807,0.00027565
PacketLengthMean,Benign-DoH,324.812,0.000253534
PacketLengthMean,Benign-DoH,326.817,0.000232067
PacketLengthMean,Benign-DoH,328.822,0.000211592
PacketLengthMean,Benign-DoH,330.827,0.000192341
PacketLengthMean,Benign-DoH,332.832,0.000174451
PacketLengthMean,Benign-DoH,334.837,0.000157985
PacketLengthMean,Benign-DoH,336.842,0.00014295
PacketLengthMean,Benign-DoH,338.847,0.000129314
PacketLengthMean,Benign-DoH,340.852,0.000117023
PacketLengthMean,Benign-DoH,342.857,0.000106003
PacketLengthMean,Benign-DoH,344.862,9.61713e-05
PacketLengthMean,Benign-DoH,346.867,8.74363e-05
PacketLengthMean,Benign-DoH,348.872,7.96982e-05
PacketLengthMean,Benign-DoH,350.877,7.28487e-05
PacketLengthMean,Benign-DoH,352.882,6.67731e-05
PacketLengthMean,Benign-DoH,354.887,6.13537e-05
PacketLengthMean,Benign-DoH,356.892,5.64753e-05
PacketLengthMean,Benign-DoH,358.897,5.20334e-05
PacketLengthMean,Benign-DoH,360.902,4.79407e-05
PacketLengthMean,Benign-DoH,362.907,4.41329e-05
PacketLengthMean,Benign-DoH,364.912,4.05707e-05
PacketLengthMean,Benign-DoH,366.917,3.72376e-05
PacketLengthMean,Benign-DoH,368.922,3.4134e-05
PacketLengthMean,Benign-DoH,370.927,3.12691e-05
PacketLengthMean,Benign-DoH,372.932,2.86516e-05
PacketLengthMean,Benign-DoH,374.937,2.62829e-05
PacketLengthMean,Benign-DoH,376.942,2.41521e-05
PacketLengthMean,Benign-DoH,378.947,2.2236e-05
PacketLengthMean,Benign-DoH,380.952,2.05021e-05
PacketLengthMean,Benign-DoH,382.957,1.89137e-05
PacketLengthMean,Benign-DoH,384.962,1.74365e-05
PacketLengthMean,Benign-DoH,386.967,1.60441e-05
PacketLengthMean,Benign-DoH,388.972,1.47215e-05
PacketLengthMean,Benign-DoH,390.977,1.34662e-05
PacketLengthMean,Benign-DoH,392.982,1.22864e-05
PacketLengthMean,Benign-DoH,394.987,1.1197e-05
PacketLengthMean,Benign-DoH,396.992,1.02156e-05
PacketLengthMean,Benign-DoH,398.997,9.35697e-06
PacketLengthMean,Benign-DoH,401.003,8.62957e-06
PacketLengthMean,Benign-DoH,403.008,8.0331e-06
PacketLengthMean,Benign-DoH,405.013,7.55795e-06
PacketLengthMean,Benign-DoH,407.018,7.18655e-06
PacketLengthMean,Benign-DoH,409.023,6.89638e-06
PacketLengthMean,Benign-DoH,411.028,6.66402e-06
PacketLengthMean,Benign-DoH,413.033,6.4699e-06
PacketLengthMean,Benign-DoH,415.038,6.30307e-06
PacketLengthMean,Benign-DoH,417.043,6.16577e-06
PacketLengthMean,Benign-DoH,419.048,6.0775e-06
PacketLengthMean,Benign-DoH,421.053,6.07854e-06
PacketLengthMean,Benign-DoH,423.058,6.23285e-06
PacketLengthMean,Benign-DoH,425.063,6.62989e-06
PacketLengthMean,Benign-DoH,427.068,7.38495e-06
PacketLengthMean,Benign-DoH,429.073,8.63638e-06
PacketLengthMean,Benign-DoH,431.078,1.05386e-05
PacketLengthMean,Benign-DoH,433.083,1.32488e-05
PacketLengthMean,Benign-DoH,435.088,1.69072e-05
PacketLengthMean,Benign-DoH,437.093,2.16104e-05
PacketLengthMean,Benign-DoH,439.098,2.73812e-05
PacketLengthMean,Benign-DoH,441.103,3.41396e-05
PacketLengthMean,Benign-DoH,443.108,4.16813e-05
PacketLengthMean,Benign-DoH,445.113,4.9671e-05
PacketLengthMean,Benign-DoH,447.118,5.76565e-05
PacketLengthMean,Benign-DoH,449.123,6.51058e-05
PacketLengthMean,Benign-DoH,451.128,7.14645e-05
PacketLengthMean,Benign-DoH,453.133,7.62269e-05
PacketLengthMean,Benign-DoH,455.138,7.90067e-05
PacketLengthMean,Benign-DoH,457.143,7.95958e-05
PacketLengthMean,Benign-DoH,459.148,7.79978e-05
PacketLengthMean,Benign-DoH,461.153,7.44291e-05
PacketLengthMean,Benign-DoH,463.158,6.9287e-05
PacketLengthMean,Benign-DoH,465.163,6.30923e-05
PacketLengthMean,Benign-DoH,467.168,5.64175e-05
PacketLengthMean,Benign-DoH,469.173,4.98178e-05
PacketLengthMean,Benign-DoH,471.178,4.37786e-05
PacketLengthMean,Benign-DoH,473.183,3.86907e-05
PacketLengthMean,Benign-DoH,475.188,3.48575e-05
PacketLengthMean,Benign-DoH,477.193,3.25336e-05
PacketLengthMean,Benign-DoH,479.198,3.19831e-05
PacketLengthMean,Benign-DoH,481.203,3.35473e-05
PacketLengthMean,Benign-DoH,483.208,3.7701e-05
PacketLengthMean,Benign-DoH,485.213,4.50821e-05
PacketLengthMean,Benign-DoH,487.218,5.64761e-05
PacketLengthMean,Benign-DoH,489.223,7.27447e-05
PacketLengthMean,Benign-DoH,491.228,9.46961e-05
PacketLengthMean,Benign-DoH,493.233,0.000122906
PacketLengthMean,Benign-DoH,495.238,0.000157509
PacketLengthMean,Benign-DoH,497.243,0.000198009
PacketLengthMean,Benign-DoH,499.248,0.000243128
PacketLengthMean,Benign-DoH,501.253,0.000290772
PacketLengthMean,Benign-DoH,503.258,0.000338119
PacketLengthMean,Benign-DoH,505.263,0.000381855
PacketLengthMean,Benign-DoH,507.268,0.000418536
PacketLengthMean,Benign-DoH,509.273,0.000445021
PacketLengthMean,Benign-DoH,511.278,0.000458904
PacketLengthMean,Benign-DoH,513.283,0.000458866
PacketLengthMean,Benign-DoH,515.288,0.000444871
PacketLengthMean,Benign-DoH,517.293,0.000418169
PacketLengthMean,Benign-DoH,519.298,0.000381103
PacketLengthMean,Benign-DoH,521.303,0.000336768
PacketLengthMean,Benign-DoH,523.308,0.000288581
PacketLengthMean,Benign-DoH,525.313,0.00023985
PacketLengthMean,Benign-DoH,527.318,0.000193417
PacketLengthMean,Benign-DoH,529.323,0.000151418
PacketLengthMean,Benign-DoH,531.328,0.000115185
PacketLengthMean,Benign-DoH,533.333,8.52758e-05
PacketLengthMean,Benign-DoH,535.338,6.16037e-05
PacketLengthMean,Benign-DoH,537.343,4.36144e-05
PacketLengthMean,Benign-DoH,539.348,3.04793e-05
PacketLengthMean,Benign-DoH,541.353,2.12675e-05
PacketLengthMean,Benign-DoH,543.358,1.508e-05
PacketLengthMean,Benign-DoH,545.363,1.11399e-05
PacketLengthMean,Benign-DoH,547.368,8.84258e-06
PacketLengthMean,Benign-DoH,549.373,7.7755e-06
PacketLengthMean,Benign-DoH,551.378,7.71893e-06
PacketLengthMean,Benign-DoH,553.383,8.63564e-06
PacketLengthMean,Benign-DoH,555.388,1.06558e-05
PacketLengthMean,Benign-DoH,557.393,1.4058e-05
PacketLengthMean,Benign-DoH,559.398,1.9244e-05
PacketLengthMean,Benign-DoH,561.404,2.67014e-05
PacketLengthMean,Benign-DoH,563.409,3.69483e-05
PacketLengthMean,Benign-DoH,565.414,5.0457e-05
PacketLengthMean,Benign-DoH,567.419,6.75562e-05
PacketLengthMean,Benign-DoH,569.424,8.83208e-05
PacketLengthMean,Benign-DoH,571.429,0.000112467
PacketLengthMean,Benign-DoH,573.434,0.000139272
PacketLengthMean,Benign-DoH,575.439,0.000167547
PacketLengthMean,Benign-DoH,577.444,0.000195683
PacketLengthMean,Benign-DoH,579.449,0.000221778
PacketLengthMean,Benign-DoH,581.454,0.000243834
PacketLengthMean,Benign-DoH,583.459,0.000260004
PacketLengthMean,Benign-DoH,585.464,0.000268847
PacketLengthMean,Benign-DoH,587.469,0.000269536
PacketLengthMean,Benign-DoH,589.474,0.000261984
PacketLengthMean,Benign-DoH,591.479,0.000246858
PacketLengthMean,Benign-DoH,593.484,0.000225481
PacketLengthMean,Benign-DoH,595.489,0.00019964
PacketLengthMean,Benign-DoH,597.494,0.000171334
PacketLengthMean,Benign-DoH,599.499,0.000142523
PacketLengthMean,Benign-DoH,601.504,0.000114912
PacketLengthMean,Benign-DoH,603.509,8.98005e-05
PacketLengthMean,Benign-DoH,605.514,6.80169e-05
PacketLengthMean,Benign-DoH,607.519,4.99316e-05
PacketLengthMean,Benign-DoH,609.524,3.55264e-05
PacketLengthMean,Benign-DoH,611.529,2.44986e-05
PacketLengthMean,Benign-DoH,613.534,1.63735e-05
PacketLengthMean,Benign-DoH,615.539,1.0606e-05
PacketLengthMean,Benign-DoH,617.544,6.65838e-06
PacketLengthMean,Benign-DoH,619.549,4.05127e-06
PacketLengthMean,Benign-DoH,621.554,2.38901e-06
PacketLengthMean,Benign-DoH,623.559,1.36536e-06
PacketLengthMean,Benign-DoH,625.564,7.56276e-07
PacketLengthMean,Benign-DoH,627.569,4.05988e-07
PacketLengthMean,Benign-DoH,629.574,2.11226e-07
PacketLengthMean,Benign-DoH,631.579,1.0651e-07
PacketLengthMean,Benign-DoH,633.584,5.20563e-08
PacketLengthMean,Benign-DoH,635.589,2.46698e-08
PacketLengthMean,Benign-DoH,637.594,1.13582e-08
PacketLengthMean,Benign-DoH,639.599,5.1296e-09
PacketLengthMean,Benign-DoH,641.604,2.37738e-09
PacketLengthMean,Benign-DoH,643.609,1.34028e-09
PacketLengthMean,Benign-DoH,645.614,1.24614e-09
PacketLengthMean,Benign-DoH,647.619,1.87121e-09
PacketLengthMean,Benign-DoH,649.624,3.34377e-09
PacketLengthMean,Benign-DoH,651.629,6.09006e-09
PacketLengthMean,Benign-DoH,653.634,1.08634e-08
PacketLengthMean,Benign-DoH,655.639,1.88198e-08
PacketLengthMean,Benign-DoH,657.644,3.16102e-08
PacketLengthMean,Benign-DoH,659.649,5.14584e-08
PacketLengthMean,Benign-DoH,661.654,8.11841e-08
PacketLengthMean,Benign-DoH,663.659,1.24127e-07
PacketLengthMean,Benign-DoH,665.664,1.83925e-07
PacketLengthMean,Benign-DoH,667.669,2.64117e-07
PacketLengthMean,Benign-DoH,669.674,3.67561e-07
PacketLengthMean,Benign-DoH,671.679,4.95726e-07
PacketLengthMean,Benign-DoH,673.684,6.47937e-07
PacketLengthMean,Benign-DoH,675.689,8.20737e-07
PacketLengthMean,Benign-DoH,677.694,1.00752e-06
PacketLengthMean,Benign-DoH,679.699,1.19862e-06
PacketLengthMean,Benign-DoH,681.704,1.38194e-06
PacketLengthMean,Benign-DoH,683.709,1.54411e-06
PacketLengthMean,Benign-DoH,685.714,1.67203e-06
PacketLengthMean,Benign-DoH,687.719,1.75465e-06
PacketLengthMean,Benign-DoH,689.724,1.78449e-06
PacketLengthMean,Benign-DoH,691.729,1.75881e-06
PacketLengthMean,Benign-DoH,693.734,1.67997e-06
PacketLengthMean,Benign-DoH,695.739,1.55512e-06
PacketLengthMean,Benign-DoH,697.744,1.3951e-06
PacketLengthMean,Benign-DoH,699.749,1.2129e-06
PacketLengthMean,Benign-DoH,701.754,1.02194e-06
PacketLengthMean,Benign-DoH,703.759,8.34454e-07
PacketLengthMean,Benign-DoH,705.764,6.60329e-07
PacketLengthMean,Benign-DoH,707.769,5.06404e-07
PacketLengthMean,Benign-DoH,709.774,3.76368e-07
PacketLengthMean,Benign-DoH,711.779,2.71087e-07
PacketLengthMean,Benign-DoH,713.784,1.89227e-07
PacketLengthMean,Benign-DoH,715.789,1.28008e-07
PacketLengthMean,Benign-DoH,717.794,8.39205e-08
PacketLengthMean,Benign-DoH,719.799,5.33187e-08
PacketLengthMean,Benign-DoH,721.805,3.283e-08
PacketLengthMean,Benign-DoH,723.81,1.95903e-08
PacketLengthMean,Benign-DoH,725.815,1.13289e-08
PacketLengthMean,Benign-DoH,727.82,6.34918e-09
PacketLengthMean,Benign-DoH,729.825,3.44846e-09
PacketLengthMean,Benign-DoH,731.83,1.81514e-09
PacketLengthMean,Benign-DoH,733.835,9.25927e-10
PacketLengthMean,Benign-DoH,735.84,4.57743e-10
PacketLengthMean,Benign-DoH,737.845,2.19303e-10
PacketLengthMean,Benign-DoH,739.85,1.01824e-10
PacketLengthMean,Benign-DoH,741.855,4.58174e-11
PacketLengthMean,Benign-DoH,743.86,1.99798e-11
PacketLengthMean,Benign-DoH,745.865,8.44368e-12
PacketLengthMean,Benign-DoH,747.87,3.45821e-12
PacketLengthMean,Benign-DoH,749.875,1.37262e-12
PacketLengthMean,Benign-DoH,751.88,5.27992e-13
PacketLengthMean,Benign-DoH,753.885,1.96827e-13
PacketLengthMean,Benign-DoH,755.89,7.11083e-14
PacketLengthMean,Benign-DoH,757.895,2.48964e-14
PacketLengthMean,Benign-DoH,759.9,8.44753e-15
PacketLengthMean,Benign-DoH,761.905,2.77782e-15
PacketLengthMean,Benign-DoH,763.91,8.8523e-16
PacketLengthMean,Benign-DoH,765.915,2.73393e-16
PacketLengthMean,Benign-DoH,767.92,8.18273e-17
PacketLengthMean,Benign-DoH,769.925,2.3735e-17
PacketLengthMean,Benign-DoH,771.93,6.67202e-18
PacketLengthMean,Benign-DoH,773.935,1.81763e-18
PacketLengthMean,Benign-DoH,775.94,4.7988e-19
PacketLengthMean,Benign-DoH,777.945,1.22783e-19
PacketLengthMean,Benign-DoH,779.95,3.04456e-20
PacketLengthMean,Benign-DoH,781.955,7.31627e-21
PacketLengthMean,Benign-DoH,783.96,1.70386e-21
PacketLengthMean,Benign-DoH,785.965,3.84554e-22
PacketLengthMean,Benign-DoH,787.97,8.41122e-23
PacketLengthMean,Benign-DoH,789.975,1.78295e-23
PacketLengthMean,Benign-DoH,791.98,3.66269e-24
PacketLengthMean,Benign-DoH,793.985,7.29189e-25
PacketLengthMean,Benign-DoH,795.99,1.40689e-25
PacketLengthMean,Benign-DoH,797.995,2.63061e-26
PacketLengthMean,Benign-DoH,800,4.76687e-27
PacketLengthMean,Malicious-DoH,0,1.72861e-23
PacketLengthMean,Malicious-DoH,2.00501,3.77841e-22
PacketLengthMean,Malicious-DoH,4.01003,7.42378e-21
PacketLengthMean,Malicious-DoH,6.01504,1.31114e-19
PacketLengthMean,Malicious-DoH,8.02005,2.08152e-18
PacketLengthMean,Malicious-DoH,10.0251,2.97047e-17
PacketLengthMean,Malicious-DoH,12.0301,3.81055e-16
PacketLengthMean,Malicious-DoH,14.0351,4.39414e-15
PacketLengthMean,Malicious-DoH,16.0401,4.55502e-14
PacketLengthMean,Malicious-DoH,18.0451,4.24468e-13
PacketLengthMean,Malicious-DoH,20.0501,3.55591e-12
PacketLengthMean,Malicious-DoH,22.0551,2.67805e-11
PacketLengthMean,Malicious-DoH,24.0602,1.8133e-10
PacketLengthMean,Malicious-DoH,26.0652,1.10388e-09
PacketLengthMean,Malicious-DoH,28.0702,6.04228e-09
PacketLengthMean,Malicious-DoH,30.0752,2.97403e-08
PacketLengthMean,Malicious-DoH,32.0802,1.31643e-07
PacketLengthMean,Malicious-DoH,34.0852,5.24105e-07
PacketLengthMean,Malicious-DoH,36.0902,1.87708e-06
PacketLengthMean,Malicious-DoH,38.0952,6.04916e-06
PacketLengthMean,Malicious-DoH,40.1003,1.75468e-05
PacketLengthMean,Malicious-DoH,42.1053,4.58337e-05
PacketLengthMean,Malicious-DoH,44.1103,0.000107879
PacketLengthMean,Malicious-DoH,46.1153,0.000229012
PacketLengthMean,Malicious-DoH,48.1203,0.000439073
PacketLengthMean,Malicious-DoH,50.1253,0.000761809
PacketLengthMean,Malicious-DoH,52.1303,0.00119976
PacketLengthMean,Malicious-DoH,54.1353,0.00172275
PacketLengthMean,Malicious-DoH,56.1404,0.00227024
PacketLengthMean,Malicious-DoH,58.1454,0.002771
PacketLengthMean,Malicious-DoH,60.1504,0.00317047
PacketLengthMean,Malicious-DoH,62.1554,0.00344779
PacketLengthMean,Malicious-DoH,64.1604,0.00361
PacketLengthMean,Malicious-DoH,66.1654,0.00366908
PacketLengthMean,Malicious-DoH,68.1704,0.00362134
PacketLengthMean,Malicious-DoH,70.1754,0.00344685
PacketLengthMean,Malicious-DoH,72.1805,0.00312902
PacketLengthMean,Malicious-DoH,74.1855,0.00267835
PacketLengthMean,Malicious-DoH,76.1905,0.00214144
PacketLengthMean,Malicious-DoH,78.1955,0.00158882
PacketLengthMean,Malicious-DoH,80.2005,0.00109007
PacketLengthMean,Malicious-DoH,82.2055,0.000691672
PacketLengthMean,Malicious-DoH,84.2105,0.000408482
PacketLengthMean,Malicious-DoH,86.2155,0.000229171
PacketLengthMean,Malicious-DoH,88.2206,0.000128824
PacketLengthMean,Malicious-DoH,90.2256,8.08686e-05
PacketLengthMean,Malicious-DoH,92.2306,6.44374e-05
PacketLengthMean,Malicious-DoH,94.2356,6.75025e-05
PacketLengthMean,Malicious-DoH,96.2406,8.78734e-05
PacketLengthMean,Malicious-DoH,98.2456,0.00013346
PacketLengthMean,Malicious-DoH,100.251,0.000221534
PacketLengthMean,Malicious-DoH,102.256,0.000375652
PacketLengthMean,Malicious-DoH,104.261,0.000619222
PacketLengthMean,Malicious-DoH,106.266,0.000966511
PacketLengthMean,Malicious-DoH,108.271,0.00141419
PacketLengthMean,Malicious-DoH,110.276,0.0019377
PacketLengthMean,Malicious-DoH,112.281,0.00249523
PacketLengthMean,Malicious-DoH,114.286,0.00303853
PacketLengthMean,Malicious-DoH,116.291,0.00352581
PacketLengthMean,Malicious-DoH,118.296,0.0039313
PacketLengthMean,Malicious-DoH,120.301,0.00424776
PacketLengthMean,Malicious-DoH,122.306,0.0044819
PacketLengthMean,Malicious-DoH,124.311,0.00464537
PacketLengthMean,Malicious-DoH,126.316,0.00474551
PacketLengthMean,Malicious-DoH,128.321,0.00478082
PacketLengthMean,Malicious-DoH,130.326,0.00474365
PacketLengthMean,Malicious-DoH,132.331,0.00462893
PacketLengthMean,Malicious-DoH,134.336,0.00444291
PacketLengthMean,Malicious-DoH,136.341,0.00420509
PacketLengthMean,Malicious-DoH,138.346,0.00394112
PacketLengthMean,Malicious-DoH,140.351,0.00367172
PacketLengthMean,Malicious-DoH,142.356,0.00340579
PacketLengthMean,Malicious-DoH,144.361,0.00314303
PacketLengthMean,Malicious-DoH,146.366,0.0028839
PacketLengthMean,Malicious-DoH,148.371,0.00263902
PacketLengthMean,Malicious-DoH,150.376,0.00243057
PacketLengthMean,Malicious-DoH,152.381,0.00228453
PacketLengthMean,Malicious-DoH,154.386,0.00221843
PacketLengthMean,Malicious-DoH,156.391,0.00223192
PacketLengthMean,Malicious-DoH,158.396,0.00230491
PacketLengthMean,Malicious-DoH,160.401,0.00240375
PacketLengthMean,Malicious-DoH,162.406,0.00249261
PacketLengthMean,Malicious-DoH,164.411,0.00254511
PacketLengthMean,Malicious-DoH,166.416,0.00255172
PacketLengthMean,Malicious-DoH,168.421,0.00252013
PacketLengthMean,Malicious-DoH,170.426,0.00246864
PacketLengthMean,Malicious-DoH,172.431,0.00241573
PacketLengthMean,Malicious-DoH,174.436,0.00237051
PacketLengthMean,Malicious-DoH,176.441,0.00232819
PacketLengthMean,Malicious-DoH,178.446,0.0022726
PacketLengthMean,Malicious-DoH,180.451,0.00218472
PacketLengthMean,Malicious-DoH,182.456,0.0020532
PacketLengthMean,Malicious-DoH,184.461,0.00188194
PacketLengthMean,Malicious-DoH,186.466,0.00169079
PacketLengthMean,Malicious-DoH,188.471,0.00150939
PacketLengthMean,Malicious-DoH,190.476,0.00136708
PacketLengthMean,Malicious-DoH,192.481,0.00128399
PacketLengthMean,Malicious-DoH,194.486,0.0012673
PacketLengthMean,Malicious-DoH,196.491,0.00131468
PacketLengthMean,Malicious-DoH,198.496,0.00142408
PacketLengthMean,Malicious-DoH,200.501,0.00160638
PacketLengthMean,Malicious-DoH,202.506,0.00189475
PacketLengthMean,Malicious-DoH,204.511,0.0023443
PacketLengthMean,Malicious-DoH,206.516,0.00301961
PacketLengthMean,Malicious-DoH,208.521,0.00397515
PacketLengthMean,Malicious-DoH,210.526,0.00523846
PacketLengthMean,Malicious-DoH,212.531,0.00680259
PacketLengthMean,Malicious-DoH,214.536,0.0086238
PacketLengthMean,Malicious-DoH,216.541,0.0106141
PacketLengthMean,Malicious-DoH,218.546,0.0126265
PacketLengthMean,Malicious-DoH,220.551,0.0144467
PacketLengthMean,Malicious-DoH,222.556,0.0158147
PacketLengthMean,Malicious-DoH,224.561,0.0164846
PacketLengthMean,Malicious-DoH,226.566,0.0163056
PacketLengthMean,Malicious-DoH,228.571,0.0152854
PacketLengthMean,Malicious-DoH,230.576,0.0136013
PacketLengthMean,Malicious-DoH,232.581,0.0115481
PacketLengthMean,Malicious-DoH,234.586,0.00944508
PacketLengthMean,Malicious-DoH,236.591,0.00754502
PacketLengthMean,Malicious-DoH,238.596,0.00598424
PacketLengthMean,Malicious-DoH,240.602,0.00478791
PacketLengthMean,Malicious-DoH,242.607,0.0039139
PacketLengthMean,Malicious-DoH,244.612,0.00330234
PacketLengthMean,Malicious-DoH,246.617,0.00290547
PacketLengthMean,Malicious-DoH,248.622,0.00269248
PacketLengthMean,Malicious-DoH,250.627,0.00264035
PacketLengthMean,Malicious-DoH,252.632,0.00272404
PacketLengthMean,Malicious-DoH,254.637,0.00291152
PacketLengthMean,Malicious-DoH,256.642,0.00316197
PacketLengthMean,Malicious-DoH,258.647,0.00342543
PacketLengthMean,Malicious-DoH,260.652,0.00364592
PacketLengthMean,Malicious-DoH,262.657,0.00377148
PacketLengthMean,Malicious-DoH,264.662,0.00376919
PacketLengthMean,Malicious-DoH,266.667,0.00363765
PacketLengthMean,Malicious-DoH,268.672,0.00340904
PacketLengthMean,Malicious-DoH,270.677,0.0031395
PacketLengthMean,Malicious-DoH,272.682,0.00289344
PacketLengthMean,Malicious-DoH,274.687,0.00272823
PacketLengthMean,Malicious-DoH,276.692,0.00268174
PacketLengthMean,Malicious-DoH,278.697,0.00276248
PacketLengthMean,Malicious-DoH,280.702,0.00294483
PacketLengthMean,Malicious-DoH,282.707,0.00317325
PacketLengthMean,Malicious-DoH,284.712,0.00337723
PacketLengthMean,Malicious-DoH,286.717,0.00349138
PacketLengthMean,Malicious-DoH,288.722,0.00347214
PacketLengthMean,Malicious-DoH,290.727,0.00330604
PacketLengthMean,Malicious-DoH,292.732,0.00301049
PacketLengthMean,Malicious-DoH,294.737,0.00262997
PacketLengthMean,Malicious-DoH,296.742,0.00222838
PacketLengthMean,Malicious-DoH,298.747,0.0018765
PacketLengthMean,Malicious-DoH,300.752,0.00163565
PacketLengthMean,Malicious-DoH,302.757,0.00154072
PacketLengthMean,Malicious-DoH,304.762,0.00158817
PacketLengthMean,Malicious-DoH,306.767,0.00173442
PacketLengthMean,Malicious-DoH,308.772,0.00190873
PacketLengthMean,Malicious-DoH,310.777,0.00203899
PacketLengthMean,Malicious-DoH,312.782,0.00208033
PacketLengthMean,Malicious-DoH,314.787,0.00203108
PacketLengthMean,Malicious-DoH,316.792,0.00192544
PacketLengthMean,Malicious-DoH,318.797,0.00180726
PacketLengthMean,Malicious-DoH,320.802,0.00170239
PacketLengthMean,Malicious-DoH,322.807,0.00160766
PacketLengthMean,Malicious-DoH,324.812,0.00150114
PacketLengthMean,Malicious-DoH,326.817,0.00136349
PacketLengthMean,Malicious-DoH,328.822,0.00119443
PacketLengthMean,Malicious-DoH,330.827,0.00101563
PacketLengthMean,Malicious-DoH,332.832,0.000861712
PacketLengthMean,Malicious-DoH,334.837,0.000766863
PacketLengthMean,Malicious-DoH,336.842,0.000753108
PacketLengthMean,Malicious-DoH,338.847,0.000822198
PacketLengthMean,Malicious-DoH,340.852,0.000951742
PacketLengthMean,Malicious-DoH,342.857,0.0010978
PacketLengthMean,Malicious-DoH,344.862,0.00120637
PacketLengthMean,Malicious-DoH,346.867,0.00123214
PacketLengthMean,Malicious-DoH,348.872,0.0011564
PacketLengthMean,Malicious-DoH,350.877,0.000993983
PacketLengthMean,Malicious-DoH,352.882,0.000784906
PacketLengthMean,Malicious-DoH,354.887,0.000575811
PacketLengthMean,Malicious-DoH,356.892,0.000402283
PacketLengthMean,Malicious-DoH,358.897,0.000280396
PacketLengthMean,Malicious-DoH,360.902,0.000208542
PacketLengthMean,Malicious-DoH,362.907,0.000174825
PacketLengthMean,Malicious-DoH,364.912,0.000164516
PacketLengthMean,Malicious-DoH,366.917,0.000164823
PacketLengthMean,Malicious-DoH,368.922,0.000166949
PacketLengthMean,Malicious-DoH,370.927,0.000166475
PacketLengthMean,Malicious-DoH,372.932,0.000162848
PacketLengthMean,Malicious-DoH,374.937,0.000158388
PacketLengthMean,Malicious-DoH,376.942,0.000157115
PacketLengthMean,Malicious-DoH,378.947,0.000163693
PacketLengthMean,Malicious-DoH,380.952,0.000182563
PacketLengthMean,Malicious-DoH,382.957,0.000216903
PacketLengthMean,Malicious-DoH,384.962,0.000267046
PacketLengthMean,Malicious-DoH,386.967,0.000328623
PacketLengthMean,Malicious-DoH,388.972,0.000391709
PacketLengthMean,Malicious-DoH,390.977,0.000442537
PacketLengthMean,Malicious-DoH,392.982,0.000468088
PacketLengthMean,Malicious-DoH,394.987,0.00046158
PacketLengthMean,Malicious-DoH,396.992,0.000425608
PacketLengthMean,Malicious-DoH,398.997,0.000370838
PacketLengthMean,Malicious-DoH,401.003,0.000311079
PacketLengthMean,Malicious-DoH,403.008,0.000257813
PacketLengthMean,Malicious-DoH,405.013,0.000217106
PacketLengthMean,Malicious-DoH,407.018,0.000189709
PacketLengthMean,Malicious-DoH,409.023,0.00017316
PacketLengthMean,Malicious-DoH,411.028,0.000164069
PacketLengthMean,Malicious-DoH,413.033,0.000159513
PacketLengthMean,Malicious-DoH,415.038,0.00015742
PacketLengthMean,Malicious-DoH,417.043,0.000156385
PacketLengthMean,Malicious-DoH,419.048,0.000155358
PacketLengthMean,Malicious-DoH,421.053,0.000153447
PacketLengthMean,Malicious-DoH,423.058,0.000149902
PacketLengthMean,Malicious-DoH,425.063,0.000144185
PacketLengthMean,Malicious-DoH,427.068,0.000136065
PacketLengthMean,Malicious-DoH,429.073,0.000125657
PacketLengthMean,Malicious-DoH,431.078,0.000113378
PacketLengthMean,Malicious-DoH,433.083,9.98573e-05
PacketLengthMean,Malicious-DoH,435.088,8.58264e-05
PacketLengthMean,Malicious-DoH,437.093,7.20158e-05
PacketLengthMean,Malicious-DoH,439.098,5.90731e-05
PacketLengthMean,Malicious-DoH,441.103,4.74973e-05
PacketLengthMean,Malicious-DoH,443.108,3.75899e-05
PacketLengthMean,Malicious-DoH,445.113,2.94335e-05
PacketLengthMean,Malicious-DoH,447.118,2.29134e-05
PacketLengthMean,Malicious-DoH,449.123,1.77856e-05
PacketLengthMean,Malicious-DoH,451.128,1.377e-05
PacketLengthMean,Malicious-DoH,453.133,1.063e-05
PacketLengthMean,Malicious-DoH,455.138,8.20507e-06
PacketLengthMean,Malicious-DoH,457.143,6.39148e-06
PacketLengthMean,Malicious-DoH,459.148,5.09926e-06
PacketLengthMean,Malicious-DoH,461.153,4.22066e-06
PacketLengthMean,Malicious-DoH,463.158,3.62937e-06
PacketLengthMean,Malicious-DoH,465.163,3.20317e-06
PacketLengthMean,Malicious-DoH,467.168,2.8492e-06
PacketLengthMean,Malicious-DoH,469.173,2.51574e-06
PacketLengthMean,Malicious-DoH,471.178,2.18729e-06
PacketLengthMean,Malicious-DoH,473.183,1.87017e-06
PacketLengthMean,Malicious-DoH,475.188,1.57817e-06
PacketLengthMean,Malicious-DoH,477.193,1.32419e-06
PacketLengthMean,Malicious-DoH,479.198,1.11777e-06
PacketLengthMean,Malicious-DoH,481.203,9.6516e-07
PacketLengthMean,Malicious-DoH,483.208,8.68066e-07
PacketLengthMean,Malicious-DoH,485.213,8.20465e-07
PacketLengthMean,Malicious-DoH,487.218,8.06182e-07
PacketLengthMean,Malicious-DoH,489.223,8.00572e-07
PacketLengthMean,Malicious-DoH,491.228,7.7737e-07
PacketLengthMean,Malicious-DoH,493.233,7.18091e-07
PacketLengthMean,Malicious-DoH,495.238,6.1904e-07
PacketLengthMean,Malicious-DoH,497.243,4.91875e-07
PacketLengthMean,Malicious-DoH,499.248,3.57402e-07
PacketLengthMean,Malicious-DoH,501.253,2.36266e-07
PacketLengthMean,Malicious-DoH,503.258,1.41611e-07
PacketLengthMean,Malicious-DoH,505.263,7.67731e-08
PacketLengthMean,Malicious-DoH,507.268,3.75842e-08
PacketLengthMean,Malicious-DoH,509.273,1.65941e-08
PacketLengthMean,Malicious-DoH,511.278,6.60186e-09
PacketLengthMean,Malicious-DoH,513.283,2.36527e-09
PacketLengthMean,Malicious-DoH,515.288,7.63542e-10
PacketLengthMean,Malicious-DoH,517.293,2.25812e-10
PacketLengthMean,Malicious-DoH,519.298,7.77487e-11
PacketLengthMean,Malicious-DoH,521.303,9.22213e-11
PacketLengthMean,Malicious-DoH,523.308,2.8074e-10
PacketLengthMean,Malicious-DoH,525.313,8.82696e-10
PacketLengthMean,Malicious-DoH,527.318,2.51716e-09
PacketLengthMean,Malicious-DoH,529.323,6.45543e-09
PacketLengthMean,Malicious-DoH,531.328,1.48818e-08
PacketLengthMean,Malicious-DoH,533.333,3.08419e-08
PacketLengthMean,Malicious-DoH,535.338,5.74755e-08
PacketLengthMean,Malicious-DoH,537.343,9.63603e-08
PacketLengthMean,Malicious-DoH,539.348,1.45489e-07
PacketLengthMean,Malicious-DoH,541.353,1.98237e-07
PacketLengthMean,Malicious-DoH,543.358,2.44787e-07
PacketLengthMean,Malicious-DoH,545.363,2.76191e-07
PacketLengthMean,Malicious-DoH,547.368,2.8911e-07
PacketLengthMean,Malicious-DoH,549.373,2.87949e-07
PacketLengthMean,Malicious-DoH,551.378,2.82287e-07
PacketLengthMean,Malicious-DoH,553.383,2.80748e-07
PacketLengthMean,Malicious-DoH,555.388,2.85269e-07
PacketLengthMean,Malicious-DoH,557.393,2.89803e-07
PacketLengthMean,Malicious-DoH,559.398,2.84364e-07
PacketLengthMean,Malicious-DoH,561.404,2.61553e-07
PacketLengthMean,Malicious-DoH,563.409,2.21131e-07
PacketLengthMean,Malicious-DoH,565.414,1.69961e-07
PacketLengthMean,Malicious-DoH,567.419,1.18077e-07
PacketLengthMean,Malicious-DoH,569.424,7.39322e-08
PacketLengthMean,Malicious-DoH,571.429,4.16623e-08
PacketLengthMean,Malicious-DoH,573.434,2.1115e-08
PacketLengthMean,Malicious-DoH,575.439,9.62122e-09
PacketLengthMean,Malicious-DoH,577.444,3.94086e-09
PacketLengthMean,Malicious-DoH,579.449,1.45091e-09
PacketLengthMean,Malicious-DoH,581.454,4.80129e-10
PacketLengthMean,Malicious-DoH,583.459,1.42804e-10
PacketLengthMean,Malicious-DoH,585.464,3.8175e-11
PacketLengthMean,Malicious-DoH,587.469,9.17224e-12
PacketLengthMean,Malicious-DoH,589.474,1.98074e-12
PacketLengthMean,Malicious-DoH,591.479,3.84446e-13
PacketLengthMean,Malicious-DoH,593.484,6.70653e-14
PacketLengthMean,Malicious-DoH,595.489,1.05152e-14
PacketLengthMean,Malicious-DoH,597.494,1.4818e-15
PacketLengthMean,Malicious-DoH,599.499,1.87679e-16
PacketLengthMean,Malicious-DoH,601.504,2.13648e-17
PacketLengthMean,Malicious-DoH,603.509,2.18594e-18
PacketLengthMean,Malicious-DoH,605.514,2.01016e-19
PacketLengthMean,Malicious-DoH,607.519,1.66141e-20
PacketLengthMean,Malicious-DoH,609.524,1.23419e-21
PacketLengthMean,Malicious-DoH,611.529,8.24022e-23
PacketLengthMean,Malicious-DoH,613.534,4.94483e-24
PacketLengthMean,Malicious-DoH,615.539,2.66698e-25
PacketLengthMean,Malicious-DoH,617.544,1.29283e-26
PacketLengthMean,Malicious-DoH,619.549,5.63274e-28
PacketLengthMean,Malicious-DoH,621.554,2.20573e-29
PacketLengthMean,Malicious-DoH,623.559,7.76318e-31
PacketLengthMean,Malicious-DoH,625.564,2.45574e-32
PacketLengthMean,Malicious-DoH,627.569,6.982e-34
PacketLengthMean,Malicious-DoH,629.574,1.78415e-35
PacketLengthMean,Malicious-DoH,631.579,4.0977e-37
PacketLengthMean,Malicious-DoH,633.584,8.45868e-39
PacketLengthMean,Malicious-DoH,635.589,1.56935e-40
PacketLengthMean,Malicious-DoH,637.594,2.61693e-42
PacketLengthMean,Malicious-DoH,639.599,3.92211e-44
PacketLengthMean,Malicious-DoH,641.604,5.28326e-46
PacketLengthMean,Malicious-DoH,643.609,6.39646e-48
PacketLengthMean,Malicious-DoH,645.614,6.96036e-50
PacketLengthMean,Malicious-DoH,647.619,6.80737e-52
PacketLengthMean,Malicious-DoH,649.624,5.98386e-54
PacketLengthMean,Malicious-DoH,651.629,4.72758e-56
PacketLengthMean,Malicious-DoH,653.634,3.357e-58
PacketLengthMean,Malicious-DoH,655.639,2.14249e-60
PacketLengthMean,Malicious-DoH,657.644,1.22897e-62
PacketLengthMean,Malicious-DoH,659.649,6.33604e-65
PacketLengthMean,Malicious-DoH,661.654,2.93596e-67
PacketLengthMean,Malicious-DoH,663.659,1.22275e-69
PacketLengthMean,Malicious-DoH,665.664,4.57698e-72
PacketLengthMean,Malicious-DoH,667.669,1.53984e-74
PacketLengthMean,Malicious-DoH,669.674,4.65616e-77
PacketLengthMean,Malicious-DoH,671.679,1.26542e-79
PacketLengthMean,Malicious-DoH,673.684,3.09099e-82
PacketLengthMean,Malicious-DoH,675.689,6.78601e-85
PacketLengthMean,Malicious-DoH,677.694,1.33902e-87
PacketLengthMean,Malicious-DoH,679.699,2.37472e-90
PacketLengthMean,Malicious-DoH,681.704,3.78526e-93
PacketLengthMean,Malicious-DoH,683.709,5.42291e-96
PacketLengthMean,Malicious-DoH,685.714,6.98271e-99
PacketLengthMean,Malicious-DoH,687.719,8.08111e-102
PacketLengthMean,Malicious-DoH,689.724,8.40568e-105
PacketLengthMean,Malicious-DoH,691.729,7.85831e-108
PacketLengthMean,Malicious-DoH,693.734,6.603e-111
PacketLengthMean,Malicious-DoH,695.739,4.98664e-114
PacketLengthMean,Malicious-DoH,697.744,3.38477e-117
PacketLengthMean,Malicious-DoH,699.749,2.06493e-120
PacketLengthMean,Malicious-DoH,701.754,1.13224e-123
PacketLengthMean,Malicious-DoH,703.759,5.57988e-127
PacketLengthMean,Malicious-DoH,705.764,2.47153e-130
PacketLengthMean,Malicious-DoH,707.769,9.83927e-134
PacketLengthMean,Malicious-DoH,709.774,3.52058e-137
PacketLengthMean,Malicious-DoH,711.779,1.13219e-140
PacketLengthMean,Malicious-DoH,713.784,3.27252e-144
PacketLengthMean,Malicious-DoH,715.789,8.50157e-148
PacketLengthMean,Malicious-DoH,717.794,1.98505e-151
PacketLengthMean,Malicious-DoH,719.799,4.16579e-155
PacketLengthMean,Malicious-DoH,721.805,7.85739e-159
PacketLengthMean,Malicious-DoH,723.81,1.33203e-162
PacketLengthMean,Malicious-DoH,725.815,2.02958e-166
PacketLengthMean,Malicious-DoH,727.82,2.77941e-170
PacketLengthMean,Malicious-DoH,729.825,3.42101e-174
PacketLengthMean,Malicious-DoH,731.83,3.78451e-178
PacketLengthMean,Malicious-DoH,733.835,3.76289e-182
PacketLengthMean,Malicious-DoH,735.84,3.3627e-186
PacketLengthMean,Malicious-DoH,737.845,2.7009e-190
PacketLengthMean,Malicious-DoH,739.85,1.94978e-194
PacketLengthMean,Malicious-DoH,741.855,1.26508e-198
PacketLengthMean,Malicious-DoH,743.86,7.37739e-203
PacketLengthMean,Malicious-DoH,745.865,3.86673e-207
PacketLengthMean,Malicious-DoH,747.87,1.82154e-211
PacketLengthMean,Malicious-DoH,749.875,7.71242e-216
PacketLengthMean,Malicious-DoH,751.88,2.93492e-220
PacketLengthMean,Malicious-DoH,753.885,1.00382e-224
PacketLengthMean,Malicious-DoH,755.89,3.08584e-229
PacketLengthMean,Malicious-DoH,757.895,8.52599e-234
PacketLengthMean,Malicious-DoH,759.9,2.11724e-238
PacketLengthMean,Malicious-DoH,761.905,4.72554e-243
PacketLengthMean,Malicious-DoH,763.91,9.47955e-248
PacketLengthMean,Malicious-DoH,765.915,1.70914e-252
PacketLengthMean,Malicious-DoH,767.92,2.76965e-257
PacketLengthMean,Malicious-DoH,769.925,4.0339e-262
PacketLengthMean,Malicious-DoH,771.93,5.28058e-267
PacketLengthMean,Malicious-DoH,773.935,6.21287e-272
PacketLengthMean,Malicious-DoH,775.94,6.56989e-277
PacketLengthMean,Malicious-DoH,777.945,6.24423e-282
PacketLengthMean,Malicious-DoH,779.95,5.33402e-287
PacketLengthMean,Malicious-DoH,781.955,4.09529e-292
PacketLengthMean,Malicious-DoH,783.96,2.82599e-297
PacketLengthMean,Malicious-DoH,785.965,1.75271e-302
PacketLengthMean,Malicious-DoH,787.97,9.77028e-308
PacketLengthMean,Malicious-DoH,789.975,4.89505e-313
PacketLengthMean,Malicious-DoH,791.98,2.20426e-318
PacketLengthMean,Malicious-DoH,793.985,9.88131e-324
PacketLengthMean,Malicious-DoH,795.99,0
PacketLengthMean,Malicious-DoH,797.995,0
PacketLengthMean,Malicious-DoH,800,0
PacketLengthVariance,Non-DoH,10,0.00191735
PacketLengthVariance,Non-DoH,10.2927,0.00240701
PacketLengthVariance,Non-DoH,10.5941,0.00302167
PacketLengthVariance,Non-DoH,10.9042,0.00379449
PacketLengthVariance,Non-DoH,11.2234,0.00476735
PacketLengthVariance,Non-DoH,11.552,0.00599281
PacketLengthVariance,Non-DoH,11.8902,0.0075363
PacketLengthVariance,Non-DoH,12.2382,0.00947857
PacketLengthVariance,Non-DoH,12.5965,0.0119183
PacketLengthVariance,Non-DoH,12.9653,0.0149746
PacketLengthVariance,Non-DoH,13.3448,0.0187895
PacketLengthVariance,Non-DoH,13.7355,0.0235303
PacketLengthVariance,Non-DoH,14.1376,0.0293902
PacketLengthVariance,Non-DoH,14.5515,0.0365893
PacketLengthVariance,Non-DoH,14.9775,0.0453731
PacketLengthVariance,Non-DoH,15.4159,0.0560093
PacketLengthVariance,Non-DoH,15.8672,0.068782
PacketLengthVariance,Non-DoH,16.3317,0.0839838
PacketLengthVariance,Non-DoH,16.8099,0.101904
PacketLengthVariance,Non-DoH,17.302,0.122814
PacketLengthVariance,Non-DoH,17.8085,0.14695
PacketLengthVariance,Non-DoH,18.3298,0.174492
PacketLengthVariance,Non-DoH,18.8664,0.205543
PacketLengthVariance,Non-DoH,19.4187,0.240106
PacketLengthVariance,Non-DoH,19.9872,0.278064
PacketLengthVariance,Non-DoH,20.5723,0.319158
PacketLengthVariance,Non-DoH,21.1746,0.362976
PacketLengthVariance,Non-DoH,21.7944,0.408947
PacketLengthVariance,Non-DoH,22.4325,0.456336
PacketLengthVariance,Non-DoH,23.0892,0.50426
PacketLengthVariance,Non-DoH,23.7651,0.551708
PacketLengthVariance,Non-DoH,24.4608,0.597567
PacketLengthVariance,Non-DoH,25.1769,0.640671
PacketLengthVariance,Non-DoH,25.914,0.679838
PacketLengthVariance,Non-DoH,26.6726,0.713934
PacketLengthVariance,Non-DoH,27.4534,0.741919
PacketLengthVariance,Non-DoH,28.2571,0.762903
PacketLengthVariance,Non-DoH,29.0843,0.776194
PacketLengthVariance,Non-DoH,29.9358,0.781335
PacketLengthVariance,Non-DoH,30.8121,0.778132
PacketLengthVariance,Non-DoH,31.7142,0.766662
PacketLengthVariance,Non-DoH,32.6426,0.747277
PacketLengthVariance,Non-DoH,33.5982,0.720581
PacketLengthVariance,Non-DoH,34.5818,0.687401
PacketLengthVariance,Non-DoH,35.5941,0.648745
PacketLengthVariance,Non-DoH,36.6361,0.605751
PacketLengthVariance,Non-DoH,37.7087,0.559632
PacketLengthVariance,Non-DoH,38.8126,0.511619
PacketLengthVariance,Non-DoH,39.9488,0.462911
PacketLengthVariance,Non-DoH,41.1183,0.414623
PacketLengthVariance,Non-DoH,42.322,0.367752
PacketLengthVariance,Non-DoH,43.561,0.323146
PacketLengthVariance,Non-DoH,44.8362,0.281486
PacketLengthVariance,Non-DoH,46.1488,0.243281
PacketLengthVariance,Non-DoH,47.4998,0.208868
PacketLengthVariance,Non-DoH,48.8903,0.178424
PacketLengthVariance,Non-DoH,50.3216,0.151985
PacketLengthVariance,Non-DoH,51.7947,0.129466
PacketLengthVariance,Non-DoH,53.311,0.110682
PacketLengthVariance,Non-DoH,54.8717,0.0953802
PacketLengthVariance,Non-DoH,56.4781,0.0832557
PacketLengthVariance,Non-DoH,58.1314,0.0739768
PacketLengthVariance,Non-DoH,59.8332,0.0672016
PacketLengthVariance,Non-DoH,61.5848,0.0625928
PacketLengthVariance,Non-DoH,63.3877,0.0598282
PacketLengthVariance,Non-DoH,65.2434,0.0586088
PacketLengthVariance,Non-DoH,67.1533,0.0586623
PacketLengthVariance,Non-DoH,69.1192,0.0597459
PacketLengthVariance,Non-DoH,71.1427,0.0616459
PacketLengthVariance,Non-DoH,73.2254,0.0641764
PacketLengthVariance,Non-DoH,75.369,0.067177
PacketLengthVariance,Non-DoH,77.5755,0.0705103
PacketLengthVariance,Non-DoH,79.8465,0.0740587
PacketLengthVariance,Non-DoH,82.1839,0.0777226
PacketLengthVariance,Non-DoH,84.5899,0.0814175
PacketLengthVariance,Non-DoH,87.0662,0.0850726
PacketLengthVariance,Non-DoH,89.6151,0.0886291
PacketLengthVariance,Non-DoH,92.2385,0.0920398
PacketLengthVariance,Non-DoH,94.9388,0.0952678
PacketLengthVariance,Non-DoH,97.7181,0.0982868
PacketLengthVariance,Non-DoH,100.579,0.101081
PacketLengthVariance,Non-DoH,103.523,0.103643
PacketLengthVariance,Non-DoH,106.554,0.105979
PacketLengthVariance,Non-DoH,109.673,0.108101
PacketLengthVariance,Non-DoH,112.884,0.110032
PacketLengthVariance,Non-DoH,116.188,0.111806
PacketLengthVariance,Non-DoH,119.59,0.113462
PacketLengthVariance,Non-DoH,123.091,0.115048
PacketLengthVariance,Non-DoH,126.694,0.116619
PacketLengthVariance,Non-DoH,130.403,0.118232
PacketLengthVariance,Non-DoH,134.221,0.11995
PacketLengthVariance,Non-DoH,138.15,0.121838
PacketLengthVariance,Non-DoH,142.194,0.123959
PacketLengthVariance,Non-DoH,146.357,0.126376
PacketLengthVariance,Non-DoH,150.642,0.12915
PacketLengthVariance,Non-DoH,155.052,0.132337
PacketLengthVariance,Non-DoH,159.591,0.135986
PacketLengthVariance,Non-DoH,164.263,0.140144
PacketLengthVariance,Non-DoH,169.071,0.144845
PacketLengthVariance,Non-DoH,174.021,0.150119
PacketLengthVariance,Non-DoH,179.115,0.155988
PacketLengthVariance,Non-DoH,184.359,0.162462
PacketLengthVariance,Non-DoH,189.756,0.169544
PacketLengthVariance,Non-DoH,195.311,0.177228
PacketLengthVariance,Non-DoH,201.029,0.185498
PacketLengthVariance,Non-DoH,206.914,0.194328
PacketLengthVariance,Non-DoH,212.971,0.203683
PacketLengthVariance,Non-DoH,219.206,0.213514
PacketLengthVariance,Non-DoH,225.623,0.223763
PacketLengthVariance,Non-DoH,232.228,0.234361
PacketLengthVariance,Non-DoH,239.027,0.245225
PacketLengthVariance,Non-DoH,246.024,0.256258
PacketLengthVariance,Non-DoH,253.226,0.267355
PacketLengthVariance,Non-DoH,260.639,0.278394
PacketLengthVariance,Non-DoH,268.27,0.289246
PacketLengthVariance,Non-DoH,276.123,0.299771
PacketLengthVariance,Non-DoH,284.207,0.309822
PacketLengthVariance,Non-DoH,292.527,0.319248
PacketLengthVariance,Non-DoH,301.09,0.327897
PacketLengthVariance,Non-DoH,309.905,0.335619
PacketLengthVariance,Non-DoH,318.977,0.342267
PacketLengthVariance,Non-DoH,328.315,0.347707
PacketLengthVariance,Non-DoH,337.926,0.351813
PacketLengthVariance,Non-DoH,347.819,0.354476
PacketLengthVariance,Non-DoH,358.001,0.355606
PacketLengthVariance,Non-DoH,368.482,0.355129
PacketLengthVariance,Non-DoH,379.269,0.352998
PacketLengthVariance,Non-DoH,390.372,0.349186
PacketLengthVariance,Non-DoH,401.8,0.343692
PacketLengthVariance,Non-DoH,413.563,0.33654
PacketLengthVariance,Non-DoH,425.67,0.327781
PacketLengthVariance,Non-DoH,438.131,0.317491
PacketLengthVariance,Non-DoH,450.957,0.305774
PacketLengthVariance,Non-DoH,464.159,0.292756
PacketLengthVariance,Non-DoH,477.747,0.278589
PacketLengthVariance,Non-DoH,491.733,0.263443
PacketLengthVariance,Non-DoH,506.128,0.247509
PacketLengthVariance,Non-DoH,520.945,0.230989
PacketLengthVariance,Non-DoH,536.196,0.214095
PacketLengthVariance,Non-DoH,551.893,0.197042
PacketLengthVariance,Non-DoH,568.049,0.180044
PacketLengthVariance,Non-DoH,584.679,0.163307
PacketLengthVariance,Non-DoH,601.795,0.147021
PacketLengthVariance,Non-DoH,619.412,0.13136
PacketLengthVariance,Non-DoH,637.546,0.116475
PacketLengthVariance,Non-DoH,656.21,0.10249
PacketLengthVariance,Non-DoH,675.42,0.0895008
PacketLengthVariance,Non-DoH,695.193,0.077573
PacketLengthVariance,Non-DoH,715.544,0.0667446
PacketLengthVariance,Non-DoH,736.492,0.0570254
PacketLengthVariance,Non-DoH,758.052,0.0484006
PacketLengthVariance,Non-DoH,780.244,0.0408331
PacketLengthVariance,Non-DoH,803.086,0.0342685
PacketLengthVariance,Non-DoH,826.596,0.0286379
PacketLengthVariance,Non-DoH,850.794,0.023863
PacketLengthVariance,Non-DoH,875.701,0.0198594
PacketLengthVariance,Non-DoH,901.337,0.0165403
PacketLengthVariance,Non-DoH,927.723,0.0138199
PacketLengthVariance,Non-DoH,954.882,0.0116153
PacketLengthVariance,Non-DoH,982.836,0.009849
PacketLengthVariance,Non-DoH,1011.61,0.00844993
PacketLengthVariance,Non-DoH,1041.22,0.00735435
PacketLengthVariance,Non-DoH,1071.7,0.00650626
PacketLengthVariance,Non-DoH,1103.08,0.0058573
PacketLengthVariance,Non-DoH,1135.37,0.0053665
PacketLengthVariance,Non-DoH,1168.61,0.00499967
PacketLengthVariance,Non-DoH,1202.82,0.0047288
PacketLengthVariance,Non-DoH,1238.03,0.00453129
PacketLengthVariance,Non-DoH,1274.27,0.00438921
PacketLengthVariance,Non-DoH,1311.58,0.00428853
PacketLengthVariance,Non-DoH,1349.98,0.0042185
PacketLengthVariance,Non-DoH,1389.5,0.00417098
PacketLengthVariance,Non-DoH,1430.17,0.00413993
PacketLengthVariance,Non-DoH,1472.04,0.00412095
PacketLengthVariance,Non-DoH,1515.13,0.00411091
PacketLengthVariance,Non-DoH,1559.49,0.00410762
PacketLengthVariance,Non-DoH,1605.14,0.00410956
PacketLengthVariance,Non-DoH,1652.13,0.00411575
PacketLengthVariance,Non-DoH,1700.5,0.00412552
PacketLengthVariance,Non-DoH,1750.28,0.00413847
PacketLengthVariance,Non-DoH,1801.52,0.00415434
PacketLengthVariance,Non-DoH,1854.26,0.00417297
PacketLengthVariance,Non-DoH,1908.54,0.0041943
PacketLengthVariance,Non-DoH,1964.41,0.00421831
PacketLengthVariance,Non-DoH,2021.92,0.00424504
PacketLengthVariance,Non-DoH,2081.11,0.00427461
PacketLengthVariance,Non-DoH,2142.04,0.00430721
PacketLengthVariance,Non-DoH,2204.75,0.00434313
PacketLengthVariance,Non-DoH,2269.29,0.00438276
PacketLengthVariance,Non-DoH,2335.72,0.00442663
PacketLengthVariance,Non-DoH,2404.1,0.0044754
PacketLengthVariance,Non-DoH,2474.48,0.00452984
PacketLengthVariance,Non-DoH,2546.92,0.00459087
PacketLengthVariance,Non-DoH,2621.48,0.00465953
PacketLengthVariance,Non-DoH,2698.22,0.00473696
PacketLengthVariance,Non-DoH,2777.21,0.00482436
PacketLengthVariance,Non-DoH,2858.51,0.00492301
PacketLengthVariance,Non-DoH,2942.2,0.00503421
PacketLengthVariance,Non-DoH,3028.33,0.00515925
PacketLengthVariance,Non-DoH,3116.98,0.00529942
PacketLengthVariance,Non-DoH,3208.23,0.00545593
PacketLengthVariance,Non-DoH,3302.15,0.00562992
PacketLengthVariance,Non-DoH,3398.82,0.00582245
PacketLengthVariance,Non-DoH,3498.32,0.00603444
PacketLengthVariance,Non-DoH,3600.73,0.00626669
PacketLengthVariance,Non-DoH,3706.14,0.00651987
PacketLengthVariance,Non-DoH,3814.64,0.00679447
PacketLengthVariance,Non-DoH,3926.31,0.00709079
PacketLengthVariance,Non-DoH,4041.26,0.00740895
PacketLengthVariance,Non-DoH,4159.56,0.00774885
PacketLengthVariance,Non-DoH,4281.33,0.00811016
PacketLengthVariance,Non-DoH,4406.67,0.00849229
PacketLengthVariance,Non-DoH,4535.67,0.0088944
PacketLengthVariance,Non-DoH,4668.45,0.00931535
PacketLengthVariance,Non-DoH,4805.12,0.00975375
PacketLengthVariance,Non-DoH,4945.79,0.0102079
PacketLengthVariance,Non-DoH,5090.58,0.0106759
PacketLengthVariance,Non-DoH,5239.6,0.0111556
PacketLengthVariance,Non-DoH,5392.99,0.0116447
PacketLengthVariance,Non-DoH,5550.87,0.0121409
PacketLengthVariance,Non-DoH,5713.37,0.0126416
PacketLengthVariance,Non-DoH,5880.63,0.0131447
PacketLengthVariance,Non-DoH,6052.78,0.013648
PacketLengthVariance,Non-DoH,6229.97,0.0141497
PacketLengthVariance,Non-DoH,6412.35,0.0146486
PacketLengthVariance,Non-DoH,6600.08,0.0151439
PacketLengthVariance,Non-DoH,6793.29,0.0156354
PacketLengthVariance,Non-DoH,6992.16,0.0161241
PacketLengthVariance,Non-DoH,7196.86,0.0166114
PacketLengthVariance,Non-DoH,7407.54,0.0171001
PacketLengthVariance,Non-DoH,7624.4,0.017594
PacketLengthVariance,Non-DoH,7847.6,0.0180977
PacketLengthVariance,Non-DoH,8077.34,0.0186174
PacketLengthVariance,Non-DoH,8313.8,0.0191601
PacketLengthVariance,Non-DoH,8557.18,0.0197342
PacketLengthVariance,Non-DoH,8807.69,0.0203491
PacketLengthVariance,Non-DoH,9065.54,0.021015
PacketLengthVariance,Non-DoH,9330.93,0.0217431
PacketLengthVariance,Non-DoH,9604.09,0.0225451
PacketLengthVariance,Non-DoH,9885.25,0.0234331
PacketLengthVariance,Non-DoH,10174.6,0.0244192
PacketLengthVariance,Non-DoH,10472.5,0.0255149
PacketLengthVariance,Non-DoH,10779.1,0.0267309
PacketLengthVariance,Non-DoH,11094.6,0.0280765
PacketLengthVariance,Non-DoH,11419.4,0.0295589
PacketLengthVariance,Non-DoH,11753.7,0.0311826
PacketLengthVariance,Non-DoH,12097.8,0.0329489
PacketLengthVariance,Non-DoH,12452,0.0348555
PacketLengthVariance,Non-DoH,12816.5,0.0368956
PacketLengthVariance,Non-DoH,13191.7,0.0390583
PacketLengthVariance,Non-DoH,13577.9,0.0413279
PacketLengthVariance,Non-DoH,13975.4,0.0436842
PacketLengthVariance,Non-DoH,14384.5,0.0461029
PacketLengthVariance,Non-DoH,14805.6,0.048556
PacketLengthVariance,Non-DoH,15239,0.051013
PacketLengthVariance,Non-DoH,15685.2,0.0534415
PacketLengthVariance,Non-DoH,16144.3,0.0558087
PacketLengthVariance,Non-DoH,16617,0.0580825
PacketLengthVariance,Non-DoH,17103.4,0.0602331
PacketLengthVariance,Non-DoH,17604.1,0.0622341
PacketLengthVariance,Non-DoH,18119.5,0.064064
PacketLengthVariance,Non-DoH,18649.9,0.0657067
PacketLengthVariance,Non-DoH,19195.9,0.0671525
PacketLengthVariance,Non-DoH,19757.8,0.0683987
PacketLengthVariance,Non-DoH,20336.2,0.0694491
PacketLengthVariance,Non-DoH,20931.6,0.0703137
PacketLengthVariance,Non-DoH,21544.3,0.0710086
PacketLengthVariance,Non-DoH,22175.1,0.0715543
PacketLengthVariance,Non-DoH,22824.2,0.0719748
PacketLengthVariance,Non-DoH,23492.4,0.0722961
PacketLengthVariance,Non-DoH,24180.1,0.0725449
PacketLengthVariance,Non-DoH,24888,0.0727471
PacketLengthVariance,Non-DoH,25616.6,0.0729263
PacketLengthVariance,Non-DoH,26366.5,0.0731029
PacketLengthVariance,Non-DoH,27138.4,0.0732932
PacketLengthVariance,Non-DoH,27932.9,0.0735087
PacketLengthVariance,Non-DoH,28750.6,0.0737558
PacketLengthVariance,Non-DoH,29592.2,0.0740357
PacketLengthVariance,Non-DoH,30458.6,0.0743447
PacketLengthVariance,Non-DoH,31350.2,0.074675
PacketLengthVariance,Non-DoH,32268,0.0750147
PacketLengthVariance,Non-DoH,33212.6,0.0753493
PacketLengthVariance,Non-DoH,34184.9,0.0756624
PacketLengthVariance,Non-DoH,35185.7,0.0759367
PacketLengthVariance,Non-DoH,36215.7,0.0761548
PacketLengthVariance,Non-DoH,37275.9,0.0763004
PacketLengthVariance,Non-DoH,38367.2,0.076359
PacketLengthVariance,Non-DoH,39490.4,0.0763186
PacketLengthVariance,Non-DoH,40646.4,0.0761705
PacketLengthVariance,Non-DoH,41836.4,0.0759094
PacketLengthVariance,Non-DoH,43061.1,0.0755338
PacketLengthVariance,Non-DoH,44321.7,0.0750461
PacketLengthVariance,Non-DoH,45619.2,0.0744529
PacketLengthVariance,Non-DoH,46954.7,0.0737639
PacketLengthVariance,Non-DoH,48329.3,0.0729925
PacketLengthVariance,Non-DoH,49744.1,0.072155
PacketLengthVariance,Non-DoH,51200.4,0.07127
PacketLengthVariance,Non-DoH,52699.3,0.0703581
PacketLengthVariance,Non-DoH,54242,0.0694413
PacketLengthVariance,Non-DoH,55829.9,0.0685425
PacketLengthVariance,Non-DoH,57464.3,0.0676851
PacketLengthVariance,Non-DoH,59146.6,0.0668926
PacketLengthVariance,Non-DoH,60878.1,0.0661885
PacketLengthVariance,Non-DoH,62660.3,0.065596
PacketLengthVariance,Non-DoH,64494.7,0.0651381
PacketLengthVariance,Non-DoH,66382.7,0.0648376
PacketLengthVariance,Non-DoH,68326.1,0.0647177
PacketLengthVariance,Non-DoH,70326.3,0.0648017
PacketLengthVariance,Non-DoH,72385.1,0.065114
PacketLengthVariance,Non-DoH,74504.1,0.0656802
PacketLengthVariance,Non-DoH,76685.2,0.066528
PacketLengthVariance,Non-DoH,78930.2,0.0676872
PacketLengthVariance,Non-DoH,81240.8,0.0691906
PacketLengthVariance,Non-DoH,83619.2,0.0710746
PacketLengthVariance,Non-DoH,86067.1,0.0733792
PacketLengthVariance,Non-DoH,88586.7,0.0761487
PacketLengthVariance,Non-DoH,91180,0.0794318
PacketLengthVariance,Non-DoH,93849.3,0.0832817
PacketLengthVariance,Non-DoH,96596.7,0.087756
PacketLengthVariance,Non-DoH,99424.6,0.0929164
PacketLengthVariance,Non-DoH,102335,0.0988281
PacketLengthVariance,Non-DoH,105331,0.105559
PacketLengthVariance,Non-DoH,108415,0.11318
PacketLengthVariance,Non-DoH,111588,0.12176
PacketLengthVariance,Non-DoH,114855,0.131369
PacketLengthVariance,Non-DoH,118217,0.142073
PacketLengthVariance,Non-DoH,121678,0.153931
PacketLengthVariance,Non-DoH,125240,0.166997
PacketLengthVariance,Non-DoH,128907,0.181312
PacketLengthVariance,Non-DoH,132680,0.196905
PacketLengthVariance,Non-DoH,136565,0.213788
PacketLengthVariance,Non-DoH,140563,0.231956
PacketLengthVariance,Non-DoH,144678,0.251383
PacketLengthVariance,Non-DoH,148913,0.272017
PacketLengthVariance,Non-DoH,153272,0.293786
PacketLengthVariance,Non-DoH,157759,0.31659
PacketLengthVariance,Non-DoH,162378,0.340307
PacketLengthVariance,Non-DoH,167131,0.364789
PacketLengthVariance,Non-DoH,172024,0.389868
PacketLengthVariance,Non-DoH,177060,0.415358
PacketLengthVariance,Non-DoH,182243,0.441058
PacketLengthVariance,Non-DoH,187578,0.466758
PacketLengthVariance,Non-DoH,193070,0.492245
PacketLengthVariance,Non-DoH,198722,0.51731
PacketLengthVariance,Non-DoH,204539,0.541751
PacketLengthVariance,Non-DoH,210527,0.565382
PacketLengthVariance,Non-DoH,216690,0.588039
PacketLengthVariance,Non-DoH,223034,0.60958
PacketLengthVariance,Non-DoH,229563,0.629897
PacketLengthVariance,Non-DoH,236284,0.648908
PacketLengthVariance,Non-DoH,243201,0.666565
PacketLengthVariance,Non-DoH,250320,0.682849
PacketLengthVariance,Non-DoH,257648,0.697768
PacketLengthVariance,Non-DoH,265191,0.71135
PacketLengthVariance,Non-DoH,272954,0.723639
PacketLengthVariance,Non-DoH,280945,0.734684
PacketLengthVariance,Non-DoH,289170,0.744536
PacketLengthVariance,Non-DoH,297635,0.753236
PacketLengthVariance,Non-DoH,306348,0.760809
PacketLengthVariance,Non-DoH,315317,0.767259
PacketLengthVariance,Non-DoH,324547,0.772562
PacketLengthVariance,Non-DoH,334048,0.776666
PacketLengthVariance,Non-DoH,343828,0.779489
PacketLengthVariance,Non-DoH,353893,0.780925
PacketLengthVariance,Non-DoH,364253,0.780848
PacketLengthVariance,Non-DoH,374917,0.779119
PacketLengthVariance,Non-DoH,385892,0.775596
PacketLengthVariance,Non-DoH,397189,0.770145
PacketLengthVariance,Non-DoH,408817,0.762652
PacketLengthVariance,Non-DoH,420785,0.753031
PacketLengthVariance,Non-DoH,433103,0.741235
PacketLengthVariance,Non-DoH,445782,0.727264
PacketLengthVariance,Non-DoH,458832,0.711167
PacketLengthVariance,Non-DoH,472265,0.693047
PacketLengthVariance,Non-DoH,486090,0.673056
PacketLengthVariance,Non-DoH,500320,0.651393
PacketLengthVariance,Non-DoH,514967,0.628293
PacketLengthVariance,Non-DoH,530043,0.604021
PacketLengthVariance,Non-DoH,545559,0.578859
PacketLengthVariance,Non-DoH,561531,0.553094
PacketLengthVariance,Non-DoH,577969,0.527006
PacketLengthVariance,Non-DoH,594889,0.500855
PacketLengthVariance,Non-DoH,612304,0.474878
PacketLengthVariance,Non-DoH,630230,0.449275
PacketLengthVariance,Non-DoH,648679,0.424209
PacketLengthVariance,Non-DoH,667669,0.399803
PacketLengthVariance,Non-DoH,687215,0.376139
PacketLengthVariance,Non-DoH,707333,0.353267
PacketLengthVariance,Non-DoH,728040,0.331201
PacketLengthVariance,Non-DoH,749353,0.309935
PacketLengthVariance,Non-DoH,771291,0.289444
PacketLengthVariance,Non-DoH,793870,0.269693
PacketLengthVariance,Non-DoH,817110,0.250644
PacketLengthVariance,Non-DoH,841031,0.232262
PacketLengthVariance,Non-DoH,865652,0.214518
PacketLengthVariance,Non-DoH,890994,0.197397
PacketLengthVariance,Non-DoH,917077,0.180894
PacketLengthVariance,Non-DoH,943925,0.165017
PacketLengthVariance,Non-DoH,971558,0.149786
PacketLengthVariance,Non-DoH,1e+06,0.135229
PacketLengthVariance,Benign-DoH,10,0.000402014
PacketLengthVariance,Benign-DoH,10.2927,0.000510647
PacketLengthVariance,Benign-DoH,10.5941,0.000645023
PacketLengthVariance,Benign-DoH,10.9042,0.000810199
PacketLengthVariance,Benign-DoH,11.2234,0.00101194
PacketLengthVariance,Benign-DoH,11.552,0.00125676
PacketLengthVariance,Benign-DoH,11.8902,0.0015519
PacketLengthVariance,Benign-DoH,12.2382,0.00190532
PacketLengthVariance,Benign-DoH,12.5965,0.00232568
PacketLengthVariance,Benign-DoH,12.9653,0.00282218
PacketLengthVariance,Benign-DoH,13.3448,0.00340448
PacketLengthVariance,Benign-DoH,13.7355,0.00408251
PacketLengthVariance,Benign-DoH,14.1376,0.00486619
PacketLengthVariance,Benign-DoH,14.5515,0.00576519
PacketLengthVariance,Benign-DoH,14.9775,0.00678857
PacketLengthVariance,Benign-DoH,15.4159,0.00794437
PacketLengthVariance,Benign-DoH,15.8672,0.00923919
PacketLengthVariance,Benign-DoH,16.3317,0.0106777
PacketLengthVariance,Benign-DoH,16.8099,0.0122624
PacketLengthVariance,Benign-DoH,17.302,0.0139925
PacketLengthVariance,Benign-DoH,17.8085,0.0158645
PacketLengthVariance,Benign-DoH,18.3298,0.0178708
PacketLengthVariance,Benign-DoH,18.8664,0.02
PacketLengthVariance,Benign-DoH,19.4187,0.0222365
PacketLengthVariance,Benign-DoH,19.9872,0.0245604
PacketLengthVariance,Benign-DoH,20.5723,0.0269479
PacketLengthVariance,Benign-DoH,21.1746,0.0293709
PacketLengthVariance,Benign-DoH,21.7944,0.031798
PacketLengthVariance,Benign-DoH,22.4325,0.034195
PacketLengthVariance,Benign-DoH,23.0892,0.0365253
PacketLengthVariance,Benign-DoH,23.7651,0.0387514
PacketLengthVariance,Benign-DoH,24.4608,0.0408355
PacketLengthVariance,Benign-DoH,25.1769,0.0427406
PacketLengthVariance,Benign-DoH,25.914,0.0444323
PacketLengthVariance,Benign-DoH,26.6726,0.0458792
PacketLengthVariance,Benign-DoH,27.4534,0.0470546
PacketLengthVariance,Benign-DoH,28.2571,0.0479373
PacketLengthVariance,Benign-DoH,29.0843,0.0485126
PacketLengthVariance,Benign-DoH,29.9358,0.0487732
PacketLengthVariance,Benign-DoH,30.8121,0.0487193
PacketLengthVariance,Benign-DoH,31.7142,0.0483591
PacketLengthVariance,Benign-DoH,32.6426,0.0477089
PacketLengthVariance,Benign-DoH,33.5982,0.0467925
PacketLengthVariance,Benign-DoH,34.5818,0.045641
PacketLengthVariance,Benign-DoH,35.5941,0.044292
PacketLengthVariance,Benign-DoH,36.6361,0.0427884
PacketLengthVariance,Benign-DoH,37.7087,0.0411775
PacketLengthVariance,Benign-DoH,38.8126,0.0395096
PacketLengthVariance,Benign-DoH,39.9488,0.0378366
PacketLengthVariance,Benign-DoH,41.1183,0.0362107
PacketLengthVariance,Benign-DoH,42.322,0.0346831
PacketLengthVariance,Benign-DoH,43.561,0.0333023
PacketLengthVariance,Benign-DoH,44.8362,0.032113
PacketLengthVariance,Benign-DoH,46.1488,0.0311551
PacketLengthVariance,Benign-DoH,47.4998,0.0304622
PacketLengthVariance,Benign-DoH,48.8903,0.0300612
PacketLengthVariance,Benign-DoH,50.3216,0.0299709
PacketLengthVariance,Benign-DoH,51.7947,0.0302024
PacketLengthVariance,Benign-DoH,53.311,0.0307579
PacketLengthVariance,Benign-DoH,54.8717,0.0316309
PacketLengthVariance,Benign-DoH,56.4781,0.0328063
PacketLengthVariance,Benign-DoH,58.1314,0.0342606
PacketLengthVariance,Benign-DoH,59.8332,0.0359626
PacketLengthVariance,Benign-DoH,61.5848,0.0378737
PacketLengthVariance,Benign-DoH,63.3877,0.0399492
PacketLengthVariance,Benign-DoH,65.2434,0.0421394
PacketLengthVariance,Benign-DoH,67.1533,0.0443907
PacketLengthVariance,Benign-DoH,69.1192,0.0466472
PacketLengthVariance,Benign-DoH,71.1427,0.0488523
PacketLengthVariance,Benign-DoH,73.2254,0.0509504
PacketLengthVariance,Benign-DoH,75.369,0.0528883
PacketLengthVariance,Benign-DoH,77.5755,0.0546173
PacketLengthVariance,Benign-DoH,79.8465,0.0560944
PacketLengthVariance,Benign-DoH,82.1839,0.0572841
PacketLengthVariance,Benign-DoH,84.5899,0.0581598
PacketLengthVariance,Benign-DoH,87.0662,0.0587045
PacketLengthVariance,Benign-DoH,89.6151,0.0589121
PacketLengthVariance,Benign-DoH,92.2385,0.0587878
PacketLengthVariance,Benign-DoH,94.9388,0.058349
PacketLengthVariance,Benign-DoH,97.7181,0.0576248
PacketLengthVariance,Benign-DoH,100.579,0.0566564
PacketLengthVariance,Benign-DoH,103.523,0.0554967
PacketLengthVariance,Benign-DoH,106.554,0.0542103
PacketLengthVariance,Benign-DoH,109.673,0.0528727
PacketLengthVariance,Benign-DoH,112.884,0.05157
PacketLengthVariance,Benign-DoH,116.188,0.0503988
PacketLengthVariance,Benign-DoH,119.59,0.0494653
PacketLengthVariance,Benign-DoH,123.091,0.0488856
PacketLengthVariance,Benign-DoH,126.694,0.0487854
PacketLengthVariance,Benign-DoH,130.403,0.0492997
PacketLengthVariance,Benign-DoH,134.221,0.050573
PacketLengthVariance,Benign-DoH,138.15,0.0527592
PacketLengthVariance,Benign-DoH,142.194,0.0560214
PacketLengthVariance,Benign-DoH,146.357,0.0605313
PacketLengthVariance,Benign-DoH,150.642,0.0664689
PacketLengthVariance,Benign-DoH,155.052,0.0740204
PacketLengthVariance,Benign-DoH,159.591,0.0833773
PacketLengthVariance,Benign-DoH,164.263,0.0947332
PacketLengthVariance,Benign-DoH,169.071,0.10828
PacketLengthVariance,Benign-DoH,174.021,0.124206
PacketLengthVariance,Benign-DoH,179.115,0.142687
PacketLengthVariance,Benign-DoH,184.359,0.163882
PacketLengthVariance,Benign-DoH,189.756,0.187929
PacketLengthVariance,Benign-DoH,195.311,0.214934
PacketLengthVariance,Benign-DoH,201.029,0.244965
PacketLengthVariance,Benign-DoH,206.914,0.278045
PacketLengthVariance,Benign-DoH,212.971,0.314142
PacketLengthVariance,Benign-DoH,219.206,0.353167
PacketLengthVariance,Benign-DoH,225.623,0.394962
PacketLengthVariance,Benign-DoH,232.228,0.439302
PacketLengthVariance,Benign-DoH,239.027,0.485886
PacketLengthVariance,Benign-DoH,246.024,0.534344
PacketLengthVariance,Benign-DoH,253.226,0.584231
PacketLengthVariance,Benign-DoH,260.639,0.635035
PacketLengthVariance,Benign-DoH,268.27,0.686185
PacketLengthVariance,Benign-DoH,276.123,0.737059
PacketLengthVariance,Benign-DoH,284.207,0.786994
PacketLengthVariance,Benign-DoH,292.527,0.835302
PacketLengthVariance,Benign-DoH,301.09,0.881284
PacketLengthVariance,Benign-DoH,309.905,0.924248
PacketLengthVariance,Benign-DoH,318.977,0.963524
PacketLengthVariance,Benign-DoH,328.315,0.998483
PacketLengthVariance,Benign-DoH,337.926,1.02855
PacketLengthVariance,Benign-DoH,347.819,1.05323
PacketLengthVariance,Benign-DoH,358.001,1.0721
PacketLengthVariance,Benign-DoH,368.482,1.08485
PacketLengthVariance,Benign-DoH,379.269,1.09127
PacketLengthVariance,Benign-DoH,390.372,1.09124
PacketLengthVariance,Benign-DoH,401.8,1.08479
PacketLengthVariance,Benign-DoH,413.563,1.07203
PacketLengthVariance,Benign-DoH,425.67,1.0532
PacketLengthVariance,Benign-DoH,438.131,1.02863
PacketLengthVariance,Benign-DoH,450.957,0.998744
PacketLengthVariance,Benign-DoH,464.159,0.964041
PacketLengthVariance,Benign-DoH,477.747,0.925091
PacketLengthVariance,Benign-DoH,491.733,0.882512
PacketLengthVariance,Benign-DoH,506.128,0.836955
PacketLengthVariance,Benign-DoH,520.945,0.789091
PacketLengthVariance,Benign-DoH,536.196,0.739591
PacketLengthVariance,Benign-DoH,551.893,0.689117
PacketLengthVariance,Benign-DoH,568.049,0.638302
PacketLengthVariance,Benign-DoH,584.679,0.587741
PacketLengthVariance,Benign-DoH,601.795,0.53798
PacketLengthVariance,Benign-DoH,619.412,0.489509
PacketLengthVariance,Benign-DoH,637.546,0.442757
PacketLengthVariance,Benign-DoH,656.21,0.398082
PacketLengthVariance,Benign-DoH,675.42,0.355778
PacketLengthVariance,Benign-DoH,695.193,0.316068
PacketLengthVariance,Benign-DoH,715.544,0.279111
PacketLengthVariance,Benign-DoH,736.492,0.245003
PacketLengthVariance,Benign-DoH,758.052,0.213782
PacketLengthVariance,Benign-DoH,780.244,0.185435
PacketLengthVariance,Benign-DoH,803.086,0.159903
PacketLengthVariance,Benign-DoH,826.596,0.137092
PacketLengthVariance,Benign-DoH,850.794,0.116873
PacketLengthVariance,Benign-DoH,875.701,0.0990968
PacketLengthVariance,Benign-DoH,901.337,0.0835955
PacketLengthVariance,Benign-DoH,927.723,0.0701906
PacketLengthVariance,Benign-DoH,954.882,0.0586985
PacketLengthVariance,Benign-DoH,982.836,0.0489354
PacketLengthVariance,Benign-DoH,1011.61,0.040721
PacketLengthVariance,Benign-DoH,1041.22,0.0338825
PacketLengthVariance,Benign-DoH,1071.7,0.0282567
PacketLengthVariance,Benign-DoH,1103.08,0.0236922
PacketLengthVariance,Benign-DoH,1135.37,0.0200506
PacketLengthVariance,Benign-DoH,1168.61,0.0172069
PacketLengthVariance,Benign-DoH,1202.82,0.0150499
PacketLengthVariance,Benign-DoH,1238.03,0.0134819
PacketLengthVariance,Benign-DoH,1274.27,0.0124183
PacketLengthVariance,Benign-DoH,1311.58,0.0117863
PacketLengthVariance,Benign-DoH,1349.98,0.0115246
PacketLengthVariance,Benign-DoH,1389.5,0.0115818
PacketLengthVariance,Benign-DoH,1430.17,0.0119154
PacketLengthVariance,Benign-DoH,1472.04,0.0124907
PacketLengthVariance,Benign-DoH,1515.13,0.0132796
PacketLengthVariance,Benign-DoH,1559.49,0.0142598
PacketLengthVariance,Benign-DoH,1605.14,0.0154131
PacketLengthVariance,Benign-DoH,1652.13,0.0167253
PacketLengthVariance,Benign-DoH,1700.5,0.0181847
PacketLengthVariance,Benign-DoH,1750.28,0.0197817
PacketLengthVariance,Benign-DoH,1801.52,0.0215078
PacketLengthVariance,Benign-DoH,1854.26,0.0233554
PacketLengthVariance,Benign-DoH,1908.54,0.0253169
PacketLengthVariance,Benign-DoH,1964.41,0.0273845
PacketLengthVariance,Benign-DoH,2021.92,0.0295498
PacketLengthVariance,Benign-DoH,2081.11,0.0318038
PacketLengthVariance,Benign-DoH,2142.04,0.0341365
PacketLengthVariance,Benign-DoH,2204.75,0.0365369
PacketLengthVariance,Benign-DoH,2269.29,0.0389932
PacketLengthVariance,Benign-DoH,2335.72,0.0414929
PacketLengthVariance,Benign-DoH,2404.1,0.0440229
PacketLengthVariance,Benign-DoH,2474.48,0.0465701
PacketLengthVariance,Benign-DoH,2546.92,0.0491213
PacketLengthVariance,Benign-DoH,2621.48,0.0516641
PacketLengthVariance,Benign-DoH,2698.22,0.054187
PacketLengthVariance,Benign-DoH,2777.21,0.0566798
PacketLengthVariance,Benign-DoH,2858.51,0.0591343
PacketLengthVariance,Benign-DoH,2942.2,0.0615442
PacketLengthVariance,Benign-DoH,3028.33,0.0639062
PacketLengthVariance,Benign-DoH,3116.98,0.0662193
PacketLengthVariance,Benign-DoH,3208.23,0.0684858
PacketLengthVariance,Benign-DoH,3302.15,0.070711
PacketLengthVariance,Benign-DoH,3398.82,0.0729033
PacketLengthVariance,Benign-DoH,3498.32,0.0750744
PacketLengthVariance,Benign-DoH,3600.73,0.0772386
PacketLengthVariance,Benign-DoH,3706.14,0.0794132
PacketLengthVariance,Benign-DoH,3814.64,0.0816179
PacketLengthVariance,Benign-DoH,3926.31,0.0838747
PacketLengthVariance,Benign-DoH,4041.26,0.0862075
PacketLengthVariance,Benign-DoH,4159.56,0.0886418
PacketLengthVariance,Benign-DoH,4281.33,0.0912045
PacketLengthVariance,Benign-DoH,4406.67,0.0939239
PacketLengthVariance,Benign-DoH,4535.67,0.0968288
PacketLengthVariance,Benign-DoH,4668.45,0.0999491
PacketLengthVariance,Benign-DoH,4805.12,0.103316
PacketLengthVariance,Benign-DoH,4945.79,0.10696
PacketLengthVariance,Benign-DoH,5090.58,0.110914
PacketLengthVariance,Benign-DoH,5239.6,0.11521
PacketLengthVariance,Benign-DoH,5392.99,0.119884
PacketLengthVariance,Benign-DoH,5550.87,0.124969
PacketLengthVariance,Benign-DoH,5713.37,0.130503
PacketLengthVariance,Benign-DoH,5880.63,0.136521
PacketLengthVariance,Benign-DoH,6052.78,0.143063
PacketLengthVariance,Benign-DoH,6229.97,0.150167
PacketLengthVariance,Benign-DoH,6412.35,0.157871
PacketLengthVariance,Benign-DoH,6600.08,0.166214
PacketLengthVariance,Benign-DoH,6793.29,0.175233
PacketLengthVariance,Benign-DoH,6992.16,0.184964
PacketLengthVariance,Benign-DoH,7196.86,0.195439
PacketLengthVariance,Benign-DoH,7407.54,0.206684
PacketLengthVariance,Benign-DoH,7624.4,0.218721
PacketLengthVariance,Benign-DoH,7847.6,0.231563
PacketLengthVariance,Benign-DoH,8077.34,0.245213
PacketLengthVariance,Benign-DoH,8313.8,0.259663
PacketLengthVariance,Benign-DoH,8557.18,0.274892
PacketLengthVariance,Benign-DoH,8807.69,0.290862
PacketLengthVariance,Benign-DoH,9065.54,0.307522
PacketLengthVariance,Benign-DoH,9330.93,0.324802
PacketLengthVariance,Benign-DoH,9604.09,0.342612
PacketLengthVariance,Benign-DoH,9885.25,0.360847
PacketLengthVariance,Benign-DoH,10174.6,0.379382
PacketLengthVariance,Benign-DoH,10472.5,0.398075
PacketLengthVariance,Benign-DoH,10779.1,0.416771
PacketLengthVariance,Benign-DoH,11094.6,0.435299
PacketLengthVariance,Benign-DoH,11419.4,0.453478
PacketLengthVariance,Benign-DoH,11753.7,0.471123
PacketLengthVariance,Benign-DoH,12097.8,0.488044
PacketLengthVariance,Benign-DoH,12452,0.504052
PacketLengthVariance,Benign-DoH,12816.5,0.518966
PacketLengthVariance,Benign-DoH,13191.7,0.532614
PacketLengthVariance,Benign-DoH,13577.9,0.54484
PacketLengthVariance,Benign-DoH,13975.4,0.555505
PacketLengthVariance,Benign-DoH,14384.5,0.564494
PacketLengthVariance,Benign-DoH,14805.6,0.571718
PacketLengthVariance,Benign-DoH,15239,0.577113
PacketLengthVariance,Benign-DoH,15685.2,0.580646
PacketLengthVariance,Benign-DoH,16144.3,0.582311
PacketLengthVariance,Benign-DoH,16617,0.582132
PacketLengthVariance,Benign-DoH,17103.4,0.580157
PacketLengthVariance,Benign-DoH,17604.1,0.576461
PacketLengthVariance,Benign-DoH,18119.5,0.571138
PacketLengthVariance,Benign-DoH,18649.9,0.5643
PacketLengthVariance,Benign-DoH,19195.9,0.55607
PacketLengthVariance,Benign-DoH,19757.8,0.546582
PacketLengthVariance,Benign-DoH,20336.2,0.535973
PacketLengthVariance,Benign-DoH,20931.6,0.524383
PacketLengthVariance,Benign-DoH,21544.3,0.511944
PacketLengthVariance,Benign-DoH,22175.1,0.498786
PacketLengthVariance,Benign-DoH,22824.2,0.485028
PacketLengthVariance,Benign-DoH,23492.4,0.470779
PacketLengthVariance,Benign-DoH,24180.1,0.456136
PacketLengthVariance,Benign-DoH,24888,0.441185
PacketLengthVariance,Benign-DoH,25616.6,0.426
PacketLengthVariance,Benign-DoH,26366.5,0.410645
PacketLengthVariance,Benign-DoH,27138.4,0.395174
PacketLengthVariance,Benign-DoH,27932.9,0.379636
PacketLengthVariance,Benign-DoH,28750.6,0.364072
PacketLengthVariance,Benign-DoH,29592.2,0.348523
PacketLengthVariance,Benign-DoH,30458.6,0.333025
PacketLengthVariance,Benign-DoH,31350.2,0.317618
PacketLengthVariance,Benign-DoH,32268,0.302341
PacketLengthVariance,Benign-DoH,33212.6,0.287237
PacketLengthVariance,Benign-DoH,34184.9,0.272351
PacketLengthVariance,Benign-DoH,35185.7,0.257732
PacketLengthVariance,Benign-DoH,36215.7,0.243431
PacketLengthVariance,Benign-DoH,37275.9,0.229502
PacketLengthVariance,Benign-DoH,38367.2,0.215998
PacketLengthVariance,Benign-DoH,39490.4,0.202974
PacketLengthVariance,Benign-DoH,40646.4,0.190483
PacketLengthVariance,Benign-DoH,41836.4,0.178574
PacketLengthVariance,Benign-DoH,43061.1,0.167292
PacketLengthVariance,Benign-DoH,44321.7,0.156677
PacketLengthVariance,Benign-DoH,45619.2,0.146763
PacketLengthVariance,Benign-DoH,46954.7,0.137577
PacketLengthVariance,Benign-DoH,48329.3,0.129137
PacketLengthVariance,Benign-DoH,49744.1,0.121457
PacketLengthVariance,Benign-DoH,51200.4,0.114541
PacketLengthVariance,Benign-DoH,52699.3,0.108387
PacketLengthVariance,Benign-DoH,54242,0.102989
PacketLengthVariance,Benign-DoH,55829.9,0.0983323
PacketLengthVariance,Benign-DoH,57464.3,0.0944021
PacketLengthVariance,Benign-DoH,59146.6,0.0911786
PacketLengthVariance,Benign-DoH,60878.1,0.0886406
PacketLengthVariance,Benign-DoH,62660.3,0.0867661
PacketLengthVariance,Benign-DoH,64494.7,0.0855328
PacketLengthVariance,Benign-DoH,66382.7,0.0849187
PacketLengthVariance,Benign-DoH,68326.1,0.0849031
PacketLengthVariance,Benign-DoH,70326.3,0.0854658
PacketLengthVariance,Benign-DoH,72385.1,0.0865878
PacketLengthVariance,Benign-DoH,74504.1,0.0882503
PacketLengthVariance,Benign-DoH,76685.2,0.0904346
PacketLengthVariance,Benign-DoH,78930.2,0.093121
PacketLengthVariance,Benign-DoH,81240.8,0.0962878
PacketLengthVariance,Benign-DoH,83619.2,0.0999107
PacketLengthVariance,Benign-DoH,86067.1,0.103961
PacketLengthVariance,Benign-DoH,88586.7,0.108406
PacketLengthVariance,Benign-DoH,91180,0.113205
PacketLengthVariance,Benign-DoH,93849.3,0.118313
PacketLengthVariance,Benign-DoH,96596.7,0.123678
PacketLengthVariance,Benign-DoH,99424.6,0.129239
PacketLengthVariance,Benign-DoH,102335,0.134928
PacketLengthVariance,Benign-DoH,105331,0.140673
PacketLengthVariance,Benign-DoH,108415,0.146395
PacketLengthVariance,Benign-DoH,111588,0.152011
PacketLengthVariance,Benign-DoH,114855,0.157435
PacketLengthVariance,Benign-DoH,118217,0.162583
PacketLengthVariance,Benign-DoH,121678,0.16737
PacketLengthVariance,Benign-DoH,125240,0.171717
PacketLengthVariance,Benign-DoH,128907,0.175552
PacketLengthVariance,Benign-DoH,132680,0.17881
PacketLengthVariance,Benign-DoH,136565,0.181439
PacketLengthVariance,Benign-DoH,140563,0.183398
PacketLengthVariance,Benign-DoH,144678,0.184662
PacketLengthVariance,Benign-DoH,148913,0.185219
PacketLengthVariance,Benign-DoH,153272,0.185074
PacketLengthVariance,Benign-DoH,157759,0.184246
PacketLengthVariance,Benign-DoH,162378,0.182769
PacketLengthVariance,Benign-DoH,167131,0.18069
PacketLengthVariance,Benign-DoH,172024,0.178065
PacketLengthVariance,Benign-DoH,177060,0.174963
PacketLengthVariance,Benign-DoH,182243,0.171454
PacketLengthVariance,Benign-DoH,187578,0.167616
PacketLengthVariance,Benign-DoH,193070,0.163526
PacketLengthVariance,Benign-DoH,198722,0.159258
PacketLengthVariance,Benign-DoH,204539,0.154884
PacketLengthVariance,Benign-DoH,210527,0.150467
PacketLengthVariance,Benign-DoH,216690,0.146064
PacketLengthVariance,Benign-DoH,223034,0.141721
PacketLengthVariance,Benign-DoH,229563,0.137476
PacketLengthVariance,Benign-DoH,236284,0.133353
PacketLengthVariance,Benign-DoH,243201,0.12937
PacketLengthVariance,Benign-DoH,250320,0.125534
PacketLengthVariance,Benign-DoH,257648,0.121844
PacketLengthVariance,Benign-DoH,265191,0.118294
PacketLengthVariance,Benign-DoH,272954,0.114872
PacketLengthVariance,Benign-DoH,280945,0.111564
PacketLengthVariance,Benign-DoH,289170,0.108356
PacketLengthVariance,Benign-DoH,297635,0.105232
PacketLengthVariance,Benign-DoH,306348,0.102181
PacketLengthVariance,Benign-DoH,315317,0.0991934
PacketLengthVariance,Benign-DoH,324547,0.096265
PacketLengthVariance,Benign-DoH,334048,0.0933955
PacketLengthVariance,Benign-DoH,343828,0.090589
PacketLengthVariance,Benign-DoH,353893,0.0878541
PacketLengthVariance,Benign-DoH,364253,0.0852027
PacketLengthVariance,Benign-DoH,374917,0.0826494
PacketLengthVariance,Benign-DoH,385892,0.08021
PacketLengthVariance,Benign-DoH,397189,0.0779003
PacketLengthVariance,Benign-DoH,408817,0.0757349
PacketLengthVariance,Benign-DoH,420785,0.0737258
PacketLengthVariance,Benign-DoH,433103,0.0718812
PacketLengthVariance,Benign-DoH,445782,0.0702044
PacketLengthVariance,Benign-DoH,458832,0.0686935
PacketLengthVariance,Benign-DoH,472265,0.0673407
PacketLengthVariance,Benign-DoH,486090,0.0661322
PacketLengthVariance,Benign-DoH,500320,0.0650488
PacketLengthVariance,Benign-DoH,514967,0.0640659
PacketLengthVariance,Benign-DoH,530043,0.063155
PacketLengthVariance,Benign-DoH,545559,0.0622846
PacketLengthVariance,Benign-DoH,561531,0.061421
PacketLengthVariance,Benign-DoH,577969,0.0605306
PacketLengthVariance,Benign-DoH,594889,0.0595804
PacketLengthVariance,Benign-DoH,612304,0.0585399
PacketLengthVariance,Benign-DoH,630230,0.0573824
PacketLengthVariance,Benign-DoH,648679,0.0560856
PacketLengthVariance,Benign-DoH,667669,0.0546331
PacketLengthVariance,Benign-DoH,687215,0.0530142
PacketLengthVariance,Benign-DoH,707333,0.0512249
PacketLengthVariance,Benign-DoH,728040,0.0492678
PacketLengthVariance,Benign-DoH,749353,0.0471515
PacketLengthVariance,Benign-DoH,771291,0.0448902
PacketLengthVariance,Benign-DoH,793870,0.0425034
PacketLengthVariance,Benign-DoH,817110,0.0400143
PacketLengthVariance,Benign-DoH,841031,0.0374495
PacketLengthVariance,Benign-DoH,865652,0.0348373
PacketLengthVariance,Benign-DoH,890994,0.032207
PacketLengthVariance,Benign-DoH,917077,0.0295878
PacketLengthVariance,Benign-DoH,943925,0.0270078
PacketLengthVariance,Benign-DoH,971558,0.0244929
PacketLengthVariance,Benign-DoH,1e+06,0.0220667
PacketLengthVariance,Malicious-DoH,10,5.04753e-06
PacketLengthVariance,Malicious-DoH,10.2927,7.81824e-06
PacketLengthVariance,Malicious-DoH,10.5941,1.16963e-05
PacketLengthVariance,Malicious-DoH,10.9042,1.6901e-05
PacketLengthVariance,Malicious-DoH,11.2234,2.35887e-05
PacketLengthVariance,Malicious-DoH,11.552,3.18005e-05
PacketLengthVariance,Malicious-DoH,11.8902,4.14106e-05
PacketLengthVariance,Malicious-DoH,12.2382,5.20886e-05
PacketLengthVariance,Malicious-DoH,12.5965,6.32898e-05
PacketLengthVariance,Malicious-DoH,12.9653,7.42832e-05
PacketLengthVariance,Malicious-DoH,13.3448,8.42204e-05
PacketLengthVariance,Malicious-DoH,13.7355,9.22397e-05
PacketLengthVariance,Malicious-DoH,14.1376,9.75877e-05
PacketLengthVariance,Malicious-DoH,14.5515,9.97356e-05
PacketLengthVariance,Malicious-DoH,14.9775,9.84654e-05
PacketLengthVariance,Malicious-DoH,15.4159,9.39066e-05
PacketLengthVariance,Malicious-DoH,15.8672,8.65137e-05
PacketLengthVariance,Malicious-DoH,16.3317,7.69925e-05
PacketLengthVariance,Malicious-DoH,16.8099,6.61886e-05
PacketLengthVariance,Malicious-DoH,17.302,5.49648e-05
PacketLengthVariance,Malicious-DoH,17.8085,4.40908e-05
PacketLengthVariance,Malicious-DoH,18.3298,3.41638e-05
PacketLengthVariance,Malicious-DoH,18.8664,2.55702e-05
PacketLengthVariance,Malicious-DoH,19.4187,1.8486e-05
PacketLengthVariance,Malicious-DoH,19.9872,1.29087e-05
PacketLengthVariance,Malicious-DoH,20.5723,8.7066e-06
PacketLengthVariance,Malicious-DoH,21.1746,5.67196e-06
PacketLengthVariance,Malicious-DoH,21.7944,3.56898e-06
PacketLengthVariance,Malicious-DoH,22.4325,2.16938e-06
PacketLengthVariance,Malicious-DoH,23.0892,1.27456e-06
PacketLengthVariance,Malicious-DoH,23.7651,7.25493e-07
PacketLengthVariance,Malicious-DoH,24.4608,4.03788e-07
PacketLengthVariance,Malicious-DoH,25.1769,2.27398e-07
PacketLengthVariance,Malicious-DoH,25.914,1.44256e-07
PacketLengthVariance,Malicious-DoH,26.6726,1.26057e-07
PacketLengthVariance,Malicious-DoH,27.4534,1.63489e-07
PacketLengthVariance,Malicious-DoH,28.2571,2.6342e-07
PacketLengthVariance,Malicious-DoH,29.0843,4.47878e-07
PacketLengthVariance,Malicious-DoH,29.9358,7.54258e-07
PacketLengthVariance,Malicious-DoH,30.8121,1.23585e-06
PacketLengthVariance,Malicious-DoH,31.7142,1.96158e-06
PacketLengthVariance,Malicious-DoH,32.6426,3.01394e-06
PacketLengthVariance,Malicious-DoH,33.5982,4.48402e-06
PacketLengthVariance,Malicious-DoH,34.5818,6.46357e-06
PacketLengthVariance,Malicious-DoH,35.5941,9.03407e-06
PacketLengthVariance,Malicious-DoH,36.6361,1.22543e-05
PacketLengthVariance,Malicious-DoH,37.7087,1.61482e-05
PacketLengthVariance,Malicious-DoH,38.8126,2.06947e-05
PacketLengthVariance,Malicious-DoH,39.9488,2.58216e-05
PacketLengthVariance,Malicious-DoH,41.1183,3.14054e-05
PacketLengthVariance,Malicious-DoH,42.322,3.72756e-05
PacketLengthVariance,Malicious-DoH,43.561,4.32267e-05
PacketLengthVariance,Malicious-DoH,44.8362,4.90394e-05
PacketLengthVariance,Malicious-DoH,46.1488,5.45177e-05
PacketLengthVariance,Malicious-DoH,47.4998,5.95577e-05
PacketLengthVariance,Malicious-DoH,48.8903,6.42742e-05
PacketLengthVariance,Malicious-DoH,50.3216,6.92291e-05
PacketLengthVariance,Malicious-DoH,51.7947,7.58358e-05
PacketLengthVariance,Malicious-DoH,53.311,8.70489e-05
PacketLengthVariance,Malicious-DoH,54.8717,0.0001085
PacketLengthVariance,Malicious-DoH,56.4781,0.000150296
PacketLengthVariance,Malicious-DoH,58.1314,0.00022973
PacketLengthVariance,Malicious-DoH,59.8332,0.000375157
PacketLengthVariance,Malicious-DoH,61.5848,0.000631171
PacketLengthVariance,Malicious-DoH,63.3877,0.00106497
PacketLengthVariance,Malicious-DoH,65.2434,0.00177333
PacketLengthVariance,Malicious-DoH,67.1533,0.00288892
PacketLengthVariance,Malicious-DoH,69.1192,0.0045839
PacketLengthVariance,Malicious-DoH,71.1427,0.00706815
PacketLengthVariance,Malicious-DoH,73.2254,0.0105789
PacketLengthVariance,Malicious-DoH,75.369,0.0153591
PacketLengthVariance,Malicious-DoH,77.5755,0.0216238
PacketLengthVariance,Malicious-DoH,79.8465,0.0295158
PacketLengthVariance,Malicious-DoH,82.1839,0.0390565
PacketLengthVariance,Malicious-DoH,84.5899,0.0501003
PacketLengthVariance,Malicious-DoH,87.0662,0.0623049
PacketLengthVariance,Malicious-DoH,89.6151,0.0751294
PacketLengthVariance,Malicious-DoH,92.2385,0.0878666
PacketLengthVariance,Malicious-DoH,94.9388,0.0997127
PacketLengthVariance,Malicious-DoH,97.7181,0.109866
PacketLengthVariance,Malicious-DoH,100.579,0.117635
PacketLengthVariance,Malicious-DoH,103.523,0.122541
PacketLengthVariance,Malicious-DoH,106.554,0.124385
PacketLengthVariance,Malicious-DoH,109.673,0.123267
PacketLengthVariance,Malicious-DoH,112.884,0.119548
PacketLengthVariance,Malicious-DoH,116.188,0.11378
PacketLengthVariance,Malicious-DoH,119.59,0.106592
PacketLengthVariance,Malicious-DoH,123.091,0.0985939
PacketLengthVariance,Malicious-DoH,126.694,0.0902887
PacketLengthVariance,Malicious-DoH,130.403,0.0820325
PacketLengthVariance,Malicious-DoH,134.221,0.0740303
PacketLengthVariance,Malicious-DoH,138.15,0.066367
PacketLengthVariance,Malicious-DoH,142.194,0.0590581
PacketLengthVariance,Malicious-DoH,146.357,0.0521006
PacketLengthVariance,Malicious-DoH,150.642,0.0455128
PacketLengthVariance,Malicious-DoH,155.052,0.0393551
PacketLengthVariance,Malicious-DoH,159.591,0.0337301
PacketLengthVariance,Malicious-DoH,164.263,0.0287701
PacketLengthVariance,Malicious-DoH,169.071,0.0246164
PacketLengthVariance,Malicious-DoH,174.021,0.0214003
PacketLengthVariance,Malicious-DoH,179.115,0.0192278
PacketLengthVariance,Malicious-DoH,184.359,0.0181702
PacketLengthVariance,Malicious-DoH,189.756,0.0182593
PacketLengthVariance,Malicious-DoH,195.311,0.0194827
PacketLengthVariance,Malicious-DoH,201.029,0.02178
PacketLengthVariance,Malicious-DoH,206.914,0.0250357
PacketLengthVariance,Malicious-DoH,212.971,0.0290739
PacketLengthVariance,Malicious-DoH,219.206,0.0336556
PacketLengthVariance,Malicious-DoH,225.623,0.0384826
PacketLengthVariance,Malicious-DoH,232.228,0.0432128
PacketLengthVariance,Malicious-DoH,239.027,0.0474841
PacketLengthVariance,Malicious-DoH,246.024,0.0509489
PacketLengthVariance,Malicious-DoH,253.226,0.0533114
PacketLengthVariance,Malicious-DoH,260.639,0.0543619
PacketLengthVariance,Malicious-DoH,268.27,0.0540029
PacketLengthVariance,Malicious-DoH,276.123,0.05226
PacketLengthVariance,Malicious-DoH,284.207,0.049276
PacketLengthVariance,Malicious-DoH,292.527,0.0452898
PacketLengthVariance,Malicious-DoH,301.09,0.0406039
PacketLengthVariance,Malicious-DoH,309.905,0.0355458
PacketLengthVariance,Malicious-DoH,318.977,0.0304312
PacketLengthVariance,Malicious-DoH,328.315,0.0255331
PacketLengthVariance,Malicious-DoH,337.926,0.0210611
PacketLengthVariance,Malicious-DoH,347.819,0.0171518
PacketLengthVariance,Malicious-DoH,358.001,0.0138698
PacketLengthVariance,Malicious-DoH,368.482,0.0112168
PacketLengthVariance,Malicious-DoH,379.269,0.00914599
PacketLengthVariance,Malicious-DoH,390.372,0.00757878
PacketLengthVariance,Malicious-DoH,401.8,0.00642082
PacketLengthVariance,Malicious-DoH,413.563,0.00557575
PacketLengthVariance,Malicious-DoH,425.67,0.00495528
PacketLengthVariance,Malicious-DoH,438.131,0.00448534
PacketLengthVariance,Malicious-DoH,450.957,0.00410854
PacketLengthVariance,Malicious-DoH,464.159,0.00378379
PacketLengthVariance,Malicious-DoH,477.747,0.00348401
PacketLengthVariance,Malicious-DoH,491.733,0.00319311
PacketLengthVariance,Malicious-DoH,506.128,0.0029029
PacketLengthVariance,Malicious-DoH,520.945,0.00261069
PacketLengthVariance,Malicious-DoH,536.196,0.00231741
PacketLengthVariance,Malicious-DoH,551.893,0.00202654
PacketLengthVariance,Malicious-DoH,568.049,0.00174326
PacketLengthVariance,Malicious-DoH,584.679,0.00147373
PacketLengthVariance,Malicious-DoH,601.795,0.00122429
PacketLengthVariance,Malicious-DoH,619.412,0.00100071
PacketLengthVariance,Malicious-DoH,637.546,0.000807311
PacketLengthVariance,Malicious-DoH,656.21,0.000646454
PacketLengthVariance,Malicious-DoH,675.42,0.000518223
PacketLengthVariance,Malicious-DoH,695.193,0.000420557
PacketLengthVariance,Malicious-DoH,715.544,0.000349675
PacketLengthVariance,Malicious-DoH,736.492,0.00030075
PacketLengthVariance,Malicious-DoH,758.052,0.000268674
PacketLengthVariance,Malicious-DoH,780.244,0.000248819
PacketLengthVariance,Malicious-DoH,803.086,0.000237752
PacketLengthVariance,Malicious-DoH,826.596,0.000233874
PacketLengthVariance,Malicious-DoH,850.794,0.000238057
PacketLengthVariance,Malicious-DoH,875.701,0.000254314
PacketLengthVariance,Malicious-DoH,901.337,0.000290558
PacketLengthVariance,Malicious-DoH,927.723,0.000359403
PacketLengthVariance,Malicious-DoH,954.882,0.000478885
PacketLengthVariance,Malicious-DoH,982.836,0.000672858
PacketLengthVariance,Malicious-DoH,1011.61,0.000970686
PacketLengthVariance,Malicious-DoH,1041.22,0.00140588
PacketLengthVariance,Malicious-DoH,1071.7,0.00201336
PacketLengthVariance,Malicious-DoH,1103.08,0.00282518
PacketLengthVariance,Malicious-DoH,1135.37,0.00386528
PacketLengthVariance,Malicious-DoH,1168.61,0.00514369
PacketLengthVariance,Malicious-DoH,1202.82,0.00665172
PacketLengthVariance,Malicious-DoH,1238.03,0.00835941
PacketLengthVariance,Malicious-DoH,1274.27,0.0102166
PacketLengthVariance,Malicious-DoH,1311.58,0.0121585
PacketLengthVariance,Malicious-DoH,1349.98,0.0141148
PacketLengthVariance,Malicious-DoH,1389.5,0.0160225
PacketLengthVariance,Malicious-DoH,1430.17,0.0178384
PacketLengthVariance,Malicious-DoH,1472.04,0.0195489
PacketLengthVariance,Malicious-DoH,1515.13,0.0211757
PacketLengthVariance,Malicious-DoH,1559.49,0.0227727
PacketLengthVariance,Malicious-DoH,1605.14,0.024416
PacketLengthVariance,Malicious-DoH,1652.13,0.0261876
PacketLengthVariance,Malicious-DoH,1700.5,0.0281544
PacketLengthVariance,Malicious-DoH,1750.28,0.0303484
PacketLengthVariance,Malicious-DoH,1801.52,0.0327513
PacketLengthVariance,Malicious-DoH,1854.26,0.0352871
PacketLengthVariance,Malicious-DoH,1908.54,0.0378261
PacketLengthVariance,Malicious-DoH,1964.41,0.0401991
PacketLengthVariance,Malicious-DoH,2021.92,0.0422214
PacketLengthVariance,Malicious-DoH,2081.11,0.043721
PacketLengthVariance,Malicious-DoH,2142.04,0.0445672
PacketLengthVariance,Malicious-DoH,2204.75,0.0446922
PacketLengthVariance,Malicious-DoH,2269.29,0.0441038
PacketLengthVariance,Malicious-DoH,2335.72,0.0428848
PacketLengthVariance,Malicious-DoH,2404.1,0.0411817
PacketLengthVariance,Malicious-DoH,2474.48,0.0391848
PacketLengthVariance,Malicious-DoH,2546.92,0.0371043
PacketLengthVariance,Malicious-DoH,2621.48,0.0351481
PacketLengthVariance,Malicious-DoH,2698.22,0.0335057
PacketLengthVariance,Malicious-DoH,2777.21,0.0323402
PacketLengthVariance,Malicious-DoH,2858.51,0.0317889
PacketLengthVariance,Malicious-DoH,2942.2,0.0319728
PacketLengthVariance,Malicious-DoH,3028.33,0.0330087
PacketLengthVariance,Malicious-DoH,3116.98,0.0350239
PacketLengthVariance,Malicious-DoH,3208.23,0.0381653
PacketLengthVariance,Malicious-DoH,3302.15,0.0426021
PacketLengthVariance,Malicious-DoH,3398.82,0.048516
PacketLengthVariance,Malicious-DoH,3498.32,0.0560797
PacketLengthVariance,Malicious-DoH,3600.73,0.065423
PacketLengthVariance,Malicious-DoH,3706.14,0.0765917
PacketLengthVariance,Malicious-DoH,3814.64,0.0895063
PacketLengthVariance,Malicious-DoH,3926.31,0.10393
PacketLengthVariance,Malicious-DoH,4041.26,0.119457
PacketLengthVariance,Malicious-DoH,4159.56,0.135529
PacketLengthVariance,Malicious-DoH,4281.33,0.15148
PacketLengthVariance,Malicious-DoH,4406.67,0.166613
PacketLengthVariance,Malicious-DoH,4535.67,0.180292
PacketLengthVariance,Malicious-DoH,4668.45,0.192031
PacketLengthVariance,Malicious-DoH,4805.12,0.20157
PacketLengthVariance,Malicious-DoH,4945.79,0.208911
PacketLengthVariance,Malicious-DoH,5090.58,0.214317
PacketLengthVariance,Malicious-DoH,5239.6,0.218261
PacketLengthVariance,Malicious-DoH,5392.99,0.221346
PacketLengthVariance,Malicious-DoH,5550.87,0.22421
PacketLengthVariance,Malicious-DoH,5713.37,0.227429
PacketLengthVariance,Malicious-DoH,5880.63,0.231453
PacketLengthVariance,Malicious-DoH,6052.78,0.236564
PacketLengthVariance,Malicious-DoH,6229.97,0.242873
PacketLengthVariance,Malicious-DoH,6412.35,0.250345
PacketLengthVariance,Malicious-DoH,6600.08,0.25883
PacketLengthVariance,Malicious-DoH,6793.29,0.268096
PacketLengthVariance,Malicious-DoH,6992.16,0.277853
PacketLengthVariance,Malicious-DoH,7196.86,0.287757
PacketLengthVariance,Malicious-DoH,7407.54,0.297418
PacketLengthVariance,Malicious-DoH,7624.4,0.306394
PacketLengthVariance,Malicious-DoH,7847.6,0.314217
PacketLengthVariance,Malicious-DoH,8077.34,0.320419
PacketLengthVariance,Malicious-DoH,8313.8,0.324593
PacketLengthVariance,Malicious-DoH,8557.18,0.326448
PacketLengthVariance,Malicious-DoH,8807.69,0.325866
PacketLengthVariance,Malicious-DoH,9065.54,0.322943
PacketLengthVariance,Malicious-DoH,9330.93,0.317993
PacketLengthVariance,Malicious-DoH,9604.09,0.311517
PacketLengthVariance,Malicious-DoH,9885.25,0.304149
PacketLengthVariance,Malicious-DoH,10174.6,0.296573
PacketLengthVariance,Malicious-DoH,10472.5,0.289438
PacketLengthVariance,Malicious-DoH,10779.1,0.283282
PacketLengthVariance,Malicious-DoH,11094.6,0.278477
PacketLengthVariance,Malicious-DoH,11419.4,0.275207
PacketLengthVariance,Malicious-DoH,11753.7,0.273472
PacketLengthVariance,Malicious-DoH,12097.8,0.273128
PacketLengthVariance,Malicious-DoH,12452,0.27394
PacketLengthVariance,Malicious-DoH,12816.5,0.275645
PacketLengthVariance,Malicious-DoH,13191.7,0.278014
PacketLengthVariance,Malicious-DoH,13577.9,0.280891
PacketLengthVariance,Malicious-DoH,13975.4,0.284224
PacketLengthVariance,Malicious-DoH,14384.5,0.288053
PacketLengthVariance,Malicious-DoH,14805.6,0.292491
PacketLengthVariance,Malicious-DoH,15239,0.297671
PacketLengthVariance,Malicious-DoH,15685.2,0.303693
PacketLengthVariance,Malicious-DoH,16144.3,0.310561
PacketLengthVariance,Malicious-DoH,16617,0.318141
PacketLengthVariance,Malicious-DoH,17103.4,0.326132
PacketLengthVariance,Malicious-DoH,17604.1,0.334074
PacketLengthVariance,Malicious-DoH,18119.5,0.341376
PacketLengthVariance,Malicious-DoH,18649.9,0.347377
PacketLengthVariance,Malicious-DoH,19195.9,0.351422
PacketLengthVariance,Malicious-DoH,19757.8,0.352937
PacketLengthVariance,Malicious-DoH,20336.2,0.3515
PacketLengthVariance,Malicious-DoH,20931.6,0.346891
PacketLengthVariance,Malicious-DoH,21544.3,0.339109
PacketLengthVariance,Malicious-DoH,22175.1,0.328369
PacketLengthVariance,Malicious-DoH,22824.2,0.315071
PacketLengthVariance,Malicious-DoH,23492.4,0.299749
PacketLengthVariance,Malicious-DoH,24180.1,0.28302
PacketLengthVariance,Malicious-DoH,24888,0.265528
PacketLengthVariance,Malicious-DoH,25616.6,0.247897
PacketLengthVariance,Malicious-DoH,26366.5,0.230695
PacketLengthVariance,Malicious-DoH,27138.4,0.214411
PacketLengthVariance,Malicious-DoH,27932.9,0.199431
PacketLengthVariance,Malicious-DoH,28750.6,0.186037
PacketLengthVariance,Malicious-DoH,29592.2,0.174397
PacketLengthVariance,Malicious-DoH,30458.6,0.16457
PacketLengthVariance,Malicious-DoH,31350.2,0.156504
PacketLengthVariance,Malicious-DoH,32268,0.150047
PacketLengthVariance,Malicious-DoH,33212.6,0.144961
PacketLengthVariance,Malicious-DoH,34184.9,0.140944
PacketLengthVariance,Malicious-DoH,35185.7,0.137656
PacketLengthVariance,Malicious-DoH,36215.7,0.134751
PacketLengthVariance,Malicious-DoH,37275.9,0.131908
PacketLengthVariance,Malicious-DoH,38367.2,0.128862
PacketLengthVariance,Malicious-DoH,39490.4,0.125421
PacketLengthVariance,Malicious-DoH,40646.4,0.121477
PacketLengthVariance,Malicious-DoH,41836.4,0.117008
PacketLengthVariance,Malicious-DoH,43061.1,0.112065
PacketLengthVariance,Malicious-DoH,44321.7,0.106757
PacketLengthVariance,Malicious-DoH,45619.2,0.10124
PacketLengthVariance,Malicious-DoH,46954.7,0.095695
PacketLengthVariance,Malicious-DoH,48329.3,0.0903216
PacketLengthVariance,Malicious-DoH,49744.1,0.0853278
PacketLengthVariance,Malicious-DoH,51200.4,0.0809225
PacketLengthVariance,Malicious-DoH,52699.3,0.0773073
PacketLengthVariance,Malicious-DoH,54242,0.0746664
PacketLengthVariance,Malicious-DoH,55829.9,0.073155
PacketLengthVariance,Malicious-DoH,57464.3,0.0728867
PacketLengthVariance,Malicious-DoH,59146.6,0.0739222
PacketLengthVariance,Malicious-DoH,60878.1,0.0762626
PacketLengthVariance,Malicious-DoH,62660.3,0.0798476
PacketLengthVariance,Malicious-DoH,64494.7,0.0845617
PacketLengthVariance,Malicious-DoH,66382.7,0.090248
PacketLengthVariance,Malicious-DoH,68326.1,0.0967303
PacketLengthVariance,Malicious-DoH,70326.3,0.103844
PacketLengthVariance,Malicious-DoH,72385.1,0.111477
PacketLengthVariance,Malicious-DoH,74504.1,0.119615
PacketLengthVariance,Malicious-DoH,76685.2,0.128399
PacketLengthVariance,Malicious-DoH,78930.2,0.138185
PacketLengthVariance,Malicious-DoH,81240.8,0.149615
PacketLengthVariance,Malicious-DoH,83619.2,0.163682
PacketLengthVariance,Malicious-DoH,86067.1,0.181787
PacketLengthVariance,Malicious-DoH,88586.7,0.205782
PacketLengthVariance,Malicious-DoH,91180,0.237968
PacketLengthVariance,Malicious-DoH,93849.3,0.281029
PacketLengthVariance,Malicious-DoH,96596.7,0.337887
PacketLengthVariance,Malicious-DoH,99424.6,0.41144
PacketLengthVariance,Malicious-DoH,102335,0.504197
PacketLengthVariance,Malicious-DoH,105331,0.617803
PacketLengthVariance,Malicious-DoH,108415,0.752516
PacketLengthVariance,Malicious-DoH,111588,0.906693
PacketLengthVariance,Malicious-DoH,114855,1.0764
PacketLengthVariance,Malicious-DoH,118217,1.25527
PacketLengthVariance,Malicious-DoH,121678,1.43465
PacketLengthVariance,Malicious-DoH,125240,1.60421
PacketLengthVariance,Malicious-DoH,128907,1.75293
PacketLengthVariance,Malicious-DoH,132680,1.87034
PacketLengthVariance,Malicious-DoH,136565,1.94799
PacketLengthVariance,Malicious-DoH,140563,1.98064
PacketLengthVariance,Malicious-DoH,144678,1.96718
PacketLengthVariance,Malicious-DoH,148913,1.91087
PacketLengthVariance,Malicious-DoH,153272,1.81889
PacketLengthVariance,Malicious-DoH,157759,1.7013
PacketLengthVariance,Malicious-DoH,162378,1.56956
PacketLengthVariance,Malicious-DoH,167131,1.43489
PacketLengthVariance,Malicious-DoH,172024,1.30688
PacketLengthVariance,Malicious-DoH,177060,1.19251
PacketLengthVariance,Malicious-DoH,182243,1.09574
PacketLengthVariance,Malicious-DoH,187578,1.01763
PacketLengthVariance,Malicious-DoH,193070,0.956948
PacketLengthVariance,Malicious-DoH,198722,0.910929
PacketLengthVariance,Malicious-DoH,204539,0.87612
PacketLengthVariance,Malicious-DoH,210527,0.849074
PacketLengthVariance,Malicious-DoH,216690,0.826822
PacketLengthVariance,Malicious-DoH,223034,0.807106
PacketLengthVariance,Malicious-DoH,229563,0.788389
PacketLengthVariance,Malicious-DoH,236284,0.769717
PacketLengthVariance,Malicious-DoH,243201,0.750505
PacketLengthVariance,Malicious-DoH,250320,0.730318
PacketLengthVariance,Malicious-DoH,257648,0.70871
PacketLengthVariance,Malicious-DoH,265191,0.685142
PacketLengthVariance,Malicious-DoH,272954,0.658993
PacketLengthVariance,Malicious-DoH,280945,0.629651
PacketLengthVariance,Malicious-DoH,289170,0.596644
PacketLengthVariance,Malicious-DoH,297635,0.559784
PacketLengthVariance,Malicious-DoH,306348,0.519284
PacketLengthVariance,Malicious-DoH,315317,0.475811
PacketLengthVariance,Malicious-DoH,324547,0.430477
PacketLengthVariance,Malicious-DoH,334048,0.384745
PacketLengthVariance,Malicious-DoH,343828,0.340285
PacketLengthVariance,Malicious-DoH,353893,0.298784
PacketLengthVariance,Malicious-DoH,364253,0.26175
PacketLengthVariance,Malicious-DoH,374917,0.230351
PacketLengthVariance,Malicious-DoH,385892,0.205292
PacketLengthVariance,Malicious-DoH,397189,0.186777
PacketLengthVariance,Malicious-DoH,408817,0.174531
PacketLengthVariance,Malicious-DoH,420785,0.167884
PacketLengthVariance,Malicious-DoH,433103,0.165893
PacketLengthVariance,Malicious-DoH,445782,0.167484
PacketLengthVariance,Malicious-DoH,458832,0.171572
PacketLengthVariance,Malicious-DoH,472265,0.177165
PacketLengthVariance,Malicious-DoH,486090,0.18343
PacketLengthVariance,Malicious-DoH,500320,0.189707
PacketLengthVariance,Malicious-DoH,514967,0.195506
PacketLengthVariance,Malicious-DoH,530043,0.200458
PacketLengthVariance,Malicious-DoH,545559,0.204268
PacketLengthVariance,Malicious-DoH,561531,0.206658
PacketLengthVariance,Malicious-DoH,577969,0.20733
PacketLengthVariance,Malicious-DoH,594889,0.205961
PacketLengthVariance,Malicious-DoH,612304,0.202224
PacketLengthVariance,Malicious-DoH,630230,0.195842
PacketLengthVariance,Malicious-DoH,648679,0.186658
PacketLengthVariance,Malicious-DoH,667669,0.174705
PacketLengthVariance,Malicious-DoH,687215,0.160244
PacketLengthVariance,Malicious-DoH,707333,0.143769
PacketLengthVariance,Malicious-DoH,728040,0.125971
PacketLengthVariance,Malicious-DoH,749353,0.107657
PacketLengthVariance,Malicious-DoH,771291,0.0896513
PacketLengthVariance,Malicious-DoH,793870,0.0727001
PacketLengthVariance,Malicious-DoH,817110,0.0573895
PacketLengthVariance,Malicious-DoH,841031,0.0441003
PacketLengthVariance,Malicious-DoH,865652,0.0329991
PacketLengthVariance,Malicious-DoH,890994,0.0240603
PacketLengthVariance,Malicious-DoH,917077,0.0171118
PacketLengthVariance,Malicious-DoH,943925,0.0118882
PacketLengthVariance,Malicious-DoH,971558,0.00808325
PacketLengthVariance,Malicious-DoH,1e+06,0.00539144
